code,failed,n_inferred_terminal_states,fixed_terminal,spearman_stat_pseudotime,spearman_pval_pseudotime,kendall_stat_pseudotime,kendall_pval_pseudotime,jsd,tts,ttp,ttc,tsr,temporal_state_score,pearson_stat_KLD,pearson_pval_KLD,pearson_stat_SHE,pearson_pval_SHE,spearman_stat_KLD,spearman_pval_KLD,spearman_stat_SHE,spearman_pval_SHE,fate_index_stat,fate_index_pval,terminal_silhouette_soft,terminal_silhouette_pse,terminal_enrichment,n_terminal_states
five_branches_False_0.1_0.7_70,False,,False,-0.40901977301977305,1.2969262966129752e-41,-0.31491891891891893,2.761347996562532e-50,,0.0,0.0,0,0.0,0.0,,,,,,,,,0.9614091210583928,0.0,0,0,0.30080080080080085,1
three_branches_False_0.1_0.9_10,False,,False,0.0198985038985039,0.5296625884084113,0.06390390390390391,0.002478678203984096,,0.32326346664390077,1.0,1.0,0.33333333333333337,0.5729396030176205,,,,,,,,,-0.9907664529138321,0.0,0,0,0.5,1
five_branches_False_0.1_0.7_50,False,,False,-0.4075420795420796,2.6808304947967894e-41,-0.3102102102102102,7.598857497905046e-49,,0.0,0.0,0,0.0,0.0,,,,,,,,,0.9461292962307083,0.0,0,0,0.29979979979979976,1
three_branches_False_0.1_0.9_30,False,,False,0.07859374259374259,0.012915519723476016,0.0787907907907908,0.00019083818725622217,,,,,,,,,,,,,,,,,,,,0
three_branches_False_0.7_0.7_70,False,,False,0.8175340335340335,2.0002869784593403e-241,0.6332932932932933,1.4389058832420132e-197,,0.324230381863642,1.0,1.0,0.33333333333333337,0.5733675540366203,,,,,,,,,-0.36423565625614246,9.832984325113035e-33,0,0,0.5,1
three_branches_False_0.7_0.7_30,False,,False,0.8262529542529543,5.2802344127954974e-251,0.6615695695695696,2.054424777052834e-215,,0.31855385081290866,1.0,1.0,0.33333333333333337,0.5708413192706516,,,,,,,,,-0.32895050995364616,1.1562267850968883e-26,0,0,0.5,1
three_branches_False_0.7_0.7_10,False,,False,0.8467630867630868,8.125468904787214e-276,0.6803683683683683,1.0428548425382771e-227,,0.32679243789968265,1.0,1.0,0.33333333333333337,0.5744968951230432,,,,,,,,,-0.09202445643376951,0.003584204139158126,0,0,0.5,1
three_branches_False_0.7_0.7_50,False,,False,0.8301430461430462,1.8816234112387394e-255,0.6472232232232232,2.910441743084643e-206,,0.31855385081290866,0.5,1.0,0.33333333333333337,0.48001841905339215,0.5129030276374855,3.4423663744034504e-68,0.268438390794286,5.762619289700612e-18,0.32444567154151627,6.067754178999537e-26,0.2850219033819113,3.8109922861374954e-20,-0.319125282957185,4.147899732638584e-25,0.41467549564256473,0.7349401113768558,0.07207207207207206,2
five_branches_False_0.1_0.7_10,False,,False,0.794006858006858,5.9284489674425e-218,0.5702062062062062,1.4779253006324017e-160,,0.34764421083414776,1.0,1.0,0.4,0.6106589803961022,0.5338458790309518,9.442388641802193e-75,,,0.6027715646426359,5.935028642615931e-100,,,0.07076327206111278,0.025238142922880964,0.9999989292228013,0.999998628810316,0.495995995995996,2
five_branches_False_0.1_0.7_30,False,,False,0.7637038397038398,6.923272536889973e-192,0.5624944944944945,2.681867545663173e-156,,0.33120548238451714,1.0,1.0,0.4,0.6033084068559711,0.6592759585655152,9.795211757257659e-126,0.009952906846726426,0.7532531871151303,0.688881827171073,1.2747886035519111e-141,0.0032566417389130226,0.9180776381068623,0.4754539633938148,1.54742812254432e-57,0.9972211121916865,0.9971403419482338,0.4014014014014014,2
three_branches_True_0.1_0.9_10,False,,True,0.019912171912171914,0.529379846295867,0.06391191191191191,0.0024755715755573897,"{""values"": [0.3483355290920379, 0.38206345187728497], ""index"": [""committed"", ""totipotent""]}",1.0,1.0,1.0,1.0,1.0,0.39266698993742144,3.278695287098695e-38,-0.0493997352189138,0.11848690882830647,0.025507993507993508,0.4203836616050911,0.35782991782991785,1.422021065541971e-31,-0.3346791706791707,1.3485076008532433e-27,0.5069289762531054,0.6505259681671582,0.06389723056389725,3
three_branches_True_0.1_0.9_30,False,,True,0.0787060747060747,0.01278672786837214,0.07885885885885886,0.00018841108407422724,"{""values"": [0.36263262954236447, 0.39680380562845885], ""index"": [""committed"", ""totipotent""]}",1.0,1.0,1.0,1.0,1.0,0.1642213866716088,1.768733419027368e-07,0.3458881324994465,1.762083003523978e-29,-0.2374020454020454,2.806840275516946e-14,0.5351353391353392,3.596287148758559e-75,-0.5094980694980695,3.639666712614195e-67,0.5014714483833351,0.6558990684501906,0.05055055055055058,3
three_branches_True_0.7_0.7_10,False,,True,0.8457226257226257,1.7977696977123276e-274,0.6800280280280281,1.7533274360361723e-227,"{""values"": [0.21872545192419904, 0.36346232550191676], ""index"": [""committed"", ""totipotent""]}",1.0,1.0,1.0,1.0,1.0,0.8895154725278793,0.0,-0.8786953627281884,9e-323,0.8777406464657427,3.597e-321,-0.853655869070043,5.490697084664426e-285,0.8659236619236619,1.5466839429496803e-302,0.6697726328635779,0.8809538546877552,0.3208208208208208,3
three_branches_True_0.7_0.7_50,False,,True,0.830028086028086,2.556244327350235e-255,0.6471391391391391,3.2885499812718024e-206,"{""values"": [0.28710215792984245, 0.35807453028076314], ""index"": [""committed"", ""totipotent""]}",1.0,1.0,1.0,1.0,1.0,0.8528360894050667,7.157477830055883e-284,-0.6460816603589794,3.185973722232281e-119,0.795870747870748,1.0645170190387752e-219,-0.671055035055035,7.795852039264754e-132,0.5696365376365377,4.299128288985324e-87,0.4613654655497434,0.7250782077069977,0.2741074407741074,3
five_branches_True_0.1_0.7_50,False,,True,-0.4075430635430636,2.6795377915393406e-41,-0.3102102102102102,7.598857497905046e-49,"{""values"": [0.4215805566700793, 0.41955144624973506, 0.5424051034699546], ""index"": [""committed"", ""multipotent"", ""totipotent""]}",1.0,1.0,1.0,1.0,1.0,0.39584559784725337,7.39794135390455e-39,-0.9478780330420752,0.0,0.26319538769599754,2.6238983091911196e-17,-0.9140711868574062,0.0,0.9200953214996118,0.0,0.711002643960036,0.9228602362710793,-0.14344344344344342,5
three_branches_True_0.7_0.7_30,False,,True,0.8260379860379861,9.230326482313793e-251,0.6613613613613614,2.7985568615674594e-215,"{""values"": [0.2300319927315561, 0.3301384602462065], ""index"": [""committed"", ""totipotent""]}",1.0,1.0,1.0,1.0,1.0,0.9366286539644805,0.0,-0.776938412016675,9.163895867632131e-203,0.9746663546663548,0.0,-0.8202787482787484,2.1979764149998304e-244,0.7399602679602679,4.641314244653478e-174,0.5387262068865591,0.7786906503854443,0.2694361027694361,3
three_branches_True_0.7_0.7_70,False,,True,0.8172113172113172,4.423124818525103e-241,0.6330370370370371,2.0711013098937468e-197,"{""values"": [0.28723218136166206, 0.3421673307388783], ""index"": [""committed"", ""totipotent""]}",1.0,1.0,1.0,1.0,1.0,0.8261737493915007,6.4873085834804555e-251,-0.6675294981026484,5.5815179283857315e-130,0.7613139653139653,5.353256477182062e-190,-0.6613761373761375,8.391488344394357e-127,0.6012255132255132,2.5539828272627513e-99,0.47215177390201546,0.7450688929186433,0.26242909576242907,3
five_branches_True_0.1_0.7_70,False,,True,-0.40901781701781703,1.2981765920640873e-41,-0.3149149149149149,2.769200781265891e-50,"{""values"": [0.432417791117446, 0.4046339069970807, 0.532330319926952], ""index"": [""committed"", ""multipotent"", ""totipotent""]}",1.0,1.0,1.0,1.0,1.0,0.42190215461990366,1.9757489421543126e-44,-0.9377164733805531,0.0,0.3368705088102316,5.856377662918302e-28,-0.8837662263045806,0.0,0.887206825823031,0.0,0.7021801604210964,0.9207090698519393,-0.14304304304304305,5
five_branches_True_0.1_0.7_10,False,,True,0.7939756699756702,6.338684829428865e-218,0.5701901901901902,1.508541421002735e-160,"{""values"": [0.3852677930929375, 0.29843955746932016, 0.5370376450901644], ""index"": [""committed"", ""multipotent"", ""totipotent""]}",1.0,1.0,1.0,1.0,1.0,0.8172760872254112,3.772371612644365e-241,-0.42332385297964636,9.489611857503253e-45,0.8040524734934917,1.3894120843463564e-227,-0.21608506393822005,4.970500932265626e-12,0.2353773419863075,4.693952700879854e-14,0.8762675769662667,0.8244507528670337,0.17027027027027025,5
five_branches_True_0.1_0.7_30,False,,True,0.7637052317052316,6.905657543428916e-192,0.5624984984984985,2.6683397300036253e-156,"{""values"": [0.3849191193784579, 0.34057534072085505, 0.5101257896050584], ""index"": [""committed"", ""multipotent"", ""totipotent""]}",1.0,1.0,1.0,1.0,1.0,0.9132167618766693,0.0,-0.5896938701007018,1.0645338701591566e-94,0.8048847838863479,2.0886581159614674e-228,-0.4534858397445259,7.081747981278555e-52,0.2112832331962634,1.48518273891228e-11,0.8478221549711827,0.8253459085249147,0.16006006006006004,5
three_branches_False_0.1_0.9_50,False,,False,0.08728539928539929,0.005744365584449417,0.08195795795795796,0.00010410700575847213,,,,,,,,,,,,,,,,,,,,0
three_branches_False_0.1_0.9_70,False,,False,0.2165948405948406,4.418442402227289e-12,0.18829229229229227,4.839447940585197e-19,,,,,,,,,,,,,,,,,,,,0
three_branches_False_0.3_0.9_70,False,,False,0.672904464904465,8.100684119015314e-133,0.5020820820820822,6.171099869347429e-125,,,,,,,,,,,,,,,,,,,,0
three_branches_False_0.3_0.9_30,False,,False,0.6971298851298852,2.154142147780294e-146,0.5196876876876877,1.0401654507782271e-133,,0.32883894619843135,1.0,1.0,0.33333333333333337,0.5753942243773406,,,,,,,,,0.9657531247340142,0.0,0,0,0.5,1
three_branches_False_0.3_0.9_50,False,,False,0.6834470754470755,1.4565322260797148e-138,0.5095455455455455,1.2821727916093086e-128,,0.32883894619843135,1.0,1.0,0.33333333333333337,0.5753942243773406,,,,,,,,,0.8231949450086703,1.3871455458901896e-247,0,0,0.5,1
three_branches_True_0.1_0.9_50,False,,True,0.08728950328950329,0.005742072361891072,0.08194194194194195,0.0001044321459524908,"{""values"": [0.37344510805317044, 0.3741375364493039], ""index"": [""committed"", ""totipotent""]}",1.0,1.0,1.0,1.0,1.0,0.33515490842946477,1.1258050692649844e-27,0.12248978197933857,0.00010306792530786656,-0.04943134943134943,0.11825113091143354,0.3883727683727684,2.3881567445108584e-37,-0.25183001983001985,6.255182659120362e-16,0.4389511237375984,0.7254235640600244,0.049215882549215904,3
three_branches_False_0.3_0.9_10,False,,False,0.7297992097992099,5.1304397683913494e-167,0.5503383383383383,1.0573983173093138e-149,,0.32883894619843135,1.0,1.0,0.33333333333333337,0.5753942243773406,,,,,,,,,-0.19866091055395246,2.3333630028150316e-10,0,0,0.5,1
three_branches_False_0.9_0.3_50,False,,False,0.8588125628125628,3.672895641525392e-292,0.6765725725725726,3.3758597666487893e-225,,0.324385126084569,1.0,1.0,0.33333333333333337,0.5734359540426316,,,,,,,,,-0.37649900267703534,4.975365496180905e-35,0,0,0.5,1
three_branches_False_0.9_0.3_10,False,,False,0.6124390564390564,5.3742274290423827e-104,0.476004004004004,1.7060147138540078e-112,,0.30599775847993266,1.0,1.0,0.33333333333333337,0.5651311517745429,,,,,,,,,0.7284740636541153,4.027987161195037e-166,0,0,0.5,1
three_branches_False_0.9_0.3_70,False,,False,0.7901695901695901,2.045617131654588e-214,0.5947667667667668,1.6623162352329458e-174,,0.29960625322159,1.0,1.0,0.33333333333333337,0.5621567175670333,,,,,,,,,-0.3218200691580167,1.5743165054385248e-25,0,0,0.5,1
three_branches_False_0.9_0.3_30,False,,False,0.7306700866700867,1.3155481599842691e-167,0.5905825825825826,4.3504905823181534e-172,,0.324385126084569,1.0,1.0,0.33333333333333337,0.5734359540426316,,,,,,,,,0.5867842870079737,1.4575690704559578e-93,0,0,0.5,1
three_branches_True_0.1_0.9_70,False,,True,0.2168132768132768,4.200691823248947e-12,0.1884884884884885,4.450030300488934e-19,"{""values"": [0.34826697139865326, 0.36747818701288576], ""index"": [""committed"", ""totipotent""]}",1.0,1.0,1.0,1.0,1.0,0.7136948177898097,1.733483139204307e-156,-0.34398281895716487,3.72998899485865e-29,0.5355133275133276,2.7078160098848997e-75,-0.283960327960328,5.3094117771740075e-20,0.11717578517578517,0.00020434073972690095,0.4539428825124261,0.7383215519261235,0.03286619953286618,3
three_branches_True_0.3_0.9_70,False,,True,0.6728865248865249,8.281229355312103e-133,0.5020660660660661,6.283571087458395e-125,"{""values"": [0.3409662896553002, 0.32626771599851384], ""index"": [""committed"", ""totipotent""]}",1.0,1.0,1.0,1.0,1.0,0.6679496510992803,3.3654009319122386e-130,-0.27571655148553376,6.643370171576937e-19,0.6492666492666493,9.140115125576376e-121,-0.20629527829527833,4.5049005512294334e-11,0.1870725190725191,2.5061622415433863e-09,0.4423167640257741,0.6963048789336913,0.23440106773440106,3
three_branches_True_0.3_0.9_30,False,,True,0.6971063651063653,2.22389470525404e-146,0.5196556556556557,1.0797875162467961e-133,"{""values"": [0.3592361279585503, 0.35378121358102294], ""index"": [""committed"", ""totipotent""]}",1.0,1.0,1.0,1.0,1.0,0.6637249938461328,5.248280453627333e-128,-0.5673074282400794,3.0410198815942644e-86,0.6512838032838034,9.430496203911953e-122,-0.4372065412065413,6.109498073403021e-48,0.4175041655041656,1.86783479870187e-43,0.4272268622041312,0.7359494054475683,0.23940607273940606,3
three_branches_True_0.9_0.3_50,False,,True,0.8587809067809069,4.073035730341954e-292,0.6765165165165166,3.6757778341183163e-225,"{""values"": [0.2051644183690659, 0.21724135421227236], ""index"": [""committed"", ""totipotent""]}",1.0,1.0,1.0,1.0,1.0,0.8180917868469338,5.056359131534867e-242,-0.7294991176665079,8.190052019010678e-167,0.8707403870866792,6.56068488215204e-310,-0.7889370682068483,2.7006501310042085e-213,0.7262532422532423,1.2390301647137576e-164,0.5215537097244815,0.7451190748744648,0.3341675008341675,3
three_branches_True_0.3_0.9_50,False,,True,0.6834273714273714,1.4937744343347164e-138,0.5095375375375376,1.293977321956216e-128,"{""values"": [0.36065266172877997, 0.3419437842823415], ""index"": [""committed"", ""totipotent""]}",1.0,1.0,1.0,1.0,1.0,0.7040837522263572,1.5185001314986394e-150,-0.5359074633563309,2.0135053778551182e-75,0.6749131829131829,6.797331097466305e-134,-0.5085586725586726,6.943773998466596e-67,0.49014770214770215,1.4680869458010408e-61,0.4040918763661939,0.6552684698650297,0.23707040373707042,3
three_branches_True_0.3_0.9_10,False,,True,0.729952461952462,4.039362212637397e-167,0.5504184184184184,9.577632540982224e-150,"{""values"": [0.30514076064336393, 0.4065597355165608], ""index"": [""committed"", ""totipotent""]}",1.0,1.0,1.0,1.0,1.0,0.7555784596630151,1.4823850189066103e-185,-0.8681934815579432,5.643123003407409e-306,0.7023358383358383,1.7234558600481624e-149,-0.6857508497508498,7.504018720600685e-140,0.7101027141027142,3.079111121306175e-154,0.5779086653974721,0.8469860390465124,0.24941608274941607,3
three_branches_True_0.9_0.3_70,False,,True,0.7901130941130943,2.303335718928952e-214,0.5947107107107107,1.7915052259648459e-174,"{""values"": [0.275218820025618, 0.25969673138209914], ""index"": [""committed"", ""totipotent""]}",1.0,1.0,1.0,1.0,1.0,0.74015905761225,3.35390852505711e-174,-0.8049518235472484,1.7922863364057526e-228,0.8231958653897874,1.3838939745855945e-247,-0.8695769862572515,4.212237695641575e-308,0.8515944955944956,3.394830252368975e-282,0.37307370726660544,0.7271679574764002,0.3478478478478479,3
three_branches_True_0.9_0.3_30,False,,True,0.7306354666354666,1.3888230233639055e-167,0.5905345345345345,4.636644984446316e-172,"{""values"": [0.24204306684035032, 0.33108440092119074], ""index"": [""committed"", ""totipotent""]}",1.0,1.0,1.0,1.0,1.0,0.7164989949705493,2.874218035417513e-158,-0.5741187514301853,9.529385964674884e-89,0.8432676992676994,2.4481505763915024e-271,-0.6584519264519265,2.554966781846342e-125,0.5285768645768646,4.6712568043346764e-73,0.5599356556722493,0.8252658770081261,0.22972972972972971,3
three_branches_True_0.9_0.3_10,False,,True,0.6124282324282325,5.431519061763739e-104,0.47603203203203204,1.655639061033263e-112,"{""values"": [0.19467498887023488, 0.4109834138071487], ""index"": [""committed"", ""totipotent""]}",1.0,1.0,1.0,1.0,1.0,0.7639939519753018,4.0696665597669186e-192,-0.7627454452970641,3.983368221807657e-191,0.7339563598786706,7.374894142650105e-170,-0.7491244593275543,1.0583059469942875e-180,0.7346475818590049,2.4543437783109582e-170,0.7086430851918835,0.9321861540380314,0.21438104771438105,3
five_branches_False_0.3_0.3_10,False,,False,0.5324740484740484,2.6248460761353783e-74,0.3543023023023023,3.615441382783195e-63,,0.18956920662170734,1.0,1.0,0.19999999999999996,0.4412649647864139,,,,,,,,,-0.9638371046990077,0.0,0,0,0.5,1
five_branches_False_0.3_0.3_30,False,,False,0.7236572076572076,6.515693550864945e-163,0.5335135135135136,8.244381986530745e-141,,0.37061016369855515,1.0,1.0,0.4,0.6205036338062292,0.6877011065138698,5.963592082932553e-141,-0.719794681758278,2.1786582659749135e-160,0.6934074065679994,3.213984144731655e-144,-0.6952612506738264,2.683173762436092e-145,0.7749911223421528,4.066347159443547e-201,0.5597720073131484,0.8475265195741554,0.35235235235235235,2
three_branches_False_0.1_0.5_70,False,,False,0.14285407085407087,5.758421457694663e-06,0.08194594594594595,0.00010435077118009461,,0.314664934132317,1.0,1.0,0.33333333333333337,0.5690910733621547,,,,,,,,,-0.4423152022636324,3.74809919068247e-49,0,0,0.5,1
five_branches_True_0.3_0.3_10,False,,True,0.5324653124653126,2.64195184472626e-74,0.3542942942942943,3.6385958657628784e-63,"{""values"": [0.29004268569744823, 0.4296023457890291, 0.1928342423161298], ""index"": [""committed"", ""multipotent"", ""totipotent""]}",1.0,1.0,1.0,1.0,1.0,0.7257850220590213,2.5405336703407753e-164,-0.7782432127742333,7.06383660172581e-204,0.46835767653485477,1.1571977945433789e-55,-0.7829060371881567,6.435870022373883e-208,0.7869302512698123,1.7383258449937108e-211,0.40949148315534317,0.7746690896152529,0.013713713713713716,5
three_branches_False_0.1_0.5_30,False,,False,0.14621149421149424,3.4371504419968138e-06,0.08883283283283283,2.5952911447554713e-05,,0.314664934132317,1.0,1.0,0.33333333333333337,0.5690910733621547,,,,,,,,,0.9703340099849882,0.0,0,0,0.5,1
three_branches_False_0.5_0.9_30,False,,False,0.8810930330930331,0.0,0.7083803803803804,1.1494080376370048e-246,,0.2937826478690217,1.0,1.0,0.33333333333333337,0.5594048424910061,,,,,,,,,0.35442554254331526,5.738580002203968e-31,0,0,0.5,1
three_branches_False_0.1_0.5_50,False,,False,0.1445103125103125,4.470724836244077e-06,0.08458458458458458,6.196786965057745e-05,,0.32655844041295334,1.0,1.0,0.33333333333333337,0.5743940263553367,,,,,,,,,0.7137959364796241,1.4965529812147294e-156,0,0,0.5,1
five_branches_False_0.3_0.3_50,False,,False,0.7766632286632287,1.569843598770048e-202,0.5707227227227227,7.626765277551282e-161,,0.5762502984945307,1.0,1.0,0.6,0.7668150065762069,0.7900615077796332,2.566834256561851e-214,-0.942269241092421,0.0,0.8324594523138844,3.7299980957423623e-258,-0.8445899359713555,5.099808383778034e-273,0.8201037161037161,3.405901037758329e-244,0.7548699877433024,0.9270661160366457,0.4362696029362696,3
five_branches_False_0.3_0.3_70,False,,False,0.7972832932832934,4.919697867365218e-221,0.5872552552552553,3.540594460565988e-170,,0.569426038751211,1.0,1.0,0.6,0.7645345974006493,0.8688749856334707,5.090987339165365e-307,-0.9532733499217443,0.0,0.8212317798598011,2.0077212638339903e-245,-0.8872916481166528,0.0,0.8409537489537491,1.967456302926155e-268,0.6384094409455213,0.8830425152772547,0.4359359359359359,3
five_branches_True_0.3_0.3_30,False,,True,0.7236515436515437,6.571941315490271e-163,0.5335015015015016,8.363886596561981e-141,"{""values"": [0.2428202520829796, 0.3670087264924307, 0.15320082700174978], ""index"": [""committed"", ""multipotent"", ""totipotent""]}",1.0,1.0,1.0,1.0,1.0,0.9230719737702474,0.0,-0.7814329445971415,1.2469071177719228e-206,0.8079343830837483,1.8628237992170652e-231,-0.7624324764427993,7.040955073967645e-191,0.7765820365820367,1.839786966536313e-202,0.5304671963071317,0.637497276195058,0.2951951951951952,5
three_branches_False_0.1_0.5_10,False,,False,0.19731491331491333,3.097537037760568e-10,0.12153353353353354,8.676006320572476e-09,,0.32655844041295334,1.0,1.0,0.33333333333333337,0.5743940263553367,,,,,,,,,0.9186360869817541,0.0,0,0,0.5,1
three_branches_True_0.1_0.5_70,False,,True,0.14285407085407087,5.758421457694663e-06,0.08194594594594595,0.00010435077118009461,"{""values"": [0.2804355916365333, 0.3982172530258047], ""index"": [""committed"", ""totipotent""]}",1.0,1.0,1.0,1.0,1.0,0.44479583957265495,9.499479609508655e-50,-0.7756283565951438,1.1803903173154073e-201,0.3493131133131133,4.51745002934638e-30,-0.7543004263004263,1.3933840122863322e-184,0.74592256992257,2.3865428585067203e-178,0.5455671689327518,0.8628318952477148,0.04521187854521188,3
three_branches_True_0.5_0.9_30,False,,True,0.8810943770943771,0.0,0.7083883883883885,1.1348683513962454e-246,"{""values"": [0.20154134559421388, 0.22436611906047596], ""index"": [""committed"", ""totipotent""]}",1.0,1.0,1.0,1.0,1.0,0.9132912098422559,0.0,-0.7016329373652599,4.554844564045697e-149,0.913882681882682,0.0,-0.6990944910944911,1.4875260948458426e-147,0.7043645843645844,1.0261001756615252e-150,0.5375099849194589,0.7849224394571027,0.2934601267934601,3
three_branches_True_0.1_0.5_50,False,,True,0.1445103125103125,4.470724836244077e-06,0.08458458458458458,6.196786965057745e-05,"{""values"": [0.28395764014464425, 0.4169422724968288], ""index"": [""committed"", ""totipotent""]}",1.0,1.0,1.0,1.0,1.0,0.4054056669331177,7.610373307157955e-41,-0.7858101424700956,1.7423650849919312e-210,0.3888387197702279,1.9280036545167787e-37,-0.7883057911069927,1.0058578940376085e-212,0.7966885606885608,1.8005368523371114e-220,0.5455718646017816,0.8670925578275182,0.06189522856189522,3
three_branches_False_0.5_0.9_10,False,,False,0.8870925470925471,0.0,0.7157757757757758,8.474270394868033e-252,,0.33054657749350297,1.0,1.0,0.33333333333333337,0.5761397668298776,,,,,,,,,-0.33034687609604924,6.877043095063746e-27,0,0,0.5,1
three_branches_True_0.1_0.5_30,False,,True,0.14621149421149424,3.4371504419968138e-06,0.08883283283283283,2.5952911447554713e-05,"{""values"": [0.29214470267222375, 0.4344651018951285], ""index"": [""committed"", ""totipotent""]}",1.0,1.0,1.0,1.0,1.0,0.5170148460591567,1.9251441035961557e-69,-0.8653972104730052,9.501043614244709e-302,0.4156583201827198,4.747929979052105e-43,-0.829911932276174,3.4829893052880793e-255,0.8358289638289639,3.674607956408953e-262,0.5684366948028838,0.8725751319111574,0.06389723056389722,3
five_branches_True_0.3_0.3_50,False,,True,0.7767562047562048,1.308904366240666e-202,0.5708468468468468,6.505156117299194e-161,"{""values"": [0.1969230776759322, 0.3052369945542013, 0.2855499361211199], ""index"": [""committed"", ""multipotent"", ""totipotent""]}",1.0,1.0,1.0,1.0,1.0,0.8192024957443588,3.223486179189027e-243,-0.7338657020712317,8.517527147650243e-170,0.8737977677610941,9.589763e-315,-0.6334503031842885,2.767351052772805e-113,0.6594516474516474,7.981237558852234e-126,0.6320425663919363,0.8687896611694644,0.30720720720720723,5
three_branches_True_0.1_0.5_10,False,,True,0.19731491331491333,3.097537037760568e-10,0.12153353353353354,8.676006320572476e-09,"{""values"": [0.3095027308204746, 0.49808214174738885], ""index"": [""committed"", ""totipotent""]}",1.0,1.0,1.0,1.0,1.0,0.6051549981491606,6.159103509883382e-101,-0.9545585288149742,0.0,0.41324204687481786,1.5961347006195058e-42,-0.8952393957810706,0.0,0.9158332864352766,0.0,0.6616435602609808,0.8986742420716979,0.13496830163496829,3
five_branches_True_0.3_0.3_70,False,,True,0.7975185535185535,2.9412140312989365e-221,0.5874914914914915,2.5928975989547867e-170,"{""values"": [0.17736189242614667, 0.3364768036266394, 0.19540056209454798], ""index"": [""committed"", ""multipotent"", ""totipotent""]}",1.0,1.0,1.0,1.0,1.0,0.9012435353367843,0.0,-0.7764111235878924,2.5688198392756564e-202,0.8980232745244959,0.0,-0.5709274904453735,1.443842387800053e-87,0.5957580077580078,4.1786010061596424e-97,0.5466952327599319,0.7836248040274362,0.3284284284284284,5
three_branches_True_0.5_0.9_10,False,,True,0.8870925470925471,0.0,0.7157757757757758,8.474270394868033e-252,"{""values"": [0.20286454320396904, 0.18169329734021095], ""index"": [""committed"", ""totipotent""]}",1.0,1.0,1.0,1.0,1.0,0.8841219706347575,0.0,-0.7328392447575848,4.333328435980219e-169,0.9197780117780119,0.0,-0.7691317451317452,2.931158789058766e-196,0.740916056916057,9.70704554005144e-175,0.51234256428744,0.7140998613625352,0.3001334668001335,3
three_branches_False_0.5_0.9_70,False,,False,0.8734177534177536,3.8870223426e-314,0.7016896896896897,4.549239678223769e-242,,0.29517618534297335,1.0,1.0,0.33333333333333337,0.5600670401951932,,,,,,,,,0.8696689716549612,3.0355053674745793e-308,0,0,0.5,1
three_branches_False_0.5_0.9_50,False,,False,0.8775550695550697,7.31e-321,0.7056616616616617,8.587703356988747e-245,,0.29517618534297335,1.0,1.0,0.33333333333333337,0.5600670401951932,,,,,,,,,0.2034427086975696,8.39199737619832e-11,0,0,0.5,1
three_branches_True_0.5_0.9_70,False,,True,0.8734317574317575,3.6919293693e-314,0.7017257257257258,4.298268513350258e-242,"{""values"": [0.22622282442959898, 0.1340973141835592], ""index"": [""committed"", ""totipotent""]}",1.0,1.0,1.0,1.0,1.0,0.8483017919340505,7.988419619223846e-278,-0.6708943296230725,9.483610129403875e-132,0.9092596292596292,0.0,-0.7540923700923702,2.004102544405235e-184,0.7106709266709267,1.3642363247978616e-154,0.44354156590757066,0.7238044105979873,0.2987987987987988,3
three_branches_False_0.7_0.9_10,False,,False,0.8948008268008267,0.0,0.7138938938938939,1.7344723313699545e-250,,0.8609958418654576,1.0,1.0,1.0,0.9632749431790837,0.8349378892789209,4.300668382568705e-261,-0.9259084546634692,0.0,0.783635192676252,1.47134474654784e-208,-0.7708039475930407,1.2458209578213627e-197,0.8109220389220388,1.6937631279237398e-234,0.5700847730935801,0.832261259149406,0.475975975975976,3
three_branches_True_0.5_0.9_50,False,,True,0.8775353175353177,7.885e-321,0.7056296296296296,9.034552903253557e-245,"{""values"": [0.23070768285141913, 0.15472797229353621], ""index"": [""committed"", ""totipotent""]}",1.0,1.0,1.0,1.0,1.0,0.86034776311775,2.3649068918532866e-294,-0.7004487480764624,2.326741231767155e-148,0.9100428940428942,0.0,-0.7862760182760182,6.6916540210922234e-211,0.7332747852747854,2.1749108163603562e-169,0.4535317049590944,0.7317932115454029,0.29913246579913244,3
three_branches_False_0.3_0.5_70,False,,False,0.8793287553287554,0.0,0.7091251251251252,3.5158800146444625e-247,,0.6208586447439638,1.0,1.0,0.6666666666666667,0.8020941860310348,0.5939617579772464,2.183171203551919e-96,-0.8697202924436832,2.5281423157670425e-308,0.5356162460631751,2.5063263710355205e-75,-0.8044177000728043,6.0561264148634e-228,0.9840560400560402,0.0,0.7970289325406816,0.9337861837254332,0.42492492492492495,2
three_branches_False_0.7_0.9_30,False,,False,0.8366835566835567,3.424366515090265e-263,0.6252932932932933,1.16343238885156e-192,,0.8878721195651514,1.0,1.0,1.0,0.9707057555877948,0.8279905772239585,5.618379301970362e-253,-0.9630074201464903,0.0,0.7974863972925935,3.1555918881169397e-221,-0.9679569804011185,0.0,0.9503086223086226,0.0,0.5262612082345178,0.8014667818997354,0.44027360694027357,3
three_branches_False_0.7_0.9_50,False,,False,0.8351059271059272,2.707457188601485e-261,0.6255655655655656,7.93844208807705e-193,,0.8887479361536341,1.0,1.0,1.0,0.9709450484668352,0.8736029581209626,1.9662535733e-314,-0.9491581009951024,0.0,0.8338267043774781,9.054060851884872e-260,-0.9464746309827713,0.0,0.9352529752529755,0.0,0.5390537845668889,0.7613882609136361,0.4342676009342676,3
three_branches_False_0.7_0.9_70,False,,False,0.8168273168273169,1.1348126014663741e-240,0.6067027027027028,1.698196786816496e-181,,0.8870052799394158,1.0,1.0,1.0,0.9704687410339956,0.799748450909116,2.168337668278488e-223,-0.9269109064996935,0.0,0.7815833435904674,9.222989516950846e-207,-0.8531095392415551,3.044714870849418e-284,0.8345722385722386,1.1751002951545e-260,0.5404531082787841,0.8028447375164391,0.44527861194527857,3
three_branches_False_0.3_0.5_50,False,,False,0.8907083907083907,0.0,0.7228748748748749,8.939303591438166e-257,,0.6277919289896632,1.0,1.0,0.6666666666666667,0.8043241658585099,0.6518289694951545,5.089140102166344e-122,-0.8964105677007403,0.0,0.5553557166474486,5.471486105309253e-82,-0.8074906228385855,5.21602917909366e-231,0.9986072066072065,0.0,0.7700156099888563,0.9225349728680601,0.42342342342342343,2
three_branches_False_0.3_0.5_10,False,,False,0.9454720174720176,0.0,0.7986506506506507,0.0,,0.6242984746675081,1.0,1.0,0.6666666666666667,0.8032028738315797,0.6390210191003696,7.199067246814946e-116,-0.8541576151481587,1.1317227255513163e-285,0.43495955064189185,2.054258258414256e-47,-0.8065050085685201,5.0858775945465e-230,0.7202886302379989,1.0417551223516285e-160,0.7469403643464134,0.9086679037498695,0.4494494494494494,2
three_branches_False_0.3_0.5_30,False,,False,0.9085694725694727,0.0,0.7493573573573574,8.978902386477482e-276,,0.6310784447323925,1.0,1.0,0.6666666666666667,0.8053747728712497,0.6136026365387185,1.7147720706537032e-104,-0.8696878972555424,2.837550979375967e-308,0.5282019557167168,6.14975247826218e-73,-0.8063525386051024,7.225273352086917e-230,0.9685180645180648,0.0,0.7775964252434105,0.9260622682140417,0.42542542542542544,2
three_branches_True_0.7_0.9_10,False,,True,0.8946884466884468,0.0,0.7136776776776776,2.4523344973315553e-250,"{""values"": [0.22440571931343753, 0.3490630929000432], ""index"": [""committed"", ""totipotent""]}",1.0,1.0,1.0,1.0,1.0,0.7627394454682049,4.027138136881672e-191,-0.891715629955027,0.0,0.760984766645398,9.704739330871891e-190,-0.7228334029247223,2.269521054576067e-162,0.7613713013713015,4.825873819556211e-190,0.6221559335295447,0.8802848011863943,0.25575575575575576,3
three_branches_True_0.3_0.5_70,False,,True,0.8792789432789433,1e-323,0.7090770770770771,3.7952467640696807e-247,"{""values"": [0.2728196034951046, 0.2627220184010558], ""index"": [""committed"", ""totipotent""]}",1.0,1.0,1.0,1.0,1.0,0.5820705261384188,9.561764955969549e-92,-0.3646297666847313,8.326012849211793e-33,0.5567266046014232,1.8146188196196193e-82,-0.3580878748865441,1.2784809792219075e-31,0.37290444090444097,2.399183264028678e-34,0.7089914608823367,0.8905243596533252,0.27677677677677676,3
three_branches_True_0.7_0.9_50,False,,True,0.835078783078783,2.9177050413099193e-261,0.6255855855855856,7.718379373266063e-193,"{""values"": [0.2542056281819042, 0.3564634027374695], ""index"": [""committed"", ""totipotent""]}",1.0,1.0,1.0,1.0,1.0,0.7743883958195931,1.3051747730262902e-200,-0.9342797168137018,0.0,0.7784210061503114,4.97495363319713e-204,-0.8295695166412237,8.657971500430608e-255,0.8175351375351376,1.9948587198601637e-241,0.581204546987671,0.845675239244842,0.2394060727394061,3
three_branches_True_0.7_0.9_30,False,,True,0.8366738966738968,3.517737449152312e-263,0.6252852852852853,1.1765830402266022e-192,"{""values"": [0.2598931720201589, 0.36947211785039313], ""index"": [""committed"", ""totipotent""]}",1.0,1.0,1.0,1.0,1.0,0.7443103105900168,3.5424834447021033e-177,-0.9468364231508597,0.0,0.7286656378028497,2.9925209084716706e-166,-0.8609668571967649,3.039208128303297e-295,0.8147777027777028,1.6704789290359525e-238,0.5897518194042107,0.8628181233488444,0.2434100767434101,3
three_branches_True_0.3_0.5_50,False,,True,0.8906694026694028,0.0,0.7228348348348349,9.539181505063144e-257,"{""values"": [0.2814626607938951, 0.21676212803600498], ""index"": [""committed"", ""totipotent""]}",1.0,1.0,1.0,1.0,1.0,0.6505286234707063,2.211619512232731e-121,-0.4334776939187315,4.547900651865316e-47,0.5765836458012961,1.1438632375332454e-89,-0.3734487521722525,1.8930209731360868e-34,0.3951251511251511,1.038205746484701e-38,0.6914450834922055,0.23629926784078928,0.2827827827827828,3
three_branches_True_0.3_0.5_30,False,,True,0.9085723285723285,0.0,0.7493613613613613,8.918652727704862e-276,"{""values"": [0.28013584244244844, 0.19409355977263765], ""index"": [""committed"", ""totipotent""]}",1.0,1.0,1.0,1.0,1.0,0.604683565610932,9.655849705361318e-101,-0.39122594675010197,6.404939805641247e-38,0.5425795881692762,1.25824471439905e-77,-0.3410476349855445,1.1722663779352692e-28,0.3854701694701695,8.989913234333713e-37,0.7246448898437245,0.9146743576946063,0.2921254587921254,3
three_branches_True_0.7_0.9_70,False,,True,0.8167133887133887,1.5001750948880533e-240,0.6065705705705706,2.0329867910098646e-181,"{""values"": [0.27440418177022885, 0.3522526814125508], ""index"": [""committed"", ""totipotent""]}",1.0,1.0,1.0,1.0,1.0,0.7142410874260485,7.830253420414703e-157,-0.8865806550500005,0.0,0.697604467913162,1.1316908613518314e-146,-0.7383636809548025,6.2392239482592105e-173,0.7349886269886271,1.4243856927194135e-170,0.5900640810559207,0.8489917689644358,0.23807140473807142,3
three_branches_True_0.3_0.5_10,False,,True,0.9454583974583975,0.0,0.7986306306306308,0.0,"{""values"": [0.2793814194125725, 0.1881176451330139], ""index"": [""committed"", ""totipotent""]}",1.0,1.0,1.0,1.0,1.0,0.6335762849154571,2.422120208493893e-113,-0.3590579439431769,8.561099770020702e-32,0.4664278801817141,3.6761933365895804e-55,-0.23596749819975013,4.0425917558833276e-14,0.27590588390588394,6.274811619661973e-19,0.6998013110322812,0.896317547899709,0.3401735068401735,3
five_branches_False_0.7_0.7_10,False,,False,0.07199201999201998,0.022804454045936264,0.049997997997998,0.017910187056685793,,0.1944433284065996,1.0,1.0,0.19999999999999996,0.44407442338121883,,,,,,,,,-0.48428782467747333,6.231401273306579e-60,0,0,0.5,1
five_branches_False_0.7_0.7_30,False,,False,0.8762829242829244,9.073e-319,0.6748348348348349,4.708401968359257e-224,,0.19771769813575452,0.5,1.0,0.19999999999999996,0.37498283349304523,0.7588320171981227,4.6372852550725426e-188,-0.6069802651633125,1.0724474516080472e-101,0.5708289537124398,1.5695062041418692e-87,-0.5377600408694623,4.9761007738288343e-76,0.5716931218793558,7.542076577429961e-88,0.7208632792158424,0.9615949203661022,0.2897897897897898,2
five_branches_True_0.7_0.7_10,False,,True,0.07206543606543607,0.02266571975649592,0.050114114114114115,0.01764579565088269,"{""values"": [0.48624314006019803, 0.3956147747620069, 0.4048193193703327], ""index"": [""committed"", ""multipotent"", ""totipotent""]}",1.0,1.0,1.0,1.0,1.0,-0.12157714619233956,0.00011615451589936968,0.19453768560818802,5.522579985746662e-10,0.071866736192616,0.02304290426741563,-0.07534298572632601,0.0171739596378795,0.14165357765357767,6.905878982535198e-06,0.7641679171969279,0.8119440674232596,0.16306306306306304,5
five_branches_False_0.7_0.7_50,False,,False,0.8623715023715024,2.78606132924676e-297,0.6515195195195196,5.551771035461829e-209,,0.3470074465407633,0.6666666666666666,1.0,0.4,0.5515398309996588,0.8570802537624029,1.0153578501706189e-289,-0.8774853505972847,9.535e-321,0.8631037551037551,2.3643630849941934e-298,-0.8902278742278743,0.0,0.863892911892912,1.63007145582966e-299,0.6747926797314832,0.894466283992031,0.2727727727727728,3
five_branches_True_0.7_0.7_30,False,,True,0.8770844410844411,4.3784e-320,0.6755875875875876,1.5047511673195536e-224,"{""values"": [0.36589740404519183, 0.44566281703090915, 0.4525717919903535], ""index"": [""committed"", ""multipotent"", ""totipotent""]}",1.0,1.0,1.0,1.0,1.0,0.9317770210174031,0.0,-0.5002606667276607,1.914238487125433e-64,0.9310518543335754,0.0,-0.5446316215551286,2.5813497322024166e-78,0.3500540180540181,3.357768984204429e-30,0.6299113535950641,0.5146397946653394,0.1862862862862863,5
three_branches_False_0.1_0.7_10,False,,False,0.34120482520482526,1.1028788682764666e-28,0.25851851851851854,1.8727756830141753e-34,,0.2537885257256793,1.0,1.0,0.33333333333333337,0.5393090176105378,,,,,,,,,-0.27898371960063806,2.465579599934317e-19,0,0,0.5,1
five_branches_False_0.7_0.7_70,False,,False,0.6531958611958613,1.0777620901060256e-122,0.4263903903903904,1.1953760038173767e-90,,0.3541280712659952,1.0,1.0,0.4,0.6134866073509464,0.8977813975127853,0.0,-0.9211457841333474,0.0,0.800973132173528,1.4238292577478936e-224,-0.8428975204044479,7.190231901693116e-271,0.8264218784218784,3.4025873970815477e-251,0.48335141626597444,0.8412389110367706,0.42342342342342343,2
three_branches_False_0.1_0.7_50,False,,False,0.5736358896358897,1.4404887549054254e-88,0.3808568568568569,1.0526392966830344e-72,,,,,,,,,,,,,,,,,,,,0
five_branches_True_0.7_0.7_50,False,,True,0.8624893904893906,1.8747359905052372e-297,0.6516276276276276,4.7398897507095767e-209,"{""values"": [0.38503442977164537, 0.4548020758252025, 0.4852146117499596], ""index"": [""committed"", ""multipotent"", ""totipotent""]}",1.0,1.0,1.0,1.0,1.0,0.9231943405535812,0.0,-0.45612363846640946,1.5561987890367912e-52,0.9377309937425659,0.0,-0.40561453121954744,6.874652817551563e-41,0.36309164709164715,1.591599816771405e-32,0.6746258547077991,0.5908975931723449,0.16586586586586588,5
three_branches_False_0.1_0.7_30,False,,False,0.35454118254118255,5.474497873395024e-31,0.26623423423423426,1.9435305531122425e-36,,0.2545414980589629,1.0,1.0,0.33333333333333337,0.5397085960976041,,,,,,,,,0.25869776756590934,9.377431306159066e-17,0,0,0.498998998998999,1
five_branches_False_0.3_0.7_10,False,,False,0.5891255891255892,1.7784238031613702e-94,0.40488488488488494,6.364099316154206e-82,,0.33660768519492235,1.0,1.0,0.4,0.6057536011360878,0.7836447496669847,1.4431044370616544e-208,-0.6131775727522859,2.604226472428821e-104,0.8476816068868297,5.178766562156269e-277,-0.4303663518823775,2.38207203463491e-46,0.4304001704001704,2.339798591836194e-46,0.37882830969772646,0.6929460041971465,0.43243243243243246,2
five_branches_False_0.3_0.7_30,False,,False,0.5087705807705808,6.00329234901763e-67,0.3185905905905906,2.012052600177962e-51,,0.3439210151825039,1.0,1.0,0.4,0.6090173656107781,0.9362265949465041,0.0,-0.9744065732082033,0.0,0.7015747149914914,4.93604258645702e-149,-0.821362696500131,1.4436078689331544e-245,0.8891240291240292,0.0,0.49193485510447166,0.8520702023356952,0.41041041041041043,2
three_branches_False_0.1_0.7_70,False,,False,0.5516606516606517,1.0447319442709588e-80,0.385021021021021,2.9162297571084666e-74,,0.5332023787444817,1.0,1.0,0.6666666666666667,0.772147384677948,0.979837568423932,0.0,-0.9799099842899704,0.0,0.7863183196376188,6.134017032674816e-211,-0.8222207270707413,1.6505990914626362e-246,0.8549971829971831,7.948202294538974e-287,0.31264371566335203,0.8539110171473947,0.42342342342342343,2
three_branches_True_0.1_0.7_10,False,,True,0.34117620517620517,1.1152021504517063e-28,0.2584864864864865,1.9081033361247553e-34,"{""values"": [0.26295955913011554, 0.46080033062019], ""index"": [""committed"", ""totipotent""]}",1.0,1.0,1.0,1.0,1.0,0.8851682426615312,0.0,-0.6780983396629026,1.2830281943708575e-135,0.7939781035641365,6.30568033743779e-218,-0.5616734022543958,3.239484473828898e-84,0.5366155406155406,1.1813310335066268e-75,0.8230234555537074,0.9275932744630752,0.023189856523189833,3
three_branches_True_0.1_0.7_50,False,,True,0.5733006453006454,1.9183184700190112e-88,0.3805685685685686,1.3473502563750455e-72,"{""values"": [0.26344214648845427, 0.46523583183674094], ""index"": [""committed"", ""totipotent""]}",1.0,1.0,1.0,1.0,1.0,0.9221123377221063,0.0,-0.6645716064839136,1.9205555764376997e-128,0.5877510280298759,6.127785365521204e-94,-0.49624836790328786,2.742239948093181e-63,0.4564795204795205,1.267177290630512e-52,0.837732058983462,0.9567665744145717,0.13163163163163163,3
three_branches_True_0.1_0.7_30,False,,True,0.35443607443607444,5.714015148762978e-31,0.26623023023023024,1.9482103123182428e-36,"{""values"": [0.27131868376606955, 0.474743377830526], ""index"": [""committed"", ""totipotent""]}",1.0,1.0,1.0,1.0,1.0,0.9025227261638203,0.0,-0.39279811414407023,3.084376815955636e-38,0.7937029853672143,1.1372262901238311e-217,-0.5116200578039126,8.397193322869517e-68,0.4808800208800209,5.331120047514552e-59,0.8138583587507516,0.9135779446764863,0.027193860527193876,3
five_branches_True_0.7_0.7_70,False,,True,0.6533499653499653,9.042784921390966e-123,0.4265465465465465,1.0291973812471548e-90,"{""values"": [0.2636447576851109, 0.5389120059047697, 0.45109216114154793], ""index"": [""committed"", ""multipotent"", ""totipotent""]}",1.0,1.0,1.0,1.0,1.0,0.7719949068353185,1.2925859865745578e-198,-0.8224464514536427,9.311789402841397e-247,0.6973460125821206,1.607072891623609e-146,-0.8928030063333653,0.0,0.8876036516036516,0.0,0.678635789864576,0.8349429687074461,0.0907907907907908,5
five_branches_True_0.3_0.7_10,False,,True,0.5891055491055491,1.8108677896961282e-94,0.4048728728728729,6.43406604473179e-82,"{""values"": [0.22162037025003845, 0.42129472613901425, 0.26521305606435563], ""index"": [""committed"", ""multipotent"", ""totipotent""]}",1.0,1.0,1.0,1.0,1.0,0.7938779563100068,7.816403860138599e-218,-0.8232002220292672,1.3686054808134322e-247,0.6870794678278975,1.3396926703005246e-140,-0.7819660844133652,4.276841621346681e-207,0.8046018606018606,3.9816154774880036e-228,0.4980276589514127,0.8036182019485217,0.032132132132132174,5
five_branches_True_0.3_0.7_30,False,,True,0.5087693087693088,6.008540974763702e-67,0.3185865865865866,2.0178407456620606e-51,"{""values"": [0.2362230432940135, 0.4749829170373732, 0.21631304101045465], ""index"": [""committed"", ""multipotent"", ""totipotent""]}",1.0,1.0,1.0,1.0,1.0,0.7011723207366258,8.597835497940543e-149,-0.9741721908032597,0.0,0.4564362936861906,1.2992147733080703e-52,-0.8833979435451637,0.0,0.9243310923310923,0.0,0.5529218216668075,0.7488219733075132,-0.06776776776776774,5
three_branches_True_0.1_0.7_70,False,,True,0.5516606516606517,1.0447319442709588e-80,0.385021021021021,2.9162297571084666e-74,"{""values"": [0.22478717777142862, 0.34703816205924265], ""index"": [""committed"", ""totipotent""]}",1.0,1.0,1.0,1.0,1.0,0.954409335199167,0.0,-0.9387413519838487,0.0,0.5443082898191436,3.3155516775542626e-78,-0.5742372879946728,8.609298719194897e-89,0.6194173274173274,5.292692819767778e-107,0.7776060009351211,0.9738139344330339,0.09092425759092426,3
five_branches_False_0.3_0.7_50,False,,False,0.4598924078924079,1.744899284261323e-53,0.2848968968968969,1.785293680749871e-41,,0.34625854765068825,1.0,1.0,0.4,0.6100495675569848,0.9353998243908632,0.0,-0.9699792518999423,0.0,0.6555977762622532,6.909142826976061e-124,-0.803968588093447,1.680948754963441e-227,0.8798857718857719,0.0,0.4643679420607325,0.8138782795348624,0.4084084084084084,2
five_branches_False_0.3_0.7_70,False,,False,0.43224142824142825,8.799445076913427e-47,0.26765965965965965,8.237124170055857e-37,,0.34625854765068825,1.0,1.0,0.4,0.6100495675569848,0.9602892058201622,0.0,-0.971435654574228,0.0,0.8046709606219293,3.401487294027703e-228,-0.8734937804205269,2.938826701e-314,0.9071071631071632,0.0,0.41177509717976546,0.7622493293846628,0.3938938938938939,2
five_branches_False_0.3_0.9_10,False,,False,0.3620458580458581,2.467652656689563e-32,0.2465265265265265,1.7441919732510046e-31,,0.5563698382739866,1.0,1.0,0.6,0.760113957229293,0.9243447006559385,0.0,-0.904685594660537,0.0,0.9299205433973851,0.0,-0.9262460212337787,0.0,0.9088633888633888,0.0,0.5159014311106921,0.7655894286019299,0.42792792792792794,3
three_branches_False_0.9_0.7_10,False,,False,0.9275416835416834,0.0,0.7725925925925927,5.2804220404847e-293,,0.27988387836738576,1.0,1.0,0.33333333333333337,0.5526677937212778,,,,,,,,,-0.04621791258978914,0.14415511369820946,0,0,0.5,1
five_branches_True_0.3_0.7_70,False,,True,0.4322161562161562,8.918720501980184e-47,0.26763563563563564,8.357479451693705e-37,"{""values"": [0.2378916895076014, 0.4363676083386349, 0.14822600382983317], ""index"": [""committed"", ""multipotent"", ""totipotent""]}",1.0,1.0,1.0,1.0,1.0,0.7861583138096307,8.523844382899638e-211,-0.9871458706563075,0.0,0.6489704392006738,1.2740020036343237e-120,-0.9229718819734277,0.0,0.9397551397551398,0.0,0.5070791753741463,0.6944211632848207,-0.08598598598598597,5
five_branches_True_0.3_0.7_50,False,,True,0.45987307587307585,1.764718132230132e-53,0.28488088088088087,1.8037520535392844e-41,"{""values"": [0.2298828663901254, 0.4478704530841282, 0.17274940689534682], ""index"": [""committed"", ""multipotent"", ""totipotent""]}",1.0,1.0,1.0,1.0,1.0,0.7718744638286816,1.6264629490734011e-198,-0.9845557780730142,0.0,0.6189713895703812,8.280997201669771e-107,-0.9036796877223903,0.0,0.9327696807696807,0.0,0.5227316423306391,0.7097395330401124,-0.07917917917917919,5
three_branches_False_0.9_0.7_70,False,,False,0.7581094461094462,1.6825062173170573e-187,0.5601521521521522,5.1350356033439495e-155,,0.3309855826679092,1.0,1.0,0.33333333333333337,0.5763309671658827,,,,,,,,,0.123382366762496,9.162275220891181e-05,0,0,0.5,1
five_branches_True_0.3_0.9_10,False,,True,0.3618822138822139,2.642539691280735e-32,0.24641441441441442,1.8565046310185293e-31,"{""values"": [0.15459615815751104, 0.32213326020600275, 0.4506469376132616], ""index"": [""committed"", ""multipotent"", ""totipotent""]}",1.0,1.0,1.0,1.0,1.0,0.806876471347663,2.1591766722576174e-230,-0.7079981212700005,6.172299455381614e-153,0.8792380882953634,1e-323,-0.6948678258694068,4.5519291414343836e-145,0.6810006930006931,3.296674903288801e-137,0.6352499261008222,0.8071176917231784,0.25555555555555554,5
five_branches_False_0.3_0.9_50,False,,False,0.3481468681468682,7.194565048586994e-30,0.24352352352352352,9.19046190590415e-31,,0.5461773011350048,1.0,1.0,0.6,0.7566085145917659,0.9173115424528641,0.0,-0.926359386590148,0.0,0.9382869002801802,0.0,-0.9438487880059827,0.0,0.9410058170058172,0.0,0.48271529760585813,0.7787811209179565,0.4309309309309309,3
three_branches_False_0.9_0.7_30,False,,False,0.8492735132735134,4.199744672994241e-279,0.6765685685685686,3.3964470312395313e-225,,0.596127309771022,1.0,1.0,0.6666666666666667,0.7939843454722079,0.623383802119277,9.563374420973775e-109,-0.8549086191998043,1.0526619506264418e-286,0.5974123662539699,9.029664629200103e-98,-0.8167523270149595,1.3637089848505055e-240,0.9448207768207768,0.0,0.8498253853099483,0.9481958646553894,0.4774774774774775,2
five_branches_False_0.3_0.9_30,False,,False,0.33922795522795524,2.3695938222115347e-28,0.2286166166166166,2.6124611431882135e-27,,0.5646269380762465,1.0,1.0,0.6,0.7629186140842292,0.8837149416336018,0.0,-0.9300827186242091,0.0,0.953752682321056,0.0,-0.9551117003635955,0.0,0.9484556644556645,0.0,0.44882420800496325,0.8014146292740174,0.43526860193526856,3
five_branches_False_0.3_0.9_70,False,,False,0.350988350988351,2.3071686402434834e-30,0.24809609609609612,7.259281299147129e-32,,0.5468315303204078,1.0,1.0,0.6,0.7568349855475831,0.8801746418770675,0.0,-0.9053862409042831,0.0,0.9173655399960484,0.0,-0.9323542609909352,0.0,0.9371790011790011,0.0,0.49762001520524807,0.7560557550265629,0.42692692692692696,3
three_branches_True_0.9_0.7_10,False,,True,0.9275359595359596,0.0,0.7725845845845846,5.354237433083811e-293,"{""values"": [0.20339269776926922, 0.1819470221803198], ""index"": [""committed"", ""totipotent""]}",1.0,1.0,1.0,1.0,1.0,0.9533019861609277,0.0,-0.8493972240705359,2.8821305687246704e-279,0.9548834772654963,0.0,-0.8586093390736996,7.130610131968996e-292,0.7949779229779229,7.339539897037133e-219,0.520622172878381,0.774235899733286,0.33483483483483484,3
three_branches_False_0.9_0.7_50,False,,False,0.8425628065628067,1.900100491476327e-270,0.6605925925925926,8.754645827173588e-215,,0.5813087496794044,1.0,1.0,0.6666666666666667,0.7890034463527938,0.7614173623345122,4.439991522317079e-190,-0.8956464462792626,0.0,0.6670324190055338,1.0144514743089211e-129,-0.823114891668796,1.7011749102035787e-247,0.9873039753039755,0.0,0.7891623725101151,0.9278149235312116,0.45395395395395394,2
three_branches_True_0.9_0.7_70,False,,True,0.7581488181488182,1.5685939318790585e-187,0.5601961961961962,4.8583041041441485e-155,"{""values"": [0.17878275439843516, 0.2983000906263596], ""index"": [""committed"", ""totipotent""]}",1.0,1.0,1.0,1.0,1.0,0.7224828423722459,3.854504701396439e-162,-0.6949329966664506,4.170583442175529e-145,0.704935827163741,4.6164895113917304e-151,-0.752318956664003,4.375115154034554e-183,0.7401564801564802,3.3680720724165805e-174,0.6673198336489783,0.8882716003370051,0.24374374374374375,3
three_branches_True_0.9_0.7_30,False,,True,0.8493217413217414,3.626578675206846e-279,0.6766126126126126,3.1767208760821333e-225,"{""values"": [0.18457559438709267, 0.2847902758980163], ""index"": [""committed"", ""totipotent""]}",1.0,1.0,1.0,1.0,1.0,0.7687955621450537,5.512952706515175e-196,-0.6002932314063173,6.1337977402971e-99,0.8080891158042768,1.3000975990341614e-231,-0.6399232488354097,2.7139237208596383e-116,0.656980868980869,1.4041894709412203e-124,0.7125894423869028,0.901009772355673,0.26576576576576577,3
five_branches_True_0.3_0.9_30,False,,True,0.33915276315276316,2.4392706425199754e-28,0.22856056056056057,2.689255229377702e-27,"{""values"": [0.18898949637666249, 0.34298691351498173, 0.40399847535807365], ""index"": [""committed"", ""multipotent"", ""totipotent""]}",1.0,1.0,1.0,1.0,1.0,0.7748695461576613,5.146244918530067e-201,-0.7671595633514784,1.1744329061361074e-194,0.8516086168127258,3.2496889105246377e-282,-0.7119189012456222,2.2666884995331033e-155,0.6976074856074856,1.1270638425570065e-146,0.5587557559919409,0.7390051166857708,0.2583583583583583,5
three_branches_True_0.9_0.7_50,False,,True,0.8425985545985547,1.7129699846014476e-270,0.6606286286286287,8.299157910389504e-215,"{""values"": [0.18418965389790803, 0.25861387657174134], ""index"": [""committed"", ""totipotent""]}",1.0,1.0,1.0,1.0,1.0,0.8231890856062001,1.4080253963583836e-247,-0.6715376534610369,4.324584028063976e-132,0.8047940915530598,2.5688236102213648e-228,-0.6714215460992666,4.9837608504583865e-132,0.7176775656775657,5.055433566787657e-159,0.6721815546219566,0.8962286155903506,0.2741074407741075,3
five_branches_True_0.3_0.9_70,False,,True,0.350975774975775,2.3188708713062884e-30,0.24811611611611611,7.178312550150532e-32,"{""values"": [0.16521415846189297, 0.34227760676713204, 0.39260991997024275], ""index"": [""committed"", ""multipotent"", ""totipotent""]}",1.0,1.0,1.0,1.0,1.0,0.7687074060117081,6.505005204599028e-196,-0.7966441303492835,1.983448083618508e-220,0.8080184459465898,1.5322573170347272e-231,-0.747582476507846,1.4531115995367125e-179,0.7643323643323644,2.1875984963410054e-192,0.558995275574024,0.6931780200429851,0.2185185185185185,5
five_branches_True_0.3_0.9_50,False,,True,0.34832634032634036,6.698188263409436e-30,0.24365165165165165,8.564875012758661e-31,"{""values"": [0.17577637167531623, 0.32887020989421734, 0.39699512335280746], ""index"": [""committed"", ""multipotent"", ""totipotent""]}",1.0,1.0,1.0,1.0,1.0,0.7877521715589614,3.175013488527091e-212,-0.8100403709839202,1.3550944991518587e-233,0.8362769257002038,1.0609998260678666e-262,-0.7637663715262807,6.174507656940229e-192,0.7472082992082992,2.736036062676224e-179,0.5690293332988543,0.7269923903457258,0.22632632632632635,5
five_branches_False_0.5_0.3_10,False,,False,0.2587976947976948,9.118220737659476e-17,0.18021621621621622,1.4202196699574197e-17,,0.0,0.0,0,0.0,0.0,,,,,,,,,0.9378822244985316,0.0,0,0,0.5,1
five_branches_False_0.5_0.3_30,False,,False,0.28450182850182854,4.484008054846358e-20,0.20089689689689688,1.857283694771196e-21,,0.1896785575631483,0.5,1.0,0.19999999999999996,0.37111162570915296,0.7985378620171151,3.1413961328778916e-222,-0.8303323489867944,1.1355100201769955e-255,0.9470224400625648,0.0,-0.8732023271448053,8.576414211e-314,0.8884129261545664,0.0,0.6284261608081196,0.8772556770606675,0.43043043043043044,2
five_branches_False_0.5_0.3_50,False,,False,-0.20066885666885664,1.5234513729513952e-10,-0.12560960960960962,2.718085190877513e-09,,0.2,0.5,1.0,0.19999999999999996,0.3760603093086393,0.7817927868753426,6.0578955420301e-207,-0.9026202195576929,0.0,0.9248065859003419,0.0,-0.8288254653940887,6.218732824682332e-254,0.8029751930873312,1.5927412461899458e-226,0.5900335667457862,0.8557761176187231,0.44394394394394393,2
five_branches_False_0.1_0.3_10,False,,False,0.007292971292971293,0.8178286535608236,5.605605605605606e-05,0.9978821563124702,,,,,,,,,,,,,,,,,,,,0
five_branches_False_0.1_0.3_30,False,,False,-0.013145677145677145,0.6779948956283439,-0.013221221221221222,0.5312874743857503,,,,,,,,,,,,,,,,,,,,0
five_branches_True_0.5_0.3_10,False,,True,0.2587976947976948,9.118220737659476e-17,0.18021621621621622,1.4202196699574197e-17,"{""values"": [0.44780714958594153, 0.1755337080296487, 0.40516951609192553], ""index"": [""committed"", ""multipotent"", ""totipotent""]}",1.0,1.0,1.0,1.0,1.0,0.5975375682205087,8.038208551488849e-98,-0.43300550958782486,5.853737723554938e-47,0.4630714150714151,2.697023044450285e-54,-0.37087187887187895,5.789047779632735e-34,0.34594227394227395,1.7248002737418622e-29,0.4695390476876189,0.709361356317352,0.1960960960960961,5
five_branches_False_0.1_0.3_50,False,,False,-0.007582267582267583,0.8107365755252014,-0.009601601601601601,0.6493623387428792,,,,,,,,,,,,,,,,,,,,0
five_branches_True_0.5_0.3_50,False,,True,-0.20067142467142468,1.5226166046485914e-10,-0.12562162162162163,2.708658891250395e-09,"{""values"": [0.2359618773690822, 0.4177555558402779, 0.5436842603030931], ""index"": [""committed"", ""multipotent"", ""totipotent""]}",1.0,1.0,1.0,1.0,1.0,0.4413581501267063,6.345708070733199e-49,-0.704841836811795,5.265545439476517e-151,0.2074561538843917,3.48824368602094e-11,-0.6865837708011799,2.550683177127997e-140,0.6436563316563316,4.627557537556781e-118,0.5692867288751857,0.7558271671660268,0.07917917917917917,5
three_branches_False_0.1_0.3_10,False,,False,0.6925040365040366,1.0704605195050156e-143,0.528,5.890833626545275e-138,,0.3308795298056693,1.0,1.0,0.33333333333333337,0.5762847952951538,,,,,,,,,0.15259165537873995,1.2486829557594257e-06,0,0,0.5,1
five_branches_False_0.1_0.3_70,False,,False,0.08741769941769942,0.005670853086951973,0.06235035035035036,0.003153453282508012,,0.19621404810997364,1.0,1.0,0.19999999999999996,0.4450819922816374,,,,,,,,,0.8019838959849049,1.4829168205397242e-225,0,0,0.5,1
five_branches_False_0.5_0.3_70,False,,False,0.7663500223500225,5.286249344134778e-194,0.5657657657657658,4.255432211274166e-158,,0.5516987795939524,1.0,1.0,0.6,0.7585135063920802,0.9412324622463684,0.0,-0.9270772542549016,0.0,0.9708188772048388,0.0,-0.9113875099684398,0.0,0.9206083046083048,0.0,0.6077133612891776,0.843630645437537,0.35618952285618954,3
five_branches_True_0.5_0.3_30,False,,True,0.2845023805023805,4.483234946941137e-20,0.20090090090090093,1.8539007773191907e-21,"{""values"": [0.5134187303852656, 0.21353172257895658, 0.31790956321265645], ""index"": [""committed"", ""multipotent"", ""totipotent""]}",1.0,1.0,1.0,1.0,1.0,0.5278103892192149,8.192715612653174e-73,-0.6619111706926681,4.4728750803736426e-127,0.5785879825879826,2.0133364841095925e-90,-0.5817876417876419,1.226399344077453e-91,0.4961972081972082,2.8362700746970524e-63,0.38368026111020614,0.6951272105875993,0.1940940940940941,5
three_branches_False_0.1_0.3_30,False,,False,0.7298756738756739,4.553573958420621e-167,0.5482002002002002,1.4774427938304173e-148,,0.6103188778391491,1.0,1.0,0.6666666666666667,0.7986681876701178,0.6693925578971166,5.884777129003423e-131,-0.626770600108043,2.96665685285436e-110,0.6224317816019602,2.5192207513471122e-108,-0.591129949125773,2.8970938946533406e-95,0.6195104105280184,4.8201181822846927e-107,0.5287710960818923,0.8533676017071598,0.4294294294294294,2
five_branches_True_0.1_0.3_10,False,,True,0.007204447204447205,0.8200018224202403,-4.404404404404405e-05,0.998335979212109,"{""values"": [0.30141657009958706, 0.24434948243188587, 0.45492693868154704], ""index"": [""committed"", ""multipotent"", ""totipotent""]}",1.0,1.0,1.0,1.0,1.0,0.5641080843117456,4.356323475032731e-85,0.48005781256971436,8.915972621808378e-59,0.3567904407904408,2.1811831237984796e-31,0.5298513018513019,1.8295784850200035e-73,-0.5820134460134461,1.0054435090922105e-91,0.600857566752962,0.6530099473593535,0.09019019019019017,5
five_branches_True_0.1_0.3_30,False,,True,-0.013148101148101148,0.677938849630292,-0.013269269269269269,0.5297962883835661,"{""values"": [0.31994165417979353, 0.25023691759963473, 0.47890464272339067], ""index"": [""committed"", ""multipotent"", ""totipotent""]}",1.0,1.0,1.0,1.0,1.0,0.7032574474079811,4.7985629675565256e-150,0.3059268236084146,4.1425416292322755e-23,0.5161468561468561,3.5503287099963186e-69,0.35229132429132437,1.364235225114169e-30,-0.4370263730263731,6.735649956522628e-48,0.5888741209222964,0.6707823978760615,0.10560560560560561,5
five_branches_True_0.1_0.3_50,False,,True,-0.007369687369687371,0.815946487735558,-0.00944144144144144,0.6548285411633163,"{""values"": [0.3195273301280428, 0.2498998143995125, 0.4875096083199274], ""index"": [""committed"", ""multipotent"", ""totipotent""]}",1.0,1.0,1.0,1.0,1.0,0.7337968130000706,9.502386750364217e-170,0.25983674976762094,6.80792302326647e-17,0.5870773790773791,1.1211672729630593e-93,0.319005787005787,4.328984955474361e-25,-0.38606502206502213,6.858751449693595e-37,0.5906517927304833,0.6699103017711561,0.11481481481481479,5
three_branches_True_0.1_0.3_10,False,,True,0.6925065325065325,1.0669144167415946e-143,0.528,5.890833626545275e-138,"{""values"": [0.11031221148718404, 0.2882486863179945], ""index"": [""committed"", ""totipotent""]}",1.0,1.0,1.0,1.0,1.0,0.732260353278688,1.0809998450967647e-168,-0.9194013069244212,0.0,0.7454779196035548,5.032186890426054e-178,-0.9044953061747381,0.0,0.9140247140247141,0.0,0.712964384566443,0.8706324862852239,0.40056723390056725,3
three_branches_True_0.1_0.3_30,False,,True,0.72987576987577,4.552891976922066e-167,0.5482042042042042,1.4701786925155127e-148,"{""values"": [0.11745156279620764, 0.18895045530164506], ""index"": [""committed"", ""totipotent""]}",1.0,1.0,1.0,1.0,1.0,0.8380400205214429,7.698264614765357e-265,-0.9235232318625679,0.0,0.8347601776481627,7.011871274055589e-261,-0.9073908822999035,0.0,0.8715915555915557,3.04328028063e-311,0.604265594810541,0.8519269986430843,0.3975642308975642,3
five_branches_True_0.5_0.3_70,False,,True,0.7663583263583265,5.205465488346472e-194,0.5657617617617617,4.277131470171625e-158,"{""values"": [0.2584875096248361, 0.27537142980113805, 0.15349080163622833], ""index"": [""committed"", ""multipotent"", ""totipotent""]}",1.0,1.0,1.0,1.0,1.0,0.9384710079165666,0.0,-0.670400685893232,1.7301097360969215e-131,0.9444807274531323,0.0,-0.5844852802845899,1.1310869695307394e-92,0.5212298332298332,9.60982667239536e-71,0.5613224015554209,0.433601443809859,0.327027027027027,5
five_branches_True_0.1_0.3_70,False,,True,0.08733326733326735,0.005717669241989266,0.06228228228228228,0.0031865299462655733,"{""values"": [0.3060925723085782, 0.24498922423166009, 0.46385052668674615], ""index"": [""committed"", ""multipotent"", ""totipotent""]}",1.0,1.0,1.0,1.0,1.0,0.8011950224146966,8.675486221179007e-225,-0.010980850327459763,0.7287257042284921,0.6407905256079475,1.0592271955797359e-116,0.08798860589414556,0.00536325136134895,-0.13254218454218455,2.6145979498989602e-05,0.6134877597964238,0.7038715024857617,0.12842842842842841,5
three_branches_False_0.1_0.3_50,False,,False,0.7627217587217587,4.1589771572588125e-191,0.5731211211211211,3.506170622659952e-162,,0.6057458418574058,1.0,1.0,0.6666666666666667,0.7971678875779834,0.6648939326344736,1.30866739370746e-128,-0.6527422660539116,1.8055702530337936e-122,0.6284418861133546,5.260731613699634e-111,-0.5934225583304098,3.5789233412865653e-96,0.646461739431289,2.0900862680143067e-119,0.6534038690217702,0.8881388202346978,0.42242242242242245,2
three_branches_False_0.5_0.3_10,False,,False,0.8912800832800833,0.0,0.7348148148148149,2.95301123376241e-265,,0.25080482735232673,1.0,1.0,0.33333333333333337,0.5377168664893743,,,,,,,,,-0.35391555310929984,7.062126137706655e-31,0,0,0.5,1
three_branches_False_0.1_0.3_70,False,,False,0.7442184602184602,4.128424874905606e-177,0.550902902902903,5.261305327804222e-150,,0.6006311415476273,1.0,1.0,0.6666666666666667,0.7954797831535184,0.5735906189028894,1.4973331924699763e-88,-0.6269142470473823,2.5578790602492706e-110,0.5524516819500005,5.573670878472104e-81,-0.5287059158475678,4.2490411798104244e-73,0.5215925583698908,7.41028612709585e-71,0.4653022050533716,0.7866622711184802,0.44594594594594594,2
three_branches_True_0.1_0.3_50,False,,True,0.7627229227229229,4.1501697591137496e-191,0.5731371371371372,3.434651229170014e-162,"{""values"": [0.1068890443920881, 0.20831171357921638], ""index"": [""committed"", ""totipotent""]}",1.0,1.0,1.0,1.0,1.0,0.8328998390754545,1.130229667728437e-258,-0.9397553653087768,0.0,0.8644558972911662,2.3939470389603203e-300,-0.9016637260254434,0.0,0.9000808080808081,0.0,0.6587061950989385,0.8724238077544166,0.3725392058725392,3
five_branches_False_0.9_0.7_30,False,,False,0.2657245577245577,1.26823943982144e-17,0.17026226226226227,7.49716744161067e-16,,0.19863538084991583,1.0,1.0,0.19999999999999996,0.4464487905364619,,,,,,,,,0.9964038013013577,0.0,0,0,0.5,1
three_branches_False_0.5_0.3_30,False,,False,0.8849433809433811,0.0,0.7145345345345345,6.212039066516874e-251,,0.5822625115320998,1.0,1.0,0.6666666666666667,0.7893268798248793,0.7215776297095703,1.507724210102201e-161,-0.5740692172412192,9.942301882552107e-89,0.7873744033744033,6.942686115019434e-212,-0.6916561516561517,3.2979685644055677e-143,0.6916561516561517,3.2979685644055677e-143,0.3143525339703732,0.7747955060484858,0.4194194194194194,2
three_branches_False_0.5_0.3_70,False,,False,0.820886308886309,4.78815895716905e-245,0.6401161161161161,8.380964729806158e-202,,0.25080482735232673,1.0,1.0,0.33333333333333337,0.5377168664893743,,,,,,,,,-0.4690020178984099,7.853817951852714e-56,0,0,0.49699699699699695,1
five_branches_False_0.9_0.7_10,False,,False,0.3162580002580003,1.1502924462534809e-24,0.21614414414414415,1.3861842946565554e-24,,,,,,,,,,,,,,,,,,,,0
three_branches_False_0.5_0.3_50,False,,False,0.8584542304542304,1.1822983677017429e-291,0.6846726726726727,1.4283273118820856e-230,,,,,,,,,,,,,,,,,,,,0
three_branches_True_0.5_0.3_10,False,,True,0.8911951351951352,0.0,0.7347547547547547,3.2604185778947266e-265,"{""values"": [0.2258437895457945, 0.29210430962142636], ""index"": [""committed"", ""totipotent""]}",1.0,1.0,1.0,1.0,1.0,0.9334649946205266,0.0,-0.7478722791812918,8.894325488062804e-180,0.9200697080697081,0.0,-0.8022319302319302,8.495448993022942e-226,0.7734100014100015,8.59924098027965e-200,0.57992653053064,0.8658089640646329,0.2974641307974641,3
five_branches_False_0.9_0.7_50,False,,False,0.2575438015438016,1.2950539533581274e-16,0.16254254254254255,1.3973551881643505e-14,,,,,,,,,,,,,,,,,,,,0
five_branches_False_0.9_0.7_70,False,,False,0.25213857613857615,5.75094913018531e-16,0.15234034034034036,5.452707975825979e-13,,0.0,0.0,0,0.0,0.0,,,,,,,,,-0.5674358887560943,2.7310803974325353e-86,0,0,0.07757757757757755,1
three_branches_True_0.1_0.3_70,False,,True,0.7442275082275083,4.066653519029401e-177,0.550918918918919,5.158092474320564e-150,"{""values"": [0.1096907086551825, 0.21823840520135965], ""index"": [""committed"", ""totipotent""]}",1.0,1.0,1.0,1.0,1.0,0.7813849259954343,1.3728565147957904e-206,-0.9203153728152096,0.0,0.846077110565051,6.275570575674305e-275,-0.8943526162879583,0.0,0.8335891975891976,1.731482356956182e-259,0.6020805288441714,0.8325651868044753,0.3678678678678679,3
five_branches_True_0.9_0.7_30,False,,True,0.2657773337773338,1.2490402749089178e-17,0.1702822822822823,7.439234254335967e-16,"{""values"": [0.32310709343156274, 0.3604959997528934, 0.45171926166241755], ""index"": [""committed"", ""multipotent"", ""totipotent""]}",1.0,1.0,1.0,1.0,1.0,-0.07630219338196263,0.01580496938812882,0.9168105343659644,0.0,0.0728877728877729,0.021161113312321487,0.9335548655548656,0.0,-0.9177283977283979,0.0,0.48755783029362637,0.5873903563124392,0.16206206206206208,5
three_branches_True_0.5_0.3_50,False,,True,0.8585533505533507,8.559031018716521e-292,0.6847087087087087,1.3513848403898336e-230,"{""values"": [0.28190455515062046, 0.21242285382138945], ""index"": [""committed"", ""totipotent""]}",1.0,1.0,1.0,1.0,1.0,0.8155330899332763,2.673032939124774e-239,-0.585364418523944,5.17668938513077e-93,0.861389333973502,7.451049046601828e-296,-0.6981110541110541,5.684896859140364e-147,0.641988461988462,2.8735357501781885e-117,0.48378933987036893,0.8428909191837627,0.3228228228228228,3
three_branches_True_0.5_0.3_30,False,,True,0.884941016941017,0.0,0.7145345345345345,6.212039066516874e-251,"{""values"": [0.27377130461338167, 0.19993427311122453], ""index"": [""committed"", ""totipotent""]}",1.0,1.0,1.0,1.0,1.0,0.8738322831091155,8.44316225e-315,-0.7375924215332544,2.1742310166699408e-172,0.9085774885774887,0.0,-0.8271657351657352,4.886072968420834e-252,0.7668101268101268,2.249872273546912e-194,0.4568450047962309,0.8321112944258274,0.3138138138138138,3
five_branches_True_0.9_0.7_10,False,,True,0.3162695322695323,1.1456086314173923e-24,0.21617617617617618,1.3646318114313633e-24,"{""values"": [0.3431360541939432, 0.44438114186001154, 0.3213465408212311], ""index"": [""committed"", ""multipotent"", ""totipotent""]}",1.0,1.0,1.0,1.0,1.0,-0.4821512615610238,2.4004367760421674e-59,0.92598941694085,0.0,-0.2058068778068778,5.014444620291277e-11,0.9754565554565555,0.0,-0.9813836733836735,0.0,0.5743200122888595,0.7769478609581848,0.1974974974974975,5
three_branches_True_0.5_0.3_70,False,,True,0.8211221091221091,2.646178674643416e-245,0.6403643643643644,5.866234708542482e-202,"{""values"": [0.2852173245069125, 0.21303944472357086], ""index"": [""committed"", ""totipotent""]}",1.0,1.0,1.0,1.0,1.0,0.8270260624895683,7.039277290062058e-252,-0.5809180679396698,2.6317492107260075e-91,0.8466718386718388,1.0670749177703617e-275,-0.6496760656760658,5.772308676958192e-121,0.6016033696033696,1.7891138757081062e-99,0.4697601223618712,0.8359498025622961,0.31748415081748416,3
five_branches_True_0.9_0.7_50,False,,True,0.2575129495129495,1.3062512531415846e-16,0.1625145145145145,1.4119364438019006e-14,"{""values"": [0.33141644862878383, 0.3579845805053116, 0.36397249373536894], ""index"": [""committed"", ""multipotent"", ""totipotent""]}",1.0,1.0,1.0,1.0,1.0,-0.25391772136776775,3.534363518860202e-16,0.9218709696529048,0.0,-0.09879263079263081,0.001760934201633778,0.9056289656289658,0.0,-0.9157812877812879,0.0,0.49159176471228455,0.5820151661903292,0.15345345345345346,5
five_branches_True_0.9_0.7_70,False,,True,0.2522499482499483,5.578952816921214e-16,0.15251651651651651,5.128360734730534e-13,"{""values"": [0.31240072315568884, 0.28595029720919163, 0.43318691252108604], ""index"": [""committed"", ""multipotent"", ""totipotent""]}",1.0,1.0,1.0,1.0,1.0,0.2660105939225363,1.1675575365814558e-17,0.758904529590965,4.073686192625957e-188,0.21793665793665795,3.2364836016342678e-12,0.7561839121839122,5.103381592973136e-186,-0.7018351738351738,3.4447932265208455e-149,0.498049998362177,0.6550540784271504,0.12922922922922922,5
three_branches_False_0.3_0.1_30,False,,False,0.8381512901512903,5.6301112529573e-265,0.6343383383383383,3.2534058128545826e-198,,0.329247904007891,1.0,1.0,0.33333333333333337,0.5755730370624197,,,,,,,,,0.6299157830781706,1.1342914656006322e-111,0,0,0.5,1
three_branches_False_0.3_0.1_10,False,,False,0.8934307254307255,0.0,0.7180620620620621,2.141223595998241e-253,,0.6527158973139131,1.0,1.0,0.6666666666666667,0.8121911124299197,0.6083645299804409,2.8271722029976826e-102,-0.6336590372220258,2.2190625442551564e-113,0.6076694321938098,5.52664494817845e-102,-0.643973271260895,3.2665405690159374e-118,0.4947622785616776,7.284848631841341e-63,0.18009731736549153,0.8288669154031061,0.461961961961962,2
three_branches_False_0.3_0.1_50,False,,False,0.7981991821991823,6.614634489824693e-222,0.5797517517517518,6.577195169527375e-166,,0.33247602877492866,1.0,1.0,0.33333333333333337,0.5769786868550412,,,,,,,,,-0.11901321803177865,0.00016179135001683807,0,0,0.5,1
three_branches_False_0.3_0.1_70,False,,False,0.7795058755058755,5.816931709637831e-205,0.5595675675675676,1.0707552046863198e-154,,0.33247602877492866,1.0,1.0,0.33333333333333337,0.5769786868550412,,,,,,,,,0.10449529885526775,0.0009350877486564214,0,0,0.5,1
three_branches_True_0.3_0.1_30,False,,True,0.8381599901599901,5.494000497935436e-265,0.6343463463463463,3.2165202445824764e-198,"{""values"": [0.2669756034623267, 0.3980344055129241], ""index"": [""committed"", ""totipotent""]}",1.0,1.0,1.0,1.0,1.0,0.7009509720305231,1.166248606701825e-148,-0.7005244883112886,2.0967754702827915e-148,0.8921246641446468,0.0,-0.7281957693088862,6.199544967763608e-166,0.6437548997548997,4.152676353369727e-118,0.7255724501184309,0.8178031925467579,0.3038038038038038,3
three_branches_False_0.7_0.5_10,False,,False,0.883908175908176,0.0,0.7022382382382383,1.917106303452327e-242,,0.2993024750687459,1.0,1.0,0.33333333333333337,0.5620141672224703,,,,,,,,,-0.5228169360743916,3.0746551855532022e-71,0,0,0.5,1
three_branches_True_0.3_0.1_10,False,,True,0.8934307254307255,0.0,0.7180620620620621,2.141223595998241e-253,"{""values"": [0.24914150497099571, 0.3090943609144568], ""index"": [""committed"", ""totipotent""]}",1.0,1.0,1.0,1.0,1.0,0.7287846080004109,2.4879355022653508e-166,-0.8418709100841363,1.4062138935408234e-269,0.8258154648158559,1.6441893307748433e-250,-0.8418247006826919,1.6067858346714128e-269,0.844851124851125,2.36363371723218e-273,0.5501769728519512,0.8199266044839418,0.33683683683683685,3
three_branches_True_0.3_0.1_70,False,,True,0.7794348114348115,6.697505063715504e-205,0.5595315315315316,1.1203475002496426e-154,"{""values"": [0.32262263061444657, 0.4403876384266187], ""index"": [""committed"", ""totipotent""]}",1.0,1.0,1.0,1.0,1.0,0.5883554401466593,3.5594036677821673e-94,-0.43618184546815764,1.0633222334209637e-47,0.6972907257840074,1.7321875834190545e-146,-0.5896424577775154,1.1151704248456059e-94,0.6036611436611438,2.553691696761682e-100,0.8419592934575335,0.9259837565646392,0.2597597597597598,3
three_branches_False_0.7_0.5_70,False,,False,0.832886752886753,1.171108485632138e-258,0.6338578578578579,6.446753090806554e-198,,0.30015144675214195,1.0,1.0,0.33333333333333337,0.5624122823983758,,,,,,,,,0.6199474000140345,3.105876217356087e-107,0,0,0.5,1
three_branches_True_0.3_0.1_50,False,,True,0.7981636021636022,7.152254915858449e-222,0.5797037037037037,7.001647711550658e-166,"{""values"": [0.2858526405260423, 0.36826037356804686], ""index"": [""committed"", ""totipotent""]}",1.0,1.0,1.0,1.0,1.0,0.718068768853251,2.833836317342933e-159,-0.7400381556438432,4.086731376768214e-174,0.8962039832837844,0.0,-0.7647894938816119,9.44234432012645e-193,0.7603453963453963,3.073176439789998e-189,0.6632208856670337,0.8821835676694795,0.2614280947614281,3
three_branches_False_0.7_0.5_50,False,,False,0.8413572733572734,6.17535459968198e-269,0.6433073073073073,8.454101220161905e-204,,0.5518828048734359,1.0,1.0,0.6666666666666667,0.7788232375133084,0.6980575856265824,6.113800502550789e-147,-0.669880179183956,3.2571318884568483e-131,0.7278644838644839,1.0351118600715027e-165,-0.6880227400227401,3.9200925894996774e-141,0.6880227400227401,3.9200925894996774e-141,0.4941446227419144,0.8161027802997292,0.33133133133133136,2
three_branches_True_0.7_0.5_10,False,,True,0.88381141981142,0.0,0.7021661661661661,2.1476891324598966e-242,"{""values"": [0.19542926489553375, 0.16833879919871736], ""index"": [""committed"", ""totipotent""]}",1.0,1.0,1.0,1.0,1.0,0.9660107996263984,0.0,-0.7984316954965175,3.967900535555886e-222,0.9324536844536845,0.0,-0.7226417186417187,3.0322118715257466e-162,0.7043879243879244,9.931921057062052e-151,0.5173604936305831,0.7902075118576608,0.3178178178178178,3
three_branches_False_0.7_0.5_30,False,,False,0.8381962061962062,4.961796388977135e-265,0.6398518518518519,1.2250632151535023e-201,,0.30015144675214195,1.0,1.0,0.33333333333333337,0.5624122823983758,,,,,,,,,0.1044003660866601,0.0009452359813190263,0,0,0.5,1
five_branches_False_0.1_0.5_10,False,,False,-0.19808392208392211,2.6352964102943167e-10,-0.11412612612612613,6.516394168541837e-08,,0.198369388890379,1.0,1.0,0.19999999999999996,0.4462992559126623,,,,,,,,,0.7826674686950081,1.0417372314625842e-207,0,0,0.5,1
five_branches_False_0.1_0.5_30,False,,False,-0.18173136173136176,7.126178841878788e-09,-0.09555555555555556,6.048729912151835e-06,,0.07914636522599838,1.0,1.0,0.19999999999999996,0.3547033111456192,,,,,,,,,0.7054190390274901,2.3455057793398153e-151,0,0,0.3088088088088088,1
three_branches_True_0.7_0.5_70,False,,True,0.832922128922129,1.0638510056473622e-258,0.6338978978978979,6.089748829619971e-198,"{""values"": [0.23427307210158588, 0.24182870520050923], ""index"": [""committed"", ""totipotent""]}",1.0,1.0,1.0,1.0,1.0,0.8507595082099433,4.4605387473384606e-281,-0.46527551224660546,7.305180276468784e-55,0.7796631596631598,4.257142235411398e-205,-0.49072455472455473,1.0110918689416669e-61,0.4788021468021468,1.9502686635961423e-58,0.5386106313621614,0.846904692137882,0.27377377377377377,3
three_branches_True_0.7_0.5_50,False,,True,0.8415271095271095,3.788209266387414e-269,0.6434754754754756,6.63126377276804e-204,"{""values"": [0.22941750204199243, 0.2583761816686754], ""index"": [""committed"", ""totipotent""]}",1.0,1.0,1.0,1.0,1.0,0.8801935152528149,0.0,-0.5288365756865422,3.8602657877484477e-73,0.796050076050076,7.214851146620643e-220,-0.5238598038598039,1.4493066281987038e-71,0.5163432723432723,3.091627130543631e-69,0.5477728614496753,0.8462596385469855,0.2837837837837838,3
three_branches_True_0.7_0.5_30,False,,True,0.8381915021915022,5.02790473036273e-265,0.6397877877877878,1.3431218612148647e-201,"{""values"": [0.22257887232971613, 0.26040057266070693], ""index"": [""committed"", ""totipotent""]}",1.0,1.0,1.0,1.0,1.0,0.9105139793136969,0.0,-0.5989812762872171,2.0945288276630063e-98,0.8122284922284922,7.61807596972336e-236,-0.5507532347532348,2.1434664767393554e-80,0.5358701118701119,2.0708734330182825e-75,0.5577814862854688,0.8466326318119244,0.26242909576242907,3
five_branches_True_0.1_0.5_10,False,,True,-0.19807582207582208,2.639795155595328e-10,-0.11411011011011012,6.54401734219032e-08,"{""values"": [0.4731504499557795, 0.4698102961463881, 0.32752010513993723], ""index"": [""committed"", ""multipotent"", ""totipotent""]}",1.0,1.0,1.0,1.0,1.0,0.8956859911388145,0.0,-0.9466284151047514,0.0,0.3827731463133601,3.044454123335244e-36,-0.9572230442224455,0.0,0.9631035271035272,0.0,0.3619494743072599,0.5170795986607679,-0.111011011011011,5
five_branches_True_0.1_0.5_30,False,,True,-0.18173193773193774,7.125387615901525e-09,-0.09555555555555556,6.048729912151835e-06,"{""values"": [0.6354770828374683, 0.48382668777102167, 0.3644903484633626], ""index"": [""committed"", ""multipotent"", ""totipotent""]}",1.0,1.0,1.0,1.0,1.0,0.8431829400294806,3.1338685205627935e-271,-0.9216879946878479,0.0,0.44683980972863485,3.0395033304572137e-50,-0.9943175528218479,0.0,0.9961019933329587,0.0,0.37271443727643944,0.8395501308647991,-0.10660660660660662,5
five_branches_False_0.1_0.5_50,False,,False,-0.1652001452001452,1.490811321539825e-07,-0.07606806806806807,0.0003158742071882548,,0.07783504424060686,1.0,1.0,0.19999999999999996,0.3532248855358771,,,,,,,,,-0.43384817650855906,3.729737329919781e-47,0,0,0.30980980980980977,1
five_branches_False_0.1_0.5_70,False,,False,-0.15772941772941773,5.358376289620592e-07,-0.06974174174174175,0.000958744494483041,,0.19595180944408538,1.0,1.0,0.19999999999999996,0.44493320546975895,,,,,,,,,0.9516867521092148,0.0,0,0,0.5,1
five_branches_True_0.1_0.5_50,False,,True,-0.16520940920940924,1.4883939859208203e-07,-0.07607207207207207,0.00031564385866200955,"{""values"": [0.6169871352835617, 0.4830638034686715, 0.36780636723042004], ""index"": [""committed"", ""multipotent"", ""totipotent""]}",1.0,1.0,1.0,1.0,1.0,0.8577518093982287,1.1586065607841108e-290,-0.9411714182058333,0.0,0.4461686755016488,4.422555406155396e-50,-0.9967851907982431,0.0,0.9764643391934149,0.0,0.43083598651009414,0.8804152194703262,-0.1076076076076076,5
five_branches_True_0.1_0.5_70,False,,True,-0.1576977616977617,5.386833615625707e-07,-0.06971771771771772,0.0009626404550640871,"{""values"": [0.47259607831517786, 0.47740035743299203, 0.31989621708441374], ""index"": [""committed"", ""multipotent"", ""totipotent""]}",1.0,1.0,1.0,1.0,1.0,0.8913388409825763,0.0,-0.9476709995705993,0.0,0.11075326854188611,0.00045022649787180213,-0.9745594618055133,0.0,0.9722438282438282,0.0,0.3771282686006671,0.6353840556590676,-0.11581581581581582,5
three_branches_False_0.7_0.3_30,False,,False,0.936969984969985,0.0,0.7720960960960962,1.248383657325815e-292,,0.3319348973703318,1.0,1.0,0.33333333333333337,0.5767437736558375,,,,,,,,,0.47266937145835547,8.514305584320747e-57,0,0,0.5,1
three_branches_False_0.7_0.3_10,False,,False,0.9466302826302827,0.0,0.7951551551551551,3.0777010711982e-310,,0.6056337968915432,1.0,1.0,0.6666666666666667,0.7971310219328845,0.652918493158483,1.4777401500403732e-122,-0.7369094761657925,6.543346163444419e-172,0.5788487490723976,1.6046333944068768e-90,-0.47260278987123616,8.866914564803459e-57,0.3707682183150621,6.054017528804412e-34,0.2221823730967688,0.8505619645140206,0.4369369369369369,2
three_branches_False_0.7_0.3_70,False,,False,0.8992530952530954,0.0,0.7279439439439439,2.33155122488106e-260,,,,,,,,,,,,,,,,,,,,0
three_branches_False_0.7_0.3_50,False,,False,0.9094704094704095,0.0,0.7322282282282283,2.0859713874201154e-263,,0.6041657862946271,1.0,1.0,0.6666666666666667,0.7966475358825731,0.7352617549792356,9.206920316940831e-171,-0.7525234983961265,3.069906120387763e-183,0.6992147339742986,1.2621461004531574e-147,-0.7334312496860627,1.697255659483875e-169,0.6022179524070292,1.001778969903052e-99,0.1006673182565478,0.5808329491161276,0.43793793793793795,2
three_branches_True_0.7_0.3_30,False,,True,0.936966492966493,0.0,0.7720920920920921,1.2570734198028127e-292,"{""values"": [0.22948078790353282, 0.10857203503672219], ""index"": [""committed"", ""totipotent""]}",1.0,1.0,1.0,1.0,1.0,0.8837428257639194,0.0,-0.843411834778284,1.6081343585219526e-271,0.8680862202817329,8.230283307150932e-306,-0.8660322734060931,1.0625198768263594e-302,0.85406789006789,1.5017004077301194e-285,0.396893134685899,0.6267210103135756,0.3772105438772105,3
three_branches_True_0.7_0.3_10,False,,True,0.9466302826302827,0.0,0.7951551551551551,3.0777010711982e-310,"{""values"": [0.22261009525937397, 0.1931483455241391], ""index"": [""committed"", ""totipotent""]}",1.0,1.0,1.0,1.0,1.0,0.8408782086607943,2.44318581867321e-268,-0.8456887187047445,1.9878979546991441e-274,0.8684642367593859,2.1735189500909257e-306,-0.853851174976066,2.9713221039186917e-285,0.8456473376473377,2.2473137809088168e-274,0.4696539504397259,0.7742600624533251,0.40790790790790793,3
three_branches_False_0.9_0.9_30,False,,False,0.31002625002625,1.0163555375767033e-23,0.22572172172172172,1.1557429265008121e-26,,0.31613565787149334,1.0,1.0,0.33333333333333337,0.5697548848155966,,,,,,,,,-0.07870704803636935,0.012785616895474522,0,0,0.5,1
three_branches_False_0.9_0.9_10,False,,False,0.310958902958903,7.359759977929008e-24,0.22830030030030032,3.076164389768058e-27,,0.332567713832301,1.0,1.0,0.33333333333333337,0.5770184602896641,,,,,,,,,0.7619411540985825,1.7187683596492697e-190,0,0,0.5,1
three_branches_False_0.9_0.9_50,False,,False,0.31134393534393534,6.439392081630568e-24,0.23115515515515517,6.983543044926747e-28,,0.31613565787149334,1.0,1.0,0.33333333333333337,0.5697548848155966,,,,,,,,,0.7799878503068713,2.232988823948833e-205,0,0,0.5,1
three_branches_True_0.7_0.3_70,False,,True,0.8992502872502871,0.0,0.72793993993994,2.346851021372672e-260,"{""values"": [0.22034931989137221, 0.13494156679930752], ""index"": [""committed"", ""totipotent""]}",1.0,1.0,1.0,1.0,1.0,0.8478229017745232,3.38534910571208e-277,-0.7421270671505894,1.3235568510694402e-175,0.8590839268292852,1.5121020922359401e-292,-0.7699000321198434,6.891536815282679e-197,0.7060076500076501,1.0261378009377159e-151,0.44198999869131045,0.6834874017582794,0.29312645979312646,3
three_branches_True_0.7_0.3_50,False,,True,0.9094702774702775,0.0,0.7322242242242243,2.0997403647141272e-263,"{""values"": [0.22627387152548648, 0.1153388411560248], ""index"": [""committed"", ""totipotent""]}",1.0,1.0,1.0,1.0,1.0,0.8400852359845329,2.356602840652095e-267,-0.7893023858803474,1.2592043885561382e-213,0.8357399837172849,4.700877135314471e-262,-0.8206698680608177,8.24592013243918e-245,0.7894739494739494,8.795219355395543e-214,0.41572152911650845,0.6208262370407318,0.3328328328328328,3
three_branches_False_0.9_0.9_70,False,,False,0.4201469881469881,4.862031883957179e-44,0.32763563563563564,2.7907743346883213e-54,,0.6445379075343505,1.0,1.0,0.6666666666666667,0.809635050836427,0.867617799095773,4.260672132398134e-305,-0.821764313129289,5.239025711712421e-246,0.6471261925680233,9.987997610463793e-120,-0.5976403487676554,7.305940258154626e-98,0.583314966780435,3.189766445989055e-92,0.43030711912365277,0.8562238668763781,0.41291291291291293,2
three_branches_True_0.9_0.9_30,False,,True,0.31002625002625,1.0163555375767033e-23,0.22572172172172172,1.1557429265008121e-26,"{""values"": [0.2725161278989184, 0.306946800300469], ""index"": [""committed"", ""totipotent""]}",1.0,1.0,1.0,1.0,1.0,0.783367187710112,2.5326043928913e-208,-0.9070673034485449,0.0,0.5546696616634641,9.487296089741883e-82,-0.7672649632304864,9.650998789014219e-195,0.7527793167793169,1.9700437594824456e-183,0.4264776138198282,0.8269628113498333,0.09426092759426091,3
three_branches_True_0.9_0.9_10,False,,True,0.310957774957775,7.362638855012737e-24,0.2282962962962963,3.0825288155113663e-27,"{""values"": [0.3162807162056105, 0.36353175485972034], ""index"": [""committed"", ""totipotent""]}",1.0,1.0,1.0,1.0,1.0,0.7913524820992919,1.6911384975289416e-215,-0.9617851030076514,0.0,0.5959584378586084,3.472376670748995e-97,-0.8623988397649042,2.5416026381668085e-297,0.8930116010116012,0.0,0.3914497809425571,0.7305672346977946,0.09225892559225894,3
three_branches_True_0.9_0.9_50,False,,True,0.31135169935169943,6.4220556387421386e-24,0.23116716716716718,6.939845209582396e-28,"{""values"": [0.19647938062534734, 0.3161492057207089], ""index"": [""committed"", ""totipotent""]}",1.0,1.0,1.0,1.0,1.0,0.8186381139694168,1.3086522567562977e-242,-0.8730077642260867,1.75052849675e-313,0.5356371199513398,2.467318528645724e-75,-0.6852814802315499,1.3762180375615695e-139,0.6106500078573996,3.0837531966153216e-103,0.5882016904509568,0.8834475508670458,0.08825492158825493,3
three_branches_True_0.9_0.9_70,False,,True,0.42016292416292417,4.822556740962422e-44,0.3276236236236236,2.8156113156277957e-54,"{""values"": [0.13870405498281624, 0.24714470689663767], ""index"": [""committed"", ""totipotent""]}",1.0,1.0,1.0,1.0,1.0,0.7314092084881164,4.127233367240697e-168,-0.4162653533967826,3.495735820982776e-43,0.4735768765410877,4.8927853068990614e-57,-0.3310196496724236,5.348947281995671e-27,0.3367349287349288,6.1677271131982565e-28,0.6777678710725199,0.8165861319008854,0.20003336670003335,3
five_branches_False_0.5_0.5_10,False,,False,0.6673546033546034,6.888204051970076e-130,0.4650690690690691,1.7875725149132673e-107,,,,,,,,,,,,,,,,,,,,0
five_branches_False_0.5_0.5_70,False,,False,0.640992268992269,8.506489071589063e-117,0.4433113113113113,7.865873481598415e-98,,0.1924021676190097,1.0,1.0,0.19999999999999996,0.44290439416279004,,,,,,,,,-0.48668406562648997,1.35751151437882e-60,0,0,0.498998998998999,1
five_branches_True_0.5_0.5_10,False,,True,0.6673055593055593,7.306548235804379e-130,0.46492492492492493,2.078092913971769e-107,"{""values"": [0.37948492380566196, 0.2864858887177951, 0.3765711214104674], ""index"": [""committed"", ""multipotent"", ""totipotent""]}",1.0,1.0,1.0,1.0,1.0,0.8449208711617786,1.9243909469052935e-273,-0.6978286667010467,8.345938727210808e-147,0.9540647035330071,0.0,-0.8180272261655194,5.930290346422122e-242,0.685016305016305,1.9376420051420632e-139,0.4594966628366509,0.6391302740412214,0.32242242242242236,5
five_branches_False_0.5_0.5_50,False,,False,0.6514254034254034,8.03538411731466e-122,0.4515995995995996,1.8899302929743225e-101,,0.18799298174570733,1.0,1.0,0.19999999999999996,0.4403448363210121,,,,,,,,,0.7823867201017201,1.834630833929874e-207,0,0,0.5,1
five_branches_False_0.5_0.5_30,False,,False,0.6581972381972382,3.434071728551515e-125,0.45966766766766765,4.8887547413570025e-105,,0.1857043734709238,1.0,1.0,0.19999999999999996,0.43899849550166287,,,,,,,,,-0.4595544594641291,2.12554549739462e-53,0,0,0.5,1
five_branches_True_0.5_0.5_70,False,,True,0.6410626250626252,7.879885162851596e-117,0.44345145145145143,6.84078227969299e-98,"{""values"": [0.43501994163381363, 0.2560296574905112, 0.3683714567990064], ""index"": [""committed"", ""multipotent"", ""totipotent""]}",1.0,1.0,1.0,1.0,1.0,0.8142678264065336,5.7274310634829084e-238,-0.6598582287866346,4.965985161164111e-126,0.9371130802412065,0.0,-0.8799905666382741,0.0,0.861951561951562,1.1391242807149302e-296,0.5321469323898196,0.5907601293010234,0.30360360360360356,5
five_branches_False_0.7_0.1_30,False,,False,0.07087503487503488,0.025007865235849483,0.07937537537537538,0.00017091700980192547,,,,,,,,,,,,,,,,,,,,0
five_branches_True_0.5_0.5_50,False,,True,0.6515541515541515,6.946353421256405e-122,0.4517357357357358,1.646042957672411e-101,"{""values"": [0.4141814295826499, 0.28816521251797483, 0.38249092677955276], ""index"": [""committed"", ""multipotent"", ""totipotent""]}",1.0,1.0,1.0,1.0,1.0,0.8630314188637144,3.0186834967111533e-298,-0.7245847065179791,1.5900241007509286e-163,0.9482673002673002,0.0,-0.8660590580590581,9.685047669903347e-303,0.7488332928332929,1.7380930818866564e-180,0.4647668731586723,0.663652386831092,0.3134134134134134,5
five_branches_True_0.5_0.5_30,False,,True,0.6582351942351943,3.286081640926209e-125,0.45971171171171177,4.6713420852661495e-105,"{""values"": [0.44046602483102176, 0.2904775426130006, 0.3877002219070981], ""index"": [""committed"", ""multipotent"", ""totipotent""]}",1.0,1.0,1.0,1.0,1.0,0.8264638269841896,3.05060068476813e-251,-0.7449983312177177,1.1231672459914177e-177,0.9589200798075413,0.0,-0.8999300578840922,0.0,0.790880626880627,4.580236513274373e-215,0.549716303622578,0.8117559580076019,0.314014014014014,5
three_branches_False_0.5_0.5_30,False,,False,0.9363955683955686,0.0,0.7856256256256257,6.726596510006334e-303,,0.2906405031309934,1.0,1.0,0.33333333333333337,0.5579030305067889,,,,,,,,,-0.5991539215494913,1.7825466924032663e-98,0,0,0.3658658658658659,1
five_branches_False_0.7_0.1_50,False,,False,0.8466780906780907,1.047342395687917e-275,0.6837037037037037,6.324072307556477e-230,,0.5424782840489135,1.0,1.0,0.6,0.7553242045641946,0.9363615954401419,0.0,-0.9497793781250454,0.0,0.8979881390643641,0.0,-0.9299150154408675,0.0,0.904793980793981,0.0,0.6636017465037648,0.8774574625839235,0.4362696029362696,3
five_branches_False_0.7_0.1_70,False,,False,0.7571767451767452,8.820678687048527e-187,0.5998398398398399,1.846755993808729e-177,,0.38868004142488066,1.0,1.0,0.4,0.6279326394264783,0.46504291945220577,8.388566562922023e-55,-0.5585457672058067,4.161712424931487e-83,0.12087794639799349,0.00012722274177260514,-0.6242228071609978,4.0614757728241813e-109,0.6334200565549253,2.857286361561188e-113,0.29373224748080745,0.7287806961393598,0.3608608608608609,2
three_branches_False_0.5_0.5_10,False,,False,0.8898146298146298,0.0,0.7158158158158158,7.946390102834751e-252,,,,,,,,,,,,,,,,,,,,0
five_branches_True_0.7_0.1_30,False,,True,0.07044975444975445,0.02589392484258066,0.07925125125125125,0.00017497579708554935,"{""values"": [0.4129239282182306, 0.29982560214955295, 0.30103105650884526], ""index"": [""committed"", ""multipotent"", ""totipotent""]}",1.0,1.0,1.0,1.0,1.0,0.14977006827273479,1.9641596462459954e-06,-0.0920380425873876,0.0035792511754808415,0.15260090060090062,1.2468141301732537e-06,0.0031452151452151457,0.920871270023351,-0.06059694059694061,0.0554150883854118,0.4420051693186329,0.34269999721624433,0.16886886886886887,5
three_branches_True_0.5_0.5_30,False,,True,0.9364249924249924,0.0,0.7856776776776777,6.136847202913221e-303,"{""values"": [0.157849975636846, 0.36041569562383075], ""index"": [""committed"", ""totipotent""]}",1.0,1.0,1.0,1.0,1.0,0.767397763585822,7.53508606439238e-195,-0.29633038145504925,1.0191900122252863e-21,0.6016178446139454,1.7648678278715856e-99,-0.2404480702568957,1.2832987565758936e-14,0.23996405259302628,1.4542938665353615e-14,0.784705124246882,0.9287410567493397,0.3321654988321655,3
five_branches_True_0.7_0.1_50,False,,True,0.8467236427236428,9.141465987320417e-276,0.6837757757757759,5.661950990829039e-230,"{""values"": [0.24173601007729845, 0.26229091527517917, 0.32254783915562785], ""index"": [""committed"", ""multipotent"", ""totipotent""]}",1.0,1.0,1.0,1.0,1.0,0.945764579070542,0.0,-0.6960925643645798,8.757607074572396e-146,0.9268788069259029,0.0,-0.7087110958971069,2.2421543265657336e-153,0.6075086115086116,6.45224921034356e-102,0.5992037850393502,0.8413691865737679,0.35145145145145146,5
five_branches_True_0.7_0.1_70,False,,True,0.7571993891993892,8.473671734190439e-187,0.5998838838838839,1.7404072046663489e-177,"{""values"": [0.3309401983997613, 0.28012642554079836, 0.14585182662133184], ""index"": [""committed"", ""multipotent"", ""totipotent""]}",1.0,1.0,1.0,1.0,1.0,0.9133493834214551,0.0,-0.8841926702535113,0.0,0.94589605294817,0.0,-0.8631446680955839,2.0590918408519583e-298,0.8637203997203998,2.929128751771798e-299,0.47828439584843385,0.7568498833233356,0.30260260260260263,5
three_branches_True_0.5_0.5_10,False,,True,0.8900379860379862,0.0,0.716004004004004,5.873088439419121e-252,"{""values"": [0.1870619368111011, 0.3532311614160581], ""index"": [""committed"", ""totipotent""]}",1.0,1.0,1.0,1.0,1.0,0.8875068657899633,0.0,-0.620732533555493,1.4076176107158148e-107,0.8502872859825799,1.900904252600017e-280,-0.5256957049632399,3.8314858979605796e-72,0.5166843846843847,2.430811736035517e-69,0.7452386354232878,0.9183216776158722,0.31548214881548214,3
three_branches_False_0.5_0.5_50,False,,False,0.9426707106707107,0.0,0.7922202202202202,5.729371185745076e-308,,0.311284740719605,1.0,1.0,0.33333333333333337,0.5675565554947569,,,,,,,,,-0.2983143972467745,5.30824615242901e-22,0,0,0.498998998998999,1
three_branches_True_0.5_0.5_50,False,,True,0.9426670386670388,0.0,0.7922162162162163,5.770293896619789e-308,"{""values"": [0.3011116070989295, 0.2693925619960995], ""index"": [""committed"", ""totipotent""]}",1.0,1.0,1.0,1.0,1.0,0.8514250187541664,5.7333608387595655e-282,-0.5695093968399597,4.785590897440937e-87,0.9034134994134996,0.0,-0.720001404001404,1.600195356349184e-160,0.6707776307776309,1.09331205913097e-131,0.4598737855480561,0.8068528041304371,0.34050717384050716,3
three_branches_False_0.5_0.5_70,False,,False,0.9210803130803131,0.0,0.7571291291291292,1.771646247166097e-281,,0.2853395064477727,1.0,1.0,0.33333333333333337,0.5553415431685249,,,,,,,,,0.2864478643064155,2.4356949085935744e-20,0,0,0.5,1
three_branches_False_0.9_0.5_70,False,,False,0.9294700374700375,0.0,0.7798238238238238,1.7906942913993108e-298,,0.65379176727142,1.0,1.0,0.6666666666666667,0.8125255888945832,0.7352963862478755,8.711003839104235e-171,-0.8319479148314992,1.486392631875127e-257,0.7019975650733477,2.752195878381696e-149,-0.8637350984231604,2.786538106090367e-299,0.9895269415269417,0.0,0.801129582350108,0.9470888745782983,0.42542542542542544,2
three_branches_True_0.5_0.5_70,False,,True,0.9210502650502651,0.0,0.7571011011011012,1.8580461220677865e-281,"{""values"": [0.322034612490762, 0.25253786330203126], ""index"": [""committed"", ""totipotent""]}",1.0,1.0,1.0,1.0,1.0,0.7786679617240438,3.0554554762864964e-204,-0.5290929536457035,3.1973702482768164e-73,0.8414358254358255,4.926449656080864e-269,-0.726983346983347,4.032010459668428e-165,0.6853299973299973,1.292660035086898e-139,0.42398320827500674,0.8008705437716096,0.3301634968301635,3
three_branches_True_0.9_0.5_70,False,,True,0.9294677094677095,0.0,0.7798238238238238,1.7906942913993108e-298,"{""values"": [0.2703366302890056, 0.2605384119502323], ""index"": [""committed"", ""totipotent""]}",1.0,1.0,1.0,1.0,1.0,0.7100397076840869,3.369570014562512e-154,-0.20499209169487198,5.992439737256784e-11,0.7072948138389304,1.6709484511571034e-152,-0.351852160672502,1.628995085529288e-30,0.03735834135834136,0.2378773636288713,0.7542951622758745,0.5738020567814708,0.35518852185518845,3
five_branches_False_0.7_0.1_10,False,,False,0.649009861009861,1.2189496521993276e-120,0.5060340340340341,7.0346818801045225e-127,,0.0023610898927015622,1.0,1.0,0.19999999999999996,0.14741294733206442,,,,,,,,,-0.8648889123003168,5.442445660327633e-301,0,0,-0.5,1
three_branches_False_0.9_0.5_10,False,,False,0.7741599901599902,2.028543423065125e-200,0.6271631631631631,8.398826937920188e-194,,,,,,,,,,,,,,,,,,,,0
five_branches_False_0.9_0.3_30,False,,False,0.42073089673089675,3.605522671618275e-44,0.33474274274274274,1.3946546129852388e-56,,0.19670081744674445,1.0,1.0,0.19999999999999996,0.4453577765682604,,,,,,,,,-0.9241634355851673,0.0,0,0,0.5,1
three_branches_False_0.9_0.5_30,False,,False,0.9706820506820508,0.0,0.848008008008008,0.0,,0.6519431705882561,1.0,1.0,0.6666666666666667,0.8119506247241636,0.6307154291110039,4.917108065030889e-112,-0.6996817720083549,6.662225187762312e-148,0.5931239796147074,4.70378145305126e-96,-0.6703278473988495,1.8904138749990053e-131,0.3722920214239552,3.130496175894937e-34,0.5189346061136529,0.9082037802267213,0.45395395395395394,2
three_branches_False_0.9_0.5_50,False,,False,0.9355574635574635,0.0,0.7922122122122123,5.811508694042654e-308,,0.6557198008459859,1.0,1.0,0.6666666666666667,0.8131239625774288,0.660533713078883,2.2539333453510888e-126,-0.7886702493440296,4.7106208545262694e-213,0.6133409160890846,2.2180706476225276e-104,-0.8135646578024794,3.113401103996062e-237,0.7857465777465777,1.9850170544454466e-210,0.8543871528071647,0.9651009398639762,0.42842842842842843,2
three_branches_False_0.3_0.7_10,False,,False,0.2210585810585811,1.5562835765037467e-12,0.17856656656656658,2.782342117520589e-17,,0.6196777440443415,1.0,1.0,0.6666666666666667,0.8017125089997004,0.9206642240277635,0.0,-0.9491932367100417,0.0,0.7631051914305383,2.067381998696772e-191,-0.8877899657654338,0.0,0.9165460605460605,0.0,0.33176235731858816,0.707871087643117,0.3938938938938939,2
five_branches_False_0.9_0.3_10,False,,False,0.43881562281562286,2.5493488670288297e-48,0.3698378378378379,1.1543711072776151e-68,,0.3811072332656852,1.0,1.0,0.4,0.6248514698070889,0.5028155000220581,3.44971483169611e-65,-0.8857104492915461,0.0,0.7279788699289071,8.672729863064862e-166,-0.7771717215314727,5.802492527601402e-203,0.718418229049787,1.6883114748824582e-159,0.6416765724183109,0.9025446259372407,0.40540540540540543,2
three_branches_False_0.3_0.7_50,False,,False,0.9152700032700033,0.0,0.7376656656656657,2.6593120346429295e-267,,0.9334630824718642,1.0,1.0,1.0,0.98293383923057,0.9416223653785116,0.0,-0.9489249198459883,0.0,0.911204363905881,0.0,-0.9136302051907318,0.0,0.9246665526665527,0.0,0.550865103855976,0.7257571409925935,0.43727060393727063,3
three_branches_False_0.3_0.7_70,False,,False,0.910821658821659,0.0,0.736964964964965,8.477299347336726e-267,,0.9327121343484097,1.0,1.0,1.0,0.9827360930317736,0.9211610133438736,0.0,-0.9246584722654029,0.0,0.9056568314737189,0.0,-0.8831836342039172,0.0,0.9010305730305732,0.0,0.5430314725989267,0.7290150257585998,0.4225892559225892,3
three_branches_False_0.3_0.7_30,False,,False,0.9217470337470337,0.0,0.7425345345345346,8.185652758133295e-271,,0.8909831730999445,1.0,1.0,1.0,0.9715549650317727,0.9135750522243468,0.0,-0.9414044924332078,0.0,0.8187261448771719,1.0520877710790449e-242,-0.8925335545364346,0.0,0.9262575862575864,0.0,0.5816793186277702,0.7978604424727399,0.42459125792459124,3
three_branches_True_0.9_0.5_10,False,,True,0.7741698061698061,1.990482331661256e-200,0.6271831831831832,8.165416904152815e-194,"{""values"": [0.278371917108465, 0.31935682164482637], ""index"": [""committed"", ""totipotent""]}",1.0,1.0,1.0,1.0,1.0,0.6973980490342447,1.4975578235727733e-146,-0.42626119275769225,2.0624737441277396e-45,0.7917708117708118,6.976155941046649e-216,-0.5986331626331627,2.8986308259692602e-98,0.41091402291402296,5.085585356632734e-42,0.5891092618440732,0.8480253296027888,0.28845512178845506,3
five_branches_True_0.9_0.3_30,False,,True,0.42073089673089675,3.605522671618275e-44,0.33474274274274274,1.3946546129852388e-56,"{""values"": [0.36473926400853407, 0.2586885882232277, 0.2087678076456262], ""index"": [""committed"", ""multipotent"", ""totipotent""]}",1.0,1.0,1.0,1.0,1.0,0.3422643622115113,7.303278288070066e-29,-0.0015240148077262912,0.9616099826019888,0.3196855156855157,3.393998337399701e-25,0.08565441765441766,0.00672376025406862,-0.2223656583656584,1.1416306464763829e-12,0.5559816509852069,0.8035034128505661,0.12822822822822827,5
five_branches_True_0.7_0.1_10,False,,True,0.6490135450135451,1.2139277172772152e-120,0.5060260260260261,7.099000975202549e-127,"{""values"": [0.20343772075580707, 0.32932139692013845, 0.5530351168565206], ""index"": [""committed"", ""multipotent"", ""totipotent""]}",1.0,1.0,1.0,1.0,1.0,0.328423828833302,1.4055498261644683e-26,0.8628952392851401,4.779716151260638e-298,0.5450802885574062,1.823063511264017e-78,0.7126135614259084,8.31172029259168e-156,-0.6432069191343525,7.577617106130944e-118,0.8175928256400057,0.7602655328774627,0.2941941941941942,5
three_branches_True_0.9_0.5_30,False,,True,0.9706818106818107,0.0,0.8480040040040041,0.0,"{""values"": [0.24090425262768572, 0.23487641049848199], ""index"": [""committed"", ""totipotent""]}",1.0,1.0,1.0,1.0,1.0,0.9124630306924737,0.0,-0.8201209872273943,3.2619144091806014e-244,0.9342559900585875,0.0,-0.8307192276347914,4.037150322945913e-256,0.8111090711090712,1.0880767647066285e-234,0.5520120314530177,0.8403717213457577,0.39489489489489493,3
three_branches_True_0.9_0.5_50,False,,True,0.9355613875613876,0.0,0.7922242242242243,5.688738492879069e-308,"{""values"": [0.25832885419626506, 0.3164506455623199], ""index"": [""committed"", ""totipotent""]}",1.0,1.0,1.0,1.0,1.0,0.6512169742089385,1.017034567212114e-121,-0.06069074681311692,0.05503772512851995,0.6233788865019803,9.61140525467136e-109,-0.03427026553730235,0.2789489100444751,-0.016722316722316725,0.5973732791248201,0.794575365524297,0.6746294514456112,0.3545211878545212,3
three_branches_True_0.3_0.7_50,False,,True,0.9152711312711314,0.0,0.7376296296296296,2.822764395684503e-267,"{""values"": [0.1483787240200823, 0.2661973392493864], ""index"": [""committed"", ""totipotent""]}",1.0,1.0,1.0,1.0,1.0,0.9415756580663203,0.0,-0.9491250079077951,0.0,0.9112406538298325,0.0,-0.9182199749091127,0.0,0.9294060534060535,0.0,0.5509461397267816,0.7253050917286102,0.3672005338672005,3
three_branches_True_0.3_0.7_70,False,,True,0.9108098508098509,0.0,0.7369249249249249,9.057614774001152e-267,"{""values"": [0.15601516105809868, 0.25189942520968917], ""index"": [""committed"", ""totipotent""]}",1.0,1.0,1.0,1.0,1.0,0.9230935724166635,0.0,-0.9254523533564432,0.0,0.9105658465196871,0.0,-0.8908040054412755,0.0,0.9058928218928222,0.0,0.544501741059589,0.7285075295206866,0.33983983983983984,3
three_branches_True_0.3_0.7_10,False,,True,0.22105590505590506,1.5572680038876206e-12,0.1785625625625626,2.786866846068283e-17,"{""values"": [0.15775102034118682, 0.2412385175909856], ""index"": [""committed"", ""totipotent""]}",1.0,1.0,1.0,1.0,1.0,0.28996814715730307,7.97736506332126e-21,-0.8602477552020527,3.2911773144261675e-294,0.003925434554620359,0.9013324075811562,-0.7242496432656088,2.648393946431708e-163,0.747863583863584,9.026382980773017e-180,0.49125360280757935,0.7216688871849904,0.12228895562228896,3
three_branches_True_0.3_0.7_30,False,,True,0.9216797016797016,0.0,0.7424384384384385,9.606974187194632e-271,"{""values"": [0.15576428591896133, 0.2808384247883501], ""index"": [""committed"", ""totipotent""]}",1.0,1.0,1.0,1.0,1.0,0.9171154971939047,0.0,-0.9418027077783345,0.0,0.824039865265409,1.5994473965440693e-248,-0.9085274008502702,0.0,0.9299928899928901,0.0,0.5822827918218516,0.7968865935286862,0.3872205538872205,3
five_branches_True_0.9_0.3_10,False,,True,0.43881562281562286,2.5493488670288297e-48,0.3698378378378379,1.1543711072776151e-68,"{""values"": [0.23436669491460868, 0.30271400187463904, 0.3873289090030082], ""index"": [""committed"", ""multipotent"", ""totipotent""]}",1.0,1.0,1.0,1.0,1.0,-0.13993286170360963,8.9375305025119e-06,0.6047833122943963,8.780141145082659e-101,-0.23763164902829031,2.6470473568803482e-14,0.4808622336301419,5.39084385863772e-59,-0.5188795948795949,5.13822905953147e-70,0.8521200994625571,0.8783211266072981,0.1966966966966967,5
five_branches_False_0.9_0.3_50,False,,False,0.4232666912666913,9.774241090501431e-45,0.3372772772772773,2.050886079199758e-57,,0.19568118725133515,1.0,1.0,0.19999999999999996,0.4447795054223301,,,,,,,,,0.9736401888387916,0.0,0,0,0.5,1
three_branches_False_0.5_0.1_70,False,,False,0.8702466422466423,3.856662358368445e-309,0.6877037037037037,1.3416813721691751e-232,,,,,,,,,,,,,,,,,,,,0
three_branches_False_0.5_0.1_30,False,,False,0.9129593529593529,0.0,0.7512832832832833,3.5073592660667194e-277,,0.331687515110774,1.0,1.0,0.33333333333333337,0.5766362856580596,,,,,,,,,0.03015804813635155,0.3407394933730671,0,0,0.5,1
three_branches_False_0.5_0.1_10,False,,False,0.9371160971160971,0.0,0.7909749749749749,5.231760429009232e-307,,0.331687515110774,1.0,1.0,0.33333333333333337,0.5766362856580596,,,,,,,,,-0.6298752399565962,1.183318483708407e-111,0,0,0.5,1
three_branches_False_0.5_0.1_50,False,,False,0.8873557793557794,0.0,0.7097737737737738,1.2517960567912922e-247,,0.22193368506597796,1.0,1.0,0.33333333333333337,0.5215254331117866,,,,,,,,,-0.4137197517659538,1.2569192701436276e-42,0,0,0.3748748748748749,1
five_branches_False_0.9_0.3_70,False,,False,0.9157436077436077,0.0,0.7704544544544545,2.138914248886504e-291,,0.5587985913703118,1.0,1.0,0.6,0.7609421449486707,0.7326152002312444,6.17439954982705e-169,-0.8566236613106047,4.413677198821804e-289,0.5911050702246895,2.9633184989467237e-95,-0.8141662242238158,7.318037363326047e-238,0.8307541840452758,3.676536635445506e-256,0.7024905541783769,0.8261340027146462,0.3098098098098098,3
five_branches_True_0.9_0.3_50,False,,True,0.4232699792699792,9.757641416470709e-45,0.3372852852852853,2.0384555750352503e-57,"{""values"": [0.40269153478092734, 0.2491855056387206, 0.16760928566068736], ""index"": [""committed"", ""multipotent"", ""totipotent""]}",1.0,1.0,1.0,1.0,1.0,0.43523053637743286,1.7756249798968092e-47,-0.4219626414676851,1.9151940542857899e-44,0.3391879591879592,2.406407136697642e-28,-0.35617131217131215,2.8120392479294985e-31,0.026832530832530836,0.396654935822058,0.44768412640104943,0.6450359572530728,0.13003003003003002,5
three_branches_False_0.3_0.3_10,False,,False,0.9533859413859413,0.0,0.8072952952952953,0.0,,0.9803183855180361,1.0,1.0,1.0,0.995042858158809,0.7640914299567115,3.4036977415760965e-192,-0.990414869425939,0.0,0.9271651322085687,0.0,-0.961565448007934,0.0,0.9570459632933906,0.0,0.6564859673446557,0.8787833413291894,0.48231564898231566,3
three_branches_False_0.3_0.3_30,False,,False,0.9318302598302599,0.0,0.7679199199199199,1.6981677330654573e-289,,0.9731087550679028,1.0,1.0,1.0,0.9932083109554456,0.9596348060454494,0.0,-0.9657516796736533,0.0,0.9674194675698188,0.0,-0.8382460107519023,4.3128910258637754e-265,0.8296443256443257,7.097295520022773e-255,0.4077241553086198,0.837388193685487,0.4392726059392726,3
three_branches_False_0.3_0.3_70,False,,False,0.8904076944076945,0.0,0.7203883883883885,5.012168267781326e-255,,0.6386242253119137,1.0,1.0,0.6666666666666667,0.8077715116006237,0.7449462160871481,1.2254281511819768e-177,-0.8736089468191357,1.923362446e-314,0.8787052700866018,9e-323,-0.8409641611315173,1.9095786831099578e-268,0.8424405504405506,2.708198782320105e-270,0.21826879883346834,0.6155703156663253,0.4184184184184184,2
three_branches_True_0.5_0.1_70,False,,True,0.8701840741840743,4.82467523029739e-309,0.6876236236236236,1.5181774950155978e-232,"{""values"": [0.24843101867210202, 0.35503584747084777], ""index"": [""committed"", ""totipotent""]}",1.0,1.0,1.0,1.0,1.0,0.8987770921286293,0.0,-0.8052189824342924,9.734221773792796e-229,0.8658441138441139,2.0358270354225049e-302,-0.8351028791028791,2.7302916993869708e-261,0.8221041781041781,2.217523662159503e-246,0.5812299722984028,0.8415181938540358,0.29612946279612945,3
three_branches_True_0.5_0.1_10,False,,True,0.9371142971142972,0.0,0.7909749749749749,5.231760429009232e-307,"{""values"": [0.25484328633253983, 0.3313913715140682], ""index"": [""committed"", ""totipotent""]}",1.0,1.0,1.0,1.0,1.0,0.8730786323001217,1.35009092e-313,-0.8443228876762444,1.1178472876841613e-272,0.8737369297369297,1.2001813697e-314,-0.8567344967344968,3.0909294743429683e-289,0.8814808614808616,0.0,0.5563900284042712,0.8317913023525735,0.36586586586586584,3
three_branches_False_0.3_0.3_50,False,,False,0.8966016446016446,0.0,0.7275995995995995,4.091439188142159e-260,,0.9581740925501975,1.0,1.0,1.0,0.9893753959643738,0.9145211108813305,0.0,-0.9480654241673748,0.0,0.8148022867291168,1.5739760362874606e-238,-0.8092544590210189,8.570798415624347e-233,0.810914646914647,1.7236308175604177e-234,0.3439411504950405,0.8085182944992022,0.3815482148815483,3
three_branches_True_0.5_0.1_30,False,,True,0.912945444945445,0.0,0.7512512512512513,3.701959710967925e-277,"{""values"": [0.23010098864660175, 0.34092248897706273], ""index"": [""committed"", ""totipotent""]}",1.0,1.0,1.0,1.0,1.0,0.9140871298065797,0.0,-0.813626143761458,2.685754394318749e-237,0.9205993490476595,0.0,-0.841768067163512,1.8919167458486573e-269,0.8105020025020025,4.567714824554924e-234,0.56924953392129,0.7770439681014086,0.3475141808475142,3
three_branches_True_0.5_0.1_50,False,,True,0.8872727032727034,0.0,0.7096856856856858,1.440340160120111e-247,"{""values"": [0.25416560435804897, 0.3908391669271951], ""index"": [""committed"", ""totipotent""]}",1.0,1.0,1.0,1.0,1.0,0.8733027123160322,5.9324032187e-314,-0.749235466648425,8.757657756221831e-181,0.8872955152955152,0.0,-0.7168961008961009,1.6019269972203372e-158,0.7303951783951784,2.022701339819791e-167,0.5464912529718096,0.7978126277697581,0.3114781448114781,3
five_branches_True_0.9_0.3_70,False,,True,0.9157522837522837,0.0,0.7704824824824825,2.0377444800825344e-291,"{""values"": [0.2502509688272527, 0.23895049091455142, 0.23331370173310634], ""index"": [""committed"", ""multipotent"", ""totipotent""]}",1.0,1.0,1.0,1.0,1.0,0.7328093678444744,4.5429363916596596e-169,-0.39789685639579686,2.805963098902908e-39,0.5866956628634163,1.5778462167388727e-93,-0.21390618864094849,8.19419200181035e-12,0.14614185814185815,3.4745428912115077e-06,0.6797585383451096,0.8152439297379304,0.2851851851851852,5
three_branches_True_0.3_0.3_10,False,,True,0.9533859413859413,0.0,0.8072952952952953,0.0,"{""values"": [0.2120898107683212, 0.388013955626846], ""index"": [""committed"", ""totipotent""]}",1.0,1.0,1.0,1.0,1.0,0.7644159773891265,1.8762404641777347e-192,-0.9902742571035952,0.0,0.9269642180361155,0.0,-0.9611262362730135,0.0,0.9608878900620105,0.0,0.6567393453173405,0.8788204311590936,0.4709709709709709,3
three_branches_True_0.3_0.3_70,False,,True,0.8904073944073946,0.0,0.7203843843843843,5.044716546926067e-255,"{""values"": [0.2911433157584023, 0.11214902632354579], ""index"": [""committed"", ""totipotent""]}",1.0,1.0,1.0,1.0,1.0,0.9415448965147991,0.0,-0.9322252153934756,0.0,0.9572950334563902,0.0,-0.9402455220925076,0.0,0.948956808956809,0.0,0.30905051828614,0.6618894710840454,0.36186186186186187,3
three_branches_True_0.3_0.3_30,False,,True,0.9318141078141079,0.0,0.767887887887888,1.79452922893582e-289,"{""values"": [0.23715040136344118, 0.1486348636805276], ""index"": [""committed"", ""totipotent""]}",1.0,1.0,1.0,1.0,1.0,0.9593040082372335,0.0,-0.9655632254542248,0.0,0.9660069196363268,0.0,-0.8386739939735327,1.2907392557518585e-265,0.8304610944610944,8.051198707468766e-256,0.4086379573479794,0.8376031828661091,0.4272605939272606,3
three_branches_True_0.3_0.3_50,False,,True,0.8966134526134526,0.0,0.7276196196196196,3.9598594760965785e-260,"{""values"": [0.29594653544726174, 0.11982628250428161], ""index"": [""committed"", ""totipotent""]}",1.0,1.0,1.0,1.0,1.0,0.9183703616290685,0.0,-0.9495850829124887,0.0,0.8294026728757139,1.3483048722547646e-254,-0.8125710498803966,3.364384571425653e-236,0.81398466998467,1.1334994405281515e-237,0.3416121575467639,0.8061179188950808,0.37420754087420754,3
five_branches_False_0.7_0.9_30,False,,False,0.5952322512322513,6.786926179270925e-97,0.40794394394394395,3.889319740213601e-83,,0.10007869157134996,1.0,0.9252744002045379,0.19999999999999996,0.36890160119142457,,,,,,,,,0.1539647673468271,9.98670738226326e-07,0,0,0.2942942942942943,1
five_branches_False_0.7_0.9_10,False,,False,0.3683303963303964,1.7262352239980496e-33,0.2944264264264264,3.545564209792169e-44,,0.19840982884458574,1.0,1.0,0.19999999999999996,0.4463220000240079,,,,,,,,,-0.35133509561166115,2.0065889134725283e-30,0,0,0.5,1
five_branches_False_0.7_0.9_70,False,,False,0.23062211062211063,1.5413223979830088e-13,0.18164164164164162,7.904790298976648e-18,,0.183801542587012,1.0,1.0,0.19999999999999996,0.4378695923948959,,,,,,,,,0.7578763054143494,2.547552205246219e-187,0,0,0.1536536536536537,1
five_branches_False_0.9_0.5_50,False,,False,0.8407973647973648,3.0800417688319435e-268,0.6845045045045045,1.8494316846546194e-230,,0.19700341373008773,1.0,1.0,0.19999999999999996,0.4455289577768366,,,,,,,,,-0.41072786222884783,5.5771680260726404e-42,0,0,0.5,1
five_branches_False_0.7_0.9_50,False,,False,0.31361016161016164,2.9215722243929616e-24,0.2436836836836837,8.415200588470737e-31,,0.18109878783467873,1.0,1.0,0.19999999999999996,0.43625094905906164,,,,,,,,,0.9627117227796472,0.0,0,0,0.5,1
five_branches_False_0.9_0.5_10,False,,False,0.6420162420162421,2.78771112494646e-117,0.5113913913913914,1.5447861171911173e-129,,,,,,,,,,,,,,,,,,,,0
five_branches_False_0.9_0.5_30,False,,False,0.8532685332685334,1.8508104377298423e-284,0.705997997997998,5.040871660243322e-245,,0.38927245449410014,1.0,1.0,0.4,0.6281717712526315,0.46090871266364397,9.626453166555917e-54,,,0.5287270369030505,4.1836529401675925e-73,,,0.8331138011829523,6.31954178760159e-259,0.9996787041612291,0.9996874964563329,0.44794794794794796,2
five_branches_False_0.7_0.5_30,False,,False,0.4404198204198205,1.061615830291872e-48,0.3587907907907908,9.871526157874656e-65,,0.1970612090721592,1.0,1.0,0.19999999999999996,0.4455616306449023,,,,,,,,,-0.9246908303190858,0.0,0,0,0.5,1
five_branches_True_0.7_0.9_30,False,,True,0.5951853911853913,7.086446728693696e-97,0.407987987987988,3.7353404601182436e-83,"{""values"": [0.28930009087022823, 0.3506228571973346, 0.3595970835562614], ""index"": [""committed"", ""multipotent"", ""totipotent""]}",1.0,1.0,1.0,1.0,1.0,0.8102765925733484,7.770802872431146e-234,-0.8621453068868327,5.951985308095018e-297,0.8291481503587806,2.647595471112201e-254,-0.8101413384959391,1.068527885480997e-233,0.8092998652998653,7.706227553941275e-233,0.6664512998618882,0.5676759042904528,0.030330330330330325,5
five_branches_False_0.9_0.5_70,False,,False,0.8450470370470371,1.326379581181968e-273,0.6855375375375375,3.7784207400899245e-231,,0.39104819692759296,1.0,1.0,0.4,0.6288869311319671,0.36058827144155686,4.5347022343367243e-32,-0.4922977964881659,3.6433369379532607e-62,0.3902129506225179,1.0234881556888225e-37,-0.5122544185445963,5.4057094286118435e-68,0.5633133035796813,8.401623050241023e-85,0.6370568843574701,0.9257920170326362,0.40790790790790793,2
five_branches_False_0.7_0.5_10,False,,False,0.4461980661980663,4.350592255522968e-50,0.3778658658658659,1.3507202133544794e-71,,0.393622747718123,1.0,1.0,0.4,0.6299194887883058,-0.9328476866169464,0.0,,,-0.8233624219781214,9.048225951501888e-248,,,0.10953895169013275,0.0005203808641283803,0.9999999999999954,0.9999999999999943,0.0,2
five_branches_True_0.7_0.9_10,False,,True,0.3682807642807643,1.7632909823842944e-33,0.29439839839839843,3.612114286966317e-44,"{""values"": [0.20914605045873094, 0.3470479958279585, 0.4189458035683333], ""index"": [""committed"", ""multipotent"", ""totipotent""]}",1.0,1.0,1.0,1.0,1.0,0.6613977972405066,8.180650137464482e-127,-0.7910019408137746,3.546055443614787e-215,0.7712426124995181,5.416471478322788e-198,-0.8275471180267776,1.7999244108860151e-252,0.8864307698900791,0.0,0.7794236934503429,0.8105911162500656,-0.021921921921921918,5
five_branches_True_0.7_0.9_70,False,,True,0.23071001071001074,1.508175605764717e-13,0.18181781781781783,7.350281161034294e-18,"{""values"": [0.28712960128589, 0.3290546059133611, 0.49077118656096164], ""index"": [""committed"", ""multipotent"", ""totipotent""]}",1.0,1.0,1.0,1.0,1.0,0.5316175742350542,4.9577708133014096e-74,-0.9416887086704798,0.0,0.5773508780639398,5.891081873863371e-90,-0.9203848943881489,0.0,0.9025826425826426,0.0,0.7557810283459172,0.7062283978242204,-0.011911911911911887,5
five_branches_True_0.9_0.5_50,False,,True,0.8408428088428089,2.704046092992508e-268,0.6845965965965966,1.6054362516288043e-230,"{""values"": [0.2521414307059965, 0.38515453071505634, 0.4084585086627915], ""index"": [""committed"", ""multipotent"", ""totipotent""]}",1.0,1.0,1.0,1.0,1.0,0.9519828456980218,0.0,-0.2871412591528461,1.957403890079511e-20,0.9264902064902065,0.0,-0.42837758037758045,6.803228794293666e-46,0.4073959553959554,2.8798351618145584e-41,0.5648102246157714,0.8572520030018089,0.3454454454454455,5
five_branches_True_0.7_0.9_50,False,,True,0.31386999786999786,2.667306520253586e-24,0.24383583583583582,7.7389542556599165e-31,"{""values"": [0.26882636323120296, 0.3486176109663745, 0.4286151871027479], ""index"": [""committed"", ""multipotent"", ""totipotent""]}",1.0,1.0,1.0,1.0,1.0,0.652165306547047,3.476119087082075e-122,-0.7968212326073167,1.348554961721761e-220,0.7065375729349561,4.866397558782685e-152,-0.7963529241968971,3.73733683314712e-220,0.797796833796834,1.599112109266566e-221,0.7598787532734871,0.7939977211573889,-0.040740740740740744,5
five_branches_True_0.9_0.5_10,False,,True,0.6420699300699302,2.6290184064391337e-117,0.5114514514514514,1.4418091905401819e-129,"{""values"": [0.19538307417666653, 0.25152620239108736, 0.5703344715096212], ""index"": [""committed"", ""multipotent"", ""totipotent""]}",1.0,1.0,1.0,1.0,1.0,0.46353287047720243,2.0533646844150042e-54,0.8773312709440634,1.7144e-320,0.6561480278998615,3.669074920018653e-124,0.660663402291232,1.93629932517134e-126,-0.7229485000344043,1.906914158752298e-162,0.8279461631468165,0.764994883849652,0.2765765765765765,5
five_branches_True_0.9_0.5_30,False,,True,0.8533076533076533,1.6373105913740815e-284,0.706066066066066,4.525505397248246e-245,"{""values"": [0.2354362330242505, 0.3779776929895115, 0.47093818503192386], ""index"": [""committed"", ""multipotent"", ""totipotent""]}",1.0,1.0,1.0,1.0,1.0,0.7765232302068988,2.063767845806392e-202,-0.4331236317331175,5.495741464620628e-47,0.8440744382135619,2.3168453773754428e-272,-0.27115652415881164,2.5915114588598867e-18,0.23807955407955408,2.3606185082014286e-14,0.6936272542711015,0.8946682261220553,0.34664664664664663,5
five_branches_True_0.9_0.5_70,False,,True,0.8451922971922973,8.63778435179226e-274,0.6857137137137137,2.8812348975260455e-231,"{""values"": [0.22527925447359767, 0.30298091159696805, 0.20828991565551228], ""index"": [""committed"", ""multipotent"", ""totipotent""]}",1.0,1.0,1.0,1.0,1.0,0.8636228628727192,4.078438728243741e-299,-0.636344269382282,1.2762350256809392e-114,0.83094281071105,2.2182156055285036e-256,-0.38329126434818667,2.410595204094538e-36,0.4096381336381337,9.560493211787892e-42,0.5937747558863861,0.7621473676791963,0.3486486486486487,5
five_branches_True_0.7_0.5_30,False,,True,0.4404193404193405,1.0618948906344539e-48,0.3587867867867868,9.903483833950072e-65,"{""values"": [0.1539089001684461, 0.3138726959828224, 0.3725549005491384], ""index"": [""committed"", ""multipotent"", ""totipotent""]}",1.0,1.0,1.0,1.0,1.0,0.18782767608334597,2.15655304315727e-09,0.39393007329194163,1.818073333567179e-38,-0.03677415341541174,0.2453007214148237,0.4333137172297422,4.964773590443204e-47,-0.45705289305289315,9.096152156575878e-53,0.7686667778343715,0.45911137326342766,0.14324324324324325,5
five_branches_True_0.7_0.5_10,False,,True,0.4461980661980663,4.350592255522968e-50,0.3778658658658659,1.3507202133544794e-71,"{""values"": [0.1742402473399729, 0.2840025147690717, 0.36126920459417816], ""index"": [""committed"", ""multipotent"", ""totipotent""]}",1.0,1.0,1.0,1.0,1.0,0.0826228014434743,0.008949822431650621,0.6175013328624277,3.603614836506598e-106,-0.002734045584737755,0.9311880819039635,0.43904338503453627,2.2518313577580282e-48,-0.4995503266897074,3.074658371560772e-64,0.7693957032987041,0.8617518961420589,0.16626626626626628,5
five_branches_False_0.7_0.5_50,False,,False,0.4458554298554299,5.26704490382076e-50,0.37009809809809807,9.295684914495207e-69,,,,,,,,,,,,,,,,,,,,0
five_branches_False_0.7_0.3_50,False,,False,0.4216587736587737,2.239237754278451e-44,0.3463823823823824,1.861059061519755e-60,,0.3881542005059645,1.0,1.0,0.4,0.6277201508169512,0.8712591639476309,1.01219297802057e-310,-0.8638185315268069,2.0989083509409896e-299,0.6871171409493807,1.2756414622443052e-140,-0.6777426552879148,2.0037734297118543e-135,0.7140374114996058,1.0533124390551231e-156,0.4836052150676094,0.8066264862948479,0.3893893893893894,2
five_branches_False_0.7_0.3_70,False,,False,0.40804364404364407,2.096081949516697e-41,0.3182742742742743,2.524343565309939e-51,,0.38753051589907844,1.0,1.0,0.4,0.6274678441861673,0.8832740423884806,0.0,-0.8814287275569204,0.0,0.7192233887803896,5.104157449153905e-160,-0.7271388730295353,3.1729062930942304e-165,0.7452804916293072,7.004755000052267e-178,0.4248418326409941,0.7657151387465554,0.4394394394394394,2
five_branches_False_0.7_0.5_70,False,,False,0.4365677085677086,8.632531559968278e-48,0.34824824824824824,4.3292297495312115e-61,,0.1970612090721592,0.5,1.0,0.19999999999999996,0.37467117798389793,0.8050732823440166,1.3581035530137175e-228,-0.9118158557666506,0.0,0.8847776839950217,0.0,-0.9423353692502529,0.0,0.914124476999951,0.0,0.3077257055658681,0.7750091450248474,0.43993993993993996,2
five_branches_False_0.7_0.3_30,False,,False,0.42603081003081,2.326029580139303e-45,0.35830630630630633,1.4592127105695322e-64,,0.38963499290763426,1.0,1.0,0.4,0.6283179779144895,0.863710491575041,3.029331163857508e-299,-0.8472909418443388,1.6738344411644286e-276,0.7824192904331507,1.7181169279471156e-207,-0.7746368991929139,8.073186397176196e-201,0.7914579676012076,1.3529807496588822e-215,0.5054858638674168,0.7740278085661166,0.37037037037037035,2
five_branches_False_0.3_0.1_10,False,,False,0.9148933588933589,0.0,0.7695135135135135,1.0869639367148692e-290,,0.14847119581684626,1.0,1.0,0.19999999999999996,0.4151146404347728,,,,,,,,,-0.11704612733223066,0.00020770906286674307,0,0,0.5,1
five_branches_True_0.7_0.5_50,False,,True,0.44585684585684593,5.262887998643475e-50,0.3701021021021021,9.264750786624111e-69,"{""values"": [0.25762857454737503, 0.4236302929146663, 0.30409257761851516], ""index"": [""committed"", ""multipotent"", ""totipotent""]}",1.0,1.0,1.0,1.0,1.0,0.5935425647961093,3.2063497692038438e-96,-0.1073995398700983,0.0006692701595163385,0.36377086612668996,1.1960820730833918e-32,-0.11172842155276756,0.0004003810857433708,0.0898931098931099,0.004442876622496777,0.5345218117666616,0.7267305491562926,0.1740740740740741,5
five_branches_False_0.3_0.1_30,False,,False,0.8346030306030306,1.0798278144195448e-260,0.6787147147147148,1.2986986504504722e-226,,0.39263235602397895,1.0,1.0,0.4,0.6295228802721544,0.5792120408129144,1.1693485576001928e-90,-0.6951904081954443,2.9512763010264817e-145,0.7098809186362841,4.2285512908242903e-154,-0.7955940538664342,1.9384883794902215e-219,0.6561969399155086,3.4681314567654724e-124,0.26400116975501453,0.587131920027173,0.37037037037037035,2
five_branches_False_0.7_0.3_10,False,,False,0.39394632994632994,1.8042973336391344e-38,0.2900420420420421,6.364585478153906e-43,,0.19207380426208,0.5,1.0,0.19999999999999996,0.37227771067553156,,,,,,,,,-0.5413053825281381,3.346101952888002e-77,0.7796425175271396,0.6268910997093324,-0.1866866866866867,2
five_branches_False_0.3_0.1_50,False,,False,0.7992943392943392,5.923383566494091e-223,0.6381181181181181,1.4725998173038524e-200,,0.38774039417470574,1.0,1.0,0.4,0.6275527827436659,0.6056629470487023,3.790989517036537e-101,-0.7164417191721151,3.1268071906627287e-158,0.6788802884566995,4.80426699412509e-136,-0.7656742104631987,1.8472119492434143e-193,0.7469553670392357,4.193907733290569e-179,0.2868755420996303,0.833102087268556,0.34484484484484484,2
five_branches_False_0.3_0.1_70,False,,False,0.7812417852417852,1.8286852487711804e-206,0.5949229229229229,1.3494272298501492e-174,,0.33137681886018583,1.0,1.0,0.4,0.6033864163508473,0.6172706345252281,4.535825973409819e-106,-0.6694456488699413,5.518026196218415e-131,0.713460879235517,2.434885002952177e-156,-0.7552953987137184,2.4378413849418514e-185,0.762582492651624,5.359219551221039e-191,0.37245496138660944,0.8737219985269141,0.3333333333333333,2
five_branches_True_0.7_0.3_50,False,,True,0.4216329136329136,2.2692085588092616e-44,0.3463743743743744,1.8727125226797915e-60,"{""values"": [0.3437324779474347, 0.33412101167589553, 0.275942100445091], ""index"": [""committed"", ""multipotent"", ""totipotent""]}",1.0,1.0,1.0,1.0,1.0,0.48616865166190076,1.8860135938015952e-60,-0.38129554706350216,5.910778257603466e-36,0.49004399804399806,1.5697686351923503e-61,-0.3600621240621241,5.644228071079933e-32,0.14526308526308526,3.981187502403935e-06,0.4777903670078061,0.6704174543554408,0.18008008008008006,5
five_branches_True_0.7_0.3_70,False,,True,0.4080723000723001,2.0667951083023276e-41,0.31830630630630635,2.4670461213247075e-51,"{""values"": [0.3338759682300089, 0.33675189919024623, 0.26578349793803624], ""index"": [""committed"", ""multipotent"", ""totipotent""]}",1.0,1.0,1.0,1.0,1.0,0.5848477747143374,8.197078230850251e-93,-0.43467030411197866,2.3997241355363e-47,0.5698036858036858,3.7337464666973207e-87,-0.40718300318300327,3.1963964312903916e-41,0.10357683157683158,0.0010376432394347708,0.493370084315099,0.6761740818318956,0.21291291291291295,5
five_branches_True_0.7_0.5_70,False,,True,0.43656172056172055,8.660518708706434e-48,0.34824424424424427,4.342835405500246e-61,"{""values"": [0.42374028742298386, 0.26398759125671123, 0.2757281736297512], ""index"": [""committed"", ""multipotent"", ""totipotent""]}",1.0,1.0,1.0,1.0,1.0,0.5560489337840551,3.1333325937361746e-82,-0.7553931475761309,2.053206850006509e-185,0.5328935328935329,1.9210802380560052e-74,-0.6907891507891508,1.0379818779065647e-142,0.5144316824316825,1.1837339234588327e-68,0.39119219259015203,0.46642216941936643,0.2099099099099099,5
five_branches_True_0.7_0.3_30,False,,True,0.4260277260277261,2.3297755842411077e-45,0.35830630630630633,1.4592127105695322e-64,"{""values"": [0.3527590579994554, 0.32203780696417134, 0.24677604712877801], ""index"": [""committed"", ""multipotent"", ""totipotent""]}",1.0,1.0,1.0,1.0,1.0,0.28993589618427196,8.059939394978144e-21,-0.1684246984113448,8.428196281015726e-08,0.19515519915519916,4.859844881474588e-10,-0.03547751947751948,0.26235284835908035,-0.025675453675453673,0.41733848323415823,0.4859244400961758,0.6584538153889755,0.17127127127127126,5
five_branches_True_0.3_0.1_10,False,,True,0.9148908508908509,0.0,0.7695175175175175,1.0794750590155608e-290,"{""values"": [0.3311389777283264, 0.3217264084916723, 0.22353719462793656], ""index"": [""committed"", ""multipotent"", ""totipotent""]}",1.0,1.0,1.0,1.0,1.0,0.7941725297716145,4.1543140018370906e-218,-0.9063412030340582,0.0,0.8156214663291065,2.1560370477338133e-239,-0.8159556260269267,9.555271324250205e-240,0.7085897180897345,2.664579509121531e-153,0.42582536618017275,0.60250077112056,0.21511511511511508,5
five_branches_True_0.3_0.1_30,False,,True,0.8346061506061506,1.0706151623312842e-260,0.6787107107107108,1.3066437078805492e-226,"{""values"": [0.2608819283917963, 0.25180055168942445, 0.23845872168425464], ""index"": [""committed"", ""multipotent"", ""totipotent""]}",1.0,1.0,1.0,1.0,1.0,0.7607317422375341,1.532078752567983e-189,-0.6582326068436749,3.2959647823346844e-125,0.45518929169848377,2.6657861715405788e-52,-0.38365651980421556,2.0442853244315996e-36,0.34549562149562146,2.0573304238829421e-29,0.5807006928371405,0.6072481485919351,0.19649649649649653,5
five_branches_True_0.3_0.1_50,False,,True,0.7992925992925993,5.946206597449884e-223,0.6381341341341342,1.439202478296382e-200,"{""values"": [0.2570166440285052, 0.23126041841374587, 0.2082008134587961], ""index"": [""committed"", ""multipotent"", ""totipotent""]}",1.0,1.0,1.0,1.0,1.0,0.7335654598347613,1.3718599357930867e-169,-0.6077352363896,5.18720540596733e-102,0.40195345743536287,4.042838235302125e-40,-0.3287550259180771,1.2431919227415595e-26,0.3160506640506641,1.2378099302653564e-24,0.5561514070001735,0.5795389094356642,0.18588588588588592,5
five_branches_True_0.7_0.3_10,False,,True,0.3934813294813295,2.2424435943725904e-38,0.28943743743743744,9.44597369282663e-43,"{""values"": [0.22029767216096302, 0.49100904099511977, 0.3706344070253507], ""index"": [""committed"", ""multipotent"", ""totipotent""]}",1.0,1.0,1.0,1.0,1.0,0.32183623008873,1.565149832953461e-25,-0.9290345397011136,0.0,0.5289796657302662,3.4750253501550123e-73,-0.8242795523516946,8.648061301244826e-249,0.6593253065161051,9.247773541646126e-126,0.5780577232476339,0.7589017684790329,0.12602602602602603,5
five_branches_True_0.3_0.1_70,False,,True,0.7812030492030493,1.9761416650468643e-206,0.5948308308308309,1.526026169116114e-174,"{""values"": [0.2956244160943044, 0.196088347722044, 0.18449377327803518], ""index"": [""committed"", ""multipotent"", ""totipotent""]}",1.0,1.0,1.0,1.0,1.0,0.6942390465345301,1.0575233793839e-144,-0.6200194349505112,2.888623036317282e-107,0.39914387849667354,1.5512248971132762e-39,-0.45085806907707776,3.162268096094408e-51,0.4266795186795187,1.6574948819258818e-45,0.5917434912326636,0.7634651681158859,0.11441441441441443,5
five_branches_False_0.9_0.9_10,False,,False,0.17502843102843105,2.53251398058796e-08,0.1673993993993994,2.2526814974755787e-15,,,,,,,,,,,,,,,,,,,,0
five_branches_True_0.9_0.9_10,False,,True,0.17501421101421102,2.5392059753034828e-08,0.16737937937937938,2.2699347516454228e-15,"{""values"": [0.24828772420954273, 0.3247158552439269, 0.41528233848436497], ""index"": [""committed"", ""multipotent"", ""totipotent""]}",1.0,1.0,1.0,1.0,1.0,-0.38221187501147497,3.918618828934255e-36,0.8780578248836666,1.067e-321,-0.14691323599288023,3.0812240789856424e-06,0.6224540799367702,2.4628060949715364e-108,-0.7709041109041109,1.030216493718402e-197,0.7857836626892117,0.8480540598375728,0.2471471471471472,5
five_branches_False_0.9_0.9_50,False,,False,0.8293593253593253,1.5126339459718684e-254,0.6658298298298299,3.6024211123405243e-218,,0.3920416146089497,1.0,1.0,0.4,0.6292859568258503,0.5158926155274824,4.24599530549246e-69,-0.5149570972122447,8.191499353590178e-69,0.3835878721209591,2.1086379345537934e-36,-0.47573798725164934,1.299247769449202e-57,0.5357593526931262,2.2507318275742247e-75,0.21856310439845142,0.7411228529806753,0.4014014014014014,2
five_branches_False_0.9_0.9_30,False,,False,0.8217950337950338,4.847668959387777e-246,0.6322602602602603,6.241094147959712e-197,,0.39505436312931697,1.0,1.0,0.4,0.6304914673529245,0.6622578362535116,2.9732829529491175e-127,-0.6795930536030346,1.9570543943700886e-136,0.6954755891997964,2.0111041584442482e-145,-0.6933941452899635,3.2713599576594966e-144,0.7349595985812771,1.4919541175714262e-170,0.1282520162483746,0.6532421505613613,0.461961961961962,2
five_branches_False_0.9_0.9_70,False,,False,0.8075729315729316,4.310099383880128e-231,0.6062462462462462,3.1613807630335215e-181,,0.3953729679807159,1.0,1.0,0.4,0.6306185491775277,0.6767036171864597,7.342960122337947e-135,-0.7238181502817245,5.103260479756995e-163,0.670509746226056,1.515069410823441e-131,-0.6425700830676688,1.5220177089924577e-117,0.5615580975797438,3.560929550167438e-84,0.20995547988958413,0.763065344590829,0.45845845845845845,2
five_branches_False_0.1_0.9_10,False,,False,0.38998286998287,1.1382034045941964e-37,0.27524724724724725,7.909805547164192e-39,,0.3983822899001038,1.0,1.0,0.4,0.6318151038745629,0.9717697296049586,0.0,-0.9887827051596595,0.0,0.8646767264347479,1.12541436092946e-300,-0.9286920471341318,0.0,0.9710435750435751,0.0,0.3778331107598692,0.8439571811343117,0.474974974974975,2
five_branches_False_0.1_0.9_50,False,,False,0.5663528423528423,6.749782218192131e-86,0.42286686686686686,3.4514869495564445e-89,,0.3984634074663574,1.0,1.0,0.4,0.6318472635563189,0.7270094222073322,3.873284742247824e-165,-0.8153296499522785,4.382259553596486e-239,0.5550831171201127,6.810073955327323e-82,-0.9400127848792783,0.0,0.941814185814186,0.0,0.2668579929487992,0.738181891179959,0.46046046046046046,2
five_branches_False_0.1_0.9_30,False,,False,0.3936381216381217,2.0840273551572557e-38,0.2750590590590591,8.88957144959824e-39,,0.39724714898844676,1.0,1.0,0.4,0.6313645524781729,0.9287642138715192,0.0,-0.9881273635003324,0.0,0.8620346341238178,8.624804858542077e-297,-0.9044322633477657,0.0,0.9046499741244198,0.0,0.3203411995302746,0.6462193658882767,0.4864864864864865,2
three_branches_False_0.5_0.7_50,False,,False,0.7118757998758,2.4120310934592513e-155,0.5401561561561562,2.7441166524251816e-144,,0.6409399823482511,1.0,1.0,0.6666666666666667,0.8085027962070594,0.9376046678413219,0.0,-0.9825820733178842,0.0,0.8535099794889103,8.681143633852333e-285,-0.7640413911099733,3.730735837798531e-192,0.7704733344733345,2.331083642735584e-197,0.16419661075532124,0.7356278093411596,0.474974974974975,2
three_branches_False_0.5_0.7_70,False,,False,0.7477977277977279,1.0092127630371085e-179,0.560900900900901,2.0011882654947223e-155,,0.6471170843640418,1.0,1.0,0.6666666666666667,0.8104437952485771,0.9827978989299291,0.0,-0.9768652844949772,0.0,0.7526679082342631,2.3900302286892557e-183,-0.7081280299796235,5.133518203875607e-153,0.7153530553530554,1.5441716945604092e-157,0.16286861717456835,0.7018601143530661,0.46796796796796797,2
five_branches_False_0.1_0.9_70,False,,False,0.5722051522051522,4.8805002269522396e-88,0.43027427427427434,2.8422352215875723e-92,,0.5175618772589534,1.0,1.0,0.6,0.7464975426823635,0.9392117850126134,0.0,-0.9767169581766074,0.0,0.9116572255986182,0.0,-0.9812121582506588,0.0,0.9905216705216706,0.0,0.4938404198398175,0.8398510226545475,0.3725392058725392,3
five_branches_True_0.9_0.9_30,False,,True,0.8217878457878459,4.936541132203568e-246,0.6322762762762763,6.100833132671549e-197,"{""values"": [0.2827169835947574, 0.36961187201622836, 0.27982813779641463], ""index"": [""committed"", ""multipotent"", ""totipotent""]}",1.0,1.0,1.0,1.0,1.0,0.794792170357629,1.0954642020741586e-218,-0.6530459797134954,1.2782394556724706e-122,0.9024038006534378,0.0,-0.7095956154487378,6.35643429514357e-154,0.6305429105429106,5.89003788770042e-112,0.5140461862185316,0.7782448007278954,0.35985985985985985,5
five_branches_True_0.9_0.9_50,False,,True,0.8293950613950614,1.3758123429219262e-254,0.66588988988989,3.293165361298736e-218,"{""values"": [0.24948293499515392, 0.31558190921364426, 0.22683971507126569], ""index"": [""committed"", ""multipotent"", ""totipotent""]}",1.0,1.0,1.0,1.0,1.0,0.9295328794783119,0.0,-0.8304483081522749,8.33099501793715e-256,0.9251418195377175,0.0,-0.8086352797487516,3.643403977063143e-232,0.7072981072981074,1.663185400852853e-152,0.5349790603935612,0.7926386111462536,0.33523523523523524,5
five_branches_True_0.9_0.9_70,False,,True,0.8075650355650356,4.389724014084238e-231,0.6062302302302303,3.2310442708073456e-181,"{""values"": [0.3046022933487841, 0.3332366302402667, 0.2553704175704107], ""index"": [""committed"", ""multipotent"", ""totipotent""]}",1.0,1.0,1.0,1.0,1.0,0.8266515882368505,1.8705089396675665e-251,-0.6893846987014243,6.592889694100897e-142,0.910996024362415,0.0,-0.7516024997990258,1.5092103343182822e-182,0.6399967839967841,2.5061293839995146e-116,0.49864769426171757,0.791752266694098,0.34324324324324323,5
five_branches_True_0.1_0.9_50,False,,True,0.5663458223458223,6.789410043759466e-86,0.4228548548548549,3.491118513842014e-89,"{""values"": [0.4708982096082362, 0.3610562078102249, 0.2221941591731583], ""index"": [""committed"", ""multipotent"", ""totipotent""]}",1.0,1.0,1.0,1.0,1.0,0.6558439845993606,5.206033483493252e-124,-0.6981373287780089,5.485259734981623e-147,0.5787000027000027,1.826401221080692e-90,-0.6263825663825664,4.4261702672108845e-110,0.6040615960615962,1.745492890565806e-100,0.36245656609383614,0.5599272521616308,0.14704704704704705,5
five_branches_True_0.1_0.9_10,False,,True,0.389995325995326,1.1316785095001609e-37,0.2752672672672673,7.812114040575627e-39,"{""values"": [0.5617947242577113, 0.29664469350588546, 0.2507312651257418], ""index"": [""committed"", ""multipotent"", ""totipotent""]}",1.0,1.0,1.0,1.0,1.0,0.8539400844706175,2.2460559674409812e-285,-0.962467688009464,0.0,0.733937605937606,7.597993510243234e-170,-0.9368081888081887,0.0,0.9313401913401913,0.0,0.4236221165585501,0.7237067329185053,0.17547547547547548,5
three_branches_True_0.5_0.7_50,False,,True,0.7118757998758,2.4120310934592513e-155,0.5401561561561562,2.7441166524251816e-144,"{""values"": [0.2895985429305332, 0.21895325432211477], ""index"": [""committed"", ""totipotent""]}",1.0,1.0,1.0,1.0,1.0,0.9489513147201257,0.0,-0.9711549404512333,0.0,0.5280558247118659,6.844879723845732e-73,-0.4780084352709444,3.193262318578868e-58,0.4843960003960004,5.818629052984087e-60,0.5076662173095138,0.8555148499516841,0.3301634968301635,3
five_branches_True_0.1_0.9_30,False,,True,0.3936526056526056,2.0699663346651358e-38,0.2750790790790791,8.779852908256703e-39,"{""values"": [0.5915368005789827, 0.26966838171139257, 0.2705400239380004], ""index"": [""committed"", ""multipotent"", ""totipotent""]}",1.0,1.0,1.0,1.0,1.0,0.9639714654752339,0.0,-0.9748417155102799,0.0,0.8493605013605015,3.223039355616314e-279,-0.9723996483996484,0.0,0.9664227304227304,0.0,0.3793888328768545,0.7228104263082541,0.16646646646646646,5
three_branches_True_0.5_0.7_70,False,,True,0.7478026238026239,1.0008750757497375e-179,0.5608888888888889,2.0316918885235505e-155,"{""values"": [0.3195004549888861, 0.14841799824242194], ""index"": [""committed"", ""totipotent""]}",1.0,1.0,1.0,1.0,1.0,0.9461206783217848,0.0,-0.9807340854495368,0.0,0.6565836762127533,2.2208875938902824e-124,-0.685080811461393,1.7829662286088687e-139,0.6778203418203419,1.8179598212409577e-135,0.364751002781991,0.856782543755208,0.3391725058391725,3
five_branches_True_0.1_0.9_70,False,,True,0.5721648681648682,5.050659471582778e-88,0.4302462462462463,2.9203235756844488e-92,"{""values"": [0.5187570664741722, 0.3266729005780864, 0.1363920644991415], ""index"": [""committed"", ""multipotent"", ""totipotent""]}",1.0,1.0,1.0,1.0,1.0,0.6659418443313609,3.7476788529140313e-129,-0.763638705948693,7.799602711709347e-192,0.5771529131529132,6.992387328670897e-90,-0.7955269595269596,2.241424787167804e-219,0.821026805026805,3.3632519674085016e-245,0.28777740425988235,0.5900593170769806,0.13343343343343345,5
three_branches_False_0.5_0.7_10,False,,False,0.5360388200388201,1.8240357003338322e-75,0.420996996996997,2.0331520492471892e-88,,0.6486528213106908,1.0,1.0,0.6666666666666667,0.8109242038115447,0.9663163233469082,0.0,-0.9721692431399916,0.0,0.5956824480863431,4.480510937474612e-97,-0.947741837380726,0.0,0.9533653564575885,0.0,0.13167817812010724,0.5988427485801271,0.44094094094094094,2
three_branches_True_0.5_0.7_10,False,,True,0.5363326163326164,1.462075668971536e-75,0.4211691691691692,1.727417819184852e-88,"{""values"": [0.2729469756400728, 0.08939772527026121], ""index"": [""committed"", ""totipotent""]}",1.0,1.0,1.0,1.0,1.0,0.9302283486767752,0.0,-0.948810343187947,0.0,0.45647107374435036,1.2733752141396105e-52,-0.5490632818690919,8.125275048424996e-80,0.4993956266401473,3.408415517195607e-64,0.30063994735613137,0.6123594753659842,0.21638304971638303,3
five_branches_False_0.3_0.5_70,False,,False,0.39927387927387925,1.4580653547339713e-39,0.2908068068068068,3.857997927913483e-43,,,,,,,,,,,,,,,,,,,,0
five_branches_False_0.3_0.5_10,False,,False,0.40191370191370196,4.120870687714206e-40,0.2943103103103103,3.829469762069325e-44,,0.1932689821161349,1.0,1.0,0.19999999999999996,0.4434023992577642,,,,,,,,,0.36668123684451565,3.4892252021037094e-33,0,0,0.5,1
five_branches_False_0.3_0.5_50,False,,False,0.3736876456876457,1.7057991633964337e-34,0.2643883883883884,5.8673879829678474e-36,,0.0,0.0,0,0.0,0.0,,,,,,,,,0.9202540542004546,0.0,0,0,0.21671671671671666,1
five_branches_False_0.5_0.9_70,False,,False,0.24793284793284798,1.7906350356516204e-15,0.19453453453453456,3.217154901106043e-20,,,,,,,,,,,,,,,,,,,,0
five_branches_False_0.3_0.5_30,False,,False,0.42913578913578915,4.563706515287895e-46,0.329017017017017,1.0052486239171349e-54,,0.1960876879249191,1.0,1.0,0.19999999999999996,0.4450103177118345,,,,,,,,,0.9191252685967717,0.0,0,0,0.5,1
three_branches_False_0.5_0.7_30,False,,False,0.6435492555492555,5.20492902567425e-118,0.49558758758758764,8.925625374817825e-122,,0.6495039205296377,1.0,1.0,0.6666666666666667,0.8111900770182243,0.9776531556798257,0.0,-0.9748355087013034,0.0,0.6941513056956053,1.1893236928206758e-144,-0.6800807907314769,1.0569970442061752e-136,0.6873060574366947,9.976672792147073e-141,0.1374305400396204,0.7085969769131143,0.46846846846846846,2
five_branches_False_0.5_0.9_10,False,,False,-0.18471748071748073,3.9881496674753175e-09,-0.08402002002002001,6.936415365128883e-05,,0.1738607573197833,0.5,1.0,0.19999999999999996,0.3631201856377275,0.8729943715878578,1.83856784003e-313,-0.863963678307168,1.2814264236612886e-299,0.9346336768544907,0.0,-0.9089482207088294,0.0,0.9823167943167945,0.0,0.5675267768341278,0.8430106096669392,0.47097097097097096,2
five_branches_False_0.5_0.9_50,False,,False,0.2503121263121263,9.4423271827208e-16,0.1983543543543544,5.868486851018158e-21,,,,,,,,,,,,,,,,,,,,0
five_branches_False_0.5_0.9_30,False,,False,0.25016632616632617,9.821875873267412e-16,0.1991911911911912,4.024970979716601e-21,,0.1850654173164189,1.0,1.0,0.19999999999999996,0.4386203899207118,,,,,,,,,-0.05923446383628661,0.06114302845570895,0,0,0.5,1
five_branches_True_0.3_0.5_70,False,,True,0.39924824724824726,1.475982899271189e-39,0.2908508508508509,3.7482094178665426e-43,"{""values"": [0.3469628045614776, 0.356818538784934, 0.3173709555095562], ""index"": [""committed"", ""multipotent"", ""totipotent""]}",1.0,1.0,1.0,1.0,1.0,0.08137171763247805,0.010045731637257239,0.4086378248574023,1.5652316864701062e-41,0.17545854745854747,2.337985357163312e-08,0.31093003093003097,7.433798579809487e-24,-0.5262455742455743,2.568159959365653e-72,0.5699039790029583,0.7490266728346929,0.06716716716716717,5
five_branches_True_0.3_0.5_10,False,,True,0.40200648600648603,3.941032502457018e-40,0.29435435435435436,3.7192125917838984e-44,"{""values"": [0.2812248213591607, 0.35849910003973456, 0.29270607347186095], ""index"": [""committed"", ""multipotent"", ""totipotent""]}",1.0,1.0,1.0,1.0,1.0,0.2752793809826834,7.5779122706263125e-19,0.45444835650450605,4.080197987062755e-52,0.3431740151740152,5.120092332905284e-29,0.4947293667293667,7.443788557774666e-63,-0.5385411585411586,2.7529188323708836e-76,0.6192281936318697,0.7974245194135651,0.1084084084084084,5
five_branches_True_0.3_0.5_50,False,,True,0.37371592971592976,1.6848864222538854e-34,0.26442842842842845,5.7288945271988365e-36,"{""values"": [0.29982361023808574, 0.3718243926396901, 0.2679250504000268], ""index"": [""committed"", ""multipotent"", ""totipotent""]}",1.0,1.0,1.0,1.0,1.0,-0.029620308709662767,0.3494224201970325,0.48554261686041955,2.809747079938208e-60,-0.0522922482922483,0.09839424125678276,0.4757674397674398,1.2758962003249255e-57,-0.5460507660507661,8.576390815023277e-79,0.5656395764215516,0.5830646773036655,0.06336336336336337,5
five_branches_True_0.5_0.9_70,False,,True,0.24826127626127625,1.639897584716046e-15,0.19495095095095097,2.6766928725119288e-20,"{""values"": [0.4116485393187393, 0.314538151637067, 0.46213177853506104], ""index"": [""committed"", ""multipotent"", ""totipotent""]}",1.0,1.0,1.0,1.0,1.0,0.23606630902315107,3.942574398520141e-14,-0.4932958406481629,1.901430557388449e-62,-0.020427248427248426,0.5187809251320484,-0.14441413241413242,4.537272115022105e-06,0.16765214365214365,9.6718891007099e-08,0.572610201570785,0.6567747215249927,0.0011011011011011096,5
five_branches_True_0.3_0.5_30,False,,True,0.4294627894627895,3.84059508210522e-46,0.3294374374374375,7.361100368713371e-55,"{""values"": [0.26124604111267297, 0.3874264310104067, 0.3147633634652597], ""index"": [""committed"", ""multipotent"", ""totipotent""]}",1.0,1.0,1.0,1.0,1.0,0.1306791365940261,3.3973159179846247e-05,0.43941139086448666,1.8423455002288423e-48,0.10207932607932609,0.0012273727815412232,0.42411691611691615,6.293985602780131e-45,-0.4911485151485152,7.683497940875464e-62,0.6068316817981037,0.6245393971873668,0.14624624624624624,5
three_branches_True_0.5_0.7_30,False,,True,0.644003564003564,3.1595193992657014e-118,0.4957637637637638,7.335856512149943e-122,"{""values"": [0.29004674067116076, 0.10777954913240374], ""index"": [""committed"", ""totipotent""]}",1.0,1.0,1.0,1.0,1.0,0.9633028719780413,0.0,-0.962542418234081,0.0,0.4102177585182842,7.179405861449177e-42,-0.4038826359368169,1.5938057101876932e-40,0.40441469401604885,1.2316175720854146e-40,0.3373910707357869,0.7389776406738062,0.29412746079412744,3
five_branches_True_0.5_0.9_50,False,,True,0.25037949437949436,9.27186345818259e-16,0.19833833833833836,5.910902331717329e-21,"{""values"": [0.39574560045845714, 0.29766874621223655, 0.44159409097227786], ""index"": [""committed"", ""multipotent"", ""totipotent""]}",1.0,1.0,1.0,1.0,1.0,0.3210399965378223,2.0860516763420826e-25,-0.6364997549555071,1.080781806837176e-114,0.029088761263293836,0.3581419413051037,-0.264997399792392,1.5643302484604923e-17,0.2917415146167392,4.5191104817276516e-21,0.5932287649699615,0.5876410469792968,0.000700700700700696,5
five_branches_True_0.5_0.9_10,False,,True,-0.1846816006816007,4.01629147241779e-09,-0.083995995995996,6.969671306368139e-05,"{""values"": [0.2817235859313439, 0.39948423568916935, 0.5056424015447306], ""index"": [""committed"", ""multipotent"", ""totipotent""]}",1.0,1.0,1.0,1.0,1.0,0.6742033124404603,1.6354275428221285e-133,-0.8269187872666505,9.315777158081285e-252,0.6322148666222014,1.0188955122251728e-112,-0.8513511819285287,7.202384362276556e-282,0.8399480079809406,3.4840417284568897e-267,0.5955584836815263,0.6911326829000424,-0.023523523523523528,5
five_branches_True_0.5_0.9_30,False,,True,0.25012989412989417,9.919035819765203e-16,0.19901901901901903,4.350216037318714e-21,"{""values"": [0.398306247880259, 0.29668999822325315, 0.4388821469622224], ""index"": [""committed"", ""multipotent"", ""totipotent""]}",1.0,1.0,1.0,1.0,1.0,0.23547262824914147,4.5822136862770136e-14,-0.6026823376517201,6.457960086150347e-100,-0.004122016122016122,0.8964183867820822,-0.1966694752594837,3.5457425258761184e-10,0.21584259049011825,5.256245502016128e-12,0.5759395615746049,0.646937825595427,-0.005105105105105101,5
five_branches_False_0.5_0.1_70,False,,False,-0.1824920544920545,6.152282400238851e-09,-0.08217417417417418,9.981007326719855e-05,,0.5911760307021234,1.0,1.0,0.6,0.7717329030320695,0.5506832636048699,2.265394919131519e-80,-0.9059780931587346,0.0,0.7176353648889541,5.380847780922989e-159,-0.9371509543665263,0.0,0.9825977951845556,0.0,0.47232302276172045,0.8034170924782431,0.14497831164497832,3
five_branches_True_0.5_0.1_70,False,,True,-0.1824833184833185,6.162695803856217e-09,-0.08215415415415415,0.00010020079212053641,"{""values"": [0.21686639958522677, 0.42311838242462046, 0.5541700603912926], ""index"": [""committed"", ""multipotent"", ""totipotent""]}",1.0,1.0,1.0,1.0,1.0,0.171285817375583,5.034595947217956e-08,-0.7009959214305155,1.0962613378148103e-148,-0.10390315665910484,0.0010000713701180557,-0.6419621622537677,2.957212031859551e-117,0.5926048246048246,7.56018600042709e-96,0.6722425570079847,0.8913864393253192,0.11141141141141139,5
five_branches_False_0.5_0.1_10,False,,False,0.4158748998748999,4.256921184997064e-43,0.3346946946946947,1.4460687897646686e-56,,0.1988815371334554,1.0,1.0,0.19999999999999996,0.4465870402546323,,,,,,,,,-0.9659215356063074,0.0,0,0,0.5,1
five_branches_False_0.5_0.1_30,False,,False,0.3698065058065058,9.162812286556271e-34,0.2803483483483484,3.2389370275618624e-40,,0.19691285156507754,1.0,1.0,0.19999999999999996,0.44547774670443474,,,,,,,,,0.49530132317441244,5.113892614457472e-63,0,0,0.5,1
five_branches_False_0.9_0.1_70,False,,False,0.6356840756840757,2.5822551784115098e-114,0.46297497497497503,1.5864087072341586e-106,,0.3778127693338881,1.0,1.0,0.4,0.6234966951903218,0.8785050869593144,2e-322,-0.8025172613836483,4.471467819851722e-226,0.8913627683434717,0.0,-0.751534294406705,1.6976476384487553e-182,0.7493307173307173,7.443910185095505e-181,0.4157367687367418,0.7825537798624042,0.44494494494494496,2
five_branches_False_0.5_0.1_50,False,,False,-0.2252139092139092,5.772507155200711e-13,-0.14484484484484483,6.9543409825610005e-12,,0.3953134511692546,1.0,1.0,0.4,0.6305948155593839,0.76568826266161,1.7998533844554513e-193,-0.9016316649127631,0.0,0.8813417654674401,0.0,-0.8016113359257314,3.418710576751173e-225,0.8658505385846041,1.9911557083218676e-302,0.39656423319745543,0.7825373149255244,0.45645645645645644,2
five_branches_False_0.9_0.1_10,False,,False,0.6448001968001968,1.3139526367414577e-118,0.468004004004004,8.245742309428486e-109,,0.5928778072975872,1.0,1.0,0.6,0.7722876877293762,0.8645262353769466,1.8826365144205127e-300,-0.8942551398382211,0.0,0.9865772034443221,0.0,-0.8869105199904755,0.0,0.9131098691098694,0.0,0.46316745284954447,0.7809725389057671,0.42792792792792794,3
five_branches_False_0.9_0.1_30,False,,False,0.6498852858852859,4.562779030000165e-121,0.4715635635635636,1.925852460741427e-110,,0.5938408762982347,1.0,1.0,0.6,0.7726011223388594,,,,,,,,,-0.1949172714133397,5.10546841568904e-10,0.669835270455373,0.710659604743056,0.09225892559225894,3
five_branches_False_0.9_0.1_50,False,,False,0.549053853053853,8.185735000549651e-80,0.3947587587587588,5.715439639423695e-78,,0.5961058921801039,1.0,1.0,0.6,0.7733367808490722,0.5257367870171706,3.718753108932785e-72,-0.5054369540084351,5.855657028478897e-66,-0.2614887565963899,4.266697578810617e-17,-0.6392134037238739,5.848620549321033e-116,0.9463915344724032,0.0,0.8123210379815623,0.9896434573033003,0.14798131464798134,3
five_branches_True_0.5_0.1_10,False,,True,0.4158748998748999,4.256921184997064e-43,0.3346946946946947,1.4460687897646686e-56,"{""values"": [0.3410637997406221, 0.35822501647527866, 0.20004227159594884], ""index"": [""committed"", ""multipotent"", ""totipotent""]}",1.0,1.0,1.0,1.0,1.0,0.45842927794883154,4.0936613855169128e-53,-0.21829997679744703,2.9738190942958613e-12,0.39527645927645927,9.669510069185139e-39,-0.1113884313884314,0.0004171439737294119,-0.09111364311364312,0.003930796516821873,0.43205677866768244,0.5721379305141271,0.14764764764764765,5
five_branches_True_0.5_0.1_30,False,,True,0.36980636180636184,9.163379931149079e-34,0.28034434434434435,3.2471449969247326e-40,"{""values"": [0.34587377777966427, 0.4300853538878469, 0.4163777368566107], ""index"": [""committed"", ""multipotent"", ""totipotent""]}",1.0,1.0,1.0,1.0,1.0,0.6108614401523755,2.509925502958936e-103,0.3949242326254305,1.1409380421917685e-38,0.0404970284970285,0.20070284863955523,0.20950490950490952,2.2129780799366304e-11,-0.22991576591576593,1.8349451680417986e-13,0.4908932755769452,0.7895767907830014,0.24854854854854852,5
five_branches_True_0.5_0.1_50,False,,True,-0.22402108402108403,7.689264938827113e-13,-0.14321521521521524,1.1899612649036588e-11,"{""values"": [0.273558181758929, 0.4903519777369049, 0.562142938390583], ""index"": [""committed"", ""multipotent"", ""totipotent""]}",1.0,1.0,1.0,1.0,1.0,0.6352601024090493,4.056589910119684e-114,-0.8030804422595254,1.2558605844485655e-226,0.6718267304232257,3.036842592693323e-132,-0.8039360132672012,1.8099527724314974e-227,0.8509020949020949,2.876472638985066e-281,0.36005312581828525,0.6607112044753448,0.10620620620620622,5
three_branches_False_0.9_0.1_10,False,,False,0.9282460362460362,0.0,0.8012332332332333,0.0,,0.33181930050030384,1.0,1.0,0.33333333333333337,0.5766935541067355,,,,,,,,,-0.16001703766347616,3.64414565240549e-07,0,0,0.5,1
five_branches_True_0.9_0.1_70,False,,True,0.6356847356847357,2.580438727529703e-114,0.462982982982983,1.5732487075418474e-106,"{""values"": [0.171721775863167, 0.27043571038720954, 0.44650657484678163], ""index"": [""committed"", ""multipotent"", ""totipotent""]}",1.0,1.0,1.0,1.0,1.0,0.05935289265959263,0.06062645125698137,-0.816600817251486,1.9762106024370833e-240,0.19935033070247737,2.0166400400592852e-10,-0.6599599793572113,4.409460476682007e-126,0.6570057930057931,1.3643379248186952e-124,0.5549016768238069,0.7760968102237824,0.011111111111111105,5
three_branches_False_0.9_0.1_30,False,,False,0.9445150525150525,0.0,0.8101701701701702,0.0,,0.6180201810942637,1.0,1.0,0.6666666666666667,0.8011758494095081,0.6465198303756523,1.9595650299336482e-119,-0.7313575162390792,4.476343281262474e-168,0.6734237028189038,4.277141258300516e-133,-0.6509194181607333,1.423252423849983e-121,0.8127909113365706,1.9893528984909154e-236,0.5470909261358108,0.9131216374532696,0.4724724724724725,2
five_branches_True_0.9_0.1_10,False,,True,0.6448000888000889,1.314109170372531e-118,0.468008008008008,8.211100121908494e-109,"{""values"": [0.16414916355462356, 0.3418448654395188, 0.22914133241654142], ""index"": [""committed"", ""multipotent"", ""totipotent""]}",1.0,1.0,1.0,1.0,1.0,0.686053261746267,5.073718263306935e-140,-0.9193499130445848,0.0,0.621441542064012,6.874936012778934e-108,-0.9100385464344096,0.0,0.9277338845170863,0.0,0.48936879786115783,0.7470170014951916,0.05875875875875878,5
five_branches_True_0.9_0.1_30,False,,True,0.6498871458871459,4.5532469997209055e-121,0.4715795795795796,1.8934501428164783e-110,"{""values"": [0.4826358199217192, 0.32226550887622984, 0.35313334366205096], ""index"": [""committed"", ""multipotent"", ""totipotent""]}",1.0,1.0,1.0,1.0,1.0,0.75300440693457,1.3328199740960473e-183,-0.7765052625758523,2.1374804105896504e-202,0.2986630295613081,4.730854119575984e-22,-0.2821687810229567,9.261396573466241e-20,0.28112177774062064,1.2796009619735667e-19,0.5689101531533071,0.9369150187302222,0.055155155155155164,5
five_branches_True_0.9_0.1_50,False,,True,0.549047793047793,8.224829548237502e-80,0.39479079079079077,5.555217842682209e-78,"{""values"": [0.48648825643117144, 0.30669599184661384, 0.5962637723817257], ""index"": [""committed"", ""multipotent"", ""totipotent""]}",1.0,1.0,1.0,1.0,1.0,0.6543138187967892,3.009955255124567e-123,-0.6372678612513436,4.747797215750385e-115,0.1477706557069547,2.694122756993181e-06,-0.6286387433673556,4.288038429401413e-111,0.6707540725751424,1.1251499809490417e-131,0.6925188790021642,0.9321777417098556,-0.024524524524524527,5
three_branches_True_0.9_0.1_30,False,,True,0.9445068085068086,0.0,0.8101621621621622,0.0,"{""values"": [0.16131661003173364, 0.25643353085883575], ""index"": [""committed"", ""totipotent""]}",1.0,1.0,1.0,1.0,1.0,0.8716365569651169,2.5856446195883e-311,-0.7876948946564954,3.575260950933118e-212,0.8813431170993752,0.0,-0.7851709537505843,6.451568917895703e-210,0.7784293904293905,4.893343987266931e-204,0.621623944538754,0.8599105488492107,0.3628628628628629,3
three_branches_True_0.9_0.1_10,False,,True,0.9282460362460362,0.0,0.8012332332332333,0.0,"{""values"": [0.21129618848541032, 0.2554450354267885], ""index"": [""committed"", ""totipotent""]}",1.0,1.0,1.0,1.0,1.0,0.729415557647057,9.328239909764109e-167,-0.8647555707044314,8.59279399623423e-301,0.9265241069624219,0.0,-0.8289657937649697,4.290650643404456e-254,0.8328180051983082,1.4113611183427462e-258,0.5543105701641724,0.85682907883309,0.3445111778445112,3
three_branches_False_0.9_0.1_50,False,,False,0.9318377358377359,0.0,0.7902222222222223,1.988678689903937e-306,,0.5888369667400698,1.0,1.0,0.6666666666666667,0.7915456234112886,0.6649634614788564,1.204662115925941e-128,-0.724451931591366,1.9464698119688575e-163,0.6485720515887856,1.9901347173491608e-120,-0.6719295660885869,2.677728692226849e-132,0.6424121694820868,1.808896968367821e-117,0.3286779169165601,0.8819625210610207,0.46296296296296297,2
three_branches_True_0.9_0.1_50,False,,True,0.931829611829612,0.0,0.7902062062062062,2.045960685741097e-306,"{""values"": [0.18658284376029766, 0.21632260246878127], ""index"": [""committed"", ""totipotent""]}",1.0,1.0,1.0,1.0,1.0,0.9172350894733705,0.0,-0.885721910027573,0.0,0.9313277833230136,0.0,-0.8610288531389838,2.473393195375906e-295,0.8621585621585621,5.6932336028843076e-297,0.5441371212282481,0.8254185510011801,0.3071404738071405,3
three_branches_False_0.9_0.1_70,False,,False,0.3185764865764866,5.04646866742816e-25,0.24532532532532533,3.3988951683363434e-31,,0.323794076330257,1.0,1.0,0.33333333333333337,0.5731745664356277,,,,,,,,,0.7366545480546529,9.86342648679547e-172,0,0,0.5,1
three_branches_False_0.1_0.1_30,False,,False,0.04185383385383386,0.18601549846984292,0.029693693693693693,0.1597138231121824,,0.18883351122247868,1.0,0.9079845653680428,0.33333333333333337,0.4889439424444254,,,,,,,,,0.8596481195696419,2.374917376784618e-293,0,0,0.47197197197197194,1
three_branches_False_0.1_0.1_70,False,,False,0.011286239286239287,0.7214907174983134,-0.002982982982982983,0.8876739553809861,,0.18159656184149284,1.0,0.9167497379704964,0.33333333333333337,0.48535475684005,,,,,,,,,0.5197685480644239,2.7295354277089e-70,0,0,0.464964964964965,1
three_branches_False_0.1_0.1_10,False,,False,0.0916906036906037,0.003707886166601393,0.06779179179179179,0.0013272168572424406,,0.1892957580415976,1.0,0.9091596405876654,0.33333333333333337,0.4894011030522413,,,,,,,,,0.7981330185979684,7.649074845166427e-222,0,0,0.417917917917918,1
five_branches_False_0.5_0.7_30,False,,False,0.79001251001251,2.8448912240738015e-214,0.578982982982983,1.7878198001302053e-165,,0.33493577716059403,1.0,1.0,0.4,0.6050000115595651,0.6199287090549034,3.1648591375954965e-107,-0.5929087436231194,5.727081778727504e-96,0.5280545052047607,6.851500106668813e-73,-0.6664422498591906,2.058980342187607e-129,0.7155256875256875,1.199301620353604e-157,0.5784005392017494,0.8304332783169176,0.3533533533533533,2
three_branches_True_0.1_0.1_30,False,,True,0.04184280584280584,0.18613158900188,0.029685685685685685,0.15982644595165607,"{""values"": [0.23630681064198, 0.14566380852022548], ""index"": [""committed"", ""totipotent""]}",1.0,1.0,1.0,1.0,1.0,0.12633776257607465,6.169910785991427e-05,-0.5916363495390741,1.8280188830661428e-95,0.324463720346401,6.027919986009784e-26,-0.6832665827735959,1.835390520854024e-138,0.6912830094481657,5.40466839153693e-143,0.34626060759607813,0.6148460964608873,-0.040206873540206876,3
three_branches_True_0.9_0.1_70,False,,True,0.3185799065799066,5.040312121315378e-25,0.24532932932932933,3.391362984120116e-31,"{""values"": [0.24128755388675924, 0.22004631623303123], ""index"": [""committed"", ""totipotent""]}",1.0,1.0,1.0,1.0,1.0,0.44132663737835715,6.456498122204918e-49,-0.5040896964810728,1.4596531243252016e-65,0.4027135015270385,2.803756013622898e-40,-0.4266655627002654,1.6696350931288293e-45,0.39749271749271753,3.3983457055409266e-39,0.432441617597656,0.4984475655370114,0.11861861861861865,3
three_branches_False_0.1_0.1_50,False,,False,-0.03816107016107017,0.22793748422030102,-0.024796796796796798,0.24033082058395638,,0.18883351122247868,1.0,0.9079845653680428,0.33333333333333337,0.4889439424444254,,,,,,,,,-0.7695762073986497,1.2694474992123825e-196,0,0,0.464964964964965,1
three_branches_True_0.1_0.1_10,False,,True,0.0916906036906037,0.003707886166601393,0.06779179179179179,0.0013272168572424406,"{""values"": [0.2313893175886398, 0.090819710881586], ""index"": [""committed"", ""totipotent""]}",1.0,1.0,1.0,1.0,1.0,0.3311276916274158,5.1370874861808014e-27,-0.7257748878771393,2.580282962348109e-164,0.3627267314689028,1.8551095765052774e-32,-0.7321224371322533,1.3435550231046285e-168,0.7344464360731506,3.3817082121745506e-170,0.38350968801034147,0.7232306745588769,0.00984317650984314,3
five_branches_False_0.5_0.7_50,False,,False,0.7972138132138132,5.726149830919705e-221,0.582086086086086,3.132105034358078e-167,,0.13081734735127726,1.0,1.0,0.19999999999999996,0.4021831150328614,,,,,,,,,0.01115135705185657,0.7246831972507687,0,0,0.49799799799799804,1
three_branches_True_0.1_0.1_70,False,,True,0.011288087288087289,0.7214470112755886,-0.002978978978978979,0.8878237305712737,"{""values"": [0.23741754017312963, 0.1575576492438553], ""index"": [""committed"", ""totipotent""]}",1.0,1.0,1.0,1.0,1.0,0.06216847429892741,0.04937001230848871,-0.5516025099595598,1.0940365992760895e-80,0.2970842532052491,7.95918116910167e-22,-0.6755571053909493,3.0587308057057776e-134,0.675710519540085,2.528055371432785e-134,0.39542187964395986,0.682117556356695,-0.049215882549215884,3
five_branches_False_0.5_0.7_70,False,,False,0.7889729849729848,2.505637156705998e-213,0.5692772772772773,4.849712335426465e-160,,0.33027969085656633,1.0,1.0,0.4,0.602886369585218,0.390941985900446,7.305508947421516e-38,-0.24331839144070727,6.077383676770049e-15,0.41197679045256197,2.9997504867539213e-42,-0.36461864418892626,8.365221313904355e-33,0.4714512514512515,1.786304355023175e-56,0.5332973592309851,0.7482119428603305,0.43293293293293295,2
five_branches_False_0.5_0.7_10,False,,False,0.899978027978028,0.0,0.7151631631631632,2.2660739995891986e-251,,0.4947846870902538,1.0,1.0,0.6,0.7381453278250051,0.9101473540888928,0.0,-0.9113391555133974,0.0,0.8870465882919888,0.0,-0.8576010405859296,1.887974239631793e-290,0.8569848409848412,1.3808974772430531e-289,0.6353199623745451,0.860967594700334,0.3872205538872205,3
five_branches_True_0.5_0.7_30,False,,True,0.789814305814306,4.311541710106209e-214,0.5787147147147147,2.533583064206186e-165,"{""values"": [0.12477931232150502, 0.4939370471524871, 0.36053089309310277], ""index"": [""committed"", ""multipotent"", ""totipotent""]}",1.0,1.0,1.0,1.0,1.0,0.6956096286426262,1.6790896619153326e-145,-0.6192439149422754,6.299598130829521e-107,0.648758840168463,1.614709846190848e-120,-0.5790067109693233,1.398429829858336e-90,0.579981567981568,5.973979658751426e-91,0.7160807030797791,0.7651435695612697,0.24374374374374375,5
three_branches_True_0.1_0.1_50,False,,True,-0.03815457815457816,0.22801666869955922,-0.024792792792792794,0.24040675595925542,"{""values"": [0.2144006313328201, 0.1549379538552677], ""index"": [""committed"", ""totipotent""]}",1.0,1.0,1.0,1.0,1.0,-0.1636082767015055,1.9676341806815688e-07,-0.32555010631594766,4.0516563739398325e-26,-0.00685795233811292,0.8285210199719835,-0.3865932321985851,5.391335924578907e-37,0.3778867026384457,2.6961802826093565e-35,0.4476679452296836,0.6841657081415622,0.04921588254921586,3
five_branches_True_0.5_0.7_50,False,,True,0.796889884889885,1.1611104896180765e-220,0.5816496496496496,5.539156968482455e-167,"{""values"": [0.12226400402171232, 0.515440284558578, 0.440758165194519], ""index"": [""committed"", ""multipotent"", ""totipotent""]}",1.0,1.0,1.0,1.0,1.0,0.6647845920527846,1.4906182729401855e-128,-0.5812358767923689,1.9914240811681238e-91,0.6094948433040768,9.47172928314342e-103,-0.4912617661201171,7.13971232492423e-62,0.5972386652386653,1.060996331505267e-97,0.742794393510679,0.8082467967496468,0.19429429429429432,5
five_branches_True_0.5_0.7_70,False,,True,0.7890630570630571,2.0761604315721408e-213,0.5694014014014014,4.138164866711479e-160,"{""values"": [0.1194773384937863, 0.5799252016066139, 0.5146258413621135], ""index"": [""committed"", ""multipotent"", ""totipotent""]}",1.0,1.0,1.0,1.0,1.0,0.5875090153164892,7.614325858914606e-94,-0.5845468831714085,1.070888654124136e-92,0.6162388413083969,1.266257436323679e-105,-0.6122559842050683,6.429590654186358e-104,0.6960603960603962,9.146034579093731e-146,0.7711796667389574,0.8564428886074107,0.17627627627627626,5
five_branches_True_0.5_0.7_10,False,,True,0.8999231519231521,0.0,0.7152512512512512,1.9673116884528625e-251,"{""values"": [0.17033795364086152, 0.4506723789519163, 0.2994168016753452], ""index"": [""committed"", ""multipotent"", ""totipotent""]}",1.0,1.0,1.0,1.0,1.0,0.8243594729545698,7.043419168984986e-249,-0.7605499661870095,2.1261213655092953e-189,0.8941913036128932,0.0,-0.7097720578060084,4.940396997743289e-154,0.7304539184539185,1.845151301831788e-167,0.6387875731597048,0.8590581630248338,0.2563563563563564,5
three_branches_False_0.7_0.1_30,False,,False,0.3356601956601957,9.290802204785571e-28,0.2702862862862863,1.6735487473684512e-37,,0.6558811829324057,1.0,1.0,0.6666666666666667,0.8131739883400172,-0.9503286765719255,0.0,-0.008220644637191183,0.7951423585777903,-0.8628955247812994,4.77511580758475e-298,-0.003342781079933223,0.9159186856520324,-0.06557134116773836,0.03815498192217512,0.9997691590081895,0.9999457237638396,0.0,2
three_branches_True_0.7_0.1_30,False,,True,0.3356601956601957,9.290802204785571e-28,0.2702862862862863,1.6735487473684512e-37,"{""values"": [0.0359131346096983, 0.49721338119090347], ""index"": [""committed"", ""totipotent""]}",1.0,1.0,1.0,1.0,1.0,0.7831493260946603,3.935904144840424e-208,0.22956445240243067,2.0007620896546633e-13,0.9194702504540059,0.0,0.2201701661310396,1.9189704211408625e-12,-0.5715308620010887,8.65611753531971e-88,0.9490939807719699,0.9604243051057342,0.1332999666333,3
five_branches_False_0.1_0.1_10,False,,False,-0.30022053622053624,2.822771626708931e-22,-0.1999119119119119,2.905238140926105e-21,,,,,,,,,,,,,,,,,,,,0
three_branches_False_0.7_0.1_10,False,,False,0.34034684834684836,1.5380730789703352e-28,0.28375575575575573,3.7099991420008767e-41,,,,,,,,,,,,,,,,,,,,0
three_branches_False_0.7_0.1_70,False,,False,0.8776421896421898,5.247e-321,0.6903183183183184,2.3539304499570156e-234,,0.6257260556182945,1.0,1.0,0.6666666666666667,0.8036616508526141,0.6779167957898725,1.6109853758043598e-135,-0.7208092827232983,4.778246583606318e-161,0.7788776328878202,2.0188847228400046e-204,-0.7340192649566423,6.67318992123995e-170,0.8244895475680813,5.042139329487273e-249,0.914224482060478,0.9744728257952895,0.41291291291291293,2
three_branches_False_0.7_0.1_50,False,,False,0.9253974133974135,0.0,0.7795955955955955,2.6694949450246883e-298,,0.6499672192638276,0.6666666666666666,1.0,0.6666666666666667,0.7331236570656539,-0.4332233180965877,5.210607946141966e-47,-0.8370523585872974,1.2245174606210871e-263,-0.3932041708856338,2.552253716790942e-38,-0.7757605222008375,9.128302704923267e-202,0.6769593954742948,5.33632835774485e-135,0.9095328040280947,0.9638378035804736,0.11261261261261261,3
three_branches_True_0.7_0.1_10,False,,True,0.34034684834684836,1.5380730789703352e-28,0.28375575575575573,3.7099991420008767e-41,"{""values"": [0.128791102895973, 0.4354844194369308], ""index"": [""committed"", ""totipotent""]}",1.0,1.0,1.0,1.0,1.0,0.5148405409994484,8.889086769706901e-69,0.6519414966492739,4.4800256411200736e-122,0.45461187342120846,3.714706887791765e-52,0.6356222822132626,2.7580911668380913e-114,-0.7032089112089113,5.133444622936376e-150,0.8087999418903332,0.7797296624065004,0.13730397063730396,3
five_branches_True_0.1_0.1_10,False,,True,-0.3001956601956602,2.8462195663445647e-22,-0.1998838838838839,2.942368204192466e-21,"{""values"": [0.31056564195179054, 0.505116958186327, 0.32887102990969114], ""index"": [""committed"", ""multipotent"", ""totipotent""]}",1.0,1.0,1.0,1.0,1.0,0.4824951502096193,1.9332962874315327e-59,-0.9060889927290978,0.0,0.2441331541282875,4.906880749907396e-15,-0.814996603468272,9.830930881015955e-239,0.8222209742209743,1.6495655886144807e-246,0.6859138121913344,0.8148035086522475,-0.098998998998999,5
three_branches_True_0.7_0.1_50,False,,True,0.9253974133974135,0.0,0.7795955955955955,2.6694949450246883e-298,"{""values"": [0.03248289524103519, 0.5087928830513793], ""index"": [""committed"", ""totipotent""]}",1.0,1.0,1.0,1.0,1.0,0.663606096345594,6.042501377650068e-128,-0.1538672089098266,1.0147153673350068e-06,0.7038318513467605,2.1574082905604897e-150,-0.20313050650314893,8.97836108508064e-11,0.5612962412962413,4.413801937297279e-84,0.962839979339016,0.9818035737850459,0.34484484484484484,3
three_branches_True_0.7_0.1_70,False,,True,0.8776447096447098,5.2e-321,0.6903183183183184,2.3539304499570156e-234,"{""values"": [0.13750031975511148, 0.39895841413103283], ""index"": [""committed"", ""totipotent""]}",1.0,1.0,1.0,1.0,1.0,0.920388693314533,0.0,-0.9356587556456107,0.0,0.9232290213525461,0.0,-0.9119587043010315,0.0,0.9174352734352734,0.0,0.689189751880059,0.883933488164919,0.3088088088088088,3
five_branches_False_0.1_0.1_50,False,,False,0.3331119211119211,2.4385223516775005e-27,0.23993593593593593,6.518548481508358e-30,,0.289485243254595,1.0,0.9454876824907738,0.4,0.5752221144878048,0.6616466184067956,6.106177401250752e-127,-0.9592618695852045,0.0,0.6183912610612721,1.480881723993042e-106,-0.8443396973475782,1.064014579225509e-272,0.846902118902119,5.362637819760666e-276,0.15800210663483932,0.6619260931127666,0.3563563563563564,2
five_branches_False_0.1_0.1_70,False,,False,0.2143746703746704,7.362449192235585e-12,0.15816216216216217,6.930399064736592e-14,,0.09570021738372207,1.0,0.9454876824907738,0.19999999999999996,0.3667749772508855,,,,,,,,,-0.020175333682521876,0.5239509600106127,0,0,0.42492492492492495,1
five_branches_False_0.1_0.1_30,False,,False,0.34400220800220804,3.7017294409472126e-29,0.24767567567567567,9.185453341042215e-32,,0.36942604195910395,1.0,1.0,0.4,0.6200074022536852,0.8560424503919871,2.844234734467663e-288,-0.9457887345336513,0.0,0.5930152739383173,5.19553556644725e-96,-0.678697249412301,6.0479357567615766e-136,0.6814912414912415,1.76801010215978e-137,0.19904017220626197,0.7323184138315474,0.4069069069069069,2
five_branches_True_0.1_0.1_50,False,,True,0.33313454113454116,2.4178208563447798e-27,0.23990790790790792,6.618337402685369e-30,"{""values"": [0.3748217421278822, 0.4908331301171946, 0.4020303977645769], ""index"": [""committed"", ""multipotent"", ""totipotent""]}",1.0,1.0,1.0,1.0,1.0,0.7372134157755184,4.0089864313937815e-172,-0.7400366632466067,4.096709823472524e-174,0.5437517951974336,5.097770707511862e-78,-0.208338554066656,2.8690452672304138e-11,0.1856933696933697,3.292160138651522e-09,0.568654539808141,0.7686851488732946,0.0983983983983984,5
five_branches_True_0.1_0.1_30,False,,True,0.344006636006636,3.6953054317080964e-29,0.24770770770770772,9.022344645326457e-32,"{""values"": [0.3025644601779075, 0.4815886998558938, 0.3964565362819084], ""index"": [""committed"", ""multipotent"", ""totipotent""]}",1.0,1.0,1.0,1.0,1.0,0.7155080370298782,1.2307083485045332e-157,-0.8520533057859357,8.189373729025701e-283,0.5177905443359275,1.112421264963429e-69,-0.35359881390730635,8.03211890461561e-31,0.35176742776742775,1.6856528875794722e-30,0.6079596375095072,0.7258262534742058,0.1124124124124124,5
five_branches_True_0.1_0.1_70,False,,True,0.21455917055917056,7.0580753300870855e-12,0.15825825825825826,6.69420182200261e-14,"{""values"": [0.3984205403230188, 0.5138573599229691, 0.3188070621205818], ""index"": [""committed"", ""multipotent"", ""totipotent""]}",1.0,1.0,1.0,1.0,1.0,0.7291118140301001,1.4964024159367092e-166,-0.777013358882323,7.913208444504066e-203,0.7706958640255461,1.5291893805195128e-197,-0.7018183003923899,3.5260504652220013e-149,0.8216269376269376,7.412215151710483e-246,0.506409138843295,0.6858534954239806,0.09079079079079078,5
