code,failed,n_inferred_terminal_states,fixed_terminal,spearman_stat_pseudotime,spearman_pval_pseudotime,kendall_stat_pseudotime,kendall_pval_pseudotime,jsd,tts,ttp,ttc,tsr,temporal_state_score,pearson_stat_KLD,pearson_pval_KLD,pearson_stat_SHE,pearson_pval_SHE,spearman_stat_KLD,spearman_pval_KLD,spearman_stat_SHE,spearman_pval_SHE,fate_index_stat,fate_index_pval,terminal_silhouette_soft,terminal_silhouette_pse,terminal_enrichment,n_terminal_states
five_branches_False_0.1_0.7_30,False,,False,,,,,,0.348937336837135,1.0,0.9378441590725165,0.4,0.6014984711982603,0.4796274722190838,1.1663448842696112e-58,-0.837779821941753,1.5985630842648925e-264,0.7270623741990394,3.569871401719796e-165,-0.8002929025828184,6.476962449311525e-224,0.8002844896660137,6.599215768272442e-224,0.6814397372215828,0.8685050538201915,0.35735735735735735,2
five_branches_False_0.1_0.7_70,False,,False,,,,,,0.348937336837135,1.0,0.9378441590725165,0.4,0.6014984711982603,0.4796274722190838,1.1663448842696112e-58,-0.837779821941753,1.5985630842648925e-264,0.7270623741990394,3.569871401719796e-165,-0.8002929025828184,6.476962449311525e-224,0.8002844896660137,6.599215768272442e-224,0.6814397372215828,0.8685050538201915,0.35735735735735735,2
five_branches_False_0.1_0.7_50,False,,False,,,,,,0.348937336837135,1.0,0.9378441590725165,0.4,0.6014984711982603,0.4796274722190838,1.1663448842696112e-58,-0.837779821941753,1.5985630842648925e-264,0.7270623741990394,3.569871401719796e-165,-0.8002929025828184,6.476962449311525e-224,0.8002844896660137,6.599215768272442e-224,0.6814397372215828,0.8685050538201915,0.35735735735735735,2
five_branches_False_0.1_0.7_10,False,,False,,,,,,0.348937336837135,1.0,0.9378441590725165,0.4,0.6014984711982603,0.4796274722190838,1.1663448842696112e-58,-0.837779821941753,1.5985630842648925e-264,0.7270623741990394,3.569871401719796e-165,-0.8002929025828184,6.476962449311525e-224,0.8002844896660137,6.599215768272442e-224,0.6814397372215828,0.8685050538201915,0.35735735735735735,2
five_branches_True_0.1_0.7_30,False,,True,,,,,"{""values"": [0.2002141820802949, 0.34573648167997123, 0.2382165581568746], ""index"": [""committed"", ""multipotent"", ""totipotent""]}",0.9571639109576466,1.0,0.9628672823315544,1.0,0.9798016948492461,0.8263470851766334,4.133646106023644e-251,-0.7891569261161833,1.706549038830141e-213,0.85550014990519,1.6060302665031976e-287,-0.821541170731916,9.203782451437903e-246,0.8066935600094834,3.2930889426266237e-230,0.4704605334118344,0.6775666942097315,0.33753753753753757,5
five_branches_True_0.1_0.7_70,False,,True,,,,,"{""values"": [0.2002141820802949, 0.34573648167997123, 0.2382165581568746], ""index"": [""committed"", ""multipotent"", ""totipotent""]}",0.9571639109576466,1.0,0.9628672823315544,1.0,0.9798016948492461,0.8263470851766334,4.133646106023644e-251,-0.7891569261161833,1.706549038830141e-213,0.85550014990519,1.6060302665031976e-287,-0.821541170731916,9.203782451437903e-246,0.8066935600094834,3.2930889426266237e-230,0.4704605334118344,0.6775666942097315,0.33753753753753757,5
five_branches_True_0.1_0.7_50,False,,True,,,,,"{""values"": [0.2002141820802949, 0.34573648167997123, 0.2382165581568746], ""index"": [""committed"", ""multipotent"", ""totipotent""]}",0.9571639109576466,1.0,0.9628672823315544,1.0,0.9798016948492461,0.8263470851766334,4.133646106023644e-251,-0.7891569261161833,1.706549038830141e-213,0.85550014990519,1.6060302665031976e-287,-0.821541170731916,9.203782451437903e-246,0.8066935600094834,3.2930889426266237e-230,0.4704605334118344,0.6775666942097315,0.33753753753753757,5
five_branches_True_0.1_0.7_10,False,,True,,,,,"{""values"": [0.2002141820802949, 0.34573648167997123, 0.2382165581568746], ""index"": [""committed"", ""multipotent"", ""totipotent""]}",0.9571639109576466,1.0,0.9628672823315544,1.0,0.9798016948492461,0.8263470851766334,4.133646106023644e-251,-0.7891569261161833,1.706549038830141e-213,0.85550014990519,1.6060302665031976e-287,-0.821541170731916,9.203782451437903e-246,0.8066935600094834,3.2930889426266237e-230,0.4704605334118344,0.6775666942097315,0.33753753753753757,5
three_branches_False_0.7_0.7_10,False,,False,,,,,,0.963310642906261,1.0,0.9622212179416832,1.0,0.9812062863285134,0.7587740569630815,5.1431820536611995e-188,-0.5914081655714516,2.2497609489854928e-95,0.8210756163615932,2.9746116103563757e-245,-0.6469356628537836,1.2345708408435047e-119,0.6217585000610346,4.9874949228316575e-108,0.7549736068589852,0.8685959663866204,0.4544544544544544,3
three_branches_True_0.7_0.7_10,False,,True,,,,,"{""values"": [0.08694159953661626, 0.3296210199946314], ""index"": [""committed"", ""totipotent""]}",0.9641934470763224,1.0,0.9646509502507788,1.0,0.9820499842343677,0.7588901410444423,4.179804652994735e-188,-0.5916613900709677,1.7868280198681187e-95,0.8215168971877009,9.78511679212511e-246,-0.6483720754748438,2.4889107009153634e-120,0.621264423465447,8.224111872062353e-108,0.7550575659132372,0.8686158755654008,0.4556222889556223,3
three_branches_False_0.7_0.7_50,False,,False,,,,,,0.963310642906261,1.0,0.9622212179416832,1.0,0.9812062863285134,0.7587740569630815,5.1431820536611995e-188,-0.5914081655714516,2.2497609489854928e-95,0.8210756163615932,2.9746116103563757e-245,-0.6469356628537836,1.2345708408435047e-119,0.6217585000610346,4.9874949228316575e-108,0.7549736068589852,0.8685959663866204,0.4544544544544544,3
three_branches_False_0.7_0.7_30,False,,False,,,,,,0.963310642906261,1.0,0.9622212179416832,1.0,0.9812062863285134,0.7587740569630815,5.1431820536611995e-188,-0.5914081655714516,2.2497609489854928e-95,0.8210756163615932,2.9746116103563757e-245,-0.6469356628537836,1.2345708408435047e-119,0.6217585000610346,4.9874949228316575e-108,0.7549736068589852,0.8685959663866204,0.4544544544544544,3
three_branches_False_0.7_0.7_70,False,,False,,,,,,0.963310642906261,1.0,0.9622212179416832,1.0,0.9812062863285134,0.7587740569630815,5.1431820536611995e-188,-0.5914081655714516,2.2497609489854928e-95,0.8210756163615932,2.9746116103563757e-245,-0.6469356628537836,1.2345708408435047e-119,0.6217585000610346,4.9874949228316575e-108,0.7549736068589852,0.8685959663866204,0.4544544544544544,3
three_branches_True_0.7_0.7_50,False,,True,,,,,"{""values"": [0.08694159953661626, 0.3296210199946314], ""index"": [""committed"", ""totipotent""]}",0.9641934470763224,1.0,0.9646509502507788,1.0,0.9820499842343677,0.7588901410444423,4.179804652994735e-188,-0.5916613900709677,1.7868280198681187e-95,0.8215168971877009,9.78511679212511e-246,-0.6483720754748438,2.4889107009153634e-120,0.621264423465447,8.224111872062353e-108,0.7550575659132372,0.8686158755654008,0.4556222889556223,3
three_branches_True_0.7_0.7_30,False,,True,,,,,"{""values"": [0.08694159953661626, 0.3296210199946314], ""index"": [""committed"", ""totipotent""]}",0.9641934470763224,1.0,0.9646509502507788,1.0,0.9820499842343677,0.7588901410444423,4.179804652994735e-188,-0.5916613900709677,1.7868280198681187e-95,0.8215168971877009,9.78511679212511e-246,-0.6483720754748438,2.4889107009153634e-120,0.621264423465447,8.224111872062353e-108,0.7550575659132372,0.8686158755654008,0.4556222889556223,3
three_branches_True_0.7_0.7_70,False,,True,,,,,"{""values"": [0.08694159953661626, 0.3296210199946314], ""index"": [""committed"", ""totipotent""]}",0.9641934470763224,1.0,0.9646509502507788,1.0,0.9820499842343677,0.7588901410444423,4.179804652994735e-188,-0.5916613900709677,1.7868280198681187e-95,0.8215168971877009,9.78511679212511e-246,-0.6483720754748438,2.4889107009153634e-120,0.621264423465447,8.224111872062353e-108,0.7550575659132372,0.8686158755654008,0.4556222889556223,3
three_branches_False_0.1_0.9_10,False,,False,,,,,,0.5117556568213388,0.8,0.9584794928062532,0.6666666666666667,0.7151729031280832,0.2222020775708132,1.1868955802319093e-12,-0.1855404406054557,3.3928352019709164e-09,0.20370611773420105,7.926495963523408e-11,-0.15462171802996488,8.968070152172107e-07,0.15462171802996488,8.968070152172107e-07,0.48663676368196057,0.7910727227102304,0.1891891891891892,2
three_branches_True_0.1_0.9_10,False,,True,,,,,"{""values"": [0.19836187512933673, 0.3385643301563228], ""index"": [""committed"", ""totipotent""]}",0.9636638382160668,1.0,0.9640274797132148,1.0,0.9817564065567499,0.6533246768918249,9.307071834874156e-123,-0.58858056362678,2.906533049925292e-94,0.6495194743613358,6.882222840845469e-121,-0.6072310959834056,8.426899452857674e-102,0.5961033285458501,3.037158885610991e-97,0.6376281965200835,0.7809942476053305,0.45545545545545546,3
three_branches_False_0.1_0.9_30,False,,False,,,,,,0.5117556568213388,0.8,0.9584794928062532,0.6666666666666667,0.7151729031280832,0.2222020775708132,1.1868955802319093e-12,-0.1855404406054557,3.3928352019709164e-09,0.20370611773420105,7.926495963523408e-11,-0.15462171802996488,8.968070152172107e-07,0.15462171802996488,8.968070152172107e-07,0.48663676368196057,0.7910727227102304,0.1891891891891892,2
three_branches_False_0.1_0.9_50,False,,False,,,,,,0.5117556568213388,0.8,0.9584794928062532,0.6666666666666667,0.7151729031280832,0.2222020775708132,1.1868955802319093e-12,-0.1855404406054557,3.3928352019709164e-09,0.20370611773420105,7.926495963523408e-11,-0.15462171802996488,8.968070152172107e-07,0.15462171802996488,8.968070152172107e-07,0.48663676368196057,0.7910727227102304,0.1891891891891892,2
three_branches_False_0.1_0.9_70,False,,False,,,,,,0.5117556568213388,0.8,0.9584794928062532,0.6666666666666667,0.7151729031280832,0.2222020775708132,1.1868955802319093e-12,-0.1855404406054557,3.3928352019709164e-09,0.20370611773420105,7.926495963523408e-11,-0.15462171802996488,8.968070152172107e-07,0.15462171802996488,8.968070152172107e-07,0.48663676368196057,0.7910727227102304,0.1891891891891892,2
three_branches_True_0.1_0.9_30,False,,True,,,,,"{""values"": [0.19836187512933673, 0.3385643301563228], ""index"": [""committed"", ""totipotent""]}",0.9636638382160668,1.0,0.9640274797132148,1.0,0.9817564065567499,0.6533246768918249,9.307071834874156e-123,-0.58858056362678,2.906533049925292e-94,0.6495194743613358,6.882222840845469e-121,-0.6072310959834056,8.426899452857674e-102,0.5961033285458501,3.037158885610991e-97,0.6376281965200835,0.7809942476053305,0.45545545545545546,3
three_branches_True_0.1_0.9_50,False,,True,,,,,"{""values"": [0.19836187512933673, 0.3385643301563228], ""index"": [""committed"", ""totipotent""]}",0.9636638382160668,1.0,0.9640274797132148,1.0,0.9817564065567499,0.6533246768918249,9.307071834874156e-123,-0.58858056362678,2.906533049925292e-94,0.6495194743613358,6.882222840845469e-121,-0.6072310959834056,8.426899452857674e-102,0.5961033285458501,3.037158885610991e-97,0.6376281965200835,0.7809942476053305,0.45545545545545546,3
three_branches_True_0.1_0.9_70,False,,True,,,,,"{""values"": [0.19836187512933673, 0.3385643301563228], ""index"": [""committed"", ""totipotent""]}",0.9636638382160668,1.0,0.9640274797132148,1.0,0.9817564065567499,0.6533246768918249,9.307071834874156e-123,-0.58858056362678,2.906533049925292e-94,0.6495194743613358,6.882222840845469e-121,-0.6072310959834056,8.426899452857674e-102,0.5961033285458501,3.037158885610991e-97,0.6376281965200835,0.7809942476053305,0.45545545545545546,3
three_branches_False_0.3_0.9_10,False,,False,,,,,,0.9431428396617099,1.0,0.9314903480756959,1.0,0.9681417696167506,0.6621345117447538,3.4383888921770405e-127,-0.4473607512184605,2.2705409182062377e-50,0.7596251488821767,1.1210733376664334e-188,-0.4737263551385515,4.465372643025416e-57,0.4596429033349962,2.0186047645366473e-53,0.7407737957438422,0.8227325386004531,0.4310977644310978,3
three_branches_True_0.3_0.9_10,False,,True,,,,,"{""values"": [0.1326461510890181, 0.3232429165923375], ""index"": [""committed"", ""totipotent""]}",0.9631490914794716,1.0,0.9638529174428664,1.0,0.9815808373201417,0.6726009532503116,1.1759528913476839e-132,-0.4722131067203716,1.1241873517202712e-56,0.7689176201091759,4.38360884222734e-196,-0.5276141662887741,9.457830912788256e-73,0.5113786638645813,9.926970610748246e-68,0.741103742682563,0.8184053570037788,0.45512178845512175,3
three_branches_False_0.3_0.9_30,False,,False,,,,,,0.9431428396617099,1.0,0.9314903480756959,1.0,0.9681417696167506,0.6621345117447538,3.4383888921770405e-127,-0.4473607512184605,2.2705409182062377e-50,0.7596251488821767,1.1210733376664334e-188,-0.4737263551385515,4.465372643025416e-57,0.4596429033349962,2.0186047645366473e-53,0.7407737957438422,0.8227325386004531,0.4310977644310978,3
three_branches_False_0.3_0.9_50,False,,False,,,,,,0.9431428396617099,1.0,0.9314903480756959,1.0,0.9681417696167506,0.6621345117447538,3.4383888921770405e-127,-0.4473607512184605,2.2705409182062377e-50,0.7596251488821767,1.1210733376664334e-188,-0.4737263551385515,4.465372643025416e-57,0.4596429033349962,2.0186047645366473e-53,0.7407737957438422,0.8227325386004531,0.4310977644310978,3
three_branches_True_0.3_0.9_30,False,,True,,,,,"{""values"": [0.1326461510890181, 0.3232429165923375], ""index"": [""committed"", ""totipotent""]}",0.9631490914794716,1.0,0.9638529174428664,1.0,0.9815808373201417,0.6726009532503116,1.1759528913476839e-132,-0.4722131067203716,1.1241873517202712e-56,0.7689176201091759,4.38360884222734e-196,-0.5276141662887741,9.457830912788256e-73,0.5113786638645813,9.926970610748246e-68,0.741103742682563,0.8184053570037788,0.45512178845512175,3
three_branches_True_0.3_0.9_50,False,,True,,,,,"{""values"": [0.1326461510890181, 0.3232429165923375], ""index"": [""committed"", ""totipotent""]}",0.9631490914794716,1.0,0.9638529174428664,1.0,0.9815808373201417,0.6726009532503116,1.1759528913476839e-132,-0.4722131067203716,1.1241873517202712e-56,0.7689176201091759,4.38360884222734e-196,-0.5276141662887741,9.457830912788256e-73,0.5113786638645813,9.926970610748246e-68,0.741103742682563,0.8184053570037788,0.45512178845512175,3
three_branches_False_0.3_0.9_70,False,,False,,,,,,0.9431428396617099,1.0,0.9314903480756959,1.0,0.9681417696167506,0.6621345117447538,3.4383888921770405e-127,-0.4473607512184605,2.2705409182062377e-50,0.7596251488821767,1.1210733376664334e-188,-0.4737263551385515,4.465372643025416e-57,0.4596429033349962,2.0186047645366473e-53,0.7407737957438422,0.8227325386004531,0.4310977644310978,3
three_branches_True_0.3_0.9_70,False,,True,,,,,"{""values"": [0.1326461510890181, 0.3232429165923375], ""index"": [""committed"", ""totipotent""]}",0.9631490914794716,1.0,0.9638529174428664,1.0,0.9815808373201417,0.6726009532503116,1.1759528913476839e-132,-0.4722131067203716,1.1241873517202712e-56,0.7689176201091759,4.38360884222734e-196,-0.5276141662887741,9.457830912788256e-73,0.5113786638645813,9.926970610748246e-68,0.741103742682563,0.8184053570037788,0.45512178845512175,3
three_branches_False_0.9_0.3_10,False,,False,,,,,,0.9318251809385658,1.0,0.9531191040109875,1.0,0.9707790696238973,0.7284799037217773,3.9916793067463703e-166,-0.5551920054410979,6.240172375488845e-82,0.8566487990769935,4.0712055230571e-289,-0.6332359913301481,3.470920982650131e-113,0.608674413546917,2.0957488734642745e-102,0.7672000558296624,0.7694785891744799,0.41608274941608275,3
three_branches_False_0.9_0.3_30,False,,False,,,,,,0.9318251809385658,1.0,0.9531191040109875,1.0,0.9707790696238973,0.7284799037217773,3.9916793067463703e-166,-0.5551920054410979,6.240172375488845e-82,0.8566487990769935,4.0712055230571e-289,-0.6332359913301481,3.470920982650131e-113,0.608674413546917,2.0957488734642745e-102,0.7672000558296624,0.7694785891744799,0.41608274941608275,3
three_branches_True_0.9_0.3_10,False,,True,,,,,"{""values"": [0.05907618635442137, 0.34988706873519243], ""index"": [""committed"", ""totipotent""]}",0.964135670396829,1.0,0.9646091608357789,1.0,0.9820246364306933,0.7304972852677106,1.7241215317416583e-167,-0.559574546519701,1.8024214171555715e-83,0.8652279847341556,1.7001243531556496e-301,-0.664235528325488,2.8635891027499634e-128,0.6382851268974413,1.5914520601441273e-115,0.7675271705152549,0.7696666223988842,0.4559559559559559,3
three_branches_False_0.9_0.3_50,False,,False,,,,,,0.9318251809385658,1.0,0.9531191040109875,1.0,0.9707790696238973,0.7284799037217773,3.9916793067463703e-166,-0.5551920054410979,6.240172375488845e-82,0.8566487990769935,4.0712055230571e-289,-0.6332359913301481,3.470920982650131e-113,0.608674413546917,2.0957488734642745e-102,0.7672000558296624,0.7694785891744799,0.41608274941608275,3
three_branches_True_0.9_0.3_30,False,,True,,,,,"{""values"": [0.05907618635442137, 0.34988706873519243], ""index"": [""committed"", ""totipotent""]}",0.964135670396829,1.0,0.9646091608357789,1.0,0.9820246364306933,0.7304972852677106,1.7241215317416583e-167,-0.559574546519701,1.8024214171555715e-83,0.8652279847341556,1.7001243531556496e-301,-0.664235528325488,2.8635891027499634e-128,0.6382851268974413,1.5914520601441273e-115,0.7675271705152549,0.7696666223988842,0.4559559559559559,3
three_branches_True_0.9_0.3_50,False,,True,,,,,"{""values"": [0.05907618635442137, 0.34988706873519243], ""index"": [""committed"", ""totipotent""]}",0.964135670396829,1.0,0.9646091608357789,1.0,0.9820246364306933,0.7304972852677106,1.7241215317416583e-167,-0.559574546519701,1.8024214171555715e-83,0.8652279847341556,1.7001243531556496e-301,-0.664235528325488,2.8635891027499634e-128,0.6382851268974413,1.5914520601441273e-115,0.7675271705152549,0.7696666223988842,0.4559559559559559,3
three_branches_False_0.9_0.3_70,False,,False,,,,,,0.9318251809385658,1.0,0.9531191040109875,1.0,0.9707790696238973,0.7284799037217773,3.9916793067463703e-166,-0.5551920054410979,6.240172375488845e-82,0.8566487990769935,4.0712055230571e-289,-0.6332359913301481,3.470920982650131e-113,0.608674413546917,2.0957488734642745e-102,0.7672000558296624,0.7694785891744799,0.41608274941608275,3
three_branches_True_0.9_0.3_70,False,,True,,,,,"{""values"": [0.05907618635442137, 0.34988706873519243], ""index"": [""committed"", ""totipotent""]}",0.964135670396829,1.0,0.9646091608357789,1.0,0.9820246364306933,0.7304972852677106,1.7241215317416583e-167,-0.559574546519701,1.8024214171555715e-83,0.8652279847341556,1.7001243531556496e-301,-0.664235528325488,2.8635891027499634e-128,0.6382851268974413,1.5914520601441273e-115,0.7675271705152549,0.7696666223988842,0.4559559559559559,3
five_branches_False_0.3_0.3_10,True,,False,,,,,,,,,,,,,,,,,,,,,,,
five_branches_False_0.3_0.3_30,True,,False,,,,,,,,,,,,,,,,,,,,,,,
five_branches_True_0.3_0.3_10,False,,True,,,,,"{""values"": [0.05172559158642046, 0.31980685595832564, 0.3350008842667796], ""index"": [""committed"", ""multipotent"", ""totipotent""]}",0.9576744542041842,1.0,0.9632263940294647,1.0,0.9800236795324667,0.5302072166288007,1.4071930560826768e-73,-0.5480334133460073,1.8234597437999487e-79,0.6561988867049943,3.4603646080210754e-124,-0.4309888041117627,1.7127082274211825e-46,0.4657465863758714,5.5189287734023165e-55,0.6904254783331651,0.8096667160666371,0.33853853853853855,5
five_branches_False_0.3_0.3_50,True,,False,,,,,,,,,,,,,,,,,,,,,,,
five_branches_True_0.3_0.3_30,False,,True,,,,,"{""values"": [0.05172559158642046, 0.31980685595832564, 0.3350008842667796], ""index"": [""committed"", ""multipotent"", ""totipotent""]}",0.9576744542041842,1.0,0.9632263940294647,1.0,0.9800236795324667,0.5302072166288007,1.4071930560826768e-73,-0.5480334133460073,1.8234597437999487e-79,0.6561988867049943,3.4603646080210754e-124,-0.4309888041117627,1.7127082274211825e-46,0.4657465863758714,5.5189287734023165e-55,0.6904254783331651,0.8096667160666371,0.33853853853853855,5
five_branches_True_0.3_0.3_50,False,,True,,,,,"{""values"": [0.05172559158642046, 0.31980685595832564, 0.3350008842667796], ""index"": [""committed"", ""multipotent"", ""totipotent""]}",0.9576744542041842,1.0,0.9632263940294647,1.0,0.9800236795324667,0.5302072166288007,1.4071930560826768e-73,-0.5480334133460073,1.8234597437999487e-79,0.6561988867049943,3.4603646080210754e-124,-0.4309888041117627,1.7127082274211825e-46,0.4657465863758714,5.5189287734023165e-55,0.6904254783331651,0.8096667160666371,0.33853853853853855,5
five_branches_False_0.3_0.3_70,True,,False,,,,,,,,,,,,,,,,,,,,,,,
five_branches_True_0.3_0.3_70,False,,True,,,,,"{""values"": [0.05172559158642046, 0.31980685595832564, 0.3350008842667796], ""index"": [""committed"", ""multipotent"", ""totipotent""]}",0.9576744542041842,1.0,0.9632263940294647,1.0,0.9800236795324667,0.5302072166288007,1.4071930560826768e-73,-0.5480334133460073,1.8234597437999487e-79,0.6561988867049943,3.4603646080210754e-124,-0.4309888041117627,1.7127082274211825e-46,0.4657465863758714,5.5189287734023165e-55,0.6904254783331651,0.8096667160666371,0.33853853853853855,5
three_branches_False_0.1_0.5_10,False,,False,,,,,,0.935489817215298,1.0,0.9405838892547244,1.0,0.968521241515207,0.7920998438812351,3.471524778505213e-216,-0.6818411812332332,1.1327376578807295e-137,0.8629329711915661,4.20846619398425e-298,-0.8021480447721802,1.025760678480093e-225,0.7917797064568879,6.845888840185678e-216,0.7777150334834776,0.890280207000361,0.4230897564230897,3
three_branches_False_0.1_0.5_30,False,,False,,,,,,0.935489817215298,1.0,0.9405838892547244,1.0,0.968521241515207,0.7920998438812351,3.471524778505213e-216,-0.6818411812332332,1.1327376578807295e-137,0.8629329711915661,4.20846619398425e-298,-0.8021480447721802,1.025760678480093e-225,0.7917797064568879,6.845888840185678e-216,0.7777150334834776,0.890280207000361,0.4230897564230897,3
three_branches_True_0.1_0.5_10,False,,True,,,,,"{""values"": [0.07149377127368081, 0.3956475627437064], ""index"": [""committed"", ""totipotent""]}",0.962752544297771,1.0,0.9637087475527936,1.0,0.981443084071554,0.7921268952740115,3.277757169966116e-216,-0.6819165902493455,1.0290284378784469e-137,0.8631641003059439,1.928203100001105e-298,-0.8044184911432113,6.045232042497281e-228,0.7943964589360171,2.5675742970916145e-218,0.7777180515252762,0.8902776174604662,0.4559559559559559,3
three_branches_True_0.1_0.5_30,False,,True,,,,,"{""values"": [0.07149377127368081, 0.3956475627437064], ""index"": [""committed"", ""totipotent""]}",0.962752544297771,1.0,0.9637087475527936,1.0,0.981443084071554,0.7921268952740115,3.277757169966116e-216,-0.6819165902493455,1.0290284378784469e-137,0.8631641003059439,1.928203100001105e-298,-0.8044184911432113,6.045232042497281e-228,0.7943964589360171,2.5675742970916145e-218,0.7777180515252762,0.8902776174604662,0.4559559559559559,3
three_branches_False_0.1_0.5_50,False,,False,,,,,,0.935489817215298,1.0,0.9405838892547244,1.0,0.968521241515207,0.7920998438812351,3.471524778505213e-216,-0.6818411812332332,1.1327376578807295e-137,0.8629329711915661,4.20846619398425e-298,-0.8021480447721802,1.025760678480093e-225,0.7917797064568879,6.845888840185678e-216,0.7777150334834776,0.890280207000361,0.4230897564230897,3
three_branches_True_0.1_0.5_50,False,,True,,,,,"{""values"": [0.07149377127368081, 0.3956475627437064], ""index"": [""committed"", ""totipotent""]}",0.962752544297771,1.0,0.9637087475527936,1.0,0.981443084071554,0.7921268952740115,3.277757169966116e-216,-0.6819165902493455,1.0290284378784469e-137,0.8631641003059439,1.928203100001105e-298,-0.8044184911432113,6.045232042497281e-228,0.7943964589360171,2.5675742970916145e-218,0.7777180515252762,0.8902776174604662,0.4559559559559559,3
three_branches_False_0.1_0.5_70,False,,False,,,,,,0.935489817215298,1.0,0.9405838892547244,1.0,0.968521241515207,0.7920998438812351,3.471524778505213e-216,-0.6818411812332332,1.1327376578807295e-137,0.8629329711915661,4.20846619398425e-298,-0.8021480447721802,1.025760678480093e-225,0.7917797064568879,6.845888840185678e-216,0.7777150334834776,0.890280207000361,0.4230897564230897,3
three_branches_True_0.1_0.5_70,False,,True,,,,,"{""values"": [0.07149377127368081, 0.3956475627437064], ""index"": [""committed"", ""totipotent""]}",0.962752544297771,1.0,0.9637087475527936,1.0,0.981443084071554,0.7921268952740115,3.277757169966116e-216,-0.6819165902493455,1.0290284378784469e-137,0.8631641003059439,1.928203100001105e-298,-0.8044184911432113,6.045232042497281e-228,0.7943964589360171,2.5675742970916145e-218,0.7777180515252762,0.8902776174604662,0.4559559559559559,3
three_branches_False_0.5_0.9_10,False,,False,,,,,,0.9139523359955005,1.0,0.9106902488332485,1.0,0.955154351101071,0.8383183617052758,3.518076211385591e-265,-0.7907733934418381,5.742074491611698e-215,0.8627533741471487,7.710646434632098e-298,-0.8109572622646642,1.5583814722578009e-234,0.8024841211499396,4.817789685547283e-226,0.6321174160010685,0.8036960691321428,0.3960627293960628,3
three_branches_False_0.5_0.9_30,False,,False,,,,,,0.9139523359955005,1.0,0.9106902488332485,1.0,0.955154351101071,0.8383183617052758,3.518076211385591e-265,-0.7907733934418381,5.742074491611698e-215,0.8627533741471487,7.710646434632098e-298,-0.8109572622646642,1.5583814722578009e-234,0.8024841211499396,4.817789685547283e-226,0.6321174160010685,0.8036960691321428,0.3960627293960628,3
three_branches_True_0.5_0.9_10,False,,True,,,,,"{""values"": [0.12740922928394613, 0.2886833580679586], ""index"": [""committed"", ""totipotent""]}",0.9629176932863386,1.0,0.9635528643460126,1.0,0.981445478088859,0.8526619559697322,1.2324148374275915e-283,-0.8113812908025665,5.708793896341125e-235,0.8796127530664984,0.0,-0.8829216948075326,0.0,0.8742636260978075,1.713966946e-315,0.6364145207087525,0.8037074144752986,0.4552886219552886,3
three_branches_False_0.5_0.9_50,False,,False,,,,,,0.9139523359955005,1.0,0.9106902488332485,1.0,0.955154351101071,0.8383183617052758,3.518076211385591e-265,-0.7907733934418381,5.742074491611698e-215,0.8627533741471487,7.710646434632098e-298,-0.8109572622646642,1.5583814722578009e-234,0.8024841211499396,4.817789685547283e-226,0.6321174160010685,0.8036960691321428,0.3960627293960628,3
three_branches_True_0.5_0.9_30,False,,True,,,,,"{""values"": [0.12740922928394613, 0.2886833580679586], ""index"": [""committed"", ""totipotent""]}",0.9629176932863386,1.0,0.9635528643460126,1.0,0.981445478088859,0.8526619559697322,1.2324148374275915e-283,-0.8113812908025665,5.708793896341125e-235,0.8796127530664984,0.0,-0.8829216948075326,0.0,0.8742636260978075,1.713966946e-315,0.6364145207087525,0.8037074144752986,0.4552886219552886,3
three_branches_True_0.5_0.9_50,False,,True,,,,,"{""values"": [0.12740922928394613, 0.2886833580679586], ""index"": [""committed"", ""totipotent""]}",0.9629176932863386,1.0,0.9635528643460126,1.0,0.981445478088859,0.8526619559697322,1.2324148374275915e-283,-0.8113812908025665,5.708793896341125e-235,0.8796127530664984,0.0,-0.8829216948075326,0.0,0.8742636260978075,1.713966946e-315,0.6364145207087525,0.8037074144752986,0.4552886219552886,3
three_branches_False_0.5_0.9_70,False,,False,,,,,,0.9139523359955005,1.0,0.9106902488332485,1.0,0.955154351101071,0.8383183617052758,3.518076211385591e-265,-0.7907733934418381,5.742074491611698e-215,0.8627533741471487,7.710646434632098e-298,-0.8109572622646642,1.5583814722578009e-234,0.8024841211499396,4.817789685547283e-226,0.6321174160010685,0.8036960691321428,0.3960627293960628,3
three_branches_True_0.5_0.9_70,False,,True,,,,,"{""values"": [0.12740922928394613, 0.2886833580679586], ""index"": [""committed"", ""totipotent""]}",0.9629176932863386,1.0,0.9635528643460126,1.0,0.981445478088859,0.8526619559697322,1.2324148374275915e-283,-0.8113812908025665,5.708793896341125e-235,0.8796127530664984,0.0,-0.8829216948075326,0.0,0.8742636260978075,1.713966946e-315,0.6364145207087525,0.8037074144752986,0.4552886219552886,3
three_branches_False_0.7_0.9_10,False,,False,,,,,,0.8270813345219875,1.0,0.9070219197139227,1.0,0.9306609694374263,0.5149315207171856,8.339752174571883e-69,-0.46314854943577854,2.576932701705263e-54,0.5005866822305608,1.5395004609603774e-64,-0.5739792957375636,1.0737945648817784e-88,0.4972289538422266,1.4354130913475424e-63,0.6948043502982928,0.7343633317681103,0.29129129129129133,3
three_branches_False_0.7_0.9_30,False,,False,,,,,,0.8270813345219875,1.0,0.9070219197139227,1.0,0.9306609694374263,0.5149315207171856,8.339752174571883e-69,-0.46314854943577854,2.576932701705263e-54,0.5005866822305608,1.5395004609603774e-64,-0.5739792957375636,1.0737945648817784e-88,0.4972289538422266,1.4354130913475424e-63,0.6948043502982928,0.7343633317681103,0.29129129129129133,3
three_branches_True_0.7_0.9_10,False,,True,,,,,"{""values"": [0.10886738854204796, 0.27981792182474896], ""index"": [""committed"", ""totipotent""]}",0.9631518957583968,1.0,0.963154250188805,1.0,0.9814036238841191,0.8272418438729925,4.0040074930993756e-252,-0.725572806744718,3.516015385766506e-164,0.8782539907378945,5.04e-322,-0.7641426765299668,3.09838609467391e-192,0.75017535517458,1.755783506782256e-181,0.712426914051122,0.8317271950796774,0.45512178845512175,3
three_branches_False_0.7_0.9_50,False,,False,,,,,,0.8270813345219875,1.0,0.9070219197139227,1.0,0.9306609694374263,0.5149315207171856,8.339752174571883e-69,-0.46314854943577854,2.576932701705263e-54,0.5005866822305608,1.5395004609603774e-64,-0.5739792957375636,1.0737945648817784e-88,0.4972289538422266,1.4354130913475424e-63,0.6948043502982928,0.7343633317681103,0.29129129129129133,3
three_branches_True_0.7_0.9_30,False,,True,,,,,"{""values"": [0.10886738854204796, 0.27981792182474896], ""index"": [""committed"", ""totipotent""]}",0.9631518957583968,1.0,0.963154250188805,1.0,0.9814036238841191,0.8272418438729925,4.0040074930993756e-252,-0.725572806744718,3.516015385766506e-164,0.8782539907378945,5.04e-322,-0.7641426765299668,3.09838609467391e-192,0.75017535517458,1.755783506782256e-181,0.712426914051122,0.8317271950796774,0.45512178845512175,3
three_branches_True_0.7_0.9_50,False,,True,,,,,"{""values"": [0.10886738854204796, 0.27981792182474896], ""index"": [""committed"", ""totipotent""]}",0.9631518957583968,1.0,0.963154250188805,1.0,0.9814036238841191,0.8272418438729925,4.0040074930993756e-252,-0.725572806744718,3.516015385766506e-164,0.8782539907378945,5.04e-322,-0.7641426765299668,3.09838609467391e-192,0.75017535517458,1.755783506782256e-181,0.712426914051122,0.8317271950796774,0.45512178845512175,3
three_branches_False_0.7_0.9_70,False,,False,,,,,,0.8270813345219875,1.0,0.9070219197139227,1.0,0.9306609694374263,0.5149315207171856,8.339752174571883e-69,-0.46314854943577854,2.576932701705263e-54,0.5005866822305608,1.5395004609603774e-64,-0.5739792957375636,1.0737945648817784e-88,0.4972289538422266,1.4354130913475424e-63,0.6948043502982928,0.7343633317681103,0.29129129129129133,3
three_branches_True_0.7_0.9_70,False,,True,,,,,"{""values"": [0.10886738854204796, 0.27981792182474896], ""index"": [""committed"", ""totipotent""]}",0.9631518957583968,1.0,0.963154250188805,1.0,0.9814036238841191,0.8272418438729925,4.0040074930993756e-252,-0.725572806744718,3.516015385766506e-164,0.8782539907378945,5.04e-322,-0.7641426765299668,3.09838609467391e-192,0.75017535517458,1.755783506782256e-181,0.712426914051122,0.8317271950796774,0.45512178845512175,3
three_branches_False_0.3_0.5_50,False,,False,,,,,,0.8887012689036631,1.0,0.918991583162149,1.0,0.9506416403836111,0.7634835169618325,1.0359336106905973e-191,-0.6433750814978045,6.301327988861139e-118,0.8217402159131117,5.567932555666236e-246,-0.6255466287032633,1.0459827924130847e-109,0.6150079765999918,4.287947149094622e-105,0.675409778798092,0.7560976101141921,0.36736736736736736,3
three_branches_False_0.3_0.5_70,False,,False,,,,,,0.8887012689036631,1.0,0.918991583162149,1.0,0.9506416403836111,0.7634835169618325,1.0359336106905973e-191,-0.6433750814978045,6.301327988861139e-118,0.8217402159131117,5.567932555666236e-246,-0.6255466287032633,1.0459827924130847e-109,0.6150079765999918,4.287947149094622e-105,0.675409778798092,0.7560976101141921,0.36736736736736736,3
three_branches_False_0.3_0.5_10,False,,False,,,,,,0.8887012689036631,1.0,0.918991583162149,1.0,0.9506416403836111,0.7634835169618325,1.0359336106905973e-191,-0.6433750814978045,6.301327988861139e-118,0.8217402159131117,5.567932555666236e-246,-0.6255466287032633,1.0459827924130847e-109,0.6150079765999918,4.287947149094622e-105,0.675409778798092,0.7560976101141921,0.36736736736736736,3
three_branches_True_0.3_0.5_50,False,,True,,,,,"{""values"": [0.10857729422128923, 0.3085416453383872], ""index"": [""committed"", ""totipotent""]}",0.9631214327963175,1.0,0.9628954605976872,1.0,0.9813299343589234,0.7974466370929743,3.4423301979744977e-221,-0.6977783342369389,8.936686267965107e-147,0.8767868999184438,1.35236e-319,-0.7656283695826279,2.0105152322243755e-193,0.7553580515612159,2.183793452259302e-185,0.681119898284725,0.7621194401288385,0.45578912245578906,3
three_branches_True_0.3_0.5_70,False,,True,,,,,"{""values"": [0.10857729422128923, 0.3085416453383872], ""index"": [""committed"", ""totipotent""]}",0.9631214327963175,1.0,0.9628954605976872,1.0,0.9813299343589234,0.7974466370929743,3.4423301979744977e-221,-0.6977783342369389,8.936686267965107e-147,0.8767868999184438,1.35236e-319,-0.7656283695826279,2.0105152322243755e-193,0.7553580515612159,2.183793452259302e-185,0.681119898284725,0.7621194401288385,0.45578912245578906,3
three_branches_True_0.3_0.5_10,False,,True,,,,,"{""values"": [0.10857729422128923, 0.3085416453383872], ""index"": [""committed"", ""totipotent""]}",0.9631214327963175,1.0,0.9628954605976872,1.0,0.9813299343589234,0.7974466370929743,3.4423301979744977e-221,-0.6977783342369389,8.936686267965107e-147,0.8767868999184438,1.35236e-319,-0.7656283695826279,2.0105152322243755e-193,0.7553580515612159,2.183793452259302e-185,0.681119898284725,0.7621194401288385,0.45578912245578906,3
three_branches_False_0.3_0.5_30,False,,False,,,,,,0.8887012689036631,1.0,0.918991583162149,1.0,0.9506416403836111,0.7634835169618325,1.0359336106905973e-191,-0.6433750814978045,6.301327988861139e-118,0.8217402159131117,5.567932555666236e-246,-0.6255466287032633,1.0459827924130847e-109,0.6150079765999918,4.287947149094622e-105,0.675409778798092,0.7560976101141921,0.36736736736736736,3
three_branches_True_0.3_0.5_30,False,,True,,,,,"{""values"": [0.10857729422128923, 0.3085416453383872], ""index"": [""committed"", ""totipotent""]}",0.9631214327963175,1.0,0.9628954605976872,1.0,0.9813299343589234,0.7974466370929743,3.4423301979744977e-221,-0.6977783342369389,8.936686267965107e-147,0.8767868999184438,1.35236e-319,-0.7656283695826279,2.0105152322243755e-193,0.7553580515612159,2.183793452259302e-185,0.681119898284725,0.7621194401288385,0.45578912245578906,3
five_branches_False_0.7_0.7_10,False,,False,,,,,,0.3563434048939583,1.0,0.9815687071494796,0.4,0.6115927877067551,0.21273821687510336,1.0688763603001537e-11,-0.7040066322157559,1.6909297703910956e-150,0.46290927574080293,2.9679035035611787e-54,-0.8946327533463003,0.0,0.8957312090514219,0.0,0.8838092586259997,0.9662579072239912,0.37012012012012013,2
five_branches_False_0.7_0.7_30,False,,False,,,,,,0.3563434048939583,1.0,0.9815687071494796,0.4,0.6115927877067551,0.21273821687510336,1.0688763603001537e-11,-0.7040066322157559,1.6909297703910956e-150,0.46290927574080293,2.9679035035611787e-54,-0.8946327533463003,0.0,0.8957312090514219,0.0,0.8838092586259997,0.9662579072239912,0.37012012012012013,2
five_branches_False_0.7_0.7_50,False,,False,,,,,,0.3563434048939583,1.0,0.9815687071494796,0.4,0.6115927877067551,0.21273821687510336,1.0688763603001537e-11,-0.7040066322157559,1.6909297703910956e-150,0.46290927574080293,2.9679035035611787e-54,-0.8946327533463003,0.0,0.8957312090514219,0.0,0.8838092586259997,0.9662579072239912,0.37012012012012013,2
five_branches_True_0.7_0.7_10,False,,True,,,,,"{""values"": [0.14505713104962178, 0.2900551373216275, 0.31421268416770426], ""index"": [""committed"", ""multipotent"", ""totipotent""]}",0.9572439897156799,1.0,0.9628397949483055,1.0,0.9798151944540325,0.7273593034537637,2.258608268872106e-165,-0.6463445245360463,2.3804148151911177e-119,0.7826925417527137,9.903514122381816e-208,-0.6724720307562663,1.377488875889903e-132,0.6131902771917989,2.5719283083539635e-104,0.6122248645731264,0.6982997075526082,0.3396396396396396,5
five_branches_True_0.7_0.7_30,False,,True,,,,,"{""values"": [0.14505713104962178, 0.2900551373216275, 0.31421268416770426], ""index"": [""committed"", ""multipotent"", ""totipotent""]}",0.9572439897156799,1.0,0.9628397949483055,1.0,0.9798151944540325,0.7273593034537637,2.258608268872106e-165,-0.6463445245360463,2.3804148151911177e-119,0.7826925417527137,9.903514122381816e-208,-0.6724720307562663,1.377488875889903e-132,0.6131902771917989,2.5719283083539635e-104,0.6122248645731264,0.6982997075526082,0.3396396396396396,5
five_branches_True_0.7_0.7_50,False,,True,,,,,"{""values"": [0.14505713104962178, 0.2900551373216275, 0.31421268416770426], ""index"": [""committed"", ""multipotent"", ""totipotent""]}",0.9572439897156799,1.0,0.9628397949483055,1.0,0.9798151944540325,0.7273593034537637,2.258608268872106e-165,-0.6463445245360463,2.3804148151911177e-119,0.7826925417527137,9.903514122381816e-208,-0.6724720307562663,1.377488875889903e-132,0.6131902771917989,2.5719283083539635e-104,0.6122248645731264,0.6982997075526082,0.3396396396396396,5
five_branches_False_0.7_0.7_70,False,,False,,,,,,0.3563434048939583,1.0,0.9815687071494796,0.4,0.6115927877067551,0.21273821687510336,1.0688763603001537e-11,-0.7040066322157559,1.6909297703910956e-150,0.46290927574080293,2.9679035035611787e-54,-0.8946327533463003,0.0,0.8957312090514219,0.0,0.8838092586259997,0.9662579072239912,0.37012012012012013,2
five_branches_True_0.7_0.7_70,False,,True,,,,,"{""values"": [0.14505713104962178, 0.2900551373216275, 0.31421268416770426], ""index"": [""committed"", ""multipotent"", ""totipotent""]}",0.9572439897156799,1.0,0.9628397949483055,1.0,0.9798151944540325,0.7273593034537637,2.258608268872106e-165,-0.6463445245360463,2.3804148151911177e-119,0.7826925417527137,9.903514122381816e-208,-0.6724720307562663,1.377488875889903e-132,0.6131902771917989,2.5719283083539635e-104,0.6122248645731264,0.6982997075526082,0.3396396396396396,5
three_branches_False_0.1_0.7_10,False,,False,,,,,,0.8811770531630665,1.0,0.9362423609335223,1.0,0.9530438135326748,0.6851606205504857,1.6085278244847642e-139,-0.7822258810318546,2.5362702053931418e-207,0.7514467378394543,1.9743236298706682e-182,-0.8058960382787949,2.0634700055837863e-229,0.8026257069025674,3.502604733773905e-226,0.767107268663684,0.9261855140066487,0.3575241908575242,3
three_branches_False_0.1_0.7_30,False,,False,,,,,,0.8811770531630665,1.0,0.9362423609335223,1.0,0.9530438135326748,0.6851606205504857,1.6085278244847642e-139,-0.7822258810318546,2.5362702053931418e-207,0.7514467378394543,1.9743236298706682e-182,-0.8058960382787949,2.0634700055837863e-229,0.8026257069025674,3.502604733773905e-226,0.767107268663684,0.9261855140066487,0.3575241908575242,3
three_branches_False_0.1_0.7_50,False,,False,,,,,,0.8811770531630665,1.0,0.9362423609335223,1.0,0.9530438135326748,0.6851606205504857,1.6085278244847642e-139,-0.7822258810318546,2.5362702053931418e-207,0.7514467378394543,1.9743236298706682e-182,-0.8058960382787949,2.0634700055837863e-229,0.8026257069025674,3.502604733773905e-226,0.767107268663684,0.9261855140066487,0.3575241908575242,3
three_branches_True_0.1_0.7_10,False,,True,,,,,"{""values"": [0.21029441493215031, 0.37227660669668666], ""index"": [""committed"", ""totipotent""]}",0.9634196367094288,1.0,0.9642068984595865,1.0,0.9817398775659122,0.6857796354532343,7.2297644056635865e-140,-0.7883896018065706,8.449523211983192e-213,0.7645172356876386,1.5577601484276678e-192,-0.8328423357281874,1.3211773055973026e-258,0.8294301605049933,1.2534559699556123e-254,0.775645788196603,0.9271319585887761,0.45545545545545546,3
three_branches_True_0.1_0.7_30,False,,True,,,,,"{""values"": [0.21029441493215031, 0.37227660669668666], ""index"": [""committed"", ""totipotent""]}",0.9634196367094288,1.0,0.9642068984595865,1.0,0.9817398775659122,0.6857796354532343,7.2297644056635865e-140,-0.7883896018065706,8.449523211983192e-213,0.7645172356876386,1.5577601484276678e-192,-0.8328423357281874,1.3211773055973026e-258,0.8294301605049933,1.2534559699556123e-254,0.775645788196603,0.9271319585887761,0.45545545545545546,3
three_branches_True_0.1_0.7_50,False,,True,,,,,"{""values"": [0.21029441493215031, 0.37227660669668666], ""index"": [""committed"", ""totipotent""]}",0.9634196367094288,1.0,0.9642068984595865,1.0,0.9817398775659122,0.6857796354532343,7.2297644056635865e-140,-0.7883896018065706,8.449523211983192e-213,0.7645172356876386,1.5577601484276678e-192,-0.8328423357281874,1.3211773055973026e-258,0.8294301605049933,1.2534559699556123e-254,0.775645788196603,0.9271319585887761,0.45545545545545546,3
three_branches_False_0.1_0.7_70,False,,False,,,,,,0.8811770531630665,1.0,0.9362423609335223,1.0,0.9530438135326748,0.6851606205504857,1.6085278244847642e-139,-0.7822258810318546,2.5362702053931418e-207,0.7514467378394543,1.9743236298706682e-182,-0.8058960382787949,2.0634700055837863e-229,0.8026257069025674,3.502604733773905e-226,0.767107268663684,0.9261855140066487,0.3575241908575242,3
three_branches_True_0.1_0.7_70,False,,True,,,,,"{""values"": [0.21029441493215031, 0.37227660669668666], ""index"": [""committed"", ""totipotent""]}",0.9634196367094288,1.0,0.9642068984595865,1.0,0.9817398775659122,0.6857796354532343,7.2297644056635865e-140,-0.7883896018065706,8.449523211983192e-213,0.7645172356876386,1.5577601484276678e-192,-0.8328423357281874,1.3211773055973026e-258,0.8294301605049933,1.2534559699556123e-254,0.775645788196603,0.9271319585887761,0.45545545545545546,3
five_branches_False_0.3_0.7_10,False,,False,,,,,,0.9573709680247131,0.9333333333333333,0.969651282112266,1.0,0.9647907956589876,0.7786043015710614,3.464794578161032e-204,-0.6339605333734026,1.6126068803710985e-113,0.8124399986354968,4.6002357114837135e-236,-0.6458147622447361,4.281998335643518e-119,0.63275942928863,5.74028704328434e-113,0.6871491427450224,0.8600110354870013,0.37462462462462465,4
five_branches_False_0.3_0.7_30,False,,False,,,,,,0.9573709680247131,0.9333333333333333,0.969651282112266,1.0,0.9647907956589876,0.7786043015710614,3.464794578161032e-204,-0.6339605333734026,1.6126068803710985e-113,0.8124399986354968,4.6002357114837135e-236,-0.6458147622447361,4.281998335643518e-119,0.63275942928863,5.74028704328434e-113,0.6871491427450224,0.8600110354870013,0.37462462462462465,4
five_branches_True_0.3_0.7_30,False,,True,,,,,"{""values"": [0.09385932313100927, 0.2448910157754505, 0.21215652102346702], ""index"": [""committed"", ""multipotent"", ""totipotent""]}",0.9576812688235516,1.0,0.9628356786783827,1.0,0.97992602542671,0.7397210199305261,6.859211577860263e-174,-0.6599044517992321,4.704983717664732e-126,0.7948510234739913,9.649628445445638e-219,-0.6822680692631047,6.57490384385704e-138,0.675714217106577,2.516468043975719e-134,0.6219238374885993,0.7322984914999172,0.33943943943943944,5
five_branches_False_0.3_0.7_50,False,,False,,,,,,0.9573709680247131,0.9333333333333333,0.969651282112266,1.0,0.9647907956589876,0.7786043015710614,3.464794578161032e-204,-0.6339605333734026,1.6126068803710985e-113,0.8124399986354968,4.6002357114837135e-236,-0.6458147622447361,4.281998335643518e-119,0.63275942928863,5.74028704328434e-113,0.6871491427450224,0.8600110354870013,0.37462462462462465,4
five_branches_True_0.3_0.7_10,False,,True,,,,,"{""values"": [0.09385932313100927, 0.2448910157754505, 0.21215652102346702], ""index"": [""committed"", ""multipotent"", ""totipotent""]}",0.9576812688235516,1.0,0.9628356786783827,1.0,0.97992602542671,0.7397210199305261,6.859211577860263e-174,-0.6599044517992321,4.704983717664732e-126,0.7948510234739913,9.649628445445638e-219,-0.6822680692631047,6.57490384385704e-138,0.675714217106577,2.516468043975719e-134,0.6219238374885993,0.7322984914999172,0.33943943943943944,5
five_branches_True_0.3_0.7_50,False,,True,,,,,"{""values"": [0.09385932313100927, 0.2448910157754505, 0.21215652102346702], ""index"": [""committed"", ""multipotent"", ""totipotent""]}",0.9576812688235516,1.0,0.9628356786783827,1.0,0.97992602542671,0.7397210199305261,6.859211577860263e-174,-0.6599044517992321,4.704983717664732e-126,0.7948510234739913,9.649628445445638e-219,-0.6822680692631047,6.57490384385704e-138,0.675714217106577,2.516468043975719e-134,0.6219238374885993,0.7322984914999172,0.33943943943943944,5
five_branches_False_0.3_0.7_70,False,,False,,,,,,0.9573709680247131,0.9333333333333333,0.969651282112266,1.0,0.9647907956589876,0.7786043015710614,3.464794578161032e-204,-0.6339605333734026,1.6126068803710985e-113,0.8124399986354968,4.6002357114837135e-236,-0.6458147622447361,4.281998335643518e-119,0.63275942928863,5.74028704328434e-113,0.6871491427450224,0.8600110354870013,0.37462462462462465,4
five_branches_True_0.3_0.7_70,False,,True,,,,,"{""values"": [0.09385932313100927, 0.2448910157754505, 0.21215652102346702], ""index"": [""committed"", ""multipotent"", ""totipotent""]}",0.9576812688235516,1.0,0.9628356786783827,1.0,0.97992602542671,0.7397210199305261,6.859211577860263e-174,-0.6599044517992321,4.704983717664732e-126,0.7948510234739913,9.649628445445638e-219,-0.6822680692631047,6.57490384385704e-138,0.675714217106577,2.516468043975719e-134,0.6219238374885993,0.7322984914999172,0.33943943943943944,5
five_branches_False_0.3_0.9_10,False,,False,,,,,,0.9550519557218754,0.9166666666666666,0.9396580268770753,1.0,0.9523620174500668,0.6773443286998487,3.2987394966822044e-135,-0.7403856337951398,2.315165457937246e-174,0.7949637024623596,7.56816465230105e-219,-0.7390963720828313,1.897950040627629e-173,0.7089212091063606,1.6626760204601154e-153,0.6045104396146449,0.7931921886383435,0.36661661661661665,4
five_branches_False_0.3_0.9_30,False,,False,,,,,,0.9550519557218754,0.9166666666666666,0.9396580268770753,1.0,0.9523620174500668,0.6773443286998487,3.2987394966822044e-135,-0.7403856337951398,2.315165457937246e-174,0.7949637024623596,7.56816465230105e-219,-0.7390963720828313,1.897950040627629e-173,0.7089212091063606,1.6626760204601154e-153,0.6045104396146449,0.7931921886383435,0.36661661661661665,4
five_branches_True_0.3_0.9_10,False,,True,,,,,"{""values"": [0.14123255089968242, 0.31202051738891556, 0.44270887898891376], ""index"": [""committed"", ""multipotent"", ""totipotent""]}",0.9578800645196649,1.0,0.9625438816878711,1.0,0.9799026183955952,0.5879947411045467,4.923029075105581e-94,-0.7613073214976714,5.417968558658886e-190,0.785524967361207,3.1262896792289654e-210,-0.7696273397528621,1.1527966251997934e-196,0.7006275228094317,1.8198920880950374e-148,0.612580442059105,0.7574140804912209,0.3379379379379379,5
five_branches_False_0.3_0.9_50,False,,False,,,,,,0.9550519557218754,0.9166666666666666,0.9396580268770753,1.0,0.9523620174500668,0.6773443286998487,3.2987394966822044e-135,-0.7403856337951398,2.315165457937246e-174,0.7949637024623596,7.56816465230105e-219,-0.7390963720828313,1.897950040627629e-173,0.7089212091063606,1.6626760204601154e-153,0.6045104396146449,0.7931921886383435,0.36661661661661665,4
five_branches_True_0.3_0.9_30,False,,True,,,,,"{""values"": [0.14123255089968242, 0.31202051738891556, 0.44270887898891376], ""index"": [""committed"", ""multipotent"", ""totipotent""]}",0.9578800645196649,1.0,0.9625438816878711,1.0,0.9799026183955952,0.5879947411045467,4.923029075105581e-94,-0.7613073214976714,5.417968558658886e-190,0.785524967361207,3.1262896792289654e-210,-0.7696273397528621,1.1527966251997934e-196,0.7006275228094317,1.8198920880950374e-148,0.612580442059105,0.7574140804912209,0.3379379379379379,5
five_branches_True_0.3_0.9_50,False,,True,,,,,"{""values"": [0.14123255089968242, 0.31202051738891556, 0.44270887898891376], ""index"": [""committed"", ""multipotent"", ""totipotent""]}",0.9578800645196649,1.0,0.9625438816878711,1.0,0.9799026183955952,0.5879947411045467,4.923029075105581e-94,-0.7613073214976714,5.417968558658886e-190,0.785524967361207,3.1262896792289654e-210,-0.7696273397528621,1.1527966251997934e-196,0.7006275228094317,1.8198920880950374e-148,0.612580442059105,0.7574140804912209,0.3379379379379379,5
five_branches_False_0.3_0.9_70,False,,False,,,,,,0.9550519557218754,0.9166666666666666,0.9396580268770753,1.0,0.9523620174500668,0.6773443286998487,3.2987394966822044e-135,-0.7403856337951398,2.315165457937246e-174,0.7949637024623596,7.56816465230105e-219,-0.7390963720828313,1.897950040627629e-173,0.7089212091063606,1.6626760204601154e-153,0.6045104396146449,0.7931921886383435,0.36661661661661665,4
five_branches_True_0.3_0.9_70,False,,True,,,,,"{""values"": [0.14123255089968242, 0.31202051738891556, 0.44270887898891376], ""index"": [""committed"", ""multipotent"", ""totipotent""]}",0.9578800645196649,1.0,0.9625438816878711,1.0,0.9799026183955952,0.5879947411045467,4.923029075105581e-94,-0.7613073214976714,5.417968558658886e-190,0.785524967361207,3.1262896792289654e-210,-0.7696273397528621,1.1527966251997934e-196,0.7006275228094317,1.8198920880950374e-148,0.612580442059105,0.7574140804912209,0.3379379379379379,5
three_branches_False_0.9_0.7_10,False,,False,,,,,,0.9645601857332083,1.0,0.9643261121583641,1.0,0.9820606609800034,0.7160987177609005,5.175856832819594e-158,-0.5825218302812334,6.424939577086745e-92,0.8171297927842478,5.4035993640980204e-241,-0.6137695079131366,1.4550849462473068e-104,0.5739148921966887,1.1346478834316264e-88,0.7819743658930961,0.8695805248001036,0.45562228895562223,3
three_branches_False_0.9_0.7_30,False,,False,,,,,,0.9645601857332083,1.0,0.9643261121583641,1.0,0.9820606609800034,0.7160987177609005,5.175856832819594e-158,-0.5825218302812334,6.424939577086745e-92,0.8171297927842478,5.4035993640980204e-241,-0.6137695079131366,1.4550849462473068e-104,0.5739148921966887,1.1346478834316264e-88,0.7819743658930961,0.8695805248001036,0.45562228895562223,3
three_branches_True_0.9_0.7_10,False,,True,,,,,"{""values"": [0.07289044162489385, 0.3740450320851341], ""index"": [""committed"", ""totipotent""]}",0.9645601857332083,1.0,0.9643261121583641,1.0,0.9820606609800034,0.7187026158548845,1.1070329866280774e-159,-0.5862274134799543,2.397893367582323e-93,0.8189648248570041,5.818809637723412e-243,-0.6328843467965325,5.031528161177492e-113,0.5918708154715848,1.476617163739323e-95,0.7824216947837195,0.8696074377724643,0.45562228895562223,3
three_branches_False_0.9_0.7_50,False,,False,,,,,,0.9645601857332083,1.0,0.9643261121583641,1.0,0.9820606609800034,0.7160987177609005,5.175856832819594e-158,-0.5825218302812334,6.424939577086745e-92,0.8171297927842478,5.4035993640980204e-241,-0.6137695079131366,1.4550849462473068e-104,0.5739148921966887,1.1346478834316264e-88,0.7819743658930961,0.8695805248001036,0.45562228895562223,3
three_branches_True_0.9_0.7_30,False,,True,,,,,"{""values"": [0.07289044162489385, 0.3740450320851341], ""index"": [""committed"", ""totipotent""]}",0.9645601857332083,1.0,0.9643261121583641,1.0,0.9820606609800034,0.7187026158548845,1.1070329866280774e-159,-0.5862274134799543,2.397893367582323e-93,0.8189648248570041,5.818809637723412e-243,-0.6328843467965325,5.031528161177492e-113,0.5918708154715848,1.476617163739323e-95,0.7824216947837195,0.8696074377724643,0.45562228895562223,3
three_branches_True_0.9_0.7_50,False,,True,,,,,"{""values"": [0.07289044162489385, 0.3740450320851341], ""index"": [""committed"", ""totipotent""]}",0.9645601857332083,1.0,0.9643261121583641,1.0,0.9820606609800034,0.7187026158548845,1.1070329866280774e-159,-0.5862274134799543,2.397893367582323e-93,0.8189648248570041,5.818809637723412e-243,-0.6328843467965325,5.031528161177492e-113,0.5918708154715848,1.476617163739323e-95,0.7824216947837195,0.8696074377724643,0.45562228895562223,3
three_branches_False_0.9_0.7_70,False,,False,,,,,,0.9645601857332083,1.0,0.9643261121583641,1.0,0.9820606609800034,0.7160987177609005,5.175856832819594e-158,-0.5825218302812334,6.424939577086745e-92,0.8171297927842478,5.4035993640980204e-241,-0.6137695079131366,1.4550849462473068e-104,0.5739148921966887,1.1346478834316264e-88,0.7819743658930961,0.8695805248001036,0.45562228895562223,3
three_branches_True_0.9_0.7_70,False,,True,,,,,"{""values"": [0.07289044162489385, 0.3740450320851341], ""index"": [""committed"", ""totipotent""]}",0.9645601857332083,1.0,0.9643261121583641,1.0,0.9820606609800034,0.7187026158548845,1.1070329866280774e-159,-0.5862274134799543,2.397893367582323e-93,0.8189648248570041,5.818809637723412e-243,-0.6328843467965325,5.031528161177492e-113,0.5918708154715848,1.476617163739323e-95,0.7824216947837195,0.8696074377724643,0.45562228895562223,3
five_branches_False_0.5_0.3_10,False,,False,,,,,,0.9337410578994918,0.9333333333333333,0.9643133311190206,1.0,0.9574593636509563,0.5389864335743181,1.9630618822822474e-76,-0.5654171494744681,1.4709936709885414e-85,0.6088333021873783,1.797301945785999e-102,-0.6220084763437015,3.8711430894675405e-108,0.5913855058733523,2.2965997414946175e-95,0.7764614494742199,0.8719048699658716,0.35372872872872874,4
five_branches_False_0.5_0.3_30,False,,False,,,,,,0.9337410578994918,0.9333333333333333,0.9643133311190206,1.0,0.9574593636509563,0.5389864335743181,1.9630618822822474e-76,-0.5654171494744681,1.4709936709885414e-85,0.6088333021873783,1.797301945785999e-102,-0.6220084763437015,3.8711430894675405e-108,0.5913855058733523,2.2965997414946175e-95,0.7764614494742199,0.8719048699658716,0.35372872872872874,4
five_branches_True_0.5_0.3_10,False,,True,,,,,"{""values"": [0.11241181776193243, 0.20394674438751598, 0.4276565168327716], ""index"": [""committed"", ""multipotent"", ""totipotent""]}",0.9577222904831393,1.0,0.9621639492221536,1.0,0.9797655591536801,0.495867277867058,3.5246454561341313e-63,-0.6143416187353825,8.280432568328379e-105,0.5892399680121718,1.6040290425956016e-94,-0.6802585003718886,8.442450012765041e-137,0.640748987342786,1.1081270764932595e-116,0.744179941024988,0.8312236591835954,0.3393393393393393,5
five_branches_False_0.5_0.3_50,False,,False,,,,,,0.9337410578994918,0.9333333333333333,0.9643133311190206,1.0,0.9574593636509563,0.5389864335743181,1.9630618822822474e-76,-0.5654171494744681,1.4709936709885414e-85,0.6088333021873783,1.797301945785999e-102,-0.6220084763437015,3.8711430894675405e-108,0.5913855058733523,2.2965997414946175e-95,0.7764614494742199,0.8719048699658716,0.35372872872872874,4
five_branches_True_0.5_0.3_30,False,,True,,,,,"{""values"": [0.11241181776193243, 0.20394674438751598, 0.4276565168327716], ""index"": [""committed"", ""multipotent"", ""totipotent""]}",0.9577222904831393,1.0,0.9621639492221536,1.0,0.9797655591536801,0.495867277867058,3.5246454561341313e-63,-0.6143416187353825,8.280432568328379e-105,0.5892399680121718,1.6040290425956016e-94,-0.6802585003718886,8.442450012765041e-137,0.640748987342786,1.1081270764932595e-116,0.744179941024988,0.8312236591835954,0.3393393393393393,5
five_branches_True_0.5_0.3_50,False,,True,,,,,"{""values"": [0.11241181776193243, 0.20394674438751598, 0.4276565168327716], ""index"": [""committed"", ""multipotent"", ""totipotent""]}",0.9577222904831393,1.0,0.9621639492221536,1.0,0.9797655591536801,0.495867277867058,3.5246454561341313e-63,-0.6143416187353825,8.280432568328379e-105,0.5892399680121718,1.6040290425956016e-94,-0.6802585003718886,8.442450012765041e-137,0.640748987342786,1.1081270764932595e-116,0.744179941024988,0.8312236591835954,0.3393393393393393,5
five_branches_False_0.5_0.3_70,False,,False,,,,,,0.9337410578994918,0.9333333333333333,0.9643133311190206,1.0,0.9574593636509563,0.5389864335743181,1.9630618822822474e-76,-0.5654171494744681,1.4709936709885414e-85,0.6088333021873783,1.797301945785999e-102,-0.6220084763437015,3.8711430894675405e-108,0.5913855058733523,2.2965997414946175e-95,0.7764614494742199,0.8719048699658716,0.35372872872872874,4
five_branches_True_0.5_0.3_70,False,,True,,,,,"{""values"": [0.11241181776193243, 0.20394674438751598, 0.4276565168327716], ""index"": [""committed"", ""multipotent"", ""totipotent""]}",0.9577222904831393,1.0,0.9621639492221536,1.0,0.9797655591536801,0.495867277867058,3.5246454561341313e-63,-0.6143416187353825,8.280432568328379e-105,0.5892399680121718,1.6040290425956016e-94,-0.6802585003718886,8.442450012765041e-137,0.640748987342786,1.1081270764932595e-116,0.744179941024988,0.8312236591835954,0.3393393393393393,5
five_branches_False_0.1_0.3_10,False,,False,,,,,,0.7640861536859502,0.8666666666666667,0.9687479577225331,0.8,0.8463963902206066,0.4616536984675758,6.216791427684811e-54,-0.28385810618797785,5.48126314999514e-20,0.4609576616845535,9.354130024378323e-54,-0.3833552224566873,2.3420509150049867e-36,0.3693420486679596,1.1187529257512632e-33,0.703125750098975,0.8188897860016627,0.34947447447447444,4
five_branches_False_0.1_0.3_30,False,,False,,,,,,0.7640861536859502,0.8666666666666667,0.9687479577225331,0.8,0.8463963902206066,0.4616536984675758,6.216791427684811e-54,-0.28385810618797785,5.48126314999514e-20,0.4609576616845535,9.354130024378323e-54,-0.3833552224566873,2.3420509150049867e-36,0.3693420486679596,1.1187529257512632e-33,0.703125750098975,0.8188897860016627,0.34947447447447444,4
five_branches_True_0.1_0.3_10,False,,True,,,,,"{""values"": [0.11094981778849103, 0.3003686825781542, 0.3786875231223574], ""index"": [""committed"", ""multipotent"", ""totipotent""]}",0.9573271617729766,1.0,0.9632586662910123,1.0,0.9799430260641301,0.4161696442626276,3.668774756643003e-43,-0.353874374622807,7.181345049852502e-31,0.4512055297078575,2.596545404337838e-51,-0.4543501671536944,4.316625219587508e-52,0.44289856410890727,2.7168728376988367e-49,0.708144826126606,0.8008693059813008,0.33913913913913907,5
five_branches_False_0.1_0.3_50,False,,False,,,,,,0.7640861536859502,0.8666666666666667,0.9687479577225331,0.8,0.8463963902206066,0.4616536984675758,6.216791427684811e-54,-0.28385810618797785,5.48126314999514e-20,0.4609576616845535,9.354130024378323e-54,-0.3833552224566873,2.3420509150049867e-36,0.3693420486679596,1.1187529257512632e-33,0.703125750098975,0.8188897860016627,0.34947447447447444,4
five_branches_True_0.1_0.3_30,False,,True,,,,,"{""values"": [0.11094981778849103, 0.3003686825781542, 0.3786875231223574], ""index"": [""committed"", ""multipotent"", ""totipotent""]}",0.9573271617729766,1.0,0.9632586662910123,1.0,0.9799430260641301,0.4161696442626276,3.668774756643003e-43,-0.353874374622807,7.181345049852502e-31,0.4512055297078575,2.596545404337838e-51,-0.4543501671536944,4.316625219587508e-52,0.44289856410890727,2.7168728376988367e-49,0.708144826126606,0.8008693059813008,0.33913913913913907,5
five_branches_True_0.1_0.3_50,False,,True,,,,,"{""values"": [0.11094981778849103, 0.3003686825781542, 0.3786875231223574], ""index"": [""committed"", ""multipotent"", ""totipotent""]}",0.9573271617729766,1.0,0.9632586662910123,1.0,0.9799430260641301,0.4161696442626276,3.668774756643003e-43,-0.353874374622807,7.181345049852502e-31,0.4512055297078575,2.596545404337838e-51,-0.4543501671536944,4.316625219587508e-52,0.44289856410890727,2.7168728376988367e-49,0.708144826126606,0.8008693059813008,0.33913913913913907,5
five_branches_False_0.1_0.3_70,False,,False,,,,,,0.7640861536859502,0.8666666666666667,0.9687479577225331,0.8,0.8463963902206066,0.4616536984675758,6.216791427684811e-54,-0.28385810618797785,5.48126314999514e-20,0.4609576616845535,9.354130024378323e-54,-0.3833552224566873,2.3420509150049867e-36,0.3693420486679596,1.1187529257512632e-33,0.703125750098975,0.8188897860016627,0.34947447447447444,4
five_branches_True_0.1_0.3_70,False,,True,,,,,"{""values"": [0.11094981778849103, 0.3003686825781542, 0.3786875231223574], ""index"": [""committed"", ""multipotent"", ""totipotent""]}",0.9573271617729766,1.0,0.9632586662910123,1.0,0.9799430260641301,0.4161696442626276,3.668774756643003e-43,-0.353874374622807,7.181345049852502e-31,0.4512055297078575,2.596545404337838e-51,-0.4543501671536944,4.316625219587508e-52,0.44289856410890727,2.7168728376988367e-49,0.708144826126606,0.8008693059813008,0.33913913913913907,5
three_branches_False_0.1_0.3_10,False,,False,,,,,,0.9229283910299593,1.0,0.9621086602213816,1.0,0.9707290632987358,0.8261315769733848,7.238571531594562e-251,-0.7058077497321688,1.3590565422331417e-151,0.8719562676606305,8.109465076853e-312,-0.7783379432042545,5.860528638734965e-204,0.7683244710655189,1.3336394705433751e-195,0.7249053834392076,0.8449580322221039,0.40523857190523865,3
three_branches_True_0.1_0.3_10,False,,True,,,,,"{""values"": [0.09256974490337914, 0.32529282596542586], ""index"": [""committed"", ""totipotent""]}",0.9647092801924352,1.0,0.9649597945673788,1.0,0.9822599092141088,0.8259163310432387,1.2657298095828316e-250,-0.7024659066894406,1.4393328463432972e-149,0.8810031427062388,0.0,-0.7819240860163321,4.653488774888443e-207,0.7722368691308859,8.143525692891875e-199,0.7257193336829859,0.8450433843889857,0.45512178845512175,3
three_branches_False_0.1_0.3_30,False,,False,,,,,,0.9229283910299593,1.0,0.9621086602213816,1.0,0.9707290632987358,0.8261315769733848,7.238571531594562e-251,-0.7058077497321688,1.3590565422331417e-151,0.8719562676606305,8.109465076853e-312,-0.7783379432042545,5.860528638734965e-204,0.7683244710655189,1.3336394705433751e-195,0.7249053834392076,0.8449580322221039,0.40523857190523865,3
three_branches_False_0.1_0.3_50,False,,False,,,,,,0.9229283910299593,1.0,0.9621086602213816,1.0,0.9707290632987358,0.8261315769733848,7.238571531594562e-251,-0.7058077497321688,1.3590565422331417e-151,0.8719562676606305,8.109465076853e-312,-0.7783379432042545,5.860528638734965e-204,0.7683244710655189,1.3336394705433751e-195,0.7249053834392076,0.8449580322221039,0.40523857190523865,3
three_branches_True_0.1_0.3_30,False,,True,,,,,"{""values"": [0.09256974490337914, 0.32529282596542586], ""index"": [""committed"", ""totipotent""]}",0.9647092801924352,1.0,0.9649597945673788,1.0,0.9822599092141088,0.8259163310432387,1.2657298095828316e-250,-0.7024659066894406,1.4393328463432972e-149,0.8810031427062388,0.0,-0.7819240860163321,4.653488774888443e-207,0.7722368691308859,8.143525692891875e-199,0.7257193336829859,0.8450433843889857,0.45512178845512175,3
three_branches_True_0.1_0.3_50,False,,True,,,,,"{""values"": [0.09256974490337914, 0.32529282596542586], ""index"": [""committed"", ""totipotent""]}",0.9647092801924352,1.0,0.9649597945673788,1.0,0.9822599092141088,0.8259163310432387,1.2657298095828316e-250,-0.7024659066894406,1.4393328463432972e-149,0.8810031427062388,0.0,-0.7819240860163321,4.653488774888443e-207,0.7722368691308859,8.143525692891875e-199,0.7257193336829859,0.8450433843889857,0.45512178845512175,3
three_branches_False_0.1_0.3_70,False,,False,,,,,,0.9229283910299593,1.0,0.9621086602213816,1.0,0.9707290632987358,0.8261315769733848,7.238571531594562e-251,-0.7058077497321688,1.3590565422331417e-151,0.8719562676606305,8.109465076853e-312,-0.7783379432042545,5.860528638734965e-204,0.7683244710655189,1.3336394705433751e-195,0.7249053834392076,0.8449580322221039,0.40523857190523865,3
three_branches_True_0.1_0.3_70,False,,True,,,,,"{""values"": [0.09256974490337914, 0.32529282596542586], ""index"": [""committed"", ""totipotent""]}",0.9647092801924352,1.0,0.9649597945673788,1.0,0.9822599092141088,0.8259163310432387,1.2657298095828316e-250,-0.7024659066894406,1.4393328463432972e-149,0.8810031427062388,0.0,-0.7819240860163321,4.653488774888443e-207,0.7722368691308859,8.143525692891875e-199,0.7257193336829859,0.8450433843889857,0.45512178845512175,3
three_branches_False_0.5_0.3_10,False,,False,,,,,,0.639049412007797,1.0,0.9626200637003257,0.6666666666666667,0.8002478618987315,0.5100408773386405,2.503583483168329e-67,-0.7762380132663272,3.601076888510232e-202,0.5615478106965005,3.5911058619943295e-84,-0.8768117112834609,1.2311e-319,0.8795616549608539,0.0,0.811578176479688,0.9353348623360644,0.4471971971971972,2
three_branches_False_0.5_0.3_30,False,,False,,,,,,0.639049412007797,1.0,0.9626200637003257,0.6666666666666667,0.8002478618987315,0.5100408773386405,2.503583483168329e-67,-0.7762380132663272,3.601076888510232e-202,0.5615478106965005,3.5911058619943295e-84,-0.8768117112834609,1.2311e-319,0.8795616549608539,0.0,0.811578176479688,0.9353348623360644,0.4471971971971972,2
three_branches_False_0.5_0.3_50,False,,False,,,,,,0.639049412007797,1.0,0.9626200637003257,0.6666666666666667,0.8002478618987315,0.5100408773386405,2.503583483168329e-67,-0.7762380132663272,3.601076888510232e-202,0.5615478106965005,3.5911058619943295e-84,-0.8768117112834609,1.2311e-319,0.8795616549608539,0.0,0.811578176479688,0.9353348623360644,0.4471971971971972,2
three_branches_True_0.5_0.3_10,False,,True,,,,,"{""values"": [0.15373796650821558, 0.31682993217827937], ""index"": [""committed"", ""totipotent""]}",0.9631039557869223,1.0,0.963647092075327,1.0,0.9815169309057481,0.8219691610412766,3.121016441909016e-246,-0.71562913585669,1.0306521752099286e-157,0.8406058260024163,5.329398055482721e-268,-0.757497611616284,4.992681706778878e-187,0.7321273462404012,1.3331998270627358e-168,0.6496654045040823,0.8209312749777545,0.45495495495495497,3
three_branches_True_0.5_0.3_30,False,,True,,,,,"{""values"": [0.15373796650821558, 0.31682993217827937], ""index"": [""committed"", ""totipotent""]}",0.9631039557869223,1.0,0.963647092075327,1.0,0.9815169309057481,0.8219691610412766,3.121016441909016e-246,-0.71562913585669,1.0306521752099286e-157,0.8406058260024163,5.329398055482721e-268,-0.757497611616284,4.992681706778878e-187,0.7321273462404012,1.3331998270627358e-168,0.6496654045040823,0.8209312749777545,0.45495495495495497,3
three_branches_False_0.5_0.3_70,False,,False,,,,,,0.639049412007797,1.0,0.9626200637003257,0.6666666666666667,0.8002478618987315,0.5100408773386405,2.503583483168329e-67,-0.7762380132663272,3.601076888510232e-202,0.5615478106965005,3.5911058619943295e-84,-0.8768117112834609,1.2311e-319,0.8795616549608539,0.0,0.811578176479688,0.9353348623360644,0.4471971971971972,2
three_branches_True_0.5_0.3_50,False,,True,,,,,"{""values"": [0.15373796650821558, 0.31682993217827937], ""index"": [""committed"", ""totipotent""]}",0.9631039557869223,1.0,0.963647092075327,1.0,0.9815169309057481,0.8219691610412766,3.121016441909016e-246,-0.71562913585669,1.0306521752099286e-157,0.8406058260024163,5.329398055482721e-268,-0.757497611616284,4.992681706778878e-187,0.7321273462404012,1.3331998270627358e-168,0.6496654045040823,0.8209312749777545,0.45495495495495497,3
three_branches_True_0.5_0.3_70,False,,True,,,,,"{""values"": [0.15373796650821558, 0.31682993217827937], ""index"": [""committed"", ""totipotent""]}",0.9631039557869223,1.0,0.963647092075327,1.0,0.9815169309057481,0.8219691610412766,3.121016441909016e-246,-0.71562913585669,1.0306521752099286e-157,0.8406058260024163,5.329398055482721e-268,-0.757497611616284,4.992681706778878e-187,0.7321273462404012,1.3331998270627358e-168,0.6496654045040823,0.8209312749777545,0.45495495495495497,3
five_branches_False_0.9_0.7_10,False,,False,,,,,,0.9319285546565167,0.975,0.9548470910192588,1.0,0.9651176676505254,0.4899663474869363,1.650464715985788e-61,-0.3091632272262081,1.3687200842190536e-23,0.538229229096885,3.487725449778648e-76,-0.42251229159799153,1.4429062371996638e-44,0.40594246550345947,5.85949281397606e-41,0.665949751593216,0.7079772420214877,0.3442192192192192,4
five_branches_True_0.9_0.7_10,False,,True,,,,,"{""values"": [0.10116993352799801, 0.27731062587719124, 0.4209776356040758], ""index"": [""committed"", ""multipotent"", ""totipotent""]}",0.9571180153991083,1.0,0.9628809347919149,1.0,0.9797934224637398,0.4578850099406545,5.615859150572903e-53,-0.3211509670940922,2.004280615419238e-25,0.597672413953913,7.091387939473733e-98,-0.45450072746887965,3.959407085847946e-52,0.4434019670523471,2.0571335221303625e-49,0.6632350628822449,0.6984951632460276,0.33793793793793797,5
five_branches_False_0.9_0.7_30,False,,False,,,,,,0.9319285546565167,0.975,0.9548470910192588,1.0,0.9651176676505254,0.4899663474869363,1.650464715985788e-61,-0.3091632272262081,1.3687200842190536e-23,0.538229229096885,3.487725449778648e-76,-0.42251229159799153,1.4429062371996638e-44,0.40594246550345947,5.85949281397606e-41,0.665949751593216,0.7079772420214877,0.3442192192192192,4
five_branches_False_0.9_0.7_50,False,,False,,,,,,0.9319285546565167,0.975,0.9548470910192588,1.0,0.9651176676505254,0.4899663474869363,1.650464715985788e-61,-0.3091632272262081,1.3687200842190536e-23,0.538229229096885,3.487725449778648e-76,-0.42251229159799153,1.4429062371996638e-44,0.40594246550345947,5.85949281397606e-41,0.665949751593216,0.7079772420214877,0.3442192192192192,4
five_branches_True_0.9_0.7_30,False,,True,,,,,"{""values"": [0.10116993352799801, 0.27731062587719124, 0.4209776356040758], ""index"": [""committed"", ""multipotent"", ""totipotent""]}",0.9571180153991083,1.0,0.9628809347919149,1.0,0.9797934224637398,0.4578850099406545,5.615859150572903e-53,-0.3211509670940922,2.004280615419238e-25,0.597672413953913,7.091387939473733e-98,-0.45450072746887965,3.959407085847946e-52,0.4434019670523471,2.0571335221303625e-49,0.6632350628822449,0.6984951632460276,0.33793793793793797,5
five_branches_True_0.9_0.7_50,False,,True,,,,,"{""values"": [0.10116993352799801, 0.27731062587719124, 0.4209776356040758], ""index"": [""committed"", ""multipotent"", ""totipotent""]}",0.9571180153991083,1.0,0.9628809347919149,1.0,0.9797934224637398,0.4578850099406545,5.615859150572903e-53,-0.3211509670940922,2.004280615419238e-25,0.597672413953913,7.091387939473733e-98,-0.45450072746887965,3.959407085847946e-52,0.4434019670523471,2.0571335221303625e-49,0.6632350628822449,0.6984951632460276,0.33793793793793797,5
five_branches_False_0.9_0.7_70,False,,False,,,,,,0.9319285546565167,0.975,0.9548470910192588,1.0,0.9651176676505254,0.4899663474869363,1.650464715985788e-61,-0.3091632272262081,1.3687200842190536e-23,0.538229229096885,3.487725449778648e-76,-0.42251229159799153,1.4429062371996638e-44,0.40594246550345947,5.85949281397606e-41,0.665949751593216,0.7079772420214877,0.3442192192192192,4
five_branches_True_0.9_0.7_70,False,,True,,,,,"{""values"": [0.10116993352799801, 0.27731062587719124, 0.4209776356040758], ""index"": [""committed"", ""multipotent"", ""totipotent""]}",0.9571180153991083,1.0,0.9628809347919149,1.0,0.9797934224637398,0.4578850099406545,5.615859150572903e-53,-0.3211509670940922,2.004280615419238e-25,0.597672413953913,7.091387939473733e-98,-0.45450072746887965,3.959407085847946e-52,0.4434019670523471,2.0571335221303625e-49,0.6632350628822449,0.6984951632460276,0.33793793793793797,5
three_branches_False_0.3_0.1_10,False,,False,,,,,,0.9316398191893208,1.0,0.9492861192932184,1.0,0.9697533605080702,0.70600703640011,1.0270236139381498e-151,-0.5530346213975361,3.5042047873855117e-81,0.8300716297646242,2.276203040182088e-255,-0.7132626639606703,3.24629757606002e-156,0.6716478656937019,3.7794948142256804e-132,0.7900196549967918,0.8546431153893956,0.4165832499165832,3
three_branches_True_0.3_0.1_10,False,,True,,,,,"{""values"": [0.031467476862163064, 0.3435121440286337], ""index"": [""committed"", ""totipotent""]}",0.9644373037382676,1.0,0.9631852368278983,1.0,0.9817387977289805,0.7060070667270512,1.0269798156103322e-151,-0.5530343586082149,3.5049387103421742e-81,0.8323111100867367,5.572328638566711e-258,-0.7173410840563139,8.310682205398794e-159,0.6100809376616341,5.363085878275235e-103,0.7900195938641803,0.8546430333788758,0.4552886219552886,3
three_branches_False_0.3_0.1_30,False,,False,,,,,,0.9316398191893208,1.0,0.9492861192932184,1.0,0.9697533605080702,0.70600703640011,1.0270236139381498e-151,-0.5530346213975361,3.5042047873855117e-81,0.8300716297646242,2.276203040182088e-255,-0.7132626639606703,3.24629757606002e-156,0.6716478656937019,3.7794948142256804e-132,0.7900196549967918,0.8546431153893956,0.4165832499165832,3
three_branches_False_0.3_0.1_50,False,,False,,,,,,0.9316398191893208,1.0,0.9492861192932184,1.0,0.9697533605080702,0.70600703640011,1.0270236139381498e-151,-0.5530346213975361,3.5042047873855117e-81,0.8300716297646242,2.276203040182088e-255,-0.7132626639606703,3.24629757606002e-156,0.6716478656937019,3.7794948142256804e-132,0.7900196549967918,0.8546431153893956,0.4165832499165832,3
three_branches_True_0.3_0.1_30,False,,True,,,,,"{""values"": [0.031467476862163064, 0.3435121440286337], ""index"": [""committed"", ""totipotent""]}",0.9644373037382676,1.0,0.9631852368278983,1.0,0.9817387977289805,0.7060070667270512,1.0269798156103322e-151,-0.5530343586082149,3.5049387103421742e-81,0.8323111100867367,5.572328638566711e-258,-0.7173410840563139,8.310682205398794e-159,0.6100809376616341,5.363085878275235e-103,0.7900195938641803,0.8546430333788758,0.4552886219552886,3
three_branches_False_0.3_0.1_70,False,,False,,,,,,0.9316398191893208,1.0,0.9492861192932184,1.0,0.9697533605080702,0.70600703640011,1.0270236139381498e-151,-0.5530346213975361,3.5042047873855117e-81,0.8300716297646242,2.276203040182088e-255,-0.7132626639606703,3.24629757606002e-156,0.6716478656937019,3.7794948142256804e-132,0.7900196549967918,0.8546431153893956,0.4165832499165832,3
three_branches_True_0.3_0.1_50,False,,True,,,,,"{""values"": [0.031467476862163064, 0.3435121440286337], ""index"": [""committed"", ""totipotent""]}",0.9644373037382676,1.0,0.9631852368278983,1.0,0.9817387977289805,0.7060070667270512,1.0269798156103322e-151,-0.5530343586082149,3.5049387103421742e-81,0.8323111100867367,5.572328638566711e-258,-0.7173410840563139,8.310682205398794e-159,0.6100809376616341,5.363085878275235e-103,0.7900195938641803,0.8546430333788758,0.4552886219552886,3
three_branches_True_0.3_0.1_70,False,,True,,,,,"{""values"": [0.031467476862163064, 0.3435121440286337], ""index"": [""committed"", ""totipotent""]}",0.9644373037382676,1.0,0.9631852368278983,1.0,0.9817387977289805,0.7060070667270512,1.0269798156103322e-151,-0.5530343586082149,3.5049387103421742e-81,0.8323111100867367,5.572328638566711e-258,-0.7173410840563139,8.310682205398794e-159,0.6100809376616341,5.363085878275235e-103,0.7900195938641803,0.8546430333788758,0.4552886219552886,3
three_branches_False_0.7_0.5_10,False,,False,,,,,,0.8556140396191892,1.0,0.953514141544536,1.0,0.9503886916905985,0.6251162052992241,1.6270236448466323e-109,-0.5654054808388932,1.485330271636842e-85,0.6499003101491951,4.486348472023421e-121,-0.6443259869612986,2.215839898543116e-118,0.6183001619643204,1.6222332483531013e-106,0.6674940218436552,0.8027513455663683,0.3251584918251585,3
three_branches_True_0.7_0.5_10,False,,True,,,,,"{""values"": [0.09206287100371809, 0.35304508459864853], ""index"": [""committed"", ""totipotent""]}",0.9644519976656928,1.0,0.963700659131881,1.0,0.9818738489264909,0.7466931544032274,6.526626717865759e-179,-0.6977166227622974,9.718162493122261e-147,0.796504537747422,2.6876252987498394e-220,-0.7346271879861509,2.535447084917524e-170,0.7267481560310606,5.791005382404372e-165,0.7499714022958263,0.8773495421162245,0.4556222889556223,3
three_branches_False_0.7_0.5_30,False,,False,,,,,,0.8556140396191892,1.0,0.953514141544536,1.0,0.9503886916905985,0.6251162052992241,1.6270236448466323e-109,-0.5654054808388932,1.485330271636842e-85,0.6499003101491951,4.486348472023421e-121,-0.6443259869612986,2.215839898543116e-118,0.6183001619643204,1.6222332483531013e-106,0.6674940218436552,0.8027513455663683,0.3251584918251585,3
three_branches_False_0.7_0.5_50,False,,False,,,,,,0.8556140396191892,1.0,0.953514141544536,1.0,0.9503886916905985,0.6251162052992241,1.6270236448466323e-109,-0.5654054808388932,1.485330271636842e-85,0.6499003101491951,4.486348472023421e-121,-0.6443259869612986,2.215839898543116e-118,0.6183001619643204,1.6222332483531013e-106,0.6674940218436552,0.8027513455663683,0.3251584918251585,3
three_branches_True_0.7_0.5_30,False,,True,,,,,"{""values"": [0.09206287100371809, 0.35304508459864853], ""index"": [""committed"", ""totipotent""]}",0.9644519976656928,1.0,0.963700659131881,1.0,0.9818738489264909,0.7466931544032274,6.526626717865759e-179,-0.6977166227622974,9.718162493122261e-147,0.796504537747422,2.6876252987498394e-220,-0.7346271879861509,2.535447084917524e-170,0.7267481560310606,5.791005382404372e-165,0.7499714022958263,0.8773495421162245,0.4556222889556223,3
three_branches_False_0.7_0.5_70,False,,False,,,,,,0.8556140396191892,1.0,0.953514141544536,1.0,0.9503886916905985,0.6251162052992241,1.6270236448466323e-109,-0.5654054808388932,1.485330271636842e-85,0.6499003101491951,4.486348472023421e-121,-0.6443259869612986,2.215839898543116e-118,0.6183001619643204,1.6222332483531013e-106,0.6674940218436552,0.8027513455663683,0.3251584918251585,3
three_branches_True_0.7_0.5_50,False,,True,,,,,"{""values"": [0.09206287100371809, 0.35304508459864853], ""index"": [""committed"", ""totipotent""]}",0.9644519976656928,1.0,0.963700659131881,1.0,0.9818738489264909,0.7466931544032274,6.526626717865759e-179,-0.6977166227622974,9.718162493122261e-147,0.796504537747422,2.6876252987498394e-220,-0.7346271879861509,2.535447084917524e-170,0.7267481560310606,5.791005382404372e-165,0.7499714022958263,0.8773495421162245,0.4556222889556223,3
three_branches_True_0.7_0.5_70,False,,True,,,,,"{""values"": [0.09206287100371809, 0.35304508459864853], ""index"": [""committed"", ""totipotent""]}",0.9644519976656928,1.0,0.963700659131881,1.0,0.9818738489264909,0.7466931544032274,6.526626717865759e-179,-0.6977166227622974,9.718162493122261e-147,0.796504537747422,2.6876252987498394e-220,-0.7346271879861509,2.535447084917524e-170,0.7267481560310606,5.791005382404372e-165,0.7499714022958263,0.8773495421162245,0.4556222889556223,3
five_branches_False_0.1_0.5_10,False,,False,,,,,,0.7682140927899752,0.9,0.9769030180189345,0.8,0.8573665872002425,0.3532236133131271,9.353177309085548e-31,-0.2798434700117115,1.8952987197168609e-19,0.3724535723676352,2.9184770517438175e-34,-0.30192662065255316,1.5975037168495421e-22,0.30516914986649424,5.35790170080933e-23,0.48792874037245093,0.5589140566346578,0.3435101768435101,3
five_branches_True_0.1_0.5_10,False,,True,,,,,"{""values"": [0.12347556573970515, 0.4413212165835017, 0.4292673234355097], ""index"": [""committed"", ""multipotent"", ""totipotent""]}",0.9581416772596173,1.0,0.9629658709918804,1.0,0.9800769079769295,0.511237158821675,1.0949546236540522e-67,-0.41000316630536693,7.983073632758837e-42,0.5702485244255192,2.5645116984855085e-87,-0.4953221594391287,5.044361020170902e-63,0.48026105139862546,7.852648168045703e-59,0.7129314938366783,0.824086638524215,0.3381381381381382,5
five_branches_False_0.1_0.5_30,False,,False,,,,,,0.7682140927899752,0.9,0.9769030180189345,0.8,0.8573665872002425,0.3532236133131271,9.353177309085548e-31,-0.2798434700117115,1.8952987197168609e-19,0.3724535723676352,2.9184770517438175e-34,-0.30192662065255316,1.5975037168495421e-22,0.30516914986649424,5.35790170080933e-23,0.48792874037245093,0.5589140566346578,0.3435101768435101,3
five_branches_False_0.1_0.5_50,False,,False,,,,,,0.7682140927899752,0.9,0.9769030180189345,0.8,0.8573665872002425,0.3532236133131271,9.353177309085548e-31,-0.2798434700117115,1.8952987197168609e-19,0.3724535723676352,2.9184770517438175e-34,-0.30192662065255316,1.5975037168495421e-22,0.30516914986649424,5.35790170080933e-23,0.48792874037245093,0.5589140566346578,0.3435101768435101,3
five_branches_True_0.1_0.5_30,False,,True,,,,,"{""values"": [0.12347556573970515, 0.4413212165835017, 0.4292673234355097], ""index"": [""committed"", ""multipotent"", ""totipotent""]}",0.9581416772596173,1.0,0.9629658709918804,1.0,0.9800769079769295,0.511237158821675,1.0949546236540522e-67,-0.41000316630536693,7.983073632758837e-42,0.5702485244255192,2.5645116984855085e-87,-0.4953221594391287,5.044361020170902e-63,0.48026105139862546,7.852648168045703e-59,0.7129314938366783,0.824086638524215,0.3381381381381382,5
five_branches_False_0.1_0.5_70,False,,False,,,,,,0.7682140927899752,0.9,0.9769030180189345,0.8,0.8573665872002425,0.3532236133131271,9.353177309085548e-31,-0.2798434700117115,1.8952987197168609e-19,0.3724535723676352,2.9184770517438175e-34,-0.30192662065255316,1.5975037168495421e-22,0.30516914986649424,5.35790170080933e-23,0.48792874037245093,0.5589140566346578,0.3435101768435101,3
five_branches_True_0.1_0.5_50,False,,True,,,,,"{""values"": [0.12347556573970515, 0.4413212165835017, 0.4292673234355097], ""index"": [""committed"", ""multipotent"", ""totipotent""]}",0.9581416772596173,1.0,0.9629658709918804,1.0,0.9800769079769295,0.511237158821675,1.0949546236540522e-67,-0.41000316630536693,7.983073632758837e-42,0.5702485244255192,2.5645116984855085e-87,-0.4953221594391287,5.044361020170902e-63,0.48026105139862546,7.852648168045703e-59,0.7129314938366783,0.824086638524215,0.3381381381381382,5
five_branches_True_0.1_0.5_70,False,,True,,,,,"{""values"": [0.12347556573970515, 0.4413212165835017, 0.4292673234355097], ""index"": [""committed"", ""multipotent"", ""totipotent""]}",0.9581416772596173,1.0,0.9629658709918804,1.0,0.9800769079769295,0.511237158821675,1.0949546236540522e-67,-0.41000316630536693,7.983073632758837e-42,0.5702485244255192,2.5645116984855085e-87,-0.4953221594391287,5.044361020170902e-63,0.48026105139862546,7.852648168045703e-59,0.7129314938366783,0.824086638524215,0.3381381381381382,5
three_branches_False_0.7_0.3_10,False,,False,,,,,,0.9633168918126419,1.0,0.9335445026358888,1.0,0.9738140818993696,0.7184332008793942,1.6512340762379062e-159,-0.6076772364944832,5.4852585050681615e-102,0.8327900869762895,1.5224327034846395e-258,-0.714145852432696,8.995092263026694e-157,0.6461167295160923,3.064508940537003e-119,0.8297583763399216,0.9141111732549223,0.45495495495495497,3
three_branches_True_0.7_0.3_10,False,,True,,,,,"{""values"": [0.049687161460426156, 0.392492815119511], ""index"": [""committed"", ""totipotent""]}",0.9633168918126419,1.0,0.9636536699144135,1.0,0.9815728532048891,0.7185128590671271,1.467192744089803e-159,-0.6078091535462844,4.83062918727183e-102,0.8343263256805916,2.307077135119035e-260,-0.7321558926747348,1.2745420876881063e-168,0.6738813600837832,2.4333779613829e-133,0.829778672464612,0.9141153541640057,0.45495495495495497,3
three_branches_False_0.7_0.3_30,False,,False,,,,,,0.9633168918126419,1.0,0.9335445026358888,1.0,0.9738140818993696,0.7184332008793942,1.6512340762379062e-159,-0.6076772364944832,5.4852585050681615e-102,0.8327900869762895,1.5224327034846395e-258,-0.714145852432696,8.995092263026694e-157,0.6461167295160923,3.064508940537003e-119,0.8297583763399216,0.9141111732549223,0.45495495495495497,3
three_branches_False_0.7_0.3_50,False,,False,,,,,,0.9633168918126419,1.0,0.9335445026358888,1.0,0.9738140818993696,0.7184332008793942,1.6512340762379062e-159,-0.6076772364944832,5.4852585050681615e-102,0.8327900869762895,1.5224327034846395e-258,-0.714145852432696,8.995092263026694e-157,0.6461167295160923,3.064508940537003e-119,0.8297583763399216,0.9141111732549223,0.45495495495495497,3
three_branches_True_0.7_0.3_30,False,,True,,,,,"{""values"": [0.049687161460426156, 0.392492815119511], ""index"": [""committed"", ""totipotent""]}",0.9633168918126419,1.0,0.9636536699144135,1.0,0.9815728532048891,0.7185128590671271,1.467192744089803e-159,-0.6078091535462844,4.83062918727183e-102,0.8343263256805916,2.307077135119035e-260,-0.7321558926747348,1.2745420876881063e-168,0.6738813600837832,2.4333779613829e-133,0.829778672464612,0.9141153541640057,0.45495495495495497,3
three_branches_False_0.7_0.3_70,False,,False,,,,,,0.9633168918126419,1.0,0.9335445026358888,1.0,0.9738140818993696,0.7184332008793942,1.6512340762379062e-159,-0.6076772364944832,5.4852585050681615e-102,0.8327900869762895,1.5224327034846395e-258,-0.714145852432696,8.995092263026694e-157,0.6461167295160923,3.064508940537003e-119,0.8297583763399216,0.9141111732549223,0.45495495495495497,3
three_branches_True_0.7_0.3_50,False,,True,,,,,"{""values"": [0.049687161460426156, 0.392492815119511], ""index"": [""committed"", ""totipotent""]}",0.9633168918126419,1.0,0.9636536699144135,1.0,0.9815728532048891,0.7185128590671271,1.467192744089803e-159,-0.6078091535462844,4.83062918727183e-102,0.8343263256805916,2.307077135119035e-260,-0.7321558926747348,1.2745420876881063e-168,0.6738813600837832,2.4333779613829e-133,0.829778672464612,0.9141153541640057,0.45495495495495497,3
three_branches_True_0.7_0.3_70,False,,True,,,,,"{""values"": [0.049687161460426156, 0.392492815119511], ""index"": [""committed"", ""totipotent""]}",0.9633168918126419,1.0,0.9636536699144135,1.0,0.9815728532048891,0.7185128590671271,1.467192744089803e-159,-0.6078091535462844,4.83062918727183e-102,0.8343263256805916,2.307077135119035e-260,-0.7321558926747348,1.2745420876881063e-168,0.6738813600837832,2.4333779613829e-133,0.829778672464612,0.9141153541640057,0.45495495495495497,3
three_branches_False_0.9_0.9_10,True,,False,,,,,,,,,,,,,,,,,,,,,,,
three_branches_True_0.9_0.9_10,False,,True,,,,,"{""values"": [0.03768916740191441, 0.3438619720643918], ""index"": [""committed"", ""totipotent""]}",0.9633565243766858,1.0,0.9640067413689426,1.0,0.9816728467434385,0.7464163204438955,1.0404267571453394e-178,-0.616000047417363,1.6050010637018803e-105,0.8577339305778484,1.227709949691361e-290,-0.7873543597932522,7.236627916976965e-212,0.7402074516921651,3.0987332510202705e-174,0.7918010929873874,0.8689734068876609,0.4551217884551218,3
three_branches_False_0.9_0.9_30,True,,False,,,,,,,,,,,,,,,,,,,,,,,
three_branches_False_0.9_0.9_50,True,,False,,,,,,,,,,,,,,,,,,,,,,,
three_branches_True_0.9_0.9_30,False,,True,,,,,"{""values"": [0.03768916740191441, 0.3438619720643918], ""index"": [""committed"", ""totipotent""]}",0.9633565243766858,1.0,0.9640067413689426,1.0,0.9816728467434385,0.7464163204438955,1.0404267571453394e-178,-0.616000047417363,1.6050010637018803e-105,0.8577339305778484,1.227709949691361e-290,-0.7873543597932522,7.236627916976965e-212,0.7402074516921651,3.0987332510202705e-174,0.7918010929873874,0.8689734068876609,0.4551217884551218,3
three_branches_False_0.9_0.9_70,True,,False,,,,,,,,,,,,,,,,,,,,,,,
three_branches_True_0.9_0.9_50,False,,True,,,,,"{""values"": [0.03768916740191441, 0.3438619720643918], ""index"": [""committed"", ""totipotent""]}",0.9633565243766858,1.0,0.9640067413689426,1.0,0.9816728467434385,0.7464163204438955,1.0404267571453394e-178,-0.616000047417363,1.6050010637018803e-105,0.8577339305778484,1.227709949691361e-290,-0.7873543597932522,7.236627916976965e-212,0.7402074516921651,3.0987332510202705e-174,0.7918010929873874,0.8689734068876609,0.4551217884551218,3
three_branches_True_0.9_0.9_70,False,,True,,,,,"{""values"": [0.03768916740191441, 0.3438619720643918], ""index"": [""committed"", ""totipotent""]}",0.9633565243766858,1.0,0.9640067413689426,1.0,0.9816728467434385,0.7464163204438955,1.0404267571453394e-178,-0.616000047417363,1.6050010637018803e-105,0.8577339305778484,1.227709949691361e-290,-0.7873543597932522,7.236627916976965e-212,0.7402074516921651,3.0987332510202705e-174,0.7918010929873874,0.8689734068876609,0.4551217884551218,3
five_branches_False_0.5_0.5_50,False,,False,,,,,,0.9458876578319242,0.9833333333333333,0.9544862049649669,1.0,0.9706831571111454,0.7429954780474037,3.149224862300815e-176,-0.6586314585751556,2.073874529594116e-125,0.7609345188495048,1.0626325837958935e-189,-0.6511544927857627,1.091428895382213e-121,0.5975078996634694,8.262871001373334e-98,0.6526412575188337,0.8149534359597671,0.3733733733733734,4
five_branches_True_0.5_0.5_50,False,,True,,,,,"{""values"": [0.12227982538289259, 0.28994290694876856, 0.3537982815555835], ""index"": [""committed"", ""multipotent"", ""totipotent""]}",0.9577781677240905,1.0,0.9631035430280551,1.0,0.9800189612476026,0.5783733409559729,2.426387903909403e-90,-0.6564956400905422,2.4581904005042213e-124,0.7392388406458401,1.5051639019033089e-173,-0.6579065508151086,4.810968181992456e-125,0.6039657396687713,1.912033454236599e-100,0.6696648871054991,0.8113525231232048,0.34094094094094085,5
five_branches_False_0.5_0.5_70,False,,False,,,,,,0.9458876578319242,0.9833333333333333,0.9544862049649669,1.0,0.9706831571111454,0.7429954780474037,3.149224862300815e-176,-0.6586314585751556,2.073874529594116e-125,0.7609345188495048,1.0626325837958935e-189,-0.6511544927857627,1.091428895382213e-121,0.5975078996634694,8.262871001373334e-98,0.6526412575188337,0.8149534359597671,0.3733733733733734,4
five_branches_False_0.5_0.5_10,False,,False,,,,,,0.9458876578319242,0.9833333333333333,0.9544862049649669,1.0,0.9706831571111454,0.7429954780474037,3.149224862300815e-176,-0.6586314585751556,2.073874529594116e-125,0.7609345188495048,1.0626325837958935e-189,-0.6511544927857627,1.091428895382213e-121,0.5975078996634694,8.262871001373334e-98,0.6526412575188337,0.8149534359597671,0.3733733733733734,4
five_branches_True_0.5_0.5_70,False,,True,,,,,"{""values"": [0.12227982538289259, 0.28994290694876856, 0.3537982815555835], ""index"": [""committed"", ""multipotent"", ""totipotent""]}",0.9577781677240905,1.0,0.9631035430280551,1.0,0.9800189612476026,0.5783733409559729,2.426387903909403e-90,-0.6564956400905422,2.4581904005042213e-124,0.7392388406458401,1.5051639019033089e-173,-0.6579065508151086,4.810968181992456e-125,0.6039657396687713,1.912033454236599e-100,0.6696648871054991,0.8113525231232048,0.34094094094094085,5
five_branches_False_0.5_0.5_30,False,,False,,,,,,0.9458876578319242,0.9833333333333333,0.9544862049649669,1.0,0.9706831571111454,0.7429954780474037,3.149224862300815e-176,-0.6586314585751556,2.073874529594116e-125,0.7609345188495048,1.0626325837958935e-189,-0.6511544927857627,1.091428895382213e-121,0.5975078996634694,8.262871001373334e-98,0.6526412575188337,0.8149534359597671,0.3733733733733734,4
five_branches_True_0.5_0.5_10,False,,True,,,,,"{""values"": [0.12227982538289259, 0.28994290694876856, 0.3537982815555835], ""index"": [""committed"", ""multipotent"", ""totipotent""]}",0.9577781677240905,1.0,0.9631035430280551,1.0,0.9800189612476026,0.5783733409559729,2.426387903909403e-90,-0.6564956400905422,2.4581904005042213e-124,0.7392388406458401,1.5051639019033089e-173,-0.6579065508151086,4.810968181992456e-125,0.6039657396687713,1.912033454236599e-100,0.6696648871054991,0.8113525231232048,0.34094094094094085,5
five_branches_False_0.7_0.1_10,True,,False,,,,,,,,,,,,,,,,,,,,,,,
five_branches_True_0.5_0.5_30,False,,True,,,,,"{""values"": [0.12227982538289259, 0.28994290694876856, 0.3537982815555835], ""index"": [""committed"", ""multipotent"", ""totipotent""]}",0.9577781677240905,1.0,0.9631035430280551,1.0,0.9800189612476026,0.5783733409559729,2.426387903909403e-90,-0.6564956400905422,2.4581904005042213e-124,0.7392388406458401,1.5051639019033089e-173,-0.6579065508151086,4.810968181992456e-125,0.6039657396687713,1.912033454236599e-100,0.6696648871054991,0.8113525231232048,0.34094094094094085,5
five_branches_True_0.7_0.1_10,False,,True,,,,,"{""values"": [0.044863269039390974, 0.09852769810528546, 0.2672131733980626], ""index"": [""committed"", ""multipotent"", ""totipotent""]}",0.9573504121854418,1.0,0.9625809947268748,1.0,0.9797765770589238,0.7184157727020667,1.6944733388516816e-159,-0.6314975230846551,2.165859541757754e-112,0.8096297736590664,3.555842166542219e-233,-0.7265655630256808,7.668483669379091e-165,0.6335863487914392,2.396468824732265e-113,0.6910286618425308,0.7714013135311858,0.3387387387387387,5
five_branches_False_0.7_0.1_30,True,,False,,,,,,,,,,,,,,,,,,,,,,,
five_branches_False_0.7_0.1_50,True,,False,,,,,,,,,,,,,,,,,,,,,,,
five_branches_True_0.7_0.1_30,False,,True,,,,,"{""values"": [0.044863269039390974, 0.09852769810528546, 0.2672131733980626], ""index"": [""committed"", ""multipotent"", ""totipotent""]}",0.9573504121854418,1.0,0.9625809947268748,1.0,0.9797765770589238,0.7184157727020667,1.6944733388516816e-159,-0.6314975230846551,2.165859541757754e-112,0.8096297736590664,3.555842166542219e-233,-0.7265655630256808,7.668483669379091e-165,0.6335863487914392,2.396468824732265e-113,0.6910286618425308,0.7714013135311858,0.3387387387387387,5
five_branches_False_0.7_0.1_70,True,,False,,,,,,,,,,,,,,,,,,,,,,,
five_branches_True_0.7_0.1_50,False,,True,,,,,"{""values"": [0.044863269039390974, 0.09852769810528546, 0.2672131733980626], ""index"": [""committed"", ""multipotent"", ""totipotent""]}",0.9573504121854418,1.0,0.9625809947268748,1.0,0.9797765770589238,0.7184157727020667,1.6944733388516816e-159,-0.6314975230846551,2.165859541757754e-112,0.8096297736590664,3.555842166542219e-233,-0.7265655630256808,7.668483669379091e-165,0.6335863487914392,2.396468824732265e-113,0.6910286618425308,0.7714013135311858,0.3387387387387387,5
five_branches_True_0.7_0.1_70,False,,True,,,,,"{""values"": [0.044863269039390974, 0.09852769810528546, 0.2672131733980626], ""index"": [""committed"", ""multipotent"", ""totipotent""]}",0.9573504121854418,1.0,0.9625809947268748,1.0,0.9797765770589238,0.7184157727020667,1.6944733388516816e-159,-0.6314975230846551,2.165859541757754e-112,0.8096297736590664,3.555842166542219e-233,-0.7265655630256808,7.668483669379091e-165,0.6335863487914392,2.396468824732265e-113,0.6910286618425308,0.7714013135311858,0.3387387387387387,5
three_branches_False_0.5_0.5_10,False,,False,,,,,,0.7514096458318896,1.0,0.9413201064281805,1.0,0.9170721931494236,0.1891880543204501,1.6426252444143292e-09,-0.7046470834051458,6.914346487361604e-151,0.33297298566760514,2.569579031492674e-27,-0.7159585642039403,6.358074050632817e-158,0.6953260345720397,2.4593164962576033e-145,0.602863706969685,0.8316939910725034,0.22389055722389054,3
three_branches_True_0.5_0.5_10,False,,True,,,,,"{""values"": [0.1084822866612894, 0.41806155644242593], ""index"": [""committed"", ""totipotent""]}",0.9630548154861694,1.0,0.9631574045121933,1.0,0.9813796964647385,0.6892994462683828,7.373343146382572e-142,-0.5438517891361352,4.718853514029155e-78,0.7323314513996121,9.663233187823314e-169,-0.6798157232207307,1.4775113171328633e-136,0.6618088773325276,5.045145110767697e-127,0.8001746143384492,0.8848970279406528,0.45545545545545546,3
three_branches_False_0.5_0.5_30,False,,False,,,,,,0.7514096458318896,1.0,0.9413201064281805,1.0,0.9170721931494236,0.1891880543204501,1.6426252444143292e-09,-0.7046470834051458,6.914346487361604e-151,0.33297298566760514,2.569579031492674e-27,-0.7159585642039403,6.358074050632817e-158,0.6953260345720397,2.4593164962576033e-145,0.602863706969685,0.8316939910725034,0.22389055722389054,3
three_branches_True_0.5_0.5_30,False,,True,,,,,"{""values"": [0.1084822866612894, 0.41806155644242593], ""index"": [""committed"", ""totipotent""]}",0.9630548154861694,1.0,0.9631574045121933,1.0,0.9813796964647385,0.6892994462683828,7.373343146382572e-142,-0.5438517891361352,4.718853514029155e-78,0.7323314513996121,9.663233187823314e-169,-0.6798157232207307,1.4775113171328633e-136,0.6618088773325276,5.045145110767697e-127,0.8001746143384492,0.8848970279406528,0.45545545545545546,3
three_branches_False_0.5_0.5_50,False,,False,,,,,,0.7514096458318896,1.0,0.9413201064281805,1.0,0.9170721931494236,0.1891880543204501,1.6426252444143292e-09,-0.7046470834051458,6.914346487361604e-151,0.33297298566760514,2.569579031492674e-27,-0.7159585642039403,6.358074050632817e-158,0.6953260345720397,2.4593164962576033e-145,0.602863706969685,0.8316939910725034,0.22389055722389054,3
three_branches_False_0.5_0.5_70,False,,False,,,,,,0.7514096458318896,1.0,0.9413201064281805,1.0,0.9170721931494236,0.1891880543204501,1.6426252444143292e-09,-0.7046470834051458,6.914346487361604e-151,0.33297298566760514,2.569579031492674e-27,-0.7159585642039403,6.358074050632817e-158,0.6953260345720397,2.4593164962576033e-145,0.602863706969685,0.8316939910725034,0.22389055722389054,3
three_branches_True_0.5_0.5_50,False,,True,,,,,"{""values"": [0.1084822866612894, 0.41806155644242593], ""index"": [""committed"", ""totipotent""]}",0.9630548154861694,1.0,0.9631574045121933,1.0,0.9813796964647385,0.6892994462683828,7.373343146382572e-142,-0.5438517891361352,4.718853514029155e-78,0.7323314513996121,9.663233187823314e-169,-0.6798157232207307,1.4775113171328633e-136,0.6618088773325276,5.045145110767697e-127,0.8001746143384492,0.8848970279406528,0.45545545545545546,3
three_branches_True_0.5_0.5_70,False,,True,,,,,"{""values"": [0.1084822866612894, 0.41806155644242593], ""index"": [""committed"", ""totipotent""]}",0.9630548154861694,1.0,0.9631574045121933,1.0,0.9813796964647385,0.6892994462683828,7.373343146382572e-142,-0.5438517891361352,4.718853514029155e-78,0.7323314513996121,9.663233187823314e-169,-0.6798157232207307,1.4775113171328633e-136,0.6618088773325276,5.045145110767697e-127,0.8001746143384492,0.8848970279406528,0.45545545545545546,3
three_branches_False_0.9_0.5_50,False,,False,,,,,,0.9155152506541354,1.0,0.9627917807274807,1.0,0.968945810598491,0.7615032868488814,3.8005138780213787e-190,-0.63642757330945,1.1675015063877491e-114,0.8348764304680663,5.09312733381068e-261,-0.7378044213598893,1.5433578164729064e-172,0.6091886215009479,1.274334896828185e-102,0.7228511147345262,0.8355773184148171,0.3973973973973974,3
three_branches_True_0.9_0.5_50,False,,True,,,,,"{""values"": [0.09411829982134046, 0.32998988082204894], ""index"": [""committed"", ""totipotent""]}",0.963507143682793,1.0,0.9642856597000629,1.0,0.9817822177513882,0.7615053131494857,3.7865982567415775e-190,-0.6364305630676417,1.1637756216284922e-114,0.8345104527534015,1.3923023624308937e-260,-0.741396436646982,4.4096731254080803e-175,0.6545427053909108,2.3166081487696828e-123,0.722851592630662,0.8355776654233894,0.45545545545545546,3
three_branches_False_0.9_0.5_70,False,,False,,,,,,0.9155152506541354,1.0,0.9627917807274807,1.0,0.968945810598491,0.7615032868488814,3.8005138780213787e-190,-0.63642757330945,1.1675015063877491e-114,0.8348764304680663,5.09312733381068e-261,-0.7378044213598893,1.5433578164729064e-172,0.6091886215009479,1.274334896828185e-102,0.7228511147345262,0.8355773184148171,0.3973973973973974,3
three_branches_True_0.9_0.5_70,False,,True,,,,,"{""values"": [0.09411829982134046, 0.32998988082204894], ""index"": [""committed"", ""totipotent""]}",0.963507143682793,1.0,0.9642856597000629,1.0,0.9817822177513882,0.7615053131494857,3.7865982567415775e-190,-0.6364305630676417,1.1637756216284922e-114,0.8345104527534015,1.3923023624308937e-260,-0.741396436646982,4.4096731254080803e-175,0.6545427053909108,2.3166081487696828e-123,0.722851592630662,0.8355776654233894,0.45545545545545546,3
three_branches_False_0.9_0.5_10,False,,False,,,,,,0.9155152506541354,1.0,0.9627917807274807,1.0,0.968945810598491,0.7615032868488814,3.8005138780213787e-190,-0.63642757330945,1.1675015063877491e-114,0.8348764304680663,5.09312733381068e-261,-0.7378044213598893,1.5433578164729064e-172,0.6091886215009479,1.274334896828185e-102,0.7228511147345262,0.8355773184148171,0.3973973973973974,3
three_branches_False_0.9_0.5_30,False,,False,,,,,,0.9155152506541354,1.0,0.9627917807274807,1.0,0.968945810598491,0.7615032868488814,3.8005138780213787e-190,-0.63642757330945,1.1675015063877491e-114,0.8348764304680663,5.09312733381068e-261,-0.7378044213598893,1.5433578164729064e-172,0.6091886215009479,1.274334896828185e-102,0.7228511147345262,0.8355773184148171,0.3973973973973974,3
three_branches_True_0.9_0.5_10,False,,True,,,,,"{""values"": [0.09411829982134046, 0.32998988082204894], ""index"": [""committed"", ""totipotent""]}",0.963507143682793,1.0,0.9642856597000629,1.0,0.9817822177513882,0.7615053131494857,3.7865982567415775e-190,-0.6364305630676417,1.1637756216284922e-114,0.8345104527534015,1.3923023624308937e-260,-0.741396436646982,4.4096731254080803e-175,0.6545427053909108,2.3166081487696828e-123,0.722851592630662,0.8355776654233894,0.45545545545545546,3
three_branches_True_0.9_0.5_30,False,,True,,,,,"{""values"": [0.09411829982134046, 0.32998988082204894], ""index"": [""committed"", ""totipotent""]}",0.963507143682793,1.0,0.9642856597000629,1.0,0.9817822177513882,0.7615053131494857,3.7865982567415775e-190,-0.6364305630676417,1.1637756216284922e-114,0.8345104527534015,1.3923023624308937e-260,-0.741396436646982,4.4096731254080803e-175,0.6545427053909108,2.3166081487696828e-123,0.722851592630662,0.8355776654233894,0.45545545545545546,3
three_branches_False_0.3_0.7_10,False,,False,,,,,,0.9193928823701555,1.0,0.920423843551822,1.0,0.9591184590724016,0.8573088163611925,4.856477367647375e-290,-0.8219077608811832,3.6454674910743785e-246,0.8370325338686667,1.2941985780261764e-263,-0.7876005828976351,4.3468516765639327e-212,0.7757616995319628,9.1074173762208e-202,0.5976192415217413,0.7574576600584744,0.4022355689022355,3
three_branches_True_0.3_0.7_10,False,,True,,,,,"{""values"": [0.11698982318189614, 0.2566881105614211], ""index"": [""committed"", ""totipotent""]}",0.9636782125032367,1.0,0.9633346081474164,1.0,0.9815836159025686,0.8681279309518102,7.107191027951867e-306,-0.8380782578904179,6.91371167978304e-265,0.8659078309177356,1.633644719895142e-302,-0.8162313360516991,4.876452282156194e-240,0.8039141138429251,1.9021844755518988e-227,0.6056547855323278,0.7607252300105055,0.45545545545545546,3
three_branches_False_0.3_0.7_30,False,,False,,,,,,0.9193928823701555,1.0,0.920423843551822,1.0,0.9591184590724016,0.8573088163611925,4.856477367647375e-290,-0.8219077608811832,3.6454674910743785e-246,0.8370325338686667,1.2941985780261764e-263,-0.7876005828976351,4.3468516765639327e-212,0.7757616995319628,9.1074173762208e-202,0.5976192415217413,0.7574576600584744,0.4022355689022355,3
three_branches_True_0.3_0.7_30,False,,True,,,,,"{""values"": [0.11698982318189614, 0.2566881105614211], ""index"": [""committed"", ""totipotent""]}",0.9636782125032367,1.0,0.9633346081474164,1.0,0.9815836159025686,0.8681279309518102,7.107191027951867e-306,-0.8380782578904179,6.91371167978304e-265,0.8659078309177356,1.633644719895142e-302,-0.8162313360516991,4.876452282156194e-240,0.8039141138429251,1.9021844755518988e-227,0.6056547855323278,0.7607252300105055,0.45545545545545546,3
three_branches_False_0.3_0.7_50,False,,False,,,,,,0.9193928823701555,1.0,0.920423843551822,1.0,0.9591184590724016,0.8573088163611925,4.856477367647375e-290,-0.8219077608811832,3.6454674910743785e-246,0.8370325338686667,1.2941985780261764e-263,-0.7876005828976351,4.3468516765639327e-212,0.7757616995319628,9.1074173762208e-202,0.5976192415217413,0.7574576600584744,0.4022355689022355,3
three_branches_False_0.3_0.7_70,False,,False,,,,,,0.9193928823701555,1.0,0.920423843551822,1.0,0.9591184590724016,0.8573088163611925,4.856477367647375e-290,-0.8219077608811832,3.6454674910743785e-246,0.8370325338686667,1.2941985780261764e-263,-0.7876005828976351,4.3468516765639327e-212,0.7757616995319628,9.1074173762208e-202,0.5976192415217413,0.7574576600584744,0.4022355689022355,3
five_branches_False_0.9_0.3_10,True,,False,,,,,,,,,,,,,,,,,,,,,,,
three_branches_True_0.3_0.7_50,False,,True,,,,,"{""values"": [0.11698982318189614, 0.2566881105614211], ""index"": [""committed"", ""totipotent""]}",0.9636782125032367,1.0,0.9633346081474164,1.0,0.9815836159025686,0.8681279309518102,7.107191027951867e-306,-0.8380782578904179,6.91371167978304e-265,0.8659078309177356,1.633644719895142e-302,-0.8162313360516991,4.876452282156194e-240,0.8039141138429251,1.9021844755518988e-227,0.6056547855323278,0.7607252300105055,0.45545545545545546,3
three_branches_True_0.3_0.7_70,False,,True,,,,,"{""values"": [0.11698982318189614, 0.2566881105614211], ""index"": [""committed"", ""totipotent""]}",0.9636782125032367,1.0,0.9633346081474164,1.0,0.9815836159025686,0.8681279309518102,7.107191027951867e-306,-0.8380782578904179,6.91371167978304e-265,0.8659078309177356,1.633644719895142e-302,-0.8162313360516991,4.876452282156194e-240,0.8039141138429251,1.9021844755518988e-227,0.6056547855323278,0.7607252300105055,0.45545545545545546,3
five_branches_True_0.9_0.3_10,False,,True,,,,,"{""values"": [0.0758465992793903, 0.15795040847826242, 0.32911458910607555], ""index"": [""committed"", ""multipotent"", ""totipotent""]}",0.957014415771815,1.0,0.9625933443830774,1.0,0.979693741216486,0.7422232309219201,1.1293244727064371e-175,-0.6005808216512956,4.682556491129457e-99,0.8271274189626863,5.400996738765462e-252,-0.660882744487164,1.4973571971042152e-126,0.5894367388613162,1.342948459599876e-94,0.7186109235387969,0.8260944948224459,0.3438438438438439,5
five_branches_False_0.9_0.3_30,True,,False,,,,,,,,,,,,,,,,,,,,,,,
five_branches_True_0.9_0.3_30,False,,True,,,,,"{""values"": [0.0758465992793903, 0.15795040847826242, 0.32911458910607555], ""index"": [""committed"", ""multipotent"", ""totipotent""]}",0.957014415771815,1.0,0.9625933443830774,1.0,0.979693741216486,0.7422232309219201,1.1293244727064371e-175,-0.6005808216512956,4.682556491129457e-99,0.8271274189626863,5.400996738765462e-252,-0.660882744487164,1.4973571971042152e-126,0.5894367388613162,1.342948459599876e-94,0.7186109235387969,0.8260944948224459,0.3438438438438439,5
five_branches_False_0.9_0.3_50,True,,False,,,,,,,,,,,,,,,,,,,,,,,
five_branches_False_0.9_0.3_70,True,,False,,,,,,,,,,,,,,,,,,,,,,,
five_branches_True_0.9_0.3_70,False,,True,,,,,"{""values"": [0.0758465992793903, 0.15795040847826242, 0.32911458910607555], ""index"": [""committed"", ""multipotent"", ""totipotent""]}",0.957014415771815,1.0,0.9625933443830774,1.0,0.979693741216486,0.7422232309219201,1.1293244727064371e-175,-0.6005808216512956,4.682556491129457e-99,0.8271274189626863,5.400996738765462e-252,-0.660882744487164,1.4973571971042152e-126,0.5894367388613162,1.342948459599876e-94,0.7186109235387969,0.8260944948224459,0.3438438438438439,5
five_branches_True_0.9_0.3_50,False,,True,,,,,"{""values"": [0.0758465992793903, 0.15795040847826242, 0.32911458910607555], ""index"": [""committed"", ""multipotent"", ""totipotent""]}",0.957014415771815,1.0,0.9625933443830774,1.0,0.979693741216486,0.7422232309219201,1.1293244727064371e-175,-0.6005808216512956,4.682556491129457e-99,0.8271274189626863,5.400996738765462e-252,-0.660882744487164,1.4973571971042152e-126,0.5894367388613162,1.342948459599876e-94,0.7186109235387969,0.8260944948224459,0.3438438438438439,5
three_branches_False_0.5_0.1_10,False,,False,,,,,,0.9588530351459915,1.0,0.9501848535672467,1.0,0.9769898180712439,0.7386514070050877,3.911777935310073e-173,-0.5759356460507344,2.000666151849193e-89,0.8474779648925577,9.549592378772055e-277,-0.6563966510477932,2.7553198097724576e-124,0.517529436103695,1.3381864402846352e-69,0.7388499063763804,0.7879086841335362,0.44978311644978314,3
three_branches_True_0.5_0.1_10,False,,True,,,,,"{""values"": [0.08004367503133174, 0.30651596292791544], ""index"": [""committed"", ""totipotent""]}",0.9639612618419039,1.0,0.9625913493674637,1.0,0.9814662816821405,0.7386637597098947,3.8340997956861126e-173,-0.575962541194948,1.954825586803517e-89,0.8477609142513409,4.079646702378994e-277,-0.6666159174081269,1.672097429052316e-129,0.5769788921543593,8.128520504326635e-90,0.7388529779578603,0.7879097715356547,0.4557891224557891,3
three_branches_False_0.5_0.1_30,False,,False,,,,,,0.9588530351459915,1.0,0.9501848535672467,1.0,0.9769898180712439,0.7386514070050877,3.911777935310073e-173,-0.5759356460507344,2.000666151849193e-89,0.8474779648925577,9.549592378772055e-277,-0.6563966510477932,2.7553198097724576e-124,0.517529436103695,1.3381864402846352e-69,0.7388499063763804,0.7879086841335362,0.44978311644978314,3
three_branches_True_0.5_0.1_30,False,,True,,,,,"{""values"": [0.08004367503133174, 0.30651596292791544], ""index"": [""committed"", ""totipotent""]}",0.9639612618419039,1.0,0.9625913493674637,1.0,0.9814662816821405,0.7386637597098947,3.8340997956861126e-173,-0.575962541194948,1.954825586803517e-89,0.8477609142513409,4.079646702378994e-277,-0.6666159174081269,1.672097429052316e-129,0.5769788921543593,8.128520504326635e-90,0.7388529779578603,0.7879097715356547,0.4557891224557891,3
three_branches_False_0.5_0.1_70,False,,False,,,,,,0.9588530351459915,1.0,0.9501848535672467,1.0,0.9769898180712439,0.7386514070050877,3.911777935310073e-173,-0.5759356460507344,2.000666151849193e-89,0.8474779648925577,9.549592378772055e-277,-0.6563966510477932,2.7553198097724576e-124,0.517529436103695,1.3381864402846352e-69,0.7388499063763804,0.7879086841335362,0.44978311644978314,3
three_branches_False_0.5_0.1_50,False,,False,,,,,,0.9588530351459915,1.0,0.9501848535672467,1.0,0.9769898180712439,0.7386514070050877,3.911777935310073e-173,-0.5759356460507344,2.000666151849193e-89,0.8474779648925577,9.549592378772055e-277,-0.6563966510477932,2.7553198097724576e-124,0.517529436103695,1.3381864402846352e-69,0.7388499063763804,0.7879086841335362,0.44978311644978314,3
three_branches_True_0.5_0.1_70,False,,True,,,,,"{""values"": [0.08004367503133174, 0.30651596292791544], ""index"": [""committed"", ""totipotent""]}",0.9639612618419039,1.0,0.9625913493674637,1.0,0.9814662816821405,0.7386637597098947,3.8340997956861126e-173,-0.575962541194948,1.954825586803517e-89,0.8477609142513409,4.079646702378994e-277,-0.6666159174081269,1.672097429052316e-129,0.5769788921543593,8.128520504326635e-90,0.7388529779578603,0.7879097715356547,0.4557891224557891,3
three_branches_True_0.5_0.1_50,False,,True,,,,,"{""values"": [0.08004367503133174, 0.30651596292791544], ""index"": [""committed"", ""totipotent""]}",0.9639612618419039,1.0,0.9625913493674637,1.0,0.9814662816821405,0.7386637597098947,3.8340997956861126e-173,-0.575962541194948,1.954825586803517e-89,0.8477609142513409,4.079646702378994e-277,-0.6666159174081269,1.672097429052316e-129,0.5769788921543593,8.128520504326635e-90,0.7388529779578603,0.7879097715356547,0.4557891224557891,3
three_branches_False_0.3_0.3_10,False,,False,,,,,,0.9577535372190852,1.0,0.9559586128131347,1.0,0.9781899887744235,0.8451506449270965,9.768597747719377e-274,-0.9244407230843845,0.0,0.8763096401332489,8.20386e-319,-0.9452163768492926,0.0,0.9422135632565503,0.0,0.5785956181487073,0.8211896480744376,0.4481147814481148,3
three_branches_True_0.3_0.3_10,False,,True,,,,,"{""values"": [0.16476580589560122, 0.2574053985238274], ""index"": [""committed"", ""totipotent""]}",0.9632392643327278,1.0,0.9637399767839289,1.0,0.9815750547113788,0.8451097997985695,1.1020756312968314e-273,-0.9245303087704729,0.0,0.87673512977227,1.64504e-319,-0.9481069854286973,0.0,0.9450305129120391,0.0,0.5789351962667763,0.8212182122360285,0.45462128795462126,3
three_branches_False_0.3_0.3_30,False,,False,,,,,,0.9577535372190852,1.0,0.9559586128131347,1.0,0.9781899887744235,0.8451506449270965,9.768597747719377e-274,-0.9244407230843845,0.0,0.8763096401332489,8.20386e-319,-0.9452163768492926,0.0,0.9422135632565503,0.0,0.5785956181487073,0.8211896480744376,0.4481147814481148,3
three_branches_True_0.3_0.3_30,False,,True,,,,,"{""values"": [0.16476580589560122, 0.2574053985238274], ""index"": [""committed"", ""totipotent""]}",0.9632392643327278,1.0,0.9637399767839289,1.0,0.9815750547113788,0.8451097997985695,1.1020756312968314e-273,-0.9245303087704729,0.0,0.87673512977227,1.64504e-319,-0.9481069854286973,0.0,0.9450305129120391,0.0,0.5789351962667763,0.8212182122360285,0.45462128795462126,3
three_branches_False_0.3_0.3_50,False,,False,,,,,,0.9577535372190852,1.0,0.9559586128131347,1.0,0.9781899887744235,0.8451506449270965,9.768597747719377e-274,-0.9244407230843845,0.0,0.8763096401332489,8.20386e-319,-0.9452163768492926,0.0,0.9422135632565503,0.0,0.5785956181487073,0.8211896480744376,0.4481147814481148,3
three_branches_False_0.3_0.3_70,False,,False,,,,,,0.9577535372190852,1.0,0.9559586128131347,1.0,0.9781899887744235,0.8451506449270965,9.768597747719377e-274,-0.9244407230843845,0.0,0.8763096401332489,8.20386e-319,-0.9452163768492926,0.0,0.9422135632565503,0.0,0.5785956181487073,0.8211896480744376,0.4481147814481148,3
three_branches_True_0.3_0.3_50,False,,True,,,,,"{""values"": [0.16476580589560122, 0.2574053985238274], ""index"": [""committed"", ""totipotent""]}",0.9632392643327278,1.0,0.9637399767839289,1.0,0.9815750547113788,0.8451097997985695,1.1020756312968314e-273,-0.9245303087704729,0.0,0.87673512977227,1.64504e-319,-0.9481069854286973,0.0,0.9450305129120391,0.0,0.5789351962667763,0.8212182122360285,0.45462128795462126,3
three_branches_True_0.3_0.3_70,False,,True,,,,,"{""values"": [0.16476580589560122, 0.2574053985238274], ""index"": [""committed"", ""totipotent""]}",0.9632392643327278,1.0,0.9637399767839289,1.0,0.9815750547113788,0.8451097997985695,1.1020756312968314e-273,-0.9245303087704729,0.0,0.87673512977227,1.64504e-319,-0.9481069854286973,0.0,0.9450305129120391,0.0,0.5789351962667763,0.8212182122360285,0.45462128795462126,3
five_branches_False_0.7_0.9_10,False,,False,,,,,,0.35617740272586296,0.6666666666666666,0.9777412232317747,0.4,0.5520326378224325,-0.3968753183717684,4.551211598081784e-39,-0.33914208272873875,2.449330881084997e-28,-0.06963032458208666,0.027677809413122284,-0.23818573999419515,2.297311385801104e-14,0.23903655098385154,1.846793477333391e-14,0.8911748377043928,0.943478225432046,0.12362362362362363,3
five_branches_True_0.7_0.9_10,False,,True,,,,,"{""values"": [0.1179260375537616, 0.34129045894116344, 0.43449267107473594], ""index"": [""committed"", ""multipotent"", ""totipotent""]}",0.9571947601911452,1.0,0.9630408178377641,1.0,0.9798537337272857,0.4924413141611207,3.3185265586221953e-62,-0.2934516916260314,2.602444370586509e-21,0.6039798990220945,1.886471239669469e-100,-0.4833877711125123,1.1010991838232558e-59,0.46226451445339634,4.3402623554018984e-54,0.69375157655044,0.6432810754237125,0.3376376376376376,5
five_branches_False_0.7_0.9_30,False,,False,,,,,,0.35617740272586296,0.6666666666666666,0.9777412232317747,0.4,0.5520326378224325,-0.3968753183717684,4.551211598081784e-39,-0.33914208272873875,2.449330881084997e-28,-0.06963032458208666,0.027677809413122284,-0.23818573999419515,2.297311385801104e-14,0.23903655098385154,1.846793477333391e-14,0.8911748377043928,0.943478225432046,0.12362362362362363,3
five_branches_True_0.7_0.9_30,False,,True,,,,,"{""values"": [0.1179260375537616, 0.34129045894116344, 0.43449267107473594], ""index"": [""committed"", ""multipotent"", ""totipotent""]}",0.9571947601911452,1.0,0.9630408178377641,1.0,0.9798537337272857,0.4924413141611207,3.3185265586221953e-62,-0.2934516916260314,2.602444370586509e-21,0.6039798990220945,1.886471239669469e-100,-0.4833877711125123,1.1010991838232558e-59,0.46226451445339634,4.3402623554018984e-54,0.69375157655044,0.6432810754237125,0.3376376376376376,5
five_branches_False_0.7_0.9_50,False,,False,,,,,,0.35617740272586296,0.6666666666666666,0.9777412232317747,0.4,0.5520326378224325,-0.3968753183717684,4.551211598081784e-39,-0.33914208272873875,2.449330881084997e-28,-0.06963032458208666,0.027677809413122284,-0.23818573999419515,2.297311385801104e-14,0.23903655098385154,1.846793477333391e-14,0.8911748377043928,0.943478225432046,0.12362362362362363,3
five_branches_False_0.7_0.9_70,False,,False,,,,,,0.35617740272586296,0.6666666666666666,0.9777412232317747,0.4,0.5520326378224325,-0.3968753183717684,4.551211598081784e-39,-0.33914208272873875,2.449330881084997e-28,-0.06963032458208666,0.027677809413122284,-0.23818573999419515,2.297311385801104e-14,0.23903655098385154,1.846793477333391e-14,0.8911748377043928,0.943478225432046,0.12362362362362363,3
five_branches_True_0.7_0.9_50,False,,True,,,,,"{""values"": [0.1179260375537616, 0.34129045894116344, 0.43449267107473594], ""index"": [""committed"", ""multipotent"", ""totipotent""]}",0.9571947601911452,1.0,0.9630408178377641,1.0,0.9798537337272857,0.4924413141611207,3.3185265586221953e-62,-0.2934516916260314,2.602444370586509e-21,0.6039798990220945,1.886471239669469e-100,-0.4833877711125123,1.1010991838232558e-59,0.46226451445339634,4.3402623554018984e-54,0.69375157655044,0.6432810754237125,0.3376376376376376,5
five_branches_True_0.7_0.9_70,False,,True,,,,,"{""values"": [0.1179260375537616, 0.34129045894116344, 0.43449267107473594], ""index"": [""committed"", ""multipotent"", ""totipotent""]}",0.9571947601911452,1.0,0.9630408178377641,1.0,0.9798537337272857,0.4924413141611207,3.3185265586221953e-62,-0.2934516916260314,2.602444370586509e-21,0.6039798990220945,1.886471239669469e-100,-0.4833877711125123,1.1010991838232558e-59,0.46226451445339634,4.3402623554018984e-54,0.69375157655044,0.6432810754237125,0.3376376376376376,5
five_branches_False_0.9_0.5_10,True,,False,,,,,,,,,,,,,,,,,,,,,,,
five_branches_True_0.9_0.5_10,False,,True,,,,,"{""values"": [0.03516735587833888, 0.09879128302176457, 0.4121248836735447], ""index"": [""committed"", ""multipotent"", ""totipotent""]}",0.957414378428951,1.0,0.9629563989978374,1.0,0.9798884580703638,0.508197174517707,8.89851005571247e-67,-0.4767290125098923,7.050734930624367e-58,0.6285360924052874,4.7705095385928786e-111,-0.5860112286474107,2.9083629242966795e-93,0.44400073635292253,1.476743715166997e-49,0.7622734729351989,0.7842148728757111,0.33663663663663657,5
five_branches_False_0.9_0.5_30,True,,False,,,,,,,,,,,,,,,,,,,,,,,
five_branches_True_0.9_0.5_30,False,,True,,,,,"{""values"": [0.03516735587833888, 0.09879128302176457, 0.4121248836735447], ""index"": [""committed"", ""multipotent"", ""totipotent""]}",0.957414378428951,1.0,0.9629563989978374,1.0,0.9798884580703638,0.508197174517707,8.89851005571247e-67,-0.4767290125098923,7.050734930624367e-58,0.6285360924052874,4.7705095385928786e-111,-0.5860112286474107,2.9083629242966795e-93,0.44400073635292253,1.476743715166997e-49,0.7622734729351989,0.7842148728757111,0.33663663663663657,5
five_branches_False_0.9_0.5_50,True,,False,,,,,,,,,,,,,,,,,,,,,,,
five_branches_False_0.9_0.5_70,True,,False,,,,,,,,,,,,,,,,,,,,,,,
five_branches_True_0.9_0.5_50,False,,True,,,,,"{""values"": [0.03516735587833888, 0.09879128302176457, 0.4121248836735447], ""index"": [""committed"", ""multipotent"", ""totipotent""]}",0.957414378428951,1.0,0.9629563989978374,1.0,0.9798884580703638,0.508197174517707,8.89851005571247e-67,-0.4767290125098923,7.050734930624367e-58,0.6285360924052874,4.7705095385928786e-111,-0.5860112286474107,2.9083629242966795e-93,0.44400073635292253,1.476743715166997e-49,0.7622734729351989,0.7842148728757111,0.33663663663663657,5
five_branches_True_0.9_0.5_70,False,,True,,,,,"{""values"": [0.03516735587833888, 0.09879128302176457, 0.4121248836735447], ""index"": [""committed"", ""multipotent"", ""totipotent""]}",0.957414378428951,1.0,0.9629563989978374,1.0,0.9798884580703638,0.508197174517707,8.89851005571247e-67,-0.4767290125098923,7.050734930624367e-58,0.6285360924052874,4.7705095385928786e-111,-0.5860112286474107,2.9083629242966795e-93,0.44400073635292253,1.476743715166997e-49,0.7622734729351989,0.7842148728757111,0.33663663663663657,5
five_branches_False_0.7_0.5_10,False,,False,,,,,,0.9538432376918639,0.925,0.9689467877718272,1.0,0.9615672566451622,0.6662667475562674,2.5405967244033454e-129,-0.49606783707892554,3.0886100296445296e-63,0.7436361564523085,1.0878339752679507e-176,-0.5885860634780011,2.8921744082129663e-94,0.5760161425554903,1.8665633049878948e-89,0.753987373902893,0.8338858702694334,0.378003003003003,4
five_branches_True_0.7_0.5_10,False,,True,,,,,"{""values"": [0.029793866087045772, 0.19849241140601376, 0.3042955498203471], ""index"": [""committed"", ""multipotent"", ""totipotent""]}",0.95748678459227,1.0,0.9627358808761374,1.0,0.9798508792218197,0.5791385237243366,1.2467206443748164e-90,-0.5359658067059564,1.9270457887103087e-75,0.7229579616373636,1.879812172010382e-162,-0.6039663713581481,1.910885730932033e-100,0.5862318277223891,2.3884586563546414e-93,0.7266353656270221,0.8181536454656863,0.33853853853853855,5
five_branches_False_0.7_0.5_30,False,,False,,,,,,0.9538432376918639,0.925,0.9689467877718272,1.0,0.9615672566451622,0.6662667475562674,2.5405967244033454e-129,-0.49606783707892554,3.0886100296445296e-63,0.7436361564523085,1.0878339752679507e-176,-0.5885860634780011,2.8921744082129663e-94,0.5760161425554903,1.8665633049878948e-89,0.753987373902893,0.8338858702694334,0.378003003003003,4
five_branches_True_0.7_0.5_30,False,,True,,,,,"{""values"": [0.029793866087045772, 0.19849241140601376, 0.3042955498203471], ""index"": [""committed"", ""multipotent"", ""totipotent""]}",0.95748678459227,1.0,0.9627358808761374,1.0,0.9798508792218197,0.5791385237243366,1.2467206443748164e-90,-0.5359658067059564,1.9270457887103087e-75,0.7229579616373636,1.879812172010382e-162,-0.6039663713581481,1.910885730932033e-100,0.5862318277223891,2.3884586563546414e-93,0.7266353656270221,0.8181536454656863,0.33853853853853855,5
five_branches_False_0.7_0.5_50,False,,False,,,,,,0.9538432376918639,0.925,0.9689467877718272,1.0,0.9615672566451622,0.6662667475562674,2.5405967244033454e-129,-0.49606783707892554,3.0886100296445296e-63,0.7436361564523085,1.0878339752679507e-176,-0.5885860634780011,2.8921744082129663e-94,0.5760161425554903,1.8665633049878948e-89,0.753987373902893,0.8338858702694334,0.378003003003003,4
five_branches_False_0.7_0.5_70,False,,False,,,,,,0.9538432376918639,0.925,0.9689467877718272,1.0,0.9615672566451622,0.6662667475562674,2.5405967244033454e-129,-0.49606783707892554,3.0886100296445296e-63,0.7436361564523085,1.0878339752679507e-176,-0.5885860634780011,2.8921744082129663e-94,0.5760161425554903,1.8665633049878948e-89,0.753987373902893,0.8338858702694334,0.378003003003003,4
five_branches_True_0.7_0.5_50,False,,True,,,,,"{""values"": [0.029793866087045772, 0.19849241140601376, 0.3042955498203471], ""index"": [""committed"", ""multipotent"", ""totipotent""]}",0.95748678459227,1.0,0.9627358808761374,1.0,0.9798508792218197,0.5791385237243366,1.2467206443748164e-90,-0.5359658067059564,1.9270457887103087e-75,0.7229579616373636,1.879812172010382e-162,-0.6039663713581481,1.910885730932033e-100,0.5862318277223891,2.3884586563546414e-93,0.7266353656270221,0.8181536454656863,0.33853853853853855,5
five_branches_True_0.7_0.5_70,False,,True,,,,,"{""values"": [0.029793866087045772, 0.19849241140601376, 0.3042955498203471], ""index"": [""committed"", ""multipotent"", ""totipotent""]}",0.95748678459227,1.0,0.9627358808761374,1.0,0.9798508792218197,0.5791385237243366,1.2467206443748164e-90,-0.5359658067059564,1.9270457887103087e-75,0.7229579616373636,1.879812172010382e-162,-0.6039663713581481,1.910885730932033e-100,0.5862318277223891,2.3884586563546414e-93,0.7266353656270221,0.8181536454656863,0.33853853853853855,5
five_branches_False_0.7_0.3_30,False,,False,,,,,,0.9410928303437022,0.9833333333333333,0.9629914457877249,1.0,0.9716031493184029,0.834997620920045,3.648568252621185e-261,-0.762522175142382,5.980946064276974e-191,0.8217224486268037,5.823560607386834e-246,-0.743939178628807,6.572623370444666e-177,0.7293437770304843,1.0431079212746728e-166,0.693310920624034,0.8463223053214577,0.36486486486486486,4
five_branches_True_0.7_0.3_30,False,,True,,,,,"{""values"": [0.09068224362881766, 0.2435507938827208, 0.27323419844968044], ""index"": [""committed"", ""multipotent"", ""totipotent""]}",0.9577671264285433,1.0,0.9633122050973755,1.0,0.9800692140719094,0.7895605622210132,7.336884029751995e-214,-0.7849177168661391,1.0823505851296271e-209,0.8157000590484735,1.7807376531036314e-239,-0.7804849587358066,8.296923214432943e-206,0.7601554646051129,4.325079911940879e-189,0.654175184857005,0.792466985558403,0.3406406406406406,5
five_branches_False_0.7_0.3_50,False,,False,,,,,,0.9410928303437022,0.9833333333333333,0.9629914457877249,1.0,0.9716031493184029,0.834997620920045,3.648568252621185e-261,-0.762522175142382,5.980946064276974e-191,0.8217224486268037,5.823560607386834e-246,-0.743939178628807,6.572623370444666e-177,0.7293437770304843,1.0431079212746728e-166,0.693310920624034,0.8463223053214577,0.36486486486486486,4
five_branches_True_0.7_0.3_50,False,,True,,,,,"{""values"": [0.09068224362881766, 0.2435507938827208, 0.27323419844968044], ""index"": [""committed"", ""multipotent"", ""totipotent""]}",0.9577671264285433,1.0,0.9633122050973755,1.0,0.9800692140719094,0.7895605622210132,7.336884029751995e-214,-0.7849177168661391,1.0823505851296271e-209,0.8157000590484735,1.7807376531036314e-239,-0.7804849587358066,8.296923214432943e-206,0.7601554646051129,4.325079911940879e-189,0.654175184857005,0.792466985558403,0.3406406406406406,5
five_branches_False_0.7_0.3_70,False,,False,,,,,,0.9410928303437022,0.9833333333333333,0.9629914457877249,1.0,0.9716031493184029,0.834997620920045,3.648568252621185e-261,-0.762522175142382,5.980946064276974e-191,0.8217224486268037,5.823560607386834e-246,-0.743939178628807,6.572623370444666e-177,0.7293437770304843,1.0431079212746728e-166,0.693310920624034,0.8463223053214577,0.36486486486486486,4
five_branches_False_0.7_0.3_10,False,,False,,,,,,0.9410928303437022,0.9833333333333333,0.9629914457877249,1.0,0.9716031493184029,0.834997620920045,3.648568252621185e-261,-0.762522175142382,5.980946064276974e-191,0.8217224486268037,5.823560607386834e-246,-0.743939178628807,6.572623370444666e-177,0.7293437770304843,1.0431079212746728e-166,0.693310920624034,0.8463223053214577,0.36486486486486486,4
five_branches_True_0.7_0.3_70,False,,True,,,,,"{""values"": [0.09068224362881766, 0.2435507938827208, 0.27323419844968044], ""index"": [""committed"", ""multipotent"", ""totipotent""]}",0.9577671264285433,1.0,0.9633122050973755,1.0,0.9800692140719094,0.7895605622210132,7.336884029751995e-214,-0.7849177168661391,1.0823505851296271e-209,0.8157000590484735,1.7807376531036314e-239,-0.7804849587358066,8.296923214432943e-206,0.7601554646051129,4.325079911940879e-189,0.654175184857005,0.792466985558403,0.3406406406406406,5
five_branches_True_0.7_0.3_10,False,,True,,,,,"{""values"": [0.09068224362881766, 0.2435507938827208, 0.27323419844968044], ""index"": [""committed"", ""multipotent"", ""totipotent""]}",0.9577671264285433,1.0,0.9633122050973755,1.0,0.9800692140719094,0.7895605622210132,7.336884029751995e-214,-0.7849177168661391,1.0823505851296271e-209,0.8157000590484735,1.7807376531036314e-239,-0.7804849587358066,8.296923214432943e-206,0.7601554646051129,4.325079911940879e-189,0.654175184857005,0.792466985558403,0.3406406406406406,5
five_branches_False_0.3_0.1_10,True,,False,,,,,,,,,,,,,,,,,,,,,,,
five_branches_True_0.3_0.1_10,False,,True,,,,,"{""values"": [0.07629848464048536, 0.1954754850034719, 0.33107613592117924], ""index"": [""committed"", ""multipotent"", ""totipotent""]}",0.9573955621616758,1.0,0.9629590983260654,1.0,0.9798843302399132,0.6231895784636066,1.1655959888197481e-108,-0.6258438971796152,7.706117835614572e-110,0.7398992683430398,5.127540765615352e-174,-0.6499878473463742,4.065741893476207e-121,0.5615593989537037,3.5571300406157953e-84,0.6879698633611252,0.7841699287813261,0.34034034034034033,5
five_branches_False_0.3_0.1_30,True,,False,,,,,,,,,,,,,,,,,,,,,,,
five_branches_True_0.3_0.1_30,False,,True,,,,,"{""values"": [0.07629848464048536, 0.1954754850034719, 0.33107613592117924], ""index"": [""committed"", ""multipotent"", ""totipotent""]}",0.9573955621616758,1.0,0.9629590983260654,1.0,0.9798843302399132,0.6231895784636066,1.1655959888197481e-108,-0.6258438971796152,7.706117835614572e-110,0.7398992683430398,5.127540765615352e-174,-0.6499878473463742,4.065741893476207e-121,0.5615593989537037,3.5571300406157953e-84,0.6879698633611252,0.7841699287813261,0.34034034034034033,5
five_branches_False_0.3_0.1_50,True,,False,,,,,,,,,,,,,,,,,,,,,,,
five_branches_False_0.3_0.1_70,True,,False,,,,,,,,,,,,,,,,,,,,,,,
five_branches_True_0.3_0.1_50,False,,True,,,,,"{""values"": [0.07629848464048536, 0.1954754850034719, 0.33107613592117924], ""index"": [""committed"", ""multipotent"", ""totipotent""]}",0.9573955621616758,1.0,0.9629590983260654,1.0,0.9798843302399132,0.6231895784636066,1.1655959888197481e-108,-0.6258438971796152,7.706117835614572e-110,0.7398992683430398,5.127540765615352e-174,-0.6499878473463742,4.065741893476207e-121,0.5615593989537037,3.5571300406157953e-84,0.6879698633611252,0.7841699287813261,0.34034034034034033,5
five_branches_True_0.3_0.1_70,False,,True,,,,,"{""values"": [0.07629848464048536, 0.1954754850034719, 0.33107613592117924], ""index"": [""committed"", ""multipotent"", ""totipotent""]}",0.9573955621616758,1.0,0.9629590983260654,1.0,0.9798843302399132,0.6231895784636066,1.1655959888197481e-108,-0.6258438971796152,7.706117835614572e-110,0.7398992683430398,5.127540765615352e-174,-0.6499878473463742,4.065741893476207e-121,0.5615593989537037,3.5571300406157953e-84,0.6879698633611252,0.7841699287813261,0.34034034034034033,5
five_branches_False_0.9_0.9_10,True,,False,,,,,,,,,,,,,,,,,,,,,,,
five_branches_True_0.9_0.9_10,False,,True,,,,,"{""values"": [0.05915262835514064, 0.22954079955074225, 0.34012066655657097], ""index"": [""committed"", ""multipotent"", ""totipotent""]}",0.9569363946381119,1.0,0.9621144029980403,1.0,0.9795518903912033,0.5231457840757919,2.426167713521613e-71,-0.4836760848386561,9.177157332067524e-60,0.7045822629566517,7.57018333445746e-151,-0.5729003471216092,2.6995131059033435e-88,0.5093737004633823,3.9650850963644936e-67,0.7021847388388187,0.7863004764159853,0.3403403403403404,5
five_branches_False_0.9_0.9_30,True,,False,,,,,,,,,,,,,,,,,,,,,,,
five_branches_True_0.9_0.9_30,False,,True,,,,,"{""values"": [0.05915262835514064, 0.22954079955074225, 0.34012066655657097], ""index"": [""committed"", ""multipotent"", ""totipotent""]}",0.9569363946381119,1.0,0.9621144029980403,1.0,0.9795518903912033,0.5231457840757919,2.426167713521613e-71,-0.4836760848386561,9.177157332067524e-60,0.7045822629566517,7.57018333445746e-151,-0.5729003471216092,2.6995131059033435e-88,0.5093737004633823,3.9650850963644936e-67,0.7021847388388187,0.7863004764159853,0.3403403403403404,5
five_branches_False_0.9_0.9_50,True,,False,,,,,,,,,,,,,,,,,,,,,,,
five_branches_False_0.9_0.9_70,True,,False,,,,,,,,,,,,,,,,,,,,,,,
five_branches_True_0.9_0.9_50,False,,True,,,,,"{""values"": [0.05915262835514064, 0.22954079955074225, 0.34012066655657097], ""index"": [""committed"", ""multipotent"", ""totipotent""]}",0.9569363946381119,1.0,0.9621144029980403,1.0,0.9795518903912033,0.5231457840757919,2.426167713521613e-71,-0.4836760848386561,9.177157332067524e-60,0.7045822629566517,7.57018333445746e-151,-0.5729003471216092,2.6995131059033435e-88,0.5093737004633823,3.9650850963644936e-67,0.7021847388388187,0.7863004764159853,0.3403403403403404,5
five_branches_True_0.9_0.9_70,False,,True,,,,,"{""values"": [0.05915262835514064, 0.22954079955074225, 0.34012066655657097], ""index"": [""committed"", ""multipotent"", ""totipotent""]}",0.9569363946381119,1.0,0.9621144029980403,1.0,0.9795518903912033,0.5231457840757919,2.426167713521613e-71,-0.4836760848386561,9.177157332067524e-60,0.7045822629566517,7.57018333445746e-151,-0.5729003471216092,2.6995131059033435e-88,0.5093737004633823,3.9650850963644936e-67,0.7021847388388187,0.7863004764159853,0.3403403403403404,5
five_branches_False_0.1_0.9_10,False,,False,,,,,,0.933920223078134,0.9133333333333333,0.8827575439048531,1.0,0.931526322357116,0.7676959343299135,4.320133536617991e-195,-0.7478099268227606,9.885658218683775e-180,0.7418615015596592,2.0507970289483825e-175,-0.7274993235397446,1.8196918710315595e-165,0.6750308035529805,5.875670561963137e-134,0.44416480379187284,0.552619883341368,0.27127127127127126,5
five_branches_True_0.1_0.9_10,False,,True,,,,,"{""values"": [0.2831565880294462, 0.23725215951331408, 0.3020097764053337], ""index"": [""committed"", ""multipotent"", ""totipotent""]}",0.9579247966564355,1.0,0.9630713645807566,1.0,0.9800482812350227,0.6810732711479709,3.006594023046828e-137,-0.8234726831136949,6.82795511556866e-248,0.7523799702213188,3.9364837060222845e-183,-0.8627561808964446,7.638076511012288e-298,0.8431775864060345,3.1831152757853934e-271,0.42558632140548935,0.5561465929481809,0.33793793793793797,5
five_branches_False_0.1_0.9_30,False,,False,,,,,,0.933920223078134,0.9133333333333333,0.8827575439048531,1.0,0.931526322357116,0.7676959343299135,4.320133536617991e-195,-0.7478099268227606,9.885658218683775e-180,0.7418615015596592,2.0507970289483825e-175,-0.7274993235397446,1.8196918710315595e-165,0.6750308035529805,5.875670561963137e-134,0.44416480379187284,0.552619883341368,0.27127127127127126,5
five_branches_True_0.1_0.9_30,False,,True,,,,,"{""values"": [0.2831565880294462, 0.23725215951331408, 0.3020097764053337], ""index"": [""committed"", ""multipotent"", ""totipotent""]}",0.9579247966564355,1.0,0.9630713645807566,1.0,0.9800482812350227,0.6810732711479709,3.006594023046828e-137,-0.8234726831136949,6.82795511556866e-248,0.7523799702213188,3.9364837060222845e-183,-0.8627561808964446,7.638076511012288e-298,0.8431775864060345,3.1831152757853934e-271,0.42558632140548935,0.5561465929481809,0.33793793793793797,5
five_branches_False_0.1_0.9_50,False,,False,,,,,,0.933920223078134,0.9133333333333333,0.8827575439048531,1.0,0.931526322357116,0.7676959343299135,4.320133536617991e-195,-0.7478099268227606,9.885658218683775e-180,0.7418615015596592,2.0507970289483825e-175,-0.7274993235397446,1.8196918710315595e-165,0.6750308035529805,5.875670561963137e-134,0.44416480379187284,0.552619883341368,0.27127127127127126,5
five_branches_False_0.1_0.9_70,False,,False,,,,,,0.933920223078134,0.9133333333333333,0.8827575439048531,1.0,0.931526322357116,0.7676959343299135,4.320133536617991e-195,-0.7478099268227606,9.885658218683775e-180,0.7418615015596592,2.0507970289483825e-175,-0.7274993235397446,1.8196918710315595e-165,0.6750308035529805,5.875670561963137e-134,0.44416480379187284,0.552619883341368,0.27127127127127126,5
five_branches_True_0.1_0.9_50,False,,True,,,,,"{""values"": [0.2831565880294462, 0.23725215951331408, 0.3020097764053337], ""index"": [""committed"", ""multipotent"", ""totipotent""]}",0.9579247966564355,1.0,0.9630713645807566,1.0,0.9800482812350227,0.6810732711479709,3.006594023046828e-137,-0.8234726831136949,6.82795511556866e-248,0.7523799702213188,3.9364837060222845e-183,-0.8627561808964446,7.638076511012288e-298,0.8431775864060345,3.1831152757853934e-271,0.42558632140548935,0.5561465929481809,0.33793793793793797,5
five_branches_True_0.1_0.9_70,False,,True,,,,,"{""values"": [0.2831565880294462, 0.23725215951331408, 0.3020097764053337], ""index"": [""committed"", ""multipotent"", ""totipotent""]}",0.9579247966564355,1.0,0.9630713645807566,1.0,0.9800482812350227,0.6810732711479709,3.006594023046828e-137,-0.8234726831136949,6.82795511556866e-248,0.7523799702213188,3.9364837060222845e-183,-0.8627561808964446,7.638076511012288e-298,0.8431775864060345,3.1831152757853934e-271,0.42558632140548935,0.5561465929481809,0.33793793793793797,5
three_branches_False_0.5_0.7_30,False,,False,,,,,,0.9281363685302186,1.0,0.9448880731568252,1.0,0.9677162624873981,0.7506898925729235,7.262325742177865e-182,-0.7670422053940108,1.461179858463067e-194,0.7999897222285967,1.2699436367903471e-223,-0.7702577477195817,3.505455242657455e-197,0.7711473929039687,6.490927524483168e-198,0.450277944529607,0.7074151808123841,0.41358024691358025,3
three_branches_True_0.5_0.7_30,False,,True,,,,,"{""values"": [0.2092637879350362, 0.15375416607938344], ""index"": [""committed"", ""totipotent""]}",0.9641140428295193,1.0,0.9631886419003234,1.0,0.9816573899692882,0.768947608484697,4.1434621737362694e-196,-0.7817842483447931,6.1626554722984924e-207,0.8073967592933797,6.482985181488218e-231,-0.78452866604617,2.3932483649854485e-209,0.7859677880761238,1.2607264278509114e-210,0.4528697003398014,0.7086955580491183,0.4556222889556223,3
three_branches_False_0.5_0.7_50,False,,False,,,,,,0.9281363685302186,1.0,0.9448880731568252,1.0,0.9677162624873981,0.7506898925729235,7.262325742177865e-182,-0.7670422053940108,1.461179858463067e-194,0.7999897222285967,1.2699436367903471e-223,-0.7702577477195817,3.505455242657455e-197,0.7711473929039687,6.490927524483168e-198,0.450277944529607,0.7074151808123841,0.41358024691358025,3
three_branches_True_0.5_0.7_50,False,,True,,,,,"{""values"": [0.2092637879350362, 0.15375416607938344], ""index"": [""committed"", ""totipotent""]}",0.9641140428295193,1.0,0.9631886419003234,1.0,0.9816573899692882,0.768947608484697,4.1434621737362694e-196,-0.7817842483447931,6.1626554722984924e-207,0.8073967592933797,6.482985181488218e-231,-0.78452866604617,2.3932483649854485e-209,0.7859677880761238,1.2607264278509114e-210,0.4528697003398014,0.7086955580491183,0.4556222889556223,3
three_branches_False_0.5_0.7_70,False,,False,,,,,,0.9281363685302186,1.0,0.9448880731568252,1.0,0.9677162624873981,0.7506898925729235,7.262325742177865e-182,-0.7670422053940108,1.461179858463067e-194,0.7999897222285967,1.2699436367903471e-223,-0.7702577477195817,3.505455242657455e-197,0.7711473929039687,6.490927524483168e-198,0.450277944529607,0.7074151808123841,0.41358024691358025,3
three_branches_False_0.5_0.7_10,False,,False,,,,,,0.9281363685302186,1.0,0.9448880731568252,1.0,0.9677162624873981,0.7506898925729235,7.262325742177865e-182,-0.7670422053940108,1.461179858463067e-194,0.7999897222285967,1.2699436367903471e-223,-0.7702577477195817,3.505455242657455e-197,0.7711473929039687,6.490927524483168e-198,0.450277944529607,0.7074151808123841,0.41358024691358025,3
three_branches_True_0.5_0.7_70,False,,True,,,,,"{""values"": [0.2092637879350362, 0.15375416607938344], ""index"": [""committed"", ""totipotent""]}",0.9641140428295193,1.0,0.9631886419003234,1.0,0.9816573899692882,0.768947608484697,4.1434621737362694e-196,-0.7817842483447931,6.1626554722984924e-207,0.8073967592933797,6.482985181488218e-231,-0.78452866604617,2.3932483649854485e-209,0.7859677880761238,1.2607264278509114e-210,0.4528697003398014,0.7086955580491183,0.4556222889556223,3
three_branches_True_0.5_0.7_10,False,,True,,,,,"{""values"": [0.2092637879350362, 0.15375416607938344], ""index"": [""committed"", ""totipotent""]}",0.9641140428295193,1.0,0.9631886419003234,1.0,0.9816573899692882,0.768947608484697,4.1434621737362694e-196,-0.7817842483447931,6.1626554722984924e-207,0.8073967592933797,6.482985181488218e-231,-0.78452866604617,2.3932483649854485e-209,0.7859677880761238,1.2607264278509114e-210,0.4528697003398014,0.7086955580491183,0.4556222889556223,3
five_branches_False_0.3_0.5_10,False,,False,,,,,,0.6120304499469247,0.9333333333333333,0.9504932667535652,0.8,0.8118246043337205,0.01801654571644754,0.5693108002999293,-0.33639562904944964,7.02059904436827e-28,0.06455374212820668,0.0412563535818048,-0.25070020629991513,8.500978143069659e-16,0.2415436673886451,9.658745997816403e-15,0.37261775842799816,0.7046296135261737,0.08742075408742077,3
five_branches_True_0.3_0.5_10,False,,True,,,,,"{""values"": [0.10436185505227855, 0.4007082900363933, 0.2861925775558276], ""index"": [""committed"", ""multipotent"", ""totipotent""]}",0.9567084951118547,1.0,0.9623753692709178,1.0,0.9795599771048545,0.5765002455186667,1.22928900371955e-89,-0.47011749165252215,4.0070489619221453e-56,0.7199037412390484,1.8514072613254706e-160,-0.5286414098373143,4.455108707586729e-73,0.5200796350513244,2.1865378877551766e-70,0.6418062693023251,0.7317538825070914,0.33783783783783783,5
five_branches_False_0.3_0.5_30,False,,False,,,,,,0.6120304499469247,0.9333333333333333,0.9504932667535652,0.8,0.8118246043337205,0.01801654571644754,0.5693108002999293,-0.33639562904944964,7.02059904436827e-28,0.06455374212820668,0.0412563535818048,-0.25070020629991513,8.500978143069659e-16,0.2415436673886451,9.658745997816403e-15,0.37261775842799816,0.7046296135261737,0.08742075408742077,3
five_branches_True_0.3_0.5_30,False,,True,,,,,"{""values"": [0.10436185505227855, 0.4007082900363933, 0.2861925775558276], ""index"": [""committed"", ""multipotent"", ""totipotent""]}",0.9567084951118547,1.0,0.9623753692709178,1.0,0.9795599771048545,0.5765002455186667,1.22928900371955e-89,-0.47011749165252215,4.0070489619221453e-56,0.7199037412390484,1.8514072613254706e-160,-0.5286414098373143,4.455108707586729e-73,0.5200796350513244,2.1865378877551766e-70,0.6418062693023251,0.7317538825070914,0.33783783783783783,5
five_branches_False_0.3_0.5_50,False,,False,,,,,,0.6120304499469247,0.9333333333333333,0.9504932667535652,0.8,0.8118246043337205,0.01801654571644754,0.5693108002999293,-0.33639562904944964,7.02059904436827e-28,0.06455374212820668,0.0412563535818048,-0.25070020629991513,8.500978143069659e-16,0.2415436673886451,9.658745997816403e-15,0.37261775842799816,0.7046296135261737,0.08742075408742077,3
five_branches_False_0.3_0.5_70,False,,False,,,,,,0.6120304499469247,0.9333333333333333,0.9504932667535652,0.8,0.8118246043337205,0.01801654571644754,0.5693108002999293,-0.33639562904944964,7.02059904436827e-28,0.06455374212820668,0.0412563535818048,-0.25070020629991513,8.500978143069659e-16,0.2415436673886451,9.658745997816403e-15,0.37261775842799816,0.7046296135261737,0.08742075408742077,3
five_branches_True_0.3_0.5_50,False,,True,,,,,"{""values"": [0.10436185505227855, 0.4007082900363933, 0.2861925775558276], ""index"": [""committed"", ""multipotent"", ""totipotent""]}",0.9567084951118547,1.0,0.9623753692709178,1.0,0.9795599771048545,0.5765002455186667,1.22928900371955e-89,-0.47011749165252215,4.0070489619221453e-56,0.7199037412390484,1.8514072613254706e-160,-0.5286414098373143,4.455108707586729e-73,0.5200796350513244,2.1865378877551766e-70,0.6418062693023251,0.7317538825070914,0.33783783783783783,5
five_branches_True_0.3_0.5_70,False,,True,,,,,"{""values"": [0.10436185505227855, 0.4007082900363933, 0.2861925775558276], ""index"": [""committed"", ""multipotent"", ""totipotent""]}",0.9567084951118547,1.0,0.9623753692709178,1.0,0.9795599771048545,0.5765002455186667,1.22928900371955e-89,-0.47011749165252215,4.0070489619221453e-56,0.7199037412390484,1.8514072613254706e-160,-0.5286414098373143,4.455108707586729e-73,0.5200796350513244,2.1865378877551766e-70,0.6418062693023251,0.7317538825070914,0.33783783783783783,5
five_branches_False_0.5_0.9_50,False,,False,,,,,,0.36297744396330706,0.6666666666666666,0.9644413398856717,0.4,0.5527529219581255,0.14938703148201496,2.087407362731276e-06,-0.48330745263821007,1.1583872306517591e-59,0.16553756249511883,1.4051663631385132e-07,-0.5351716006930652,3.499764452717856e-75,0.5455377257339967,1.2781113971140444e-78,0.6043156178676365,0.8386246462432889,0.23790457123790454,3
five_branches_True_0.5_0.9_50,False,,True,,,,,"{""values"": [0.1874822962452674, 0.26543597707303807, 0.33271593355695345], ""index"": [""committed"", ""multipotent"", ""totipotent""]}",0.9572817588519585,1.0,0.9628295898115603,1.0,0.9798222629374885,0.662222389585882,3.1001398756616007e-127,-0.6194961396864002,4.889742521603709e-107,0.7141173590879234,9.376072677830242e-157,-0.6822342067403195,6.865050054403359e-138,0.676096209915951,1.5650030001592482e-134,0.5831956376703423,0.6727462448506023,0.34044044044044036,5
five_branches_False_0.5_0.9_70,False,,False,,,,,,0.36297744396330706,0.6666666666666666,0.9644413398856717,0.4,0.5527529219581255,0.14938703148201496,2.087407362731276e-06,-0.48330745263821007,1.1583872306517591e-59,0.16553756249511883,1.4051663631385132e-07,-0.5351716006930652,3.499764452717856e-75,0.5455377257339967,1.2781113971140444e-78,0.6043156178676365,0.8386246462432889,0.23790457123790454,3
five_branches_False_0.5_0.9_10,False,,False,,,,,,0.36297744396330706,0.6666666666666666,0.9644413398856717,0.4,0.5527529219581255,0.14938703148201496,2.087407362731276e-06,-0.48330745263821007,1.1583872306517591e-59,0.16553756249511883,1.4051663631385132e-07,-0.5351716006930652,3.499764452717856e-75,0.5455377257339967,1.2781113971140444e-78,0.6043156178676365,0.8386246462432889,0.23790457123790454,3
five_branches_True_0.5_0.9_70,False,,True,,,,,"{""values"": [0.1874822962452674, 0.26543597707303807, 0.33271593355695345], ""index"": [""committed"", ""multipotent"", ""totipotent""]}",0.9572817588519585,1.0,0.9628295898115603,1.0,0.9798222629374885,0.662222389585882,3.1001398756616007e-127,-0.6194961396864002,4.889742521603709e-107,0.7141173590879234,9.376072677830242e-157,-0.6822342067403195,6.865050054403359e-138,0.676096209915951,1.5650030001592482e-134,0.5831956376703423,0.6727462448506023,0.34044044044044036,5
five_branches_True_0.5_0.9_10,False,,True,,,,,"{""values"": [0.1874822962452674, 0.26543597707303807, 0.33271593355695345], ""index"": [""committed"", ""multipotent"", ""totipotent""]}",0.9572817588519585,1.0,0.9628295898115603,1.0,0.9798222629374885,0.662222389585882,3.1001398756616007e-127,-0.6194961396864002,4.889742521603709e-107,0.7141173590879234,9.376072677830242e-157,-0.6822342067403195,6.865050054403359e-138,0.676096209915951,1.5650030001592482e-134,0.5831956376703423,0.6727462448506023,0.34044044044044036,5
five_branches_False_0.5_0.9_30,False,,False,,,,,,0.36297744396330706,0.6666666666666666,0.9644413398856717,0.4,0.5527529219581255,0.14938703148201496,2.087407362731276e-06,-0.48330745263821007,1.1583872306517591e-59,0.16553756249511883,1.4051663631385132e-07,-0.5351716006930652,3.499764452717856e-75,0.5455377257339967,1.2781113971140444e-78,0.6043156178676365,0.8386246462432889,0.23790457123790454,3
five_branches_False_0.5_0.1_70,True,,False,,,,,,,,,,,,,,,,,,,,,,,
five_branches_True_0.5_0.9_30,False,,True,,,,,"{""values"": [0.1874822962452674, 0.26543597707303807, 0.33271593355695345], ""index"": [""committed"", ""multipotent"", ""totipotent""]}",0.9572817588519585,1.0,0.9628295898115603,1.0,0.9798222629374885,0.662222389585882,3.1001398756616007e-127,-0.6194961396864002,4.889742521603709e-107,0.7141173590879234,9.376072677830242e-157,-0.6822342067403195,6.865050054403359e-138,0.676096209915951,1.5650030001592482e-134,0.5831956376703423,0.6727462448506023,0.34044044044044036,5
five_branches_True_0.5_0.1_70,False,,True,,,,,"{""values"": [0.056291355308341104, 0.22569870946559734, 0.323095631904049], ""index"": [""committed"", ""multipotent"", ""totipotent""]}",0.9566038783700904,1.0,0.9623418714301687,1.0,0.9795246732383138,0.5729606292367616,2.564223136132955e-88,-0.5161153427892194,3.629982069964162e-69,0.7067815145297863,3.4499746275291337e-152,-0.5948281319474221,9.847308096225964e-97,0.5412159356311228,3.583349185960685e-77,0.7146551141887193,0.7943465934271821,0.33853853853853855,5
five_branches_False_0.5_0.1_50,True,,False,,,,,,,,,,,,,,,,,,,,,,,
five_branches_True_0.5_0.1_50,False,,True,,,,,"{""values"": [0.056291355308341104, 0.22569870946559734, 0.323095631904049], ""index"": [""committed"", ""multipotent"", ""totipotent""]}",0.9566038783700904,1.0,0.9623418714301687,1.0,0.9795246732383138,0.5729606292367616,2.564223136132955e-88,-0.5161153427892194,3.629982069964162e-69,0.7067815145297863,3.4499746275291337e-152,-0.5948281319474221,9.847308096225964e-97,0.5412159356311228,3.583349185960685e-77,0.7146551141887193,0.7943465934271821,0.33853853853853855,5
five_branches_False_0.5_0.1_10,True,,False,,,,,,,,,,,,,,,,,,,,,,,
five_branches_True_0.5_0.1_10,False,,True,,,,,"{""values"": [0.056291355308341104, 0.22569870946559734, 0.323095631904049], ""index"": [""committed"", ""multipotent"", ""totipotent""]}",0.9566038783700904,1.0,0.9623418714301687,1.0,0.9795246732383138,0.5729606292367616,2.564223136132955e-88,-0.5161153427892194,3.629982069964162e-69,0.7067815145297863,3.4499746275291337e-152,-0.5948281319474221,9.847308096225964e-97,0.5412159356311228,3.583349185960685e-77,0.7146551141887193,0.7943465934271821,0.33853853853853855,5
five_branches_False_0.5_0.1_30,True,,False,,,,,,,,,,,,,,,,,,,,,,,
five_branches_False_0.9_0.1_10,True,,False,,,,,,,,,,,,,,,,,,,,,,,
five_branches_True_0.5_0.1_30,False,,True,,,,,"{""values"": [0.056291355308341104, 0.22569870946559734, 0.323095631904049], ""index"": [""committed"", ""multipotent"", ""totipotent""]}",0.9566038783700904,1.0,0.9623418714301687,1.0,0.9795246732383138,0.5729606292367616,2.564223136132955e-88,-0.5161153427892194,3.629982069964162e-69,0.7067815145297863,3.4499746275291337e-152,-0.5948281319474221,9.847308096225964e-97,0.5412159356311228,3.583349185960685e-77,0.7146551141887193,0.7943465934271821,0.33853853853853855,5
five_branches_True_0.9_0.1_10,False,,True,,,,,"{""values"": [0.04071878706414618, 0.16328315299136134, 0.30182931133591595], ""index"": [""committed"", ""multipotent"", ""totipotent""]}",0.956859873405042,1.0,0.9615085763516195,1.0,0.9793780723611212,0.6887506054522168,1.5137933858747906e-141,-0.6451534340190443,8.897264138723673e-119,0.7581065169584401,1.6913034616613377e-187,-0.749167640737272,9.831773322720452e-181,0.7356275223424488,5.128053014232583e-171,0.7307971372580648,0.7865902002159033,0.342042042042042,5
five_branches_False_0.9_0.1_30,True,,False,,,,,,,,,,,,,,,,,,,,,,,
five_branches_True_0.9_0.1_30,False,,True,,,,,"{""values"": [0.04071878706414618, 0.16328315299136134, 0.30182931133591595], ""index"": [""committed"", ""multipotent"", ""totipotent""]}",0.956859873405042,1.0,0.9615085763516195,1.0,0.9793780723611212,0.6887506054522168,1.5137933858747906e-141,-0.6451534340190443,8.897264138723673e-119,0.7581065169584401,1.6913034616613377e-187,-0.749167640737272,9.831773322720452e-181,0.7356275223424488,5.128053014232583e-171,0.7307971372580648,0.7865902002159033,0.342042042042042,5
five_branches_False_0.9_0.1_50,True,,False,,,,,,,,,,,,,,,,,,,,,,,
five_branches_True_0.9_0.1_50,False,,True,,,,,"{""values"": [0.04071878706414618, 0.16328315299136134, 0.30182931133591595], ""index"": [""committed"", ""multipotent"", ""totipotent""]}",0.956859873405042,1.0,0.9615085763516195,1.0,0.9793780723611212,0.6887506054522168,1.5137933858747906e-141,-0.6451534340190443,8.897264138723673e-119,0.7581065169584401,1.6913034616613377e-187,-0.749167640737272,9.831773322720452e-181,0.7356275223424488,5.128053014232583e-171,0.7307971372580648,0.7865902002159033,0.342042042042042,5
five_branches_False_0.9_0.1_70,True,,False,,,,,,,,,,,,,,,,,,,,,,,
three_branches_False_0.9_0.1_70,True,,False,,,,,,,,,,,,,,,,,,,,,,,
three_branches_True_0.9_0.1_70,False,,True,,,,,"{""values"": [0.05417774294466173, 0.3653486617086262], ""index"": [""committed"", ""totipotent""]}",0.964117753490553,1.0,0.9637620790176907,1.0,0.9818044101803217,0.7371140078974183,4.706035225374684e-172,-0.6546020477630419,2.164491961967027e-123,0.8570077519576791,1.282636147795509e-289,-0.7447855590885641,1.6028425807207353e-177,0.6620208388089913,3.931039056813228e-127,0.7986789358802182,0.9053969959616057,0.4559559559559559,3
five_branches_True_0.9_0.1_70,False,,True,,,,,"{""values"": [0.04071878706414618, 0.16328315299136134, 0.30182931133591595], ""index"": [""committed"", ""multipotent"", ""totipotent""]}",0.956859873405042,1.0,0.9615085763516195,1.0,0.9793780723611212,0.6887506054522168,1.5137933858747906e-141,-0.6451534340190443,8.897264138723673e-119,0.7581065169584401,1.6913034616613377e-187,-0.749167640737272,9.831773322720452e-181,0.7356275223424488,5.128053014232583e-171,0.7307971372580648,0.7865902002159033,0.342042042042042,5
three_branches_False_0.9_0.1_10,True,,False,,,,,,,,,,,,,,,,,,,,,,,
three_branches_True_0.9_0.1_10,False,,True,,,,,"{""values"": [0.05417774294466173, 0.3653486617086262], ""index"": [""committed"", ""totipotent""]}",0.964117753490553,1.0,0.9637620790176907,1.0,0.9818044101803217,0.7371140078974183,4.706035225374684e-172,-0.6546020477630419,2.164491961967027e-123,0.8570077519576791,1.282636147795509e-289,-0.7447855590885641,1.6028425807207353e-177,0.6620208388089913,3.931039056813228e-127,0.7986789358802182,0.9053969959616057,0.4559559559559559,3
three_branches_False_0.9_0.1_30,True,,False,,,,,,,,,,,,,,,,,,,,,,,
three_branches_True_0.9_0.1_30,False,,True,,,,,"{""values"": [0.05417774294466173, 0.3653486617086262], ""index"": [""committed"", ""totipotent""]}",0.964117753490553,1.0,0.9637620790176907,1.0,0.9818044101803217,0.7371140078974183,4.706035225374684e-172,-0.6546020477630419,2.164491961967027e-123,0.8570077519576791,1.282636147795509e-289,-0.7447855590885641,1.6028425807207353e-177,0.6620208388089913,3.931039056813228e-127,0.7986789358802182,0.9053969959616057,0.4559559559559559,3
three_branches_False_0.9_0.1_50,True,,False,,,,,,,,,,,,,,,,,,,,,,,
three_branches_True_0.9_0.1_50,False,,True,,,,,"{""values"": [0.05417774294466173, 0.3653486617086262], ""index"": [""committed"", ""totipotent""]}",0.964117753490553,1.0,0.9637620790176907,1.0,0.9818044101803217,0.7371140078974183,4.706035225374684e-172,-0.6546020477630419,2.164491961967027e-123,0.8570077519576791,1.282636147795509e-289,-0.7447855590885641,1.6028425807207353e-177,0.6620208388089913,3.931039056813228e-127,0.7986789358802182,0.9053969959616057,0.4559559559559559,3
three_branches_False_0.1_0.1_10,False,,False,,,,,,0.8884675762801258,1.0,0.9483268537455657,1.0,0.9580758827417537,0.6866585626864613,2.3147177711155407e-140,-0.5940147407587448,2.0795650923470538e-96,0.7798117977362244,3.1687799499317695e-205,-0.6370669516282651,5.888888841845964e-115,0.623217021181772,1.133468152607177e-108,0.7811228705429614,0.8650388838414642,0.36670003336670004,3
three_branches_True_0.1_0.1_10,False,,True,,,,,"{""values"": [0.06389602382988985, 0.36328753399019753], ""index"": [""committed"", ""totipotent""]}",0.9637037995050125,1.0,0.9637637988869598,1.0,0.9816994441931104,0.6866550611805223,2.325262830467269e-140,-0.5940217924519152,2.066150273328264e-96,0.7919918586706178,4.3657013161259164e-216,-0.6546797654893151,1.980230139641427e-123,0.619181986290016,6.703665892706044e-107,0.7811243222961799,0.865039391715612,0.4552886219552886,3
three_branches_False_0.1_0.1_50,False,,False,,,,,,0.8884675762801258,1.0,0.9483268537455657,1.0,0.9580758827417537,0.6866585626864613,2.3147177711155407e-140,-0.5940147407587448,2.0795650923470538e-96,0.7798117977362244,3.1687799499317695e-205,-0.6370669516282651,5.888888841845964e-115,0.623217021181772,1.133468152607177e-108,0.7811228705429614,0.8650388838414642,0.36670003336670004,3
three_branches_True_0.1_0.1_50,False,,True,,,,,"{""values"": [0.06389602382988985, 0.36328753399019753], ""index"": [""committed"", ""totipotent""]}",0.9637037995050125,1.0,0.9637637988869598,1.0,0.9816994441931104,0.6866550611805223,2.325262830467269e-140,-0.5940217924519152,2.066150273328264e-96,0.7919918586706178,4.3657013161259164e-216,-0.6546797654893151,1.980230139641427e-123,0.619181986290016,6.703665892706044e-107,0.7811243222961799,0.865039391715612,0.4552886219552886,3
three_branches_False_0.1_0.1_30,False,,False,,,,,,0.8884675762801258,1.0,0.9483268537455657,1.0,0.9580758827417537,0.6866585626864613,2.3147177711155407e-140,-0.5940147407587448,2.0795650923470538e-96,0.7798117977362244,3.1687799499317695e-205,-0.6370669516282651,5.888888841845964e-115,0.623217021181772,1.133468152607177e-108,0.7811228705429614,0.8650388838414642,0.36670003336670004,3
three_branches_True_0.1_0.1_30,False,,True,,,,,"{""values"": [0.06389602382988985, 0.36328753399019753], ""index"": [""committed"", ""totipotent""]}",0.9637037995050125,1.0,0.9637637988869598,1.0,0.9816994441931104,0.6866550611805223,2.325262830467269e-140,-0.5940217924519152,2.066150273328264e-96,0.7919918586706178,4.3657013161259164e-216,-0.6546797654893151,1.980230139641427e-123,0.619181986290016,6.703665892706044e-107,0.7811243222961799,0.865039391715612,0.4552886219552886,3
three_branches_False_0.1_0.1_70,False,,False,,,,,,0.8884675762801258,1.0,0.9483268537455657,1.0,0.9580758827417537,0.6866585626864613,2.3147177711155407e-140,-0.5940147407587448,2.0795650923470538e-96,0.7798117977362244,3.1687799499317695e-205,-0.6370669516282651,5.888888841845964e-115,0.623217021181772,1.133468152607177e-108,0.7811228705429614,0.8650388838414642,0.36670003336670004,3
three_branches_True_0.1_0.1_70,False,,True,,,,,"{""values"": [0.06389602382988985, 0.36328753399019753], ""index"": [""committed"", ""totipotent""]}",0.9637037995050125,1.0,0.9637637988869598,1.0,0.9816994441931104,0.6866550611805223,2.325262830467269e-140,-0.5940217924519152,2.066150273328264e-96,0.7919918586706178,4.3657013161259164e-216,-0.6546797654893151,1.980230139641427e-123,0.619181986290016,6.703665892706044e-107,0.7811243222961799,0.865039391715612,0.4552886219552886,3
five_branches_False_0.5_0.7_10,False,,False,,,,,,0.922764786874169,0.9333333333333333,0.9285744940984497,1.0,0.9456624292963051,0.7780908551171073,9.53669898721591e-204,-0.5694200861845468,5.1597222568524015e-87,0.8216680136360662,6.681935380544066e-246,-0.618303252163126,1.617225082913462e-106,0.5967672727890222,1.642781766100583e-97,0.645865499675389,0.8031045912258578,0.3385885885885886,4
five_branches_True_0.5_0.7_10,False,,True,,,,,"{""values"": [0.07831835296343587, 0.3194637450015175, 0.2653928566987429], ""index"": [""committed"", ""multipotent"", ""totipotent""]}",0.957803125988067,1.0,0.9628072716185991,1.0,0.9799499677154655,0.6625826067346231,2.0270825392694777e-127,-0.5978216168019688,6.172741446253005e-98,0.824391116930436,6.493496125769831e-249,-0.6820009723059697,9.241623689379787e-138,0.66182130001136,4.9719294158532815e-127,0.6543564710928377,0.8200469462458608,0.34224224224224226,5
five_branches_False_0.5_0.7_50,False,,False,,,,,,0.922764786874169,0.9333333333333333,0.9285744940984497,1.0,0.9456624292963051,0.7780908551171073,9.53669898721591e-204,-0.5694200861845468,5.1597222568524015e-87,0.8216680136360662,6.681935380544066e-246,-0.618303252163126,1.617225082913462e-106,0.5967672727890222,1.642781766100583e-97,0.645865499675389,0.8031045912258578,0.3385885885885886,4
five_branches_True_0.5_0.7_50,False,,True,,,,,"{""values"": [0.07831835296343587, 0.3194637450015175, 0.2653928566987429], ""index"": [""committed"", ""multipotent"", ""totipotent""]}",0.957803125988067,1.0,0.9628072716185991,1.0,0.9799499677154655,0.6625826067346231,2.0270825392694777e-127,-0.5978216168019688,6.172741446253005e-98,0.824391116930436,6.493496125769831e-249,-0.6820009723059697,9.241623689379787e-138,0.66182130001136,4.9719294158532815e-127,0.6543564710928377,0.8200469462458608,0.34224224224224226,5
five_branches_False_0.5_0.7_70,False,,False,,,,,,0.922764786874169,0.9333333333333333,0.9285744940984497,1.0,0.9456624292963051,0.7780908551171073,9.53669898721591e-204,-0.5694200861845468,5.1597222568524015e-87,0.8216680136360662,6.681935380544066e-246,-0.618303252163126,1.617225082913462e-106,0.5967672727890222,1.642781766100583e-97,0.645865499675389,0.8031045912258578,0.3385885885885886,4
five_branches_True_0.5_0.7_70,False,,True,,,,,"{""values"": [0.07831835296343587, 0.3194637450015175, 0.2653928566987429], ""index"": [""committed"", ""multipotent"", ""totipotent""]}",0.957803125988067,1.0,0.9628072716185991,1.0,0.9799499677154655,0.6625826067346231,2.0270825392694777e-127,-0.5978216168019688,6.172741446253005e-98,0.824391116930436,6.493496125769831e-249,-0.6820009723059697,9.241623689379787e-138,0.66182130001136,4.9719294158532815e-127,0.6543564710928377,0.8200469462458608,0.34224224224224226,5
five_branches_False_0.5_0.7_30,False,,False,,,,,,0.922764786874169,0.9333333333333333,0.9285744940984497,1.0,0.9456624292963051,0.7780908551171073,9.53669898721591e-204,-0.5694200861845468,5.1597222568524015e-87,0.8216680136360662,6.681935380544066e-246,-0.618303252163126,1.617225082913462e-106,0.5967672727890222,1.642781766100583e-97,0.645865499675389,0.8031045912258578,0.3385885885885886,4
three_branches_False_0.7_0.1_10,True,,False,,,,,,,,,,,,,,,,,,,,,,,
three_branches_True_0.7_0.1_10,False,,True,,,,,"{""values"": [0.042989567534122745, 0.3566097888056666], ""index"": [""committed"", ""totipotent""]}",0.9645365049816571,1.0,0.9645929036198483,1.0,0.9821225503411197,0.773190636891467,1.3106162880380325e-199,-0.6581487353323974,3.6328900047087607e-125,0.8378992878006603,1.1431406265444985e-264,-0.8695631519737463,4.4248870901818925e-308,0.8474924006409813,9.144471254303838e-277,0.7907618281586659,0.8656035980661848,0.45545545545545546,3
five_branches_True_0.5_0.7_30,False,,True,,,,,"{""values"": [0.07831835296343587, 0.3194637450015175, 0.2653928566987429], ""index"": [""committed"", ""multipotent"", ""totipotent""]}",0.957803125988067,1.0,0.9628072716185991,1.0,0.9799499677154655,0.6625826067346231,2.0270825392694777e-127,-0.5978216168019688,6.172741446253005e-98,0.824391116930436,6.493496125769831e-249,-0.6820009723059697,9.241623689379787e-138,0.66182130001136,4.9719294158532815e-127,0.6543564710928377,0.8200469462458608,0.34224224224224226,5
three_branches_False_0.7_0.1_50,True,,False,,,,,,,,,,,,,,,,,,,,,,,
three_branches_True_0.7_0.1_50,False,,True,,,,,"{""values"": [0.042989567534122745, 0.3566097888056666], ""index"": [""committed"", ""totipotent""]}",0.9645365049816571,1.0,0.9645929036198483,1.0,0.9821225503411197,0.773190636891467,1.3106162880380325e-199,-0.6581487353323974,3.6328900047087607e-125,0.8378992878006603,1.1431406265444985e-264,-0.8695631519737463,4.4248870901818925e-308,0.8474924006409813,9.144471254303838e-277,0.7907618281586659,0.8656035980661848,0.45545545545545546,3
three_branches_False_0.7_0.1_30,True,,False,,,,,,,,,,,,,,,,,,,,,,,
three_branches_True_0.7_0.1_30,False,,True,,,,,"{""values"": [0.042989567534122745, 0.3566097888056666], ""index"": [""committed"", ""totipotent""]}",0.9645365049816571,1.0,0.9645929036198483,1.0,0.9821225503411197,0.773190636891467,1.3106162880380325e-199,-0.6581487353323974,3.6328900047087607e-125,0.8378992878006603,1.1431406265444985e-264,-0.8695631519737463,4.4248870901818925e-308,0.8474924006409813,9.144471254303838e-277,0.7907618281586659,0.8656035980661848,0.45545545545545546,3
three_branches_False_0.7_0.1_70,True,,False,,,,,,,,,,,,,,,,,,,,,,,
five_branches_False_0.1_0.1_10,False,,False,,,,,,0.548639911852785,1.0,0.962571180384494,0.6,0.75027050874664,0.5668631602711044,4.408752107362677e-86,-0.5910953922695358,2.9894855404563564e-95,0.5942092414303672,1.7394995296280622e-96,-0.6156759547603297,2.2134144834023922e-105,0.5911708936351486,2.7912992461604864e-95,0.6624754788252194,0.870865888538322,0.40857524190857525,3
three_branches_True_0.7_0.1_70,False,,True,,,,,"{""values"": [0.042989567534122745, 0.3566097888056666], ""index"": [""committed"", ""totipotent""]}",0.9645365049816571,1.0,0.9645929036198483,1.0,0.9821225503411197,0.773190636891467,1.3106162880380325e-199,-0.6581487353323974,3.6328900047087607e-125,0.8378992878006603,1.1431406265444985e-264,-0.8695631519737463,4.4248870901818925e-308,0.8474924006409813,9.144471254303838e-277,0.7907618281586659,0.8656035980661848,0.45545545545545546,3
five_branches_True_0.1_0.1_10,False,,True,,,,,"{""values"": [0.10494933747906166, 0.4162527953535461, 0.25545210634623267], ""index"": [""committed"", ""multipotent"", ""totipotent""]}",0.9568397746322906,1.0,0.9623595936546797,1.0,0.9795895646853413,0.7154817280707798,1.2790501145792069e-157,-0.6221132507662774,3.480857855070273e-108,0.7879336307912834,2.1791419304015228e-212,-0.7098945405091893,4.147002112194563e-154,0.6644059970552657,2.3385295088046e-128,0.5884270507538156,0.6393982990627152,0.3381381381381382,5
five_branches_False_0.1_0.1_30,False,,False,,,,,,0.548639911852785,1.0,0.962571180384494,0.6,0.75027050874664,0.5668631602711044,4.408752107362677e-86,-0.5910953922695358,2.9894855404563564e-95,0.5942092414303672,1.7394995296280622e-96,-0.6156759547603297,2.2134144834023922e-105,0.5911708936351486,2.7912992461604864e-95,0.6624754788252194,0.870865888538322,0.40857524190857525,3
five_branches_True_0.1_0.1_30,False,,True,,,,,"{""values"": [0.10494933747906166, 0.4162527953535461, 0.25545210634623267], ""index"": [""committed"", ""multipotent"", ""totipotent""]}",0.9568397746322906,1.0,0.9623595936546797,1.0,0.9795895646853413,0.7154817280707798,1.2790501145792069e-157,-0.6221132507662774,3.480857855070273e-108,0.7879336307912834,2.1791419304015228e-212,-0.7098945405091893,4.147002112194563e-154,0.6644059970552657,2.3385295088046e-128,0.5884270507538156,0.6393982990627152,0.3381381381381382,5
five_branches_False_0.1_0.1_50,False,,False,,,,,,0.548639911852785,1.0,0.962571180384494,0.6,0.75027050874664,0.5668631602711044,4.408752107362677e-86,-0.5910953922695358,2.9894855404563564e-95,0.5942092414303672,1.7394995296280622e-96,-0.6156759547603297,2.2134144834023922e-105,0.5911708936351486,2.7912992461604864e-95,0.6624754788252194,0.870865888538322,0.40857524190857525,3
five_branches_True_0.1_0.1_50,False,,True,,,,,"{""values"": [0.10494933747906166, 0.4162527953535461, 0.25545210634623267], ""index"": [""committed"", ""multipotent"", ""totipotent""]}",0.9568397746322906,1.0,0.9623595936546797,1.0,0.9795895646853413,0.7154817280707798,1.2790501145792069e-157,-0.6221132507662774,3.480857855070273e-108,0.7879336307912834,2.1791419304015228e-212,-0.7098945405091893,4.147002112194563e-154,0.6644059970552657,2.3385295088046e-128,0.5884270507538156,0.6393982990627152,0.3381381381381382,5
five_branches_False_0.1_0.1_70,False,,False,,,,,,0.548639911852785,1.0,0.962571180384494,0.6,0.75027050874664,0.5668631602711044,4.408752107362677e-86,-0.5910953922695358,2.9894855404563564e-95,0.5942092414303672,1.7394995296280622e-96,-0.6156759547603297,2.2134144834023922e-105,0.5911708936351486,2.7912992461604864e-95,0.6624754788252194,0.870865888538322,0.40857524190857525,3
five_branches_True_0.1_0.1_70,False,,True,,,,,"{""values"": [0.10494933747906166, 0.4162527953535461, 0.25545210634623267], ""index"": [""committed"", ""multipotent"", ""totipotent""]}",0.9568397746322906,1.0,0.9623595936546797,1.0,0.9795895646853413,0.7154817280707798,1.2790501145792069e-157,-0.6221132507662774,3.480857855070273e-108,0.7879336307912834,2.1791419304015228e-212,-0.7098945405091893,4.147002112194563e-154,0.6644059970552657,2.3385295088046e-128,0.5884270507538156,0.6393982990627152,0.3381381381381382,5
