code,failed,fixed_terminal,spearman_stat_pseudotime,spearman_pval_pseudotime,kendall_stat_pseudotime,kendall_pval_pseudotime,fate_index_pval,fate_index_stat,n_terminal_states,pearson_pval_KLD,pearson_stat_KLD,pearson_pval_SHE,pearson_stat_SHE,spearman_pval_KLD,spearman_stat_KLD,spearman_pval_SHE,spearman_stat_SHE,temporal_state_score,terminal_enrichment,terminal_silhouette_pse,terminal_silhouette_soft,tsr,ttc,ttp,tts,jsd_totipotent,jsd_multipotent,jsd_committed,committed,totipotent,multipotent
three_branches_True_0.1_0.1_30,False,True,,,,,6.703665892706044e-107,0.619181986290016,3.0,2.325262830467269e-140,0.6866550611805223,2.066150273328264e-96,-0.5940217924519152,4.3657013161259164e-216,0.7919918586706178,1.980230139641427e-123,-0.6546797654893151,0.9816994441931104,0.4552886219552886,0.865039391715612,0.7811243222961799,1.0,0.9637637988869598,1.0,0.9637037995050125,,,,0.06389602382988985,0.36328753399019753,
three_branches_True_0.1_0.1_50,False,True,,,,,6.703665892706044e-107,0.619181986290016,3.0,2.325262830467269e-140,0.6866550611805223,2.066150273328264e-96,-0.5940217924519152,4.3657013161259164e-216,0.7919918586706178,1.980230139641427e-123,-0.6546797654893151,0.9816994441931104,0.4552886219552886,0.865039391715612,0.7811243222961799,1.0,0.9637637988869598,1.0,0.9637037995050125,,,,0.06389602382988985,0.36328753399019753,
three_branches_True_0.1_0.1_70,False,True,,,,,6.703665892706044e-107,0.619181986290016,3.0,2.325262830467269e-140,0.6866550611805223,2.066150273328264e-96,-0.5940217924519152,4.3657013161259164e-216,0.7919918586706178,1.980230139641427e-123,-0.6546797654893151,0.9816994441931104,0.4552886219552886,0.865039391715612,0.7811243222961799,1.0,0.9637637988869598,1.0,0.9637037995050125,,,,0.06389602382988985,0.36328753399019753,
three_branches_True_0.1_0.1_10,False,True,,,,,6.703665892706044e-107,0.619181986290016,3.0,2.325262830467269e-140,0.6866550611805223,2.066150273328264e-96,-0.5940217924519152,4.3657013161259164e-216,0.7919918586706178,1.980230139641427e-123,-0.6546797654893151,0.9816994441931104,0.4552886219552886,0.865039391715612,0.7811243222961799,1.0,0.9637637988869598,1.0,0.9637037995050125,,,,0.06389602382988985,0.36328753399019753,
three_branches_True_0.1_0.3_30,False,True,,,,,8.143525692891875e-199,0.7722368691308859,3.0,1.2657298095828316e-250,0.8259163310432387,1.4393328463432972e-149,-0.7024659066894406,0.0,0.8810031427062388,4.653488774888443e-207,-0.7819240860163321,0.9822599092141088,0.45512178845512175,0.8450433843889857,0.7257193336829859,1.0,0.9649597945673788,1.0,0.9647092801924352,,,,0.09256974490337914,0.32529282596542586,
three_branches_True_0.1_0.3_50,False,True,,,,,8.143525692891875e-199,0.7722368691308859,3.0,1.2657298095828316e-250,0.8259163310432387,1.4393328463432972e-149,-0.7024659066894406,0.0,0.8810031427062388,4.653488774888443e-207,-0.7819240860163321,0.9822599092141088,0.45512178845512175,0.8450433843889857,0.7257193336829859,1.0,0.9649597945673788,1.0,0.9647092801924352,,,,0.09256974490337914,0.32529282596542586,
three_branches_True_0.1_0.3_70,False,True,,,,,8.143525692891875e-199,0.7722368691308859,3.0,1.2657298095828316e-250,0.8259163310432387,1.4393328463432972e-149,-0.7024659066894406,0.0,0.8810031427062388,4.653488774888443e-207,-0.7819240860163321,0.9822599092141088,0.45512178845512175,0.8450433843889857,0.7257193336829859,1.0,0.9649597945673788,1.0,0.9647092801924352,,,,0.09256974490337914,0.32529282596542586,
three_branches_True_0.1_0.3_10,False,True,,,,,8.143525692891875e-199,0.7722368691308859,3.0,1.2657298095828316e-250,0.8259163310432387,1.4393328463432972e-149,-0.7024659066894406,0.0,0.8810031427062388,4.653488774888443e-207,-0.7819240860163321,0.9822599092141088,0.45512178845512175,0.8450433843889857,0.7257193336829859,1.0,0.9649597945673788,1.0,0.9647092801924352,,,,0.09256974490337914,0.32529282596542586,
three_branches_True_0.1_0.5_30,False,True,,,,,2.5675742970916145e-218,0.7943964589360171,3.0,3.277757169966116e-216,0.7921268952740115,1.0290284378784469e-137,-0.6819165902493455,1.928203100001105e-298,0.8631641003059439,6.045232042497281e-228,-0.8044184911432113,0.981443084071554,0.4559559559559559,0.8902776174604662,0.7777180515252762,1.0,0.9637087475527936,1.0,0.962752544297771,,,,0.07149377127368081,0.3956475627437064,
three_branches_True_0.1_0.5_50,False,True,,,,,2.5675742970916145e-218,0.7943964589360171,3.0,3.277757169966116e-216,0.7921268952740115,1.0290284378784469e-137,-0.6819165902493455,1.928203100001105e-298,0.8631641003059439,6.045232042497281e-228,-0.8044184911432113,0.981443084071554,0.4559559559559559,0.8902776174604662,0.7777180515252762,1.0,0.9637087475527936,1.0,0.962752544297771,,,,0.07149377127368081,0.3956475627437064,
three_branches_True_0.1_0.5_70,False,True,,,,,2.5675742970916145e-218,0.7943964589360171,3.0,3.277757169966116e-216,0.7921268952740115,1.0290284378784469e-137,-0.6819165902493455,1.928203100001105e-298,0.8631641003059439,6.045232042497281e-228,-0.8044184911432113,0.981443084071554,0.4559559559559559,0.8902776174604662,0.7777180515252762,1.0,0.9637087475527936,1.0,0.962752544297771,,,,0.07149377127368081,0.3956475627437064,
three_branches_True_0.1_0.5_10,False,True,,,,,2.5675742970916145e-218,0.7943964589360171,3.0,3.277757169966116e-216,0.7921268952740115,1.0290284378784469e-137,-0.6819165902493455,1.928203100001105e-298,0.8631641003059439,6.045232042497281e-228,-0.8044184911432113,0.981443084071554,0.4559559559559559,0.8902776174604662,0.7777180515252762,1.0,0.9637087475527936,1.0,0.962752544297771,,,,0.07149377127368081,0.3956475627437064,
three_branches_True_0.1_0.7_30,False,True,,,,,1.2534559699556123e-254,0.8294301605049933,3.0,7.2297644056635865e-140,0.6857796354532343,8.449523211983192e-213,-0.7883896018065706,1.5577601484276678e-192,0.7645172356876386,1.3211773055973026e-258,-0.8328423357281874,0.9817398775659122,0.45545545545545546,0.9271319585887761,0.775645788196603,1.0,0.9642068984595865,1.0,0.9634196367094288,,,,0.21029441493215031,0.37227660669668666,
three_branches_True_0.1_0.7_50,False,True,,,,,1.2534559699556123e-254,0.8294301605049933,3.0,7.2297644056635865e-140,0.6857796354532343,8.449523211983192e-213,-0.7883896018065706,1.5577601484276678e-192,0.7645172356876386,1.3211773055973026e-258,-0.8328423357281874,0.9817398775659122,0.45545545545545546,0.9271319585887761,0.775645788196603,1.0,0.9642068984595865,1.0,0.9634196367094288,,,,0.21029441493215031,0.37227660669668666,
three_branches_True_0.1_0.7_70,False,True,,,,,1.2534559699556123e-254,0.8294301605049933,3.0,7.2297644056635865e-140,0.6857796354532343,8.449523211983192e-213,-0.7883896018065706,1.5577601484276678e-192,0.7645172356876386,1.3211773055973026e-258,-0.8328423357281874,0.9817398775659122,0.45545545545545546,0.9271319585887761,0.775645788196603,1.0,0.9642068984595865,1.0,0.9634196367094288,,,,0.21029441493215031,0.37227660669668666,
three_branches_True_0.1_0.7_10,False,True,,,,,1.2534559699556123e-254,0.8294301605049933,3.0,7.2297644056635865e-140,0.6857796354532343,8.449523211983192e-213,-0.7883896018065706,1.5577601484276678e-192,0.7645172356876386,1.3211773055973026e-258,-0.8328423357281874,0.9817398775659122,0.45545545545545546,0.9271319585887761,0.775645788196603,1.0,0.9642068984595865,1.0,0.9634196367094288,,,,0.21029441493215031,0.37227660669668666,
three_branches_True_0.1_0.9_30,False,True,,,,,3.037158885610991e-97,0.5961033285458501,3.0,9.307071834874156e-123,0.6533246768918249,2.906533049925292e-94,-0.58858056362678,6.882222840845469e-121,0.6495194743613358,8.426899452857674e-102,-0.6072310959834056,0.9817564065567499,0.45545545545545546,0.7809942476053305,0.6376281965200835,1.0,0.9640274797132148,1.0,0.9636638382160668,,,,0.19836187512933673,0.3385643301563228,
three_branches_True_0.1_0.9_50,False,True,,,,,3.037158885610991e-97,0.5961033285458501,3.0,9.307071834874156e-123,0.6533246768918249,2.906533049925292e-94,-0.58858056362678,6.882222840845469e-121,0.6495194743613358,8.426899452857674e-102,-0.6072310959834056,0.9817564065567499,0.45545545545545546,0.7809942476053305,0.6376281965200835,1.0,0.9640274797132148,1.0,0.9636638382160668,,,,0.19836187512933673,0.3385643301563228,
three_branches_True_0.1_0.9_70,False,True,,,,,3.037158885610991e-97,0.5961033285458501,3.0,9.307071834874156e-123,0.6533246768918249,2.906533049925292e-94,-0.58858056362678,6.882222840845469e-121,0.6495194743613358,8.426899452857674e-102,-0.6072310959834056,0.9817564065567499,0.45545545545545546,0.7809942476053305,0.6376281965200835,1.0,0.9640274797132148,1.0,0.9636638382160668,,,,0.19836187512933673,0.3385643301563228,
three_branches_True_0.1_0.9_10,False,True,,,,,3.037158885610991e-97,0.5961033285458501,3.0,9.307071834874156e-123,0.6533246768918249,2.906533049925292e-94,-0.58858056362678,6.882222840845469e-121,0.6495194743613358,8.426899452857674e-102,-0.6072310959834056,0.9817564065567499,0.45545545545545546,0.7809942476053305,0.6376281965200835,1.0,0.9640274797132148,1.0,0.9636638382160668,,,,0.19836187512933673,0.3385643301563228,
three_branches_True_0.3_0.1_30,False,True,,,,,5.363085878275235e-103,0.6100809376616341,3.0,1.0269798156103322e-151,0.7060070667270512,3.5049387103421742e-81,-0.5530343586082149,5.572328638566711e-258,0.8323111100867367,8.310682205398794e-159,-0.7173410840563139,0.9817387977289805,0.4552886219552886,0.8546430333788758,0.7900195938641803,1.0,0.9631852368278983,1.0,0.9644373037382676,,,,0.031467476862163064,0.3435121440286337,
three_branches_True_0.3_0.1_50,False,True,,,,,5.363085878275235e-103,0.6100809376616341,3.0,1.0269798156103322e-151,0.7060070667270512,3.5049387103421742e-81,-0.5530343586082149,5.572328638566711e-258,0.8323111100867367,8.310682205398794e-159,-0.7173410840563139,0.9817387977289805,0.4552886219552886,0.8546430333788758,0.7900195938641803,1.0,0.9631852368278983,1.0,0.9644373037382676,,,,0.031467476862163064,0.3435121440286337,
three_branches_True_0.3_0.1_70,False,True,,,,,5.363085878275235e-103,0.6100809376616341,3.0,1.0269798156103322e-151,0.7060070667270512,3.5049387103421742e-81,-0.5530343586082149,5.572328638566711e-258,0.8323111100867367,8.310682205398794e-159,-0.7173410840563139,0.9817387977289805,0.4552886219552886,0.8546430333788758,0.7900195938641803,1.0,0.9631852368278983,1.0,0.9644373037382676,,,,0.031467476862163064,0.3435121440286337,
three_branches_True_0.3_0.1_10,False,True,,,,,5.363085878275235e-103,0.6100809376616341,3.0,1.0269798156103322e-151,0.7060070667270512,3.5049387103421742e-81,-0.5530343586082149,5.572328638566711e-258,0.8323111100867367,8.310682205398794e-159,-0.7173410840563139,0.9817387977289805,0.4552886219552886,0.8546430333788758,0.7900195938641803,1.0,0.9631852368278983,1.0,0.9644373037382676,,,,0.031467476862163064,0.3435121440286337,
three_branches_True_0.3_0.3_30,False,True,,,,,0.0,0.9450305129120391,3.0,1.1020756312968314e-273,0.8451097997985695,0.0,-0.9245303087704729,1.64504e-319,0.87673512977227,0.0,-0.9481069854286973,0.9815750547113788,0.45462128795462126,0.8212182122360285,0.5789351962667763,1.0,0.9637399767839289,1.0,0.9632392643327278,,,,0.16476580589560122,0.2574053985238274,
three_branches_True_0.3_0.3_50,False,True,,,,,0.0,0.9450305129120391,3.0,1.1020756312968314e-273,0.8451097997985695,0.0,-0.9245303087704729,1.64504e-319,0.87673512977227,0.0,-0.9481069854286973,0.9815750547113788,0.45462128795462126,0.8212182122360285,0.5789351962667763,1.0,0.9637399767839289,1.0,0.9632392643327278,,,,0.16476580589560122,0.2574053985238274,
three_branches_True_0.3_0.3_70,False,True,,,,,0.0,0.9450305129120391,3.0,1.1020756312968314e-273,0.8451097997985695,0.0,-0.9245303087704729,1.64504e-319,0.87673512977227,0.0,-0.9481069854286973,0.9815750547113788,0.45462128795462126,0.8212182122360285,0.5789351962667763,1.0,0.9637399767839289,1.0,0.9632392643327278,,,,0.16476580589560122,0.2574053985238274,
three_branches_True_0.3_0.3_10,False,True,,,,,0.0,0.9450305129120391,3.0,1.1020756312968314e-273,0.8451097997985695,0.0,-0.9245303087704729,1.64504e-319,0.87673512977227,0.0,-0.9481069854286973,0.9815750547113788,0.45462128795462126,0.8212182122360285,0.5789351962667763,1.0,0.9637399767839289,1.0,0.9632392643327278,,,,0.16476580589560122,0.2574053985238274,
three_branches_True_0.3_0.5_30,False,True,,,,,2.183793452259302e-185,0.7553580515612159,3.0,3.4423301979744977e-221,0.7974466370929743,8.936686267965107e-147,-0.6977783342369389,1.35236e-319,0.8767868999184438,2.0105152322243755e-193,-0.7656283695826279,0.9813299343589234,0.45578912245578906,0.7621194401288385,0.681119898284725,1.0,0.9628954605976872,1.0,0.9631214327963175,,,,0.10857729422128923,0.3085416453383872,
three_branches_True_0.3_0.5_50,False,True,,,,,2.183793452259302e-185,0.7553580515612159,3.0,3.4423301979744977e-221,0.7974466370929743,8.936686267965107e-147,-0.6977783342369389,1.35236e-319,0.8767868999184438,2.0105152322243755e-193,-0.7656283695826279,0.9813299343589234,0.45578912245578906,0.7621194401288385,0.681119898284725,1.0,0.9628954605976872,1.0,0.9631214327963175,,,,0.10857729422128923,0.3085416453383872,
three_branches_True_0.3_0.5_70,False,True,,,,,2.183793452259302e-185,0.7553580515612159,3.0,3.4423301979744977e-221,0.7974466370929743,8.936686267965107e-147,-0.6977783342369389,1.35236e-319,0.8767868999184438,2.0105152322243755e-193,-0.7656283695826279,0.9813299343589234,0.45578912245578906,0.7621194401288385,0.681119898284725,1.0,0.9628954605976872,1.0,0.9631214327963175,,,,0.10857729422128923,0.3085416453383872,
three_branches_True_0.3_0.5_10,False,True,,,,,2.183793452259302e-185,0.7553580515612159,3.0,3.4423301979744977e-221,0.7974466370929743,8.936686267965107e-147,-0.6977783342369389,1.35236e-319,0.8767868999184438,2.0105152322243755e-193,-0.7656283695826279,0.9813299343589234,0.45578912245578906,0.7621194401288385,0.681119898284725,1.0,0.9628954605976872,1.0,0.9631214327963175,,,,0.10857729422128923,0.3085416453383872,
three_branches_True_0.3_0.7_30,False,True,,,,,1.9021844755518988e-227,0.8039141138429251,3.0,7.107191027951867e-306,0.8681279309518102,6.91371167978304e-265,-0.8380782578904179,1.633644719895142e-302,0.8659078309177356,4.876452282156194e-240,-0.8162313360516991,0.9815836159025686,0.45545545545545546,0.7607252300105055,0.6056547855323278,1.0,0.9633346081474164,1.0,0.9636782125032367,,,,0.11698982318189614,0.2566881105614211,
three_branches_True_0.3_0.7_50,False,True,,,,,1.9021844755518988e-227,0.8039141138429251,3.0,7.107191027951867e-306,0.8681279309518102,6.91371167978304e-265,-0.8380782578904179,1.633644719895142e-302,0.8659078309177356,4.876452282156194e-240,-0.8162313360516991,0.9815836159025686,0.45545545545545546,0.7607252300105055,0.6056547855323278,1.0,0.9633346081474164,1.0,0.9636782125032367,,,,0.11698982318189614,0.2566881105614211,
three_branches_True_0.3_0.7_70,False,True,,,,,1.9021844755518988e-227,0.8039141138429251,3.0,7.107191027951867e-306,0.8681279309518102,6.91371167978304e-265,-0.8380782578904179,1.633644719895142e-302,0.8659078309177356,4.876452282156194e-240,-0.8162313360516991,0.9815836159025686,0.45545545545545546,0.7607252300105055,0.6056547855323278,1.0,0.9633346081474164,1.0,0.9636782125032367,,,,0.11698982318189614,0.2566881105614211,
three_branches_True_0.3_0.7_10,False,True,,,,,1.9021844755518988e-227,0.8039141138429251,3.0,7.107191027951867e-306,0.8681279309518102,6.91371167978304e-265,-0.8380782578904179,1.633644719895142e-302,0.8659078309177356,4.876452282156194e-240,-0.8162313360516991,0.9815836159025686,0.45545545545545546,0.7607252300105055,0.6056547855323278,1.0,0.9633346081474164,1.0,0.9636782125032367,,,,0.11698982318189614,0.2566881105614211,
three_branches_True_0.3_0.9_30,False,True,,,,,9.926970610748246e-68,0.5113786638645813,3.0,1.1759528913476839e-132,0.6726009532503116,1.1241873517202712e-56,-0.4722131067203716,4.38360884222734e-196,0.7689176201091759,9.457830912788256e-73,-0.5276141662887741,0.9815808373201417,0.45512178845512175,0.8184053570037788,0.741103742682563,1.0,0.9638529174428664,1.0,0.9631490914794716,,,,0.1326461510890181,0.3232429165923375,
three_branches_True_0.3_0.9_50,False,True,,,,,9.926970610748246e-68,0.5113786638645813,3.0,1.1759528913476839e-132,0.6726009532503116,1.1241873517202712e-56,-0.4722131067203716,4.38360884222734e-196,0.7689176201091759,9.457830912788256e-73,-0.5276141662887741,0.9815808373201417,0.45512178845512175,0.8184053570037788,0.741103742682563,1.0,0.9638529174428664,1.0,0.9631490914794716,,,,0.1326461510890181,0.3232429165923375,
three_branches_True_0.3_0.9_70,False,True,,,,,9.926970610748246e-68,0.5113786638645813,3.0,1.1759528913476839e-132,0.6726009532503116,1.1241873517202712e-56,-0.4722131067203716,4.38360884222734e-196,0.7689176201091759,9.457830912788256e-73,-0.5276141662887741,0.9815808373201417,0.45512178845512175,0.8184053570037788,0.741103742682563,1.0,0.9638529174428664,1.0,0.9631490914794716,,,,0.1326461510890181,0.3232429165923375,
three_branches_True_0.3_0.9_10,False,True,,,,,9.926970610748246e-68,0.5113786638645813,3.0,1.1759528913476839e-132,0.6726009532503116,1.1241873517202712e-56,-0.4722131067203716,4.38360884222734e-196,0.7689176201091759,9.457830912788256e-73,-0.5276141662887741,0.9815808373201417,0.45512178845512175,0.8184053570037788,0.741103742682563,1.0,0.9638529174428664,1.0,0.9631490914794716,,,,0.1326461510890181,0.3232429165923375,
three_branches_True_0.5_0.1_30,False,True,,,,,8.128520504326635e-90,0.5769788921543593,3.0,3.8340997956861126e-173,0.7386637597098947,1.954825586803517e-89,-0.575962541194948,4.079646702378994e-277,0.8477609142513409,1.672097429052316e-129,-0.6666159174081269,0.9814662816821405,0.4557891224557891,0.7879097715356547,0.7388529779578603,1.0,0.9625913493674637,1.0,0.9639612618419039,,,,0.08004367503133174,0.30651596292791544,
three_branches_True_0.5_0.1_50,False,True,,,,,8.128520504326635e-90,0.5769788921543593,3.0,3.8340997956861126e-173,0.7386637597098947,1.954825586803517e-89,-0.575962541194948,4.079646702378994e-277,0.8477609142513409,1.672097429052316e-129,-0.6666159174081269,0.9814662816821405,0.4557891224557891,0.7879097715356547,0.7388529779578603,1.0,0.9625913493674637,1.0,0.9639612618419039,,,,0.08004367503133174,0.30651596292791544,
three_branches_True_0.5_0.1_70,False,True,,,,,8.128520504326635e-90,0.5769788921543593,3.0,3.8340997956861126e-173,0.7386637597098947,1.954825586803517e-89,-0.575962541194948,4.079646702378994e-277,0.8477609142513409,1.672097429052316e-129,-0.6666159174081269,0.9814662816821405,0.4557891224557891,0.7879097715356547,0.7388529779578603,1.0,0.9625913493674637,1.0,0.9639612618419039,,,,0.08004367503133174,0.30651596292791544,
three_branches_True_0.5_0.1_10,False,True,,,,,8.128520504326635e-90,0.5769788921543593,3.0,3.8340997956861126e-173,0.7386637597098947,1.954825586803517e-89,-0.575962541194948,4.079646702378994e-277,0.8477609142513409,1.672097429052316e-129,-0.6666159174081269,0.9814662816821405,0.4557891224557891,0.7879097715356547,0.7388529779578603,1.0,0.9625913493674637,1.0,0.9639612618419039,,,,0.08004367503133174,0.30651596292791544,
three_branches_True_0.5_0.3_30,False,True,,,,,1.3331998270627358e-168,0.7321273462404012,3.0,3.121016441909016e-246,0.8219691610412766,1.0306521752099286e-157,-0.71562913585669,5.329398055482721e-268,0.8406058260024163,4.992681706778878e-187,-0.757497611616284,0.9815169309057481,0.45495495495495497,0.8209312749777545,0.6496654045040823,1.0,0.963647092075327,1.0,0.9631039557869223,,,,0.15373796650821558,0.31682993217827937,
three_branches_True_0.5_0.3_50,False,True,,,,,1.3331998270627358e-168,0.7321273462404012,3.0,3.121016441909016e-246,0.8219691610412766,1.0306521752099286e-157,-0.71562913585669,5.329398055482721e-268,0.8406058260024163,4.992681706778878e-187,-0.757497611616284,0.9815169309057481,0.45495495495495497,0.8209312749777545,0.6496654045040823,1.0,0.963647092075327,1.0,0.9631039557869223,,,,0.15373796650821558,0.31682993217827937,
three_branches_True_0.5_0.3_70,False,True,,,,,1.3331998270627358e-168,0.7321273462404012,3.0,3.121016441909016e-246,0.8219691610412766,1.0306521752099286e-157,-0.71562913585669,5.329398055482721e-268,0.8406058260024163,4.992681706778878e-187,-0.757497611616284,0.9815169309057481,0.45495495495495497,0.8209312749777545,0.6496654045040823,1.0,0.963647092075327,1.0,0.9631039557869223,,,,0.15373796650821558,0.31682993217827937,
three_branches_True_0.5_0.3_10,False,True,,,,,1.3331998270627358e-168,0.7321273462404012,3.0,3.121016441909016e-246,0.8219691610412766,1.0306521752099286e-157,-0.71562913585669,5.329398055482721e-268,0.8406058260024163,4.992681706778878e-187,-0.757497611616284,0.9815169309057481,0.45495495495495497,0.8209312749777545,0.6496654045040823,1.0,0.963647092075327,1.0,0.9631039557869223,,,,0.15373796650821558,0.31682993217827937,
three_branches_True_0.5_0.5_30,False,True,,,,,5.045145110767697e-127,0.6618088773325276,3.0,7.373343146382572e-142,0.6892994462683828,4.718853514029155e-78,-0.5438517891361352,9.663233187823314e-169,0.7323314513996121,1.4775113171328633e-136,-0.6798157232207307,0.9813796964647385,0.45545545545545546,0.8848970279406528,0.8001746143384492,1.0,0.9631574045121933,1.0,0.9630548154861694,,,,0.1084822866612894,0.41806155644242593,
three_branches_True_0.5_0.5_50,False,True,,,,,5.045145110767697e-127,0.6618088773325276,3.0,7.373343146382572e-142,0.6892994462683828,4.718853514029155e-78,-0.5438517891361352,9.663233187823314e-169,0.7323314513996121,1.4775113171328633e-136,-0.6798157232207307,0.9813796964647385,0.45545545545545546,0.8848970279406528,0.8001746143384492,1.0,0.9631574045121933,1.0,0.9630548154861694,,,,0.1084822866612894,0.41806155644242593,
three_branches_True_0.5_0.5_70,False,True,,,,,5.045145110767697e-127,0.6618088773325276,3.0,7.373343146382572e-142,0.6892994462683828,4.718853514029155e-78,-0.5438517891361352,9.663233187823314e-169,0.7323314513996121,1.4775113171328633e-136,-0.6798157232207307,0.9813796964647385,0.45545545545545546,0.8848970279406528,0.8001746143384492,1.0,0.9631574045121933,1.0,0.9630548154861694,,,,0.1084822866612894,0.41806155644242593,
three_branches_True_0.5_0.5_10,False,True,,,,,5.045145110767697e-127,0.6618088773325276,3.0,7.373343146382572e-142,0.6892994462683828,4.718853514029155e-78,-0.5438517891361352,9.663233187823314e-169,0.7323314513996121,1.4775113171328633e-136,-0.6798157232207307,0.9813796964647385,0.45545545545545546,0.8848970279406528,0.8001746143384492,1.0,0.9631574045121933,1.0,0.9630548154861694,,,,0.1084822866612894,0.41806155644242593,
three_branches_True_0.5_0.7_30,False,True,,,,,1.2607264278509114e-210,0.7859677880761238,3.0,4.1434621737362694e-196,0.768947608484697,6.1626554722984924e-207,-0.7817842483447931,6.482985181488218e-231,0.8073967592933797,2.3932483649854485e-209,-0.78452866604617,0.9816573899692882,0.4556222889556223,0.7086955580491183,0.4528697003398014,1.0,0.9631886419003234,1.0,0.9641140428295193,,,,0.2092637879350362,0.15375416607938344,
three_branches_True_0.5_0.7_50,False,True,,,,,1.2607264278509114e-210,0.7859677880761238,3.0,4.1434621737362694e-196,0.768947608484697,6.1626554722984924e-207,-0.7817842483447931,6.482985181488218e-231,0.8073967592933797,2.3932483649854485e-209,-0.78452866604617,0.9816573899692882,0.4556222889556223,0.7086955580491183,0.4528697003398014,1.0,0.9631886419003234,1.0,0.9641140428295193,,,,0.2092637879350362,0.15375416607938344,
three_branches_True_0.5_0.7_70,False,True,,,,,1.2607264278509114e-210,0.7859677880761238,3.0,4.1434621737362694e-196,0.768947608484697,6.1626554722984924e-207,-0.7817842483447931,6.482985181488218e-231,0.8073967592933797,2.3932483649854485e-209,-0.78452866604617,0.9816573899692882,0.4556222889556223,0.7086955580491183,0.4528697003398014,1.0,0.9631886419003234,1.0,0.9641140428295193,,,,0.2092637879350362,0.15375416607938344,
three_branches_True_0.5_0.7_10,False,True,,,,,1.2607264278509114e-210,0.7859677880761238,3.0,4.1434621737362694e-196,0.768947608484697,6.1626554722984924e-207,-0.7817842483447931,6.482985181488218e-231,0.8073967592933797,2.3932483649854485e-209,-0.78452866604617,0.9816573899692882,0.4556222889556223,0.7086955580491183,0.4528697003398014,1.0,0.9631886419003234,1.0,0.9641140428295193,,,,0.2092637879350362,0.15375416607938344,
three_branches_True_0.5_0.9_30,False,True,,,,,1.713966946e-315,0.8742636260978075,3.0,1.2324148374275915e-283,0.8526619559697322,5.708793896341125e-235,-0.8113812908025665,0.0,0.8796127530664984,0.0,-0.8829216948075326,0.981445478088859,0.4552886219552886,0.8037074144752986,0.6364145207087525,1.0,0.9635528643460126,1.0,0.9629176932863386,,,,0.12740922928394613,0.2886833580679586,
three_branches_True_0.5_0.9_50,False,True,,,,,1.713966946e-315,0.8742636260978075,3.0,1.2324148374275915e-283,0.8526619559697322,5.708793896341125e-235,-0.8113812908025665,0.0,0.8796127530664984,0.0,-0.8829216948075326,0.981445478088859,0.4552886219552886,0.8037074144752986,0.6364145207087525,1.0,0.9635528643460126,1.0,0.9629176932863386,,,,0.12740922928394613,0.2886833580679586,
three_branches_True_0.5_0.9_70,False,True,,,,,1.713966946e-315,0.8742636260978075,3.0,1.2324148374275915e-283,0.8526619559697322,5.708793896341125e-235,-0.8113812908025665,0.0,0.8796127530664984,0.0,-0.8829216948075326,0.981445478088859,0.4552886219552886,0.8037074144752986,0.6364145207087525,1.0,0.9635528643460126,1.0,0.9629176932863386,,,,0.12740922928394613,0.2886833580679586,
three_branches_True_0.5_0.9_10,False,True,,,,,1.713966946e-315,0.8742636260978075,3.0,1.2324148374275915e-283,0.8526619559697322,5.708793896341125e-235,-0.8113812908025665,0.0,0.8796127530664984,0.0,-0.8829216948075326,0.981445478088859,0.4552886219552886,0.8037074144752986,0.6364145207087525,1.0,0.9635528643460126,1.0,0.9629176932863386,,,,0.12740922928394613,0.2886833580679586,
three_branches_True_0.7_0.1_30,False,True,,,,,9.144471254303838e-277,0.8474924006409813,3.0,1.3106162880380325e-199,0.773190636891467,3.6328900047087607e-125,-0.6581487353323974,1.1431406265444985e-264,0.8378992878006603,4.4248870901818925e-308,-0.8695631519737463,0.9821225503411197,0.45545545545545546,0.8656035980661848,0.7907618281586659,1.0,0.9645929036198483,1.0,0.9645365049816571,,,,0.042989567534122745,0.3566097888056666,
three_branches_True_0.7_0.1_50,False,True,,,,,9.144471254303838e-277,0.8474924006409813,3.0,1.3106162880380325e-199,0.773190636891467,3.6328900047087607e-125,-0.6581487353323974,1.1431406265444985e-264,0.8378992878006603,4.4248870901818925e-308,-0.8695631519737463,0.9821225503411197,0.45545545545545546,0.8656035980661848,0.7907618281586659,1.0,0.9645929036198483,1.0,0.9645365049816571,,,,0.042989567534122745,0.3566097888056666,
three_branches_True_0.7_0.1_70,False,True,,,,,9.144471254303838e-277,0.8474924006409813,3.0,1.3106162880380325e-199,0.773190636891467,3.6328900047087607e-125,-0.6581487353323974,1.1431406265444985e-264,0.8378992878006603,4.4248870901818925e-308,-0.8695631519737463,0.9821225503411197,0.45545545545545546,0.8656035980661848,0.7907618281586659,1.0,0.9645929036198483,1.0,0.9645365049816571,,,,0.042989567534122745,0.3566097888056666,
three_branches_True_0.7_0.1_10,False,True,,,,,9.144471254303838e-277,0.8474924006409813,3.0,1.3106162880380325e-199,0.773190636891467,3.6328900047087607e-125,-0.6581487353323974,1.1431406265444985e-264,0.8378992878006603,4.4248870901818925e-308,-0.8695631519737463,0.9821225503411197,0.45545545545545546,0.8656035980661848,0.7907618281586659,1.0,0.9645929036198483,1.0,0.9645365049816571,,,,0.042989567534122745,0.3566097888056666,
three_branches_True_0.7_0.3_30,False,True,,,,,2.4333779613829e-133,0.6738813600837832,3.0,1.467192744089803e-159,0.7185128590671271,4.83062918727183e-102,-0.6078091535462844,2.307077135119035e-260,0.8343263256805916,1.2745420876881063e-168,-0.7321558926747348,0.9815728532048891,0.45495495495495497,0.9141153541640057,0.829778672464612,1.0,0.9636536699144135,1.0,0.9633168918126419,,,,0.049687161460426156,0.392492815119511,
three_branches_True_0.7_0.3_50,False,True,,,,,2.4333779613829e-133,0.6738813600837832,3.0,1.467192744089803e-159,0.7185128590671271,4.83062918727183e-102,-0.6078091535462844,2.307077135119035e-260,0.8343263256805916,1.2745420876881063e-168,-0.7321558926747348,0.9815728532048891,0.45495495495495497,0.9141153541640057,0.829778672464612,1.0,0.9636536699144135,1.0,0.9633168918126419,,,,0.049687161460426156,0.392492815119511,
three_branches_True_0.7_0.3_70,False,True,,,,,2.4333779613829e-133,0.6738813600837832,3.0,1.467192744089803e-159,0.7185128590671271,4.83062918727183e-102,-0.6078091535462844,2.307077135119035e-260,0.8343263256805916,1.2745420876881063e-168,-0.7321558926747348,0.9815728532048891,0.45495495495495497,0.9141153541640057,0.829778672464612,1.0,0.9636536699144135,1.0,0.9633168918126419,,,,0.049687161460426156,0.392492815119511,
three_branches_True_0.7_0.3_10,False,True,,,,,2.4333779613829e-133,0.6738813600837832,3.0,1.467192744089803e-159,0.7185128590671271,4.83062918727183e-102,-0.6078091535462844,2.307077135119035e-260,0.8343263256805916,1.2745420876881063e-168,-0.7321558926747348,0.9815728532048891,0.45495495495495497,0.9141153541640057,0.829778672464612,1.0,0.9636536699144135,1.0,0.9633168918126419,,,,0.049687161460426156,0.392492815119511,
three_branches_True_0.7_0.5_30,False,True,,,,,5.791005382404372e-165,0.7267481560310606,3.0,6.526626717865759e-179,0.7466931544032274,9.718162493122261e-147,-0.6977166227622974,2.6876252987498394e-220,0.796504537747422,2.535447084917524e-170,-0.7346271879861509,0.9818738489264909,0.4556222889556223,0.8773495421162245,0.7499714022958263,1.0,0.963700659131881,1.0,0.9644519976656928,,,,0.09206287100371809,0.35304508459864853,
three_branches_True_0.7_0.5_50,False,True,,,,,5.791005382404372e-165,0.7267481560310606,3.0,6.526626717865759e-179,0.7466931544032274,9.718162493122261e-147,-0.6977166227622974,2.6876252987498394e-220,0.796504537747422,2.535447084917524e-170,-0.7346271879861509,0.9818738489264909,0.4556222889556223,0.8773495421162245,0.7499714022958263,1.0,0.963700659131881,1.0,0.9644519976656928,,,,0.09206287100371809,0.35304508459864853,
three_branches_True_0.7_0.5_70,False,True,,,,,5.791005382404372e-165,0.7267481560310606,3.0,6.526626717865759e-179,0.7466931544032274,9.718162493122261e-147,-0.6977166227622974,2.6876252987498394e-220,0.796504537747422,2.535447084917524e-170,-0.7346271879861509,0.9818738489264909,0.4556222889556223,0.8773495421162245,0.7499714022958263,1.0,0.963700659131881,1.0,0.9644519976656928,,,,0.09206287100371809,0.35304508459864853,
three_branches_True_0.7_0.5_10,False,True,,,,,5.791005382404372e-165,0.7267481560310606,3.0,6.526626717865759e-179,0.7466931544032274,9.718162493122261e-147,-0.6977166227622974,2.6876252987498394e-220,0.796504537747422,2.535447084917524e-170,-0.7346271879861509,0.9818738489264909,0.4556222889556223,0.8773495421162245,0.7499714022958263,1.0,0.963700659131881,1.0,0.9644519976656928,,,,0.09206287100371809,0.35304508459864853,
three_branches_True_0.7_0.7_30,False,True,,,,,8.224111872062353e-108,0.621264423465447,3.0,4.179804652994735e-188,0.7588901410444423,1.7868280198681187e-95,-0.5916613900709677,9.78511679212511e-246,0.8215168971877009,2.4889107009153634e-120,-0.6483720754748438,0.9820499842343677,0.4556222889556223,0.8686158755654008,0.7550575659132372,1.0,0.9646509502507788,1.0,0.9641934470763224,,,,0.08694159953661626,0.3296210199946314,
three_branches_True_0.7_0.7_50,False,True,,,,,8.224111872062353e-108,0.621264423465447,3.0,4.179804652994735e-188,0.7588901410444423,1.7868280198681187e-95,-0.5916613900709677,9.78511679212511e-246,0.8215168971877009,2.4889107009153634e-120,-0.6483720754748438,0.9820499842343677,0.4556222889556223,0.8686158755654008,0.7550575659132372,1.0,0.9646509502507788,1.0,0.9641934470763224,,,,0.08694159953661626,0.3296210199946314,
three_branches_True_0.7_0.7_70,False,True,,,,,8.224111872062353e-108,0.621264423465447,3.0,4.179804652994735e-188,0.7588901410444423,1.7868280198681187e-95,-0.5916613900709677,9.78511679212511e-246,0.8215168971877009,2.4889107009153634e-120,-0.6483720754748438,0.9820499842343677,0.4556222889556223,0.8686158755654008,0.7550575659132372,1.0,0.9646509502507788,1.0,0.9641934470763224,,,,0.08694159953661626,0.3296210199946314,
three_branches_True_0.7_0.7_10,False,True,,,,,8.224111872062353e-108,0.621264423465447,3.0,4.179804652994735e-188,0.7588901410444423,1.7868280198681187e-95,-0.5916613900709677,9.78511679212511e-246,0.8215168971877009,2.4889107009153634e-120,-0.6483720754748438,0.9820499842343677,0.4556222889556223,0.8686158755654008,0.7550575659132372,1.0,0.9646509502507788,1.0,0.9641934470763224,,,,0.08694159953661626,0.3296210199946314,
three_branches_True_0.7_0.9_30,False,True,,,,,1.755783506782256e-181,0.75017535517458,3.0,4.0040074930993756e-252,0.8272418438729925,3.516015385766506e-164,-0.725572806744718,5.04e-322,0.8782539907378945,3.09838609467391e-192,-0.7641426765299668,0.9814036238841191,0.45512178845512175,0.8317271950796774,0.712426914051122,1.0,0.963154250188805,1.0,0.9631518957583968,,,,0.10886738854204796,0.27981792182474896,
three_branches_True_0.7_0.9_50,False,True,,,,,1.755783506782256e-181,0.75017535517458,3.0,4.0040074930993756e-252,0.8272418438729925,3.516015385766506e-164,-0.725572806744718,5.04e-322,0.8782539907378945,3.09838609467391e-192,-0.7641426765299668,0.9814036238841191,0.45512178845512175,0.8317271950796774,0.712426914051122,1.0,0.963154250188805,1.0,0.9631518957583968,,,,0.10886738854204796,0.27981792182474896,
three_branches_True_0.7_0.9_70,False,True,,,,,1.755783506782256e-181,0.75017535517458,3.0,4.0040074930993756e-252,0.8272418438729925,3.516015385766506e-164,-0.725572806744718,5.04e-322,0.8782539907378945,3.09838609467391e-192,-0.7641426765299668,0.9814036238841191,0.45512178845512175,0.8317271950796774,0.712426914051122,1.0,0.963154250188805,1.0,0.9631518957583968,,,,0.10886738854204796,0.27981792182474896,
three_branches_True_0.7_0.9_10,False,True,,,,,1.755783506782256e-181,0.75017535517458,3.0,4.0040074930993756e-252,0.8272418438729925,3.516015385766506e-164,-0.725572806744718,5.04e-322,0.8782539907378945,3.09838609467391e-192,-0.7641426765299668,0.9814036238841191,0.45512178845512175,0.8317271950796774,0.712426914051122,1.0,0.963154250188805,1.0,0.9631518957583968,,,,0.10886738854204796,0.27981792182474896,
three_branches_True_0.9_0.1_30,False,True,,,,,3.931039056813228e-127,0.6620208388089913,3.0,4.706035225374684e-172,0.7371140078974183,2.164491961967027e-123,-0.6546020477630419,1.282636147795509e-289,0.8570077519576791,1.6028425807207353e-177,-0.7447855590885641,0.9818044101803217,0.4559559559559559,0.9053969959616057,0.7986789358802182,1.0,0.9637620790176907,1.0,0.964117753490553,,,,0.05417774294466173,0.3653486617086262,
three_branches_True_0.9_0.1_50,False,True,,,,,3.931039056813228e-127,0.6620208388089913,3.0,4.706035225374684e-172,0.7371140078974183,2.164491961967027e-123,-0.6546020477630419,1.282636147795509e-289,0.8570077519576791,1.6028425807207353e-177,-0.7447855590885641,0.9818044101803217,0.4559559559559559,0.9053969959616057,0.7986789358802182,1.0,0.9637620790176907,1.0,0.964117753490553,,,,0.05417774294466173,0.3653486617086262,
three_branches_True_0.9_0.1_70,False,True,,,,,3.931039056813228e-127,0.6620208388089913,3.0,4.706035225374684e-172,0.7371140078974183,2.164491961967027e-123,-0.6546020477630419,1.282636147795509e-289,0.8570077519576791,1.6028425807207353e-177,-0.7447855590885641,0.9818044101803217,0.4559559559559559,0.9053969959616057,0.7986789358802182,1.0,0.9637620790176907,1.0,0.964117753490553,,,,0.05417774294466173,0.3653486617086262,
three_branches_True_0.9_0.1_10,False,True,,,,,3.931039056813228e-127,0.6620208388089913,3.0,4.706035225374684e-172,0.7371140078974183,2.164491961967027e-123,-0.6546020477630419,1.282636147795509e-289,0.8570077519576791,1.6028425807207353e-177,-0.7447855590885641,0.9818044101803217,0.4559559559559559,0.9053969959616057,0.7986789358802182,1.0,0.9637620790176907,1.0,0.964117753490553,,,,0.05417774294466173,0.3653486617086262,
three_branches_True_0.9_0.3_30,False,True,,,,,1.5914520601441273e-115,0.6382851268974413,3.0,1.7241215317416583e-167,0.7304972852677106,1.8024214171555715e-83,-0.559574546519701,1.7001243531556496e-301,0.8652279847341556,2.8635891027499634e-128,-0.664235528325488,0.9820246364306933,0.4559559559559559,0.7696666223988842,0.7675271705152549,1.0,0.9646091608357789,1.0,0.964135670396829,,,,0.05907618635442137,0.34988706873519243,
three_branches_True_0.9_0.3_50,False,True,,,,,1.5914520601441273e-115,0.6382851268974413,3.0,1.7241215317416583e-167,0.7304972852677106,1.8024214171555715e-83,-0.559574546519701,1.7001243531556496e-301,0.8652279847341556,2.8635891027499634e-128,-0.664235528325488,0.9820246364306933,0.4559559559559559,0.7696666223988842,0.7675271705152549,1.0,0.9646091608357789,1.0,0.964135670396829,,,,0.05907618635442137,0.34988706873519243,
three_branches_True_0.9_0.3_70,False,True,,,,,1.5914520601441273e-115,0.6382851268974413,3.0,1.7241215317416583e-167,0.7304972852677106,1.8024214171555715e-83,-0.559574546519701,1.7001243531556496e-301,0.8652279847341556,2.8635891027499634e-128,-0.664235528325488,0.9820246364306933,0.4559559559559559,0.7696666223988842,0.7675271705152549,1.0,0.9646091608357789,1.0,0.964135670396829,,,,0.05907618635442137,0.34988706873519243,
three_branches_True_0.9_0.3_10,False,True,,,,,1.5914520601441273e-115,0.6382851268974413,3.0,1.7241215317416583e-167,0.7304972852677106,1.8024214171555715e-83,-0.559574546519701,1.7001243531556496e-301,0.8652279847341556,2.8635891027499634e-128,-0.664235528325488,0.9820246364306933,0.4559559559559559,0.7696666223988842,0.7675271705152549,1.0,0.9646091608357789,1.0,0.964135670396829,,,,0.05907618635442137,0.34988706873519243,
three_branches_True_0.9_0.5_30,False,True,,,,,2.3166081487696828e-123,0.6545427053909108,3.0,3.7865982567415775e-190,0.7615053131494857,1.1637756216284922e-114,-0.6364305630676417,1.3923023624308937e-260,0.8345104527534015,4.4096731254080803e-175,-0.741396436646982,0.9817822177513882,0.45545545545545546,0.8355776654233894,0.722851592630662,1.0,0.9642856597000629,1.0,0.963507143682793,,,,0.09411829982134046,0.32998988082204894,
three_branches_True_0.9_0.5_50,False,True,,,,,2.3166081487696828e-123,0.6545427053909108,3.0,3.7865982567415775e-190,0.7615053131494857,1.1637756216284922e-114,-0.6364305630676417,1.3923023624308937e-260,0.8345104527534015,4.4096731254080803e-175,-0.741396436646982,0.9817822177513882,0.45545545545545546,0.8355776654233894,0.722851592630662,1.0,0.9642856597000629,1.0,0.963507143682793,,,,0.09411829982134046,0.32998988082204894,
three_branches_True_0.9_0.5_70,False,True,,,,,2.3166081487696828e-123,0.6545427053909108,3.0,3.7865982567415775e-190,0.7615053131494857,1.1637756216284922e-114,-0.6364305630676417,1.3923023624308937e-260,0.8345104527534015,4.4096731254080803e-175,-0.741396436646982,0.9817822177513882,0.45545545545545546,0.8355776654233894,0.722851592630662,1.0,0.9642856597000629,1.0,0.963507143682793,,,,0.09411829982134046,0.32998988082204894,
three_branches_True_0.9_0.5_10,False,True,,,,,2.3166081487696828e-123,0.6545427053909108,3.0,3.7865982567415775e-190,0.7615053131494857,1.1637756216284922e-114,-0.6364305630676417,1.3923023624308937e-260,0.8345104527534015,4.4096731254080803e-175,-0.741396436646982,0.9817822177513882,0.45545545545545546,0.8355776654233894,0.722851592630662,1.0,0.9642856597000629,1.0,0.963507143682793,,,,0.09411829982134046,0.32998988082204894,
three_branches_True_0.9_0.7_30,False,True,,,,,1.476617163739323e-95,0.5918708154715848,3.0,1.1070329866280774e-159,0.7187026158548845,2.397893367582323e-93,-0.5862274134799543,5.818809637723412e-243,0.8189648248570041,5.031528161177492e-113,-0.6328843467965325,0.9820606609800034,0.45562228895562223,0.8696074377724643,0.7824216947837195,1.0,0.9643261121583641,1.0,0.9645601857332083,,,,0.07289044162489385,0.3740450320851341,
three_branches_True_0.9_0.7_50,False,True,,,,,1.476617163739323e-95,0.5918708154715848,3.0,1.1070329866280774e-159,0.7187026158548845,2.397893367582323e-93,-0.5862274134799543,5.818809637723412e-243,0.8189648248570041,5.031528161177492e-113,-0.6328843467965325,0.9820606609800034,0.45562228895562223,0.8696074377724643,0.7824216947837195,1.0,0.9643261121583641,1.0,0.9645601857332083,,,,0.07289044162489385,0.3740450320851341,
three_branches_True_0.9_0.7_70,False,True,,,,,1.476617163739323e-95,0.5918708154715848,3.0,1.1070329866280774e-159,0.7187026158548845,2.397893367582323e-93,-0.5862274134799543,5.818809637723412e-243,0.8189648248570041,5.031528161177492e-113,-0.6328843467965325,0.9820606609800034,0.45562228895562223,0.8696074377724643,0.7824216947837195,1.0,0.9643261121583641,1.0,0.9645601857332083,,,,0.07289044162489385,0.3740450320851341,
three_branches_True_0.9_0.7_10,False,True,,,,,1.476617163739323e-95,0.5918708154715848,3.0,1.1070329866280774e-159,0.7187026158548845,2.397893367582323e-93,-0.5862274134799543,5.818809637723412e-243,0.8189648248570041,5.031528161177492e-113,-0.6328843467965325,0.9820606609800034,0.45562228895562223,0.8696074377724643,0.7824216947837195,1.0,0.9643261121583641,1.0,0.9645601857332083,,,,0.07289044162489385,0.3740450320851341,
three_branches_True_0.9_0.9_30,False,True,,,,,3.0987332510202705e-174,0.7402074516921651,3.0,1.0404267571453394e-178,0.7464163204438955,1.6050010637018803e-105,-0.616000047417363,1.227709949691361e-290,0.8577339305778484,7.236627916976965e-212,-0.7873543597932522,0.9816728467434385,0.4551217884551218,0.8689734068876609,0.7918010929873874,1.0,0.9640067413689426,1.0,0.9633565243766858,,,,0.03768916740191441,0.3438619720643918,
three_branches_True_0.9_0.9_50,False,True,,,,,3.0987332510202705e-174,0.7402074516921651,3.0,1.0404267571453394e-178,0.7464163204438955,1.6050010637018803e-105,-0.616000047417363,1.227709949691361e-290,0.8577339305778484,7.236627916976965e-212,-0.7873543597932522,0.9816728467434385,0.4551217884551218,0.8689734068876609,0.7918010929873874,1.0,0.9640067413689426,1.0,0.9633565243766858,,,,0.03768916740191441,0.3438619720643918,
three_branches_True_0.9_0.9_70,False,True,,,,,3.0987332510202705e-174,0.7402074516921651,3.0,1.0404267571453394e-178,0.7464163204438955,1.6050010637018803e-105,-0.616000047417363,1.227709949691361e-290,0.8577339305778484,7.236627916976965e-212,-0.7873543597932522,0.9816728467434385,0.4551217884551218,0.8689734068876609,0.7918010929873874,1.0,0.9640067413689426,1.0,0.9633565243766858,,,,0.03768916740191441,0.3438619720643918,
three_branches_True_0.9_0.9_10,False,True,,,,,3.0987332510202705e-174,0.7402074516921651,3.0,1.0404267571453394e-178,0.7464163204438955,1.6050010637018803e-105,-0.616000047417363,1.227709949691361e-290,0.8577339305778484,7.236627916976965e-212,-0.7873543597932522,0.9816728467434385,0.4551217884551218,0.8689734068876609,0.7918010929873874,1.0,0.9640067413689426,1.0,0.9633565243766858,,,,0.03768916740191441,0.3438619720643918,
three_branches_False_0.1_0.1_30,False,False,,,,,1.133468152607177e-108,0.623217021181772,3.0,2.3147177711155407e-140,0.6866585626864613,2.0795650923470538e-96,-0.5940147407587448,3.1687799499317695e-205,0.7798117977362244,5.888888841845964e-115,-0.6370669516282651,0.9580758827417537,0.36670003336670004,0.8650388838414642,0.7811228705429614,1.0,0.9483268537455657,1.0,0.8884675762801258,,,,,,
three_branches_False_0.1_0.1_50,False,False,,,,,1.133468152607177e-108,0.623217021181772,3.0,2.3147177711155407e-140,0.6866585626864613,2.0795650923470538e-96,-0.5940147407587448,3.1687799499317695e-205,0.7798117977362244,5.888888841845964e-115,-0.6370669516282651,0.9580758827417537,0.36670003336670004,0.8650388838414642,0.7811228705429614,1.0,0.9483268537455657,1.0,0.8884675762801258,,,,,,
three_branches_False_0.1_0.1_70,False,False,,,,,1.133468152607177e-108,0.623217021181772,3.0,2.3147177711155407e-140,0.6866585626864613,2.0795650923470538e-96,-0.5940147407587448,3.1687799499317695e-205,0.7798117977362244,5.888888841845964e-115,-0.6370669516282651,0.9580758827417537,0.36670003336670004,0.8650388838414642,0.7811228705429614,1.0,0.9483268537455657,1.0,0.8884675762801258,,,,,,
three_branches_False_0.1_0.1_10,False,False,,,,,1.133468152607177e-108,0.623217021181772,3.0,2.3147177711155407e-140,0.6866585626864613,2.0795650923470538e-96,-0.5940147407587448,3.1687799499317695e-205,0.7798117977362244,5.888888841845964e-115,-0.6370669516282651,0.9580758827417537,0.36670003336670004,0.8650388838414642,0.7811228705429614,1.0,0.9483268537455657,1.0,0.8884675762801258,,,,,,
three_branches_False_0.1_0.3_30,False,False,,,,,1.3336394705433751e-195,0.7683244710655189,3.0,7.238571531594562e-251,0.8261315769733848,1.3590565422331417e-151,-0.7058077497321688,8.109465076853e-312,0.8719562676606305,5.860528638734965e-204,-0.7783379432042545,0.9707290632987358,0.40523857190523865,0.8449580322221039,0.7249053834392076,1.0,0.9621086602213816,1.0,0.9229283910299593,,,,,,
three_branches_False_0.1_0.3_50,False,False,,,,,1.3336394705433751e-195,0.7683244710655189,3.0,7.238571531594562e-251,0.8261315769733848,1.3590565422331417e-151,-0.7058077497321688,8.109465076853e-312,0.8719562676606305,5.860528638734965e-204,-0.7783379432042545,0.9707290632987358,0.40523857190523865,0.8449580322221039,0.7249053834392076,1.0,0.9621086602213816,1.0,0.9229283910299593,,,,,,
three_branches_False_0.1_0.3_70,False,False,,,,,1.3336394705433751e-195,0.7683244710655189,3.0,7.238571531594562e-251,0.8261315769733848,1.3590565422331417e-151,-0.7058077497321688,8.109465076853e-312,0.8719562676606305,5.860528638734965e-204,-0.7783379432042545,0.9707290632987358,0.40523857190523865,0.8449580322221039,0.7249053834392076,1.0,0.9621086602213816,1.0,0.9229283910299593,,,,,,
three_branches_False_0.1_0.3_10,False,False,,,,,1.3336394705433751e-195,0.7683244710655189,3.0,7.238571531594562e-251,0.8261315769733848,1.3590565422331417e-151,-0.7058077497321688,8.109465076853e-312,0.8719562676606305,5.860528638734965e-204,-0.7783379432042545,0.9707290632987358,0.40523857190523865,0.8449580322221039,0.7249053834392076,1.0,0.9621086602213816,1.0,0.9229283910299593,,,,,,
three_branches_False_0.1_0.5_30,False,False,,,,,6.845888840185678e-216,0.7917797064568879,3.0,3.471524778505213e-216,0.7920998438812351,1.1327376578807295e-137,-0.6818411812332332,4.20846619398425e-298,0.8629329711915661,1.025760678480093e-225,-0.8021480447721802,0.968521241515207,0.4230897564230897,0.890280207000361,0.7777150334834776,1.0,0.9405838892547244,1.0,0.935489817215298,,,,,,
three_branches_False_0.1_0.5_50,False,False,,,,,6.845888840185678e-216,0.7917797064568879,3.0,3.471524778505213e-216,0.7920998438812351,1.1327376578807295e-137,-0.6818411812332332,4.20846619398425e-298,0.8629329711915661,1.025760678480093e-225,-0.8021480447721802,0.968521241515207,0.4230897564230897,0.890280207000361,0.7777150334834776,1.0,0.9405838892547244,1.0,0.935489817215298,,,,,,
three_branches_False_0.1_0.5_70,False,False,,,,,6.845888840185678e-216,0.7917797064568879,3.0,3.471524778505213e-216,0.7920998438812351,1.1327376578807295e-137,-0.6818411812332332,4.20846619398425e-298,0.8629329711915661,1.025760678480093e-225,-0.8021480447721802,0.968521241515207,0.4230897564230897,0.890280207000361,0.7777150334834776,1.0,0.9405838892547244,1.0,0.935489817215298,,,,,,
three_branches_False_0.1_0.5_10,False,False,,,,,6.845888840185678e-216,0.7917797064568879,3.0,3.471524778505213e-216,0.7920998438812351,1.1327376578807295e-137,-0.6818411812332332,4.20846619398425e-298,0.8629329711915661,1.025760678480093e-225,-0.8021480447721802,0.968521241515207,0.4230897564230897,0.890280207000361,0.7777150334834776,1.0,0.9405838892547244,1.0,0.935489817215298,,,,,,
three_branches_False_0.1_0.7_30,False,False,,,,,3.502604733773905e-226,0.8026257069025674,3.0,1.6085278244847642e-139,0.6851606205504857,2.5362702053931418e-207,-0.7822258810318546,1.9743236298706682e-182,0.7514467378394543,2.0634700055837863e-229,-0.8058960382787949,0.9530438135326748,0.3575241908575242,0.9261855140066487,0.767107268663684,1.0,0.9362423609335223,1.0,0.8811770531630665,,,,,,
three_branches_False_0.1_0.7_50,False,False,,,,,3.502604733773905e-226,0.8026257069025674,3.0,1.6085278244847642e-139,0.6851606205504857,2.5362702053931418e-207,-0.7822258810318546,1.9743236298706682e-182,0.7514467378394543,2.0634700055837863e-229,-0.8058960382787949,0.9530438135326748,0.3575241908575242,0.9261855140066487,0.767107268663684,1.0,0.9362423609335223,1.0,0.8811770531630665,,,,,,
three_branches_False_0.1_0.7_70,False,False,,,,,3.502604733773905e-226,0.8026257069025674,3.0,1.6085278244847642e-139,0.6851606205504857,2.5362702053931418e-207,-0.7822258810318546,1.9743236298706682e-182,0.7514467378394543,2.0634700055837863e-229,-0.8058960382787949,0.9530438135326748,0.3575241908575242,0.9261855140066487,0.767107268663684,1.0,0.9362423609335223,1.0,0.8811770531630665,,,,,,
three_branches_False_0.1_0.7_10,False,False,,,,,3.502604733773905e-226,0.8026257069025674,3.0,1.6085278244847642e-139,0.6851606205504857,2.5362702053931418e-207,-0.7822258810318546,1.9743236298706682e-182,0.7514467378394543,2.0634700055837863e-229,-0.8058960382787949,0.9530438135326748,0.3575241908575242,0.9261855140066487,0.767107268663684,1.0,0.9362423609335223,1.0,0.8811770531630665,,,,,,
three_branches_False_0.1_0.9_30,False,False,,,,,8.968070152172107e-07,0.15462171802996488,2.0,1.1868955802319093e-12,0.2222020775708132,3.3928352019709164e-09,-0.1855404406054557,7.926495963523408e-11,0.20370611773420105,8.968070152172107e-07,-0.15462171802996488,0.7151729031280832,0.1891891891891892,0.7910727227102304,0.48663676368196057,0.6666666666666667,0.9584794928062532,0.8,0.5117556568213388,,,,,,
three_branches_False_0.1_0.9_50,False,False,,,,,8.968070152172107e-07,0.15462171802996488,2.0,1.1868955802319093e-12,0.2222020775708132,3.3928352019709164e-09,-0.1855404406054557,7.926495963523408e-11,0.20370611773420105,8.968070152172107e-07,-0.15462171802996488,0.7151729031280832,0.1891891891891892,0.7910727227102304,0.48663676368196057,0.6666666666666667,0.9584794928062532,0.8,0.5117556568213388,,,,,,
three_branches_False_0.1_0.9_70,False,False,,,,,8.968070152172107e-07,0.15462171802996488,2.0,1.1868955802319093e-12,0.2222020775708132,3.3928352019709164e-09,-0.1855404406054557,7.926495963523408e-11,0.20370611773420105,8.968070152172107e-07,-0.15462171802996488,0.7151729031280832,0.1891891891891892,0.7910727227102304,0.48663676368196057,0.6666666666666667,0.9584794928062532,0.8,0.5117556568213388,,,,,,
three_branches_False_0.1_0.9_10,False,False,,,,,8.968070152172107e-07,0.15462171802996488,2.0,1.1868955802319093e-12,0.2222020775708132,3.3928352019709164e-09,-0.1855404406054557,7.926495963523408e-11,0.20370611773420105,8.968070152172107e-07,-0.15462171802996488,0.7151729031280832,0.1891891891891892,0.7910727227102304,0.48663676368196057,0.6666666666666667,0.9584794928062532,0.8,0.5117556568213388,,,,,,
three_branches_False_0.3_0.1_30,False,False,,,,,3.7794948142256804e-132,0.6716478656937019,3.0,1.0270236139381498e-151,0.70600703640011,3.5042047873855117e-81,-0.5530346213975361,2.276203040182088e-255,0.8300716297646242,3.24629757606002e-156,-0.7132626639606703,0.9697533605080702,0.4165832499165832,0.8546431153893956,0.7900196549967918,1.0,0.9492861192932184,1.0,0.9316398191893208,,,,,,
three_branches_False_0.3_0.1_50,False,False,,,,,3.7794948142256804e-132,0.6716478656937019,3.0,1.0270236139381498e-151,0.70600703640011,3.5042047873855117e-81,-0.5530346213975361,2.276203040182088e-255,0.8300716297646242,3.24629757606002e-156,-0.7132626639606703,0.9697533605080702,0.4165832499165832,0.8546431153893956,0.7900196549967918,1.0,0.9492861192932184,1.0,0.9316398191893208,,,,,,
three_branches_False_0.3_0.1_70,False,False,,,,,3.7794948142256804e-132,0.6716478656937019,3.0,1.0270236139381498e-151,0.70600703640011,3.5042047873855117e-81,-0.5530346213975361,2.276203040182088e-255,0.8300716297646242,3.24629757606002e-156,-0.7132626639606703,0.9697533605080702,0.4165832499165832,0.8546431153893956,0.7900196549967918,1.0,0.9492861192932184,1.0,0.9316398191893208,,,,,,
three_branches_False_0.3_0.1_10,False,False,,,,,3.7794948142256804e-132,0.6716478656937019,3.0,1.0270236139381498e-151,0.70600703640011,3.5042047873855117e-81,-0.5530346213975361,2.276203040182088e-255,0.8300716297646242,3.24629757606002e-156,-0.7132626639606703,0.9697533605080702,0.4165832499165832,0.8546431153893956,0.7900196549967918,1.0,0.9492861192932184,1.0,0.9316398191893208,,,,,,
three_branches_False_0.3_0.3_30,False,False,,,,,0.0,0.9422135632565503,3.0,9.768597747719377e-274,0.8451506449270965,0.0,-0.9244407230843845,8.20386e-319,0.8763096401332489,0.0,-0.9452163768492926,0.9781899887744235,0.4481147814481148,0.8211896480744376,0.5785956181487073,1.0,0.9559586128131347,1.0,0.9577535372190852,,,,,,
three_branches_False_0.3_0.3_50,False,False,,,,,0.0,0.9422135632565503,3.0,9.768597747719377e-274,0.8451506449270965,0.0,-0.9244407230843845,8.20386e-319,0.8763096401332489,0.0,-0.9452163768492926,0.9781899887744235,0.4481147814481148,0.8211896480744376,0.5785956181487073,1.0,0.9559586128131347,1.0,0.9577535372190852,,,,,,
three_branches_False_0.3_0.3_70,False,False,,,,,0.0,0.9422135632565503,3.0,9.768597747719377e-274,0.8451506449270965,0.0,-0.9244407230843845,8.20386e-319,0.8763096401332489,0.0,-0.9452163768492926,0.9781899887744235,0.4481147814481148,0.8211896480744376,0.5785956181487073,1.0,0.9559586128131347,1.0,0.9577535372190852,,,,,,
three_branches_False_0.3_0.3_10,False,False,,,,,0.0,0.9422135632565503,3.0,9.768597747719377e-274,0.8451506449270965,0.0,-0.9244407230843845,8.20386e-319,0.8763096401332489,0.0,-0.9452163768492926,0.9781899887744235,0.4481147814481148,0.8211896480744376,0.5785956181487073,1.0,0.9559586128131347,1.0,0.9577535372190852,,,,,,
three_branches_False_0.3_0.5_30,False,False,,,,,4.287947149094622e-105,0.6150079765999918,3.0,1.0359336106905973e-191,0.7634835169618325,6.301327988861139e-118,-0.6433750814978045,5.567932555666236e-246,0.8217402159131117,1.0459827924130847e-109,-0.6255466287032633,0.9506416403836111,0.36736736736736736,0.7560976101141921,0.675409778798092,1.0,0.918991583162149,1.0,0.8887012689036631,,,,,,
three_branches_False_0.3_0.5_50,False,False,,,,,4.287947149094622e-105,0.6150079765999918,3.0,1.0359336106905973e-191,0.7634835169618325,6.301327988861139e-118,-0.6433750814978045,5.567932555666236e-246,0.8217402159131117,1.0459827924130847e-109,-0.6255466287032633,0.9506416403836111,0.36736736736736736,0.7560976101141921,0.675409778798092,1.0,0.918991583162149,1.0,0.8887012689036631,,,,,,
three_branches_False_0.3_0.5_70,False,False,,,,,4.287947149094622e-105,0.6150079765999918,3.0,1.0359336106905973e-191,0.7634835169618325,6.301327988861139e-118,-0.6433750814978045,5.567932555666236e-246,0.8217402159131117,1.0459827924130847e-109,-0.6255466287032633,0.9506416403836111,0.36736736736736736,0.7560976101141921,0.675409778798092,1.0,0.918991583162149,1.0,0.8887012689036631,,,,,,
three_branches_False_0.3_0.5_10,False,False,,,,,4.287947149094622e-105,0.6150079765999918,3.0,1.0359336106905973e-191,0.7634835169618325,6.301327988861139e-118,-0.6433750814978045,5.567932555666236e-246,0.8217402159131117,1.0459827924130847e-109,-0.6255466287032633,0.9506416403836111,0.36736736736736736,0.7560976101141921,0.675409778798092,1.0,0.918991583162149,1.0,0.8887012689036631,,,,,,
three_branches_False_0.3_0.7_30,False,False,,,,,9.1074173762208e-202,0.7757616995319628,3.0,4.856477367647375e-290,0.8573088163611925,3.6454674910743785e-246,-0.8219077608811832,1.2941985780261764e-263,0.8370325338686667,4.3468516765639327e-212,-0.7876005828976351,0.9591184590724016,0.4022355689022355,0.7574576600584744,0.5976192415217413,1.0,0.920423843551822,1.0,0.9193928823701555,,,,,,
three_branches_False_0.3_0.7_50,False,False,,,,,9.1074173762208e-202,0.7757616995319628,3.0,4.856477367647375e-290,0.8573088163611925,3.6454674910743785e-246,-0.8219077608811832,1.2941985780261764e-263,0.8370325338686667,4.3468516765639327e-212,-0.7876005828976351,0.9591184590724016,0.4022355689022355,0.7574576600584744,0.5976192415217413,1.0,0.920423843551822,1.0,0.9193928823701555,,,,,,
three_branches_False_0.3_0.7_70,False,False,,,,,9.1074173762208e-202,0.7757616995319628,3.0,4.856477367647375e-290,0.8573088163611925,3.6454674910743785e-246,-0.8219077608811832,1.2941985780261764e-263,0.8370325338686667,4.3468516765639327e-212,-0.7876005828976351,0.9591184590724016,0.4022355689022355,0.7574576600584744,0.5976192415217413,1.0,0.920423843551822,1.0,0.9193928823701555,,,,,,
three_branches_False_0.3_0.7_10,False,False,,,,,9.1074173762208e-202,0.7757616995319628,3.0,4.856477367647375e-290,0.8573088163611925,3.6454674910743785e-246,-0.8219077608811832,1.2941985780261764e-263,0.8370325338686667,4.3468516765639327e-212,-0.7876005828976351,0.9591184590724016,0.4022355689022355,0.7574576600584744,0.5976192415217413,1.0,0.920423843551822,1.0,0.9193928823701555,,,,,,
three_branches_False_0.3_0.9_30,False,False,,,,,2.0186047645366473e-53,0.4596429033349962,3.0,3.4383888921770405e-127,0.6621345117447538,2.2705409182062377e-50,-0.4473607512184605,1.1210733376664334e-188,0.7596251488821767,4.465372643025416e-57,-0.4737263551385515,0.9681417696167506,0.4310977644310978,0.8227325386004531,0.7407737957438422,1.0,0.9314903480756959,1.0,0.9431428396617099,,,,,,
three_branches_False_0.3_0.9_50,False,False,,,,,2.0186047645366473e-53,0.4596429033349962,3.0,3.4383888921770405e-127,0.6621345117447538,2.2705409182062377e-50,-0.4473607512184605,1.1210733376664334e-188,0.7596251488821767,4.465372643025416e-57,-0.4737263551385515,0.9681417696167506,0.4310977644310978,0.8227325386004531,0.7407737957438422,1.0,0.9314903480756959,1.0,0.9431428396617099,,,,,,
three_branches_False_0.3_0.9_70,False,False,,,,,2.0186047645366473e-53,0.4596429033349962,3.0,3.4383888921770405e-127,0.6621345117447538,2.2705409182062377e-50,-0.4473607512184605,1.1210733376664334e-188,0.7596251488821767,4.465372643025416e-57,-0.4737263551385515,0.9681417696167506,0.4310977644310978,0.8227325386004531,0.7407737957438422,1.0,0.9314903480756959,1.0,0.9431428396617099,,,,,,
three_branches_False_0.3_0.9_10,False,False,,,,,2.0186047645366473e-53,0.4596429033349962,3.0,3.4383888921770405e-127,0.6621345117447538,2.2705409182062377e-50,-0.4473607512184605,1.1210733376664334e-188,0.7596251488821767,4.465372643025416e-57,-0.4737263551385515,0.9681417696167506,0.4310977644310978,0.8227325386004531,0.7407737957438422,1.0,0.9314903480756959,1.0,0.9431428396617099,,,,,,
three_branches_False_0.5_0.1_30,False,False,,,,,1.3381864402846352e-69,0.517529436103695,3.0,3.911777935310073e-173,0.7386514070050877,2.000666151849193e-89,-0.5759356460507344,9.549592378772055e-277,0.8474779648925577,2.7553198097724576e-124,-0.6563966510477932,0.9769898180712439,0.44978311644978314,0.7879086841335362,0.7388499063763804,1.0,0.9501848535672467,1.0,0.9588530351459915,,,,,,
three_branches_False_0.5_0.1_50,False,False,,,,,1.3381864402846352e-69,0.517529436103695,3.0,3.911777935310073e-173,0.7386514070050877,2.000666151849193e-89,-0.5759356460507344,9.549592378772055e-277,0.8474779648925577,2.7553198097724576e-124,-0.6563966510477932,0.9769898180712439,0.44978311644978314,0.7879086841335362,0.7388499063763804,1.0,0.9501848535672467,1.0,0.9588530351459915,,,,,,
three_branches_False_0.5_0.1_70,False,False,,,,,1.3381864402846352e-69,0.517529436103695,3.0,3.911777935310073e-173,0.7386514070050877,2.000666151849193e-89,-0.5759356460507344,9.549592378772055e-277,0.8474779648925577,2.7553198097724576e-124,-0.6563966510477932,0.9769898180712439,0.44978311644978314,0.7879086841335362,0.7388499063763804,1.0,0.9501848535672467,1.0,0.9588530351459915,,,,,,
three_branches_False_0.5_0.1_10,False,False,,,,,1.3381864402846352e-69,0.517529436103695,3.0,3.911777935310073e-173,0.7386514070050877,2.000666151849193e-89,-0.5759356460507344,9.549592378772055e-277,0.8474779648925577,2.7553198097724576e-124,-0.6563966510477932,0.9769898180712439,0.44978311644978314,0.7879086841335362,0.7388499063763804,1.0,0.9501848535672467,1.0,0.9588530351459915,,,,,,
three_branches_False_0.5_0.3_30,False,False,,,,,0.0,0.8795616549608539,2.0,2.503583483168329e-67,0.5100408773386405,3.601076888510232e-202,-0.7762380132663272,3.5911058619943295e-84,0.5615478106965005,1.2311e-319,-0.8768117112834609,0.8002478618987315,0.4471971971971972,0.9353348623360644,0.811578176479688,0.6666666666666667,0.9626200637003257,1.0,0.639049412007797,,,,,,
three_branches_False_0.5_0.3_50,False,False,,,,,0.0,0.8795616549608539,2.0,2.503583483168329e-67,0.5100408773386405,3.601076888510232e-202,-0.7762380132663272,3.5911058619943295e-84,0.5615478106965005,1.2311e-319,-0.8768117112834609,0.8002478618987315,0.4471971971971972,0.9353348623360644,0.811578176479688,0.6666666666666667,0.9626200637003257,1.0,0.639049412007797,,,,,,
three_branches_False_0.5_0.3_70,False,False,,,,,0.0,0.8795616549608539,2.0,2.503583483168329e-67,0.5100408773386405,3.601076888510232e-202,-0.7762380132663272,3.5911058619943295e-84,0.5615478106965005,1.2311e-319,-0.8768117112834609,0.8002478618987315,0.4471971971971972,0.9353348623360644,0.811578176479688,0.6666666666666667,0.9626200637003257,1.0,0.639049412007797,,,,,,
three_branches_False_0.5_0.3_10,False,False,,,,,0.0,0.8795616549608539,2.0,2.503583483168329e-67,0.5100408773386405,3.601076888510232e-202,-0.7762380132663272,3.5911058619943295e-84,0.5615478106965005,1.2311e-319,-0.8768117112834609,0.8002478618987315,0.4471971971971972,0.9353348623360644,0.811578176479688,0.6666666666666667,0.9626200637003257,1.0,0.639049412007797,,,,,,
three_branches_False_0.5_0.5_30,False,False,,,,,2.4593164962576033e-145,0.6953260345720397,3.0,1.6426252444143292e-09,0.1891880543204501,6.914346487361604e-151,-0.7046470834051458,2.569579031492674e-27,0.33297298566760514,6.358074050632817e-158,-0.7159585642039403,0.9170721931494236,0.22389055722389054,0.8316939910725034,0.602863706969685,1.0,0.9413201064281805,1.0,0.7514096458318896,,,,,,
three_branches_False_0.5_0.5_50,False,False,,,,,2.4593164962576033e-145,0.6953260345720397,3.0,1.6426252444143292e-09,0.1891880543204501,6.914346487361604e-151,-0.7046470834051458,2.569579031492674e-27,0.33297298566760514,6.358074050632817e-158,-0.7159585642039403,0.9170721931494236,0.22389055722389054,0.8316939910725034,0.602863706969685,1.0,0.9413201064281805,1.0,0.7514096458318896,,,,,,
three_branches_False_0.5_0.5_70,False,False,,,,,2.4593164962576033e-145,0.6953260345720397,3.0,1.6426252444143292e-09,0.1891880543204501,6.914346487361604e-151,-0.7046470834051458,2.569579031492674e-27,0.33297298566760514,6.358074050632817e-158,-0.7159585642039403,0.9170721931494236,0.22389055722389054,0.8316939910725034,0.602863706969685,1.0,0.9413201064281805,1.0,0.7514096458318896,,,,,,
three_branches_False_0.5_0.5_10,False,False,,,,,2.4593164962576033e-145,0.6953260345720397,3.0,1.6426252444143292e-09,0.1891880543204501,6.914346487361604e-151,-0.7046470834051458,2.569579031492674e-27,0.33297298566760514,6.358074050632817e-158,-0.7159585642039403,0.9170721931494236,0.22389055722389054,0.8316939910725034,0.602863706969685,1.0,0.9413201064281805,1.0,0.7514096458318896,,,,,,
three_branches_False_0.5_0.7_30,False,False,,,,,6.490927524483168e-198,0.7711473929039687,3.0,7.262325742177865e-182,0.7506898925729235,1.461179858463067e-194,-0.7670422053940108,1.2699436367903471e-223,0.7999897222285967,3.505455242657455e-197,-0.7702577477195817,0.9677162624873981,0.41358024691358025,0.7074151808123841,0.450277944529607,1.0,0.9448880731568252,1.0,0.9281363685302186,,,,,,
three_branches_False_0.5_0.7_50,False,False,,,,,6.490927524483168e-198,0.7711473929039687,3.0,7.262325742177865e-182,0.7506898925729235,1.461179858463067e-194,-0.7670422053940108,1.2699436367903471e-223,0.7999897222285967,3.505455242657455e-197,-0.7702577477195817,0.9677162624873981,0.41358024691358025,0.7074151808123841,0.450277944529607,1.0,0.9448880731568252,1.0,0.9281363685302186,,,,,,
three_branches_False_0.5_0.7_70,False,False,,,,,6.490927524483168e-198,0.7711473929039687,3.0,7.262325742177865e-182,0.7506898925729235,1.461179858463067e-194,-0.7670422053940108,1.2699436367903471e-223,0.7999897222285967,3.505455242657455e-197,-0.7702577477195817,0.9677162624873981,0.41358024691358025,0.7074151808123841,0.450277944529607,1.0,0.9448880731568252,1.0,0.9281363685302186,,,,,,
three_branches_False_0.5_0.7_10,False,False,,,,,6.490927524483168e-198,0.7711473929039687,3.0,7.262325742177865e-182,0.7506898925729235,1.461179858463067e-194,-0.7670422053940108,1.2699436367903471e-223,0.7999897222285967,3.505455242657455e-197,-0.7702577477195817,0.9677162624873981,0.41358024691358025,0.7074151808123841,0.450277944529607,1.0,0.9448880731568252,1.0,0.9281363685302186,,,,,,
three_branches_False_0.5_0.9_30,False,False,,,,,4.817789685547283e-226,0.8024841211499396,3.0,3.518076211385591e-265,0.8383183617052758,5.742074491611698e-215,-0.7907733934418381,7.710646434632098e-298,0.8627533741471487,1.5583814722578009e-234,-0.8109572622646642,0.955154351101071,0.3960627293960628,0.8036960691321428,0.6321174160010685,1.0,0.9106902488332485,1.0,0.9139523359955005,,,,,,
three_branches_False_0.5_0.9_50,False,False,,,,,4.817789685547283e-226,0.8024841211499396,3.0,3.518076211385591e-265,0.8383183617052758,5.742074491611698e-215,-0.7907733934418381,7.710646434632098e-298,0.8627533741471487,1.5583814722578009e-234,-0.8109572622646642,0.955154351101071,0.3960627293960628,0.8036960691321428,0.6321174160010685,1.0,0.9106902488332485,1.0,0.9139523359955005,,,,,,
three_branches_False_0.5_0.9_70,False,False,,,,,4.817789685547283e-226,0.8024841211499396,3.0,3.518076211385591e-265,0.8383183617052758,5.742074491611698e-215,-0.7907733934418381,7.710646434632098e-298,0.8627533741471487,1.5583814722578009e-234,-0.8109572622646642,0.955154351101071,0.3960627293960628,0.8036960691321428,0.6321174160010685,1.0,0.9106902488332485,1.0,0.9139523359955005,,,,,,
three_branches_False_0.5_0.9_10,False,False,,,,,4.817789685547283e-226,0.8024841211499396,3.0,3.518076211385591e-265,0.8383183617052758,5.742074491611698e-215,-0.7907733934418381,7.710646434632098e-298,0.8627533741471487,1.5583814722578009e-234,-0.8109572622646642,0.955154351101071,0.3960627293960628,0.8036960691321428,0.6321174160010685,1.0,0.9106902488332485,1.0,0.9139523359955005,,,,,,
three_branches_False_0.7_0.1_30,True,False,,,,,,,,,,,,,,,,,,,,,,,,,,,,,
three_branches_False_0.7_0.1_50,True,False,,,,,,,,,,,,,,,,,,,,,,,,,,,,,
three_branches_False_0.7_0.1_70,True,False,,,,,,,,,,,,,,,,,,,,,,,,,,,,,
three_branches_False_0.7_0.1_10,True,False,,,,,,,,,,,,,,,,,,,,,,,,,,,,,
three_branches_False_0.7_0.3_30,False,False,,,,,3.064508940537003e-119,0.6461167295160923,3.0,1.6512340762379062e-159,0.7184332008793942,5.4852585050681615e-102,-0.6076772364944832,1.5224327034846395e-258,0.8327900869762895,8.995092263026694e-157,-0.714145852432696,0.9738140818993696,0.45495495495495497,0.9141111732549223,0.8297583763399216,1.0,0.9335445026358888,1.0,0.9633168918126419,,,,,,
three_branches_False_0.7_0.3_50,False,False,,,,,3.064508940537003e-119,0.6461167295160923,3.0,1.6512340762379062e-159,0.7184332008793942,5.4852585050681615e-102,-0.6076772364944832,1.5224327034846395e-258,0.8327900869762895,8.995092263026694e-157,-0.714145852432696,0.9738140818993696,0.45495495495495497,0.9141111732549223,0.8297583763399216,1.0,0.9335445026358888,1.0,0.9633168918126419,,,,,,
three_branches_False_0.7_0.3_70,False,False,,,,,3.064508940537003e-119,0.6461167295160923,3.0,1.6512340762379062e-159,0.7184332008793942,5.4852585050681615e-102,-0.6076772364944832,1.5224327034846395e-258,0.8327900869762895,8.995092263026694e-157,-0.714145852432696,0.9738140818993696,0.45495495495495497,0.9141111732549223,0.8297583763399216,1.0,0.9335445026358888,1.0,0.9633168918126419,,,,,,
three_branches_False_0.7_0.3_10,False,False,,,,,3.064508940537003e-119,0.6461167295160923,3.0,1.6512340762379062e-159,0.7184332008793942,5.4852585050681615e-102,-0.6076772364944832,1.5224327034846395e-258,0.8327900869762895,8.995092263026694e-157,-0.714145852432696,0.9738140818993696,0.45495495495495497,0.9141111732549223,0.8297583763399216,1.0,0.9335445026358888,1.0,0.9633168918126419,,,,,,
three_branches_False_0.7_0.5_30,False,False,,,,,1.6222332483531013e-106,0.6183001619643204,3.0,1.6270236448466323e-109,0.6251162052992241,1.485330271636842e-85,-0.5654054808388932,4.486348472023421e-121,0.6499003101491951,2.215839898543116e-118,-0.6443259869612986,0.9503886916905985,0.3251584918251585,0.8027513455663683,0.6674940218436552,1.0,0.953514141544536,1.0,0.8556140396191892,,,,,,
three_branches_False_0.7_0.5_50,False,False,,,,,1.6222332483531013e-106,0.6183001619643204,3.0,1.6270236448466323e-109,0.6251162052992241,1.485330271636842e-85,-0.5654054808388932,4.486348472023421e-121,0.6499003101491951,2.215839898543116e-118,-0.6443259869612986,0.9503886916905985,0.3251584918251585,0.8027513455663683,0.6674940218436552,1.0,0.953514141544536,1.0,0.8556140396191892,,,,,,
three_branches_False_0.7_0.5_70,False,False,,,,,1.6222332483531013e-106,0.6183001619643204,3.0,1.6270236448466323e-109,0.6251162052992241,1.485330271636842e-85,-0.5654054808388932,4.486348472023421e-121,0.6499003101491951,2.215839898543116e-118,-0.6443259869612986,0.9503886916905985,0.3251584918251585,0.8027513455663683,0.6674940218436552,1.0,0.953514141544536,1.0,0.8556140396191892,,,,,,
three_branches_False_0.7_0.5_10,False,False,,,,,1.6222332483531013e-106,0.6183001619643204,3.0,1.6270236448466323e-109,0.6251162052992241,1.485330271636842e-85,-0.5654054808388932,4.486348472023421e-121,0.6499003101491951,2.215839898543116e-118,-0.6443259869612986,0.9503886916905985,0.3251584918251585,0.8027513455663683,0.6674940218436552,1.0,0.953514141544536,1.0,0.8556140396191892,,,,,,
three_branches_False_0.7_0.7_30,False,False,,,,,4.9874949228316575e-108,0.6217585000610346,3.0,5.1431820536611995e-188,0.7587740569630815,2.2497609489854928e-95,-0.5914081655714516,2.9746116103563757e-245,0.8210756163615932,1.2345708408435047e-119,-0.6469356628537836,0.9812062863285134,0.4544544544544544,0.8685959663866204,0.7549736068589852,1.0,0.9622212179416832,1.0,0.963310642906261,,,,,,
three_branches_False_0.7_0.7_50,False,False,,,,,4.9874949228316575e-108,0.6217585000610346,3.0,5.1431820536611995e-188,0.7587740569630815,2.2497609489854928e-95,-0.5914081655714516,2.9746116103563757e-245,0.8210756163615932,1.2345708408435047e-119,-0.6469356628537836,0.9812062863285134,0.4544544544544544,0.8685959663866204,0.7549736068589852,1.0,0.9622212179416832,1.0,0.963310642906261,,,,,,
three_branches_False_0.7_0.7_70,False,False,,,,,4.9874949228316575e-108,0.6217585000610346,3.0,5.1431820536611995e-188,0.7587740569630815,2.2497609489854928e-95,-0.5914081655714516,2.9746116103563757e-245,0.8210756163615932,1.2345708408435047e-119,-0.6469356628537836,0.9812062863285134,0.4544544544544544,0.8685959663866204,0.7549736068589852,1.0,0.9622212179416832,1.0,0.963310642906261,,,,,,
three_branches_False_0.7_0.7_10,False,False,,,,,4.9874949228316575e-108,0.6217585000610346,3.0,5.1431820536611995e-188,0.7587740569630815,2.2497609489854928e-95,-0.5914081655714516,2.9746116103563757e-245,0.8210756163615932,1.2345708408435047e-119,-0.6469356628537836,0.9812062863285134,0.4544544544544544,0.8685959663866204,0.7549736068589852,1.0,0.9622212179416832,1.0,0.963310642906261,,,,,,
three_branches_False_0.7_0.9_30,False,False,,,,,1.4354130913475424e-63,0.4972289538422266,3.0,8.339752174571883e-69,0.5149315207171856,2.576932701705263e-54,-0.46314854943577854,1.5395004609603774e-64,0.5005866822305608,1.0737945648817784e-88,-0.5739792957375636,0.9306609694374263,0.29129129129129133,0.7343633317681103,0.6948043502982928,1.0,0.9070219197139227,1.0,0.8270813345219875,,,,,,
three_branches_False_0.7_0.9_50,False,False,,,,,1.4354130913475424e-63,0.4972289538422266,3.0,8.339752174571883e-69,0.5149315207171856,2.576932701705263e-54,-0.46314854943577854,1.5395004609603774e-64,0.5005866822305608,1.0737945648817784e-88,-0.5739792957375636,0.9306609694374263,0.29129129129129133,0.7343633317681103,0.6948043502982928,1.0,0.9070219197139227,1.0,0.8270813345219875,,,,,,
three_branches_False_0.7_0.9_70,False,False,,,,,1.4354130913475424e-63,0.4972289538422266,3.0,8.339752174571883e-69,0.5149315207171856,2.576932701705263e-54,-0.46314854943577854,1.5395004609603774e-64,0.5005866822305608,1.0737945648817784e-88,-0.5739792957375636,0.9306609694374263,0.29129129129129133,0.7343633317681103,0.6948043502982928,1.0,0.9070219197139227,1.0,0.8270813345219875,,,,,,
three_branches_False_0.7_0.9_10,False,False,,,,,1.4354130913475424e-63,0.4972289538422266,3.0,8.339752174571883e-69,0.5149315207171856,2.576932701705263e-54,-0.46314854943577854,1.5395004609603774e-64,0.5005866822305608,1.0737945648817784e-88,-0.5739792957375636,0.9306609694374263,0.29129129129129133,0.7343633317681103,0.6948043502982928,1.0,0.9070219197139227,1.0,0.8270813345219875,,,,,,
three_branches_False_0.9_0.1_30,True,False,,,,,,,,,,,,,,,,,,,,,,,,,,,,,
three_branches_False_0.9_0.1_50,True,False,,,,,,,,,,,,,,,,,,,,,,,,,,,,,
three_branches_False_0.9_0.1_70,True,False,,,,,,,,,,,,,,,,,,,,,,,,,,,,,
three_branches_False_0.9_0.1_10,True,False,,,,,,,,,,,,,,,,,,,,,,,,,,,,,
three_branches_False_0.9_0.3_30,False,False,,,,,2.0957488734642745e-102,0.608674413546917,3.0,3.9916793067463703e-166,0.7284799037217773,6.240172375488845e-82,-0.5551920054410979,4.0712055230571e-289,0.8566487990769935,3.470920982650131e-113,-0.6332359913301481,0.9707790696238973,0.41608274941608275,0.7694785891744799,0.7672000558296624,1.0,0.9531191040109875,1.0,0.9318251809385658,,,,,,
three_branches_False_0.9_0.3_50,False,False,,,,,2.0957488734642745e-102,0.608674413546917,3.0,3.9916793067463703e-166,0.7284799037217773,6.240172375488845e-82,-0.5551920054410979,4.0712055230571e-289,0.8566487990769935,3.470920982650131e-113,-0.6332359913301481,0.9707790696238973,0.41608274941608275,0.7694785891744799,0.7672000558296624,1.0,0.9531191040109875,1.0,0.9318251809385658,,,,,,
three_branches_False_0.9_0.3_70,False,False,,,,,2.0957488734642745e-102,0.608674413546917,3.0,3.9916793067463703e-166,0.7284799037217773,6.240172375488845e-82,-0.5551920054410979,4.0712055230571e-289,0.8566487990769935,3.470920982650131e-113,-0.6332359913301481,0.9707790696238973,0.41608274941608275,0.7694785891744799,0.7672000558296624,1.0,0.9531191040109875,1.0,0.9318251809385658,,,,,,
three_branches_False_0.9_0.3_10,False,False,,,,,2.0957488734642745e-102,0.608674413546917,3.0,3.9916793067463703e-166,0.7284799037217773,6.240172375488845e-82,-0.5551920054410979,4.0712055230571e-289,0.8566487990769935,3.470920982650131e-113,-0.6332359913301481,0.9707790696238973,0.41608274941608275,0.7694785891744799,0.7672000558296624,1.0,0.9531191040109875,1.0,0.9318251809385658,,,,,,
three_branches_False_0.9_0.5_30,False,False,,,,,1.274334896828185e-102,0.6091886215009479,3.0,3.8005138780213787e-190,0.7615032868488814,1.1675015063877491e-114,-0.63642757330945,5.09312733381068e-261,0.8348764304680663,1.5433578164729064e-172,-0.7378044213598893,0.968945810598491,0.3973973973973974,0.8355773184148171,0.7228511147345262,1.0,0.9627917807274807,1.0,0.9155152506541354,,,,,,
three_branches_False_0.9_0.5_50,False,False,,,,,1.274334896828185e-102,0.6091886215009479,3.0,3.8005138780213787e-190,0.7615032868488814,1.1675015063877491e-114,-0.63642757330945,5.09312733381068e-261,0.8348764304680663,1.5433578164729064e-172,-0.7378044213598893,0.968945810598491,0.3973973973973974,0.8355773184148171,0.7228511147345262,1.0,0.9627917807274807,1.0,0.9155152506541354,,,,,,
three_branches_False_0.9_0.5_70,False,False,,,,,1.274334896828185e-102,0.6091886215009479,3.0,3.8005138780213787e-190,0.7615032868488814,1.1675015063877491e-114,-0.63642757330945,5.09312733381068e-261,0.8348764304680663,1.5433578164729064e-172,-0.7378044213598893,0.968945810598491,0.3973973973973974,0.8355773184148171,0.7228511147345262,1.0,0.9627917807274807,1.0,0.9155152506541354,,,,,,
three_branches_False_0.9_0.5_10,False,False,,,,,1.274334896828185e-102,0.6091886215009479,3.0,3.8005138780213787e-190,0.7615032868488814,1.1675015063877491e-114,-0.63642757330945,5.09312733381068e-261,0.8348764304680663,1.5433578164729064e-172,-0.7378044213598893,0.968945810598491,0.3973973973973974,0.8355773184148171,0.7228511147345262,1.0,0.9627917807274807,1.0,0.9155152506541354,,,,,,
three_branches_False_0.9_0.7_30,False,False,,,,,1.1346478834316264e-88,0.5739148921966887,3.0,5.175856832819594e-158,0.7160987177609005,6.424939577086745e-92,-0.5825218302812334,5.4035993640980204e-241,0.8171297927842478,1.4550849462473068e-104,-0.6137695079131366,0.9820606609800034,0.45562228895562223,0.8695805248001036,0.7819743658930961,1.0,0.9643261121583641,1.0,0.9645601857332083,,,,,,
three_branches_False_0.9_0.7_50,False,False,,,,,1.1346478834316264e-88,0.5739148921966887,3.0,5.175856832819594e-158,0.7160987177609005,6.424939577086745e-92,-0.5825218302812334,5.4035993640980204e-241,0.8171297927842478,1.4550849462473068e-104,-0.6137695079131366,0.9820606609800034,0.45562228895562223,0.8695805248001036,0.7819743658930961,1.0,0.9643261121583641,1.0,0.9645601857332083,,,,,,
three_branches_False_0.9_0.7_70,False,False,,,,,1.1346478834316264e-88,0.5739148921966887,3.0,5.175856832819594e-158,0.7160987177609005,6.424939577086745e-92,-0.5825218302812334,5.4035993640980204e-241,0.8171297927842478,1.4550849462473068e-104,-0.6137695079131366,0.9820606609800034,0.45562228895562223,0.8695805248001036,0.7819743658930961,1.0,0.9643261121583641,1.0,0.9645601857332083,,,,,,
three_branches_False_0.9_0.7_10,False,False,,,,,1.1346478834316264e-88,0.5739148921966887,3.0,5.175856832819594e-158,0.7160987177609005,6.424939577086745e-92,-0.5825218302812334,5.4035993640980204e-241,0.8171297927842478,1.4550849462473068e-104,-0.6137695079131366,0.9820606609800034,0.45562228895562223,0.8695805248001036,0.7819743658930961,1.0,0.9643261121583641,1.0,0.9645601857332083,,,,,,
three_branches_False_0.9_0.9_30,True,False,,,,,,,,,,,,,,,,,,,,,,,,,,,,,
three_branches_False_0.9_0.9_50,True,False,,,,,,,,,,,,,,,,,,,,,,,,,,,,,
three_branches_False_0.9_0.9_70,True,False,,,,,,,,,,,,,,,,,,,,,,,,,,,,,
three_branches_False_0.9_0.9_10,True,False,,,,,,,,,,,,,,,,,,,,,,,,,,,,,
five_branches_True_0.1_0.1_30,False,True,,,,,2.3385295088046e-128,0.6644059970552657,5.0,1.2790501145792069e-157,0.7154817280707798,3.480857855070273e-108,-0.6221132507662774,2.1791419304015228e-212,0.7879336307912834,4.147002112194563e-154,-0.7098945405091893,0.9795895646853413,0.3381381381381382,0.6393982990627152,0.5884270507538156,1.0,0.9623595936546797,1.0,0.9568397746322906,,,,0.10494933747906166,0.25545210634623267,0.4162527953535461
five_branches_True_0.1_0.1_50,False,True,,,,,2.3385295088046e-128,0.6644059970552657,5.0,1.2790501145792069e-157,0.7154817280707798,3.480857855070273e-108,-0.6221132507662774,2.1791419304015228e-212,0.7879336307912834,4.147002112194563e-154,-0.7098945405091893,0.9795895646853413,0.3381381381381382,0.6393982990627152,0.5884270507538156,1.0,0.9623595936546797,1.0,0.9568397746322906,,,,0.10494933747906166,0.25545210634623267,0.4162527953535461
five_branches_True_0.1_0.1_70,False,True,,,,,2.3385295088046e-128,0.6644059970552657,5.0,1.2790501145792069e-157,0.7154817280707798,3.480857855070273e-108,-0.6221132507662774,2.1791419304015228e-212,0.7879336307912834,4.147002112194563e-154,-0.7098945405091893,0.9795895646853413,0.3381381381381382,0.6393982990627152,0.5884270507538156,1.0,0.9623595936546797,1.0,0.9568397746322906,,,,0.10494933747906166,0.25545210634623267,0.4162527953535461
five_branches_True_0.1_0.1_10,False,True,,,,,2.3385295088046e-128,0.6644059970552657,5.0,1.2790501145792069e-157,0.7154817280707798,3.480857855070273e-108,-0.6221132507662774,2.1791419304015228e-212,0.7879336307912834,4.147002112194563e-154,-0.7098945405091893,0.9795895646853413,0.3381381381381382,0.6393982990627152,0.5884270507538156,1.0,0.9623595936546797,1.0,0.9568397746322906,,,,0.10494933747906166,0.25545210634623267,0.4162527953535461
five_branches_True_0.1_0.3_30,False,True,,,,,2.7168728376988367e-49,0.44289856410890727,5.0,3.668774756643003e-43,0.4161696442626276,7.181345049852502e-31,-0.353874374622807,2.596545404337838e-51,0.4512055297078575,4.316625219587508e-52,-0.4543501671536944,0.9799430260641301,0.33913913913913907,0.8008693059813008,0.708144826126606,1.0,0.9632586662910123,1.0,0.9573271617729766,,,,0.11094981778849103,0.3786875231223574,0.3003686825781542
five_branches_True_0.1_0.3_50,False,True,,,,,2.7168728376988367e-49,0.44289856410890727,5.0,3.668774756643003e-43,0.4161696442626276,7.181345049852502e-31,-0.353874374622807,2.596545404337838e-51,0.4512055297078575,4.316625219587508e-52,-0.4543501671536944,0.9799430260641301,0.33913913913913907,0.8008693059813008,0.708144826126606,1.0,0.9632586662910123,1.0,0.9573271617729766,,,,0.11094981778849103,0.3786875231223574,0.3003686825781542
five_branches_True_0.1_0.3_70,False,True,,,,,2.7168728376988367e-49,0.44289856410890727,5.0,3.668774756643003e-43,0.4161696442626276,7.181345049852502e-31,-0.353874374622807,2.596545404337838e-51,0.4512055297078575,4.316625219587508e-52,-0.4543501671536944,0.9799430260641301,0.33913913913913907,0.8008693059813008,0.708144826126606,1.0,0.9632586662910123,1.0,0.9573271617729766,,,,0.11094981778849103,0.3786875231223574,0.3003686825781542
five_branches_True_0.1_0.3_10,False,True,,,,,2.7168728376988367e-49,0.44289856410890727,5.0,3.668774756643003e-43,0.4161696442626276,7.181345049852502e-31,-0.353874374622807,2.596545404337838e-51,0.4512055297078575,4.316625219587508e-52,-0.4543501671536944,0.9799430260641301,0.33913913913913907,0.8008693059813008,0.708144826126606,1.0,0.9632586662910123,1.0,0.9573271617729766,,,,0.11094981778849103,0.3786875231223574,0.3003686825781542
five_branches_True_0.1_0.5_30,False,True,,,,,7.852648168045703e-59,0.48026105139862546,5.0,1.0949546236540522e-67,0.511237158821675,7.983073632758837e-42,-0.41000316630536693,2.5645116984855085e-87,0.5702485244255192,5.044361020170902e-63,-0.4953221594391287,0.9800769079769295,0.3381381381381382,0.824086638524215,0.7129314938366783,1.0,0.9629658709918804,1.0,0.9581416772596173,,,,0.12347556573970515,0.4292673234355097,0.4413212165835017
five_branches_True_0.1_0.5_50,False,True,,,,,7.852648168045703e-59,0.48026105139862546,5.0,1.0949546236540522e-67,0.511237158821675,7.983073632758837e-42,-0.41000316630536693,2.5645116984855085e-87,0.5702485244255192,5.044361020170902e-63,-0.4953221594391287,0.9800769079769295,0.3381381381381382,0.824086638524215,0.7129314938366783,1.0,0.9629658709918804,1.0,0.9581416772596173,,,,0.12347556573970515,0.4292673234355097,0.4413212165835017
five_branches_True_0.1_0.5_70,False,True,,,,,7.852648168045703e-59,0.48026105139862546,5.0,1.0949546236540522e-67,0.511237158821675,7.983073632758837e-42,-0.41000316630536693,2.5645116984855085e-87,0.5702485244255192,5.044361020170902e-63,-0.4953221594391287,0.9800769079769295,0.3381381381381382,0.824086638524215,0.7129314938366783,1.0,0.9629658709918804,1.0,0.9581416772596173,,,,0.12347556573970515,0.4292673234355097,0.4413212165835017
five_branches_True_0.1_0.5_10,False,True,,,,,7.852648168045703e-59,0.48026105139862546,5.0,1.0949546236540522e-67,0.511237158821675,7.983073632758837e-42,-0.41000316630536693,2.5645116984855085e-87,0.5702485244255192,5.044361020170902e-63,-0.4953221594391287,0.9800769079769295,0.3381381381381382,0.824086638524215,0.7129314938366783,1.0,0.9629658709918804,1.0,0.9581416772596173,,,,0.12347556573970515,0.4292673234355097,0.4413212165835017
five_branches_True_0.1_0.7_30,False,True,,,,,3.2930889426266237e-230,0.8066935600094834,5.0,4.133646106023644e-251,0.8263470851766334,1.706549038830141e-213,-0.7891569261161833,1.6060302665031976e-287,0.85550014990519,9.203782451437903e-246,-0.821541170731916,0.9798016948492461,0.33753753753753757,0.6775666942097315,0.4704605334118344,1.0,0.9628672823315544,1.0,0.9571639109576466,,,,0.2002141820802949,0.2382165581568746,0.34573648167997123
five_branches_True_0.1_0.7_50,False,True,,,,,3.2930889426266237e-230,0.8066935600094834,5.0,4.133646106023644e-251,0.8263470851766334,1.706549038830141e-213,-0.7891569261161833,1.6060302665031976e-287,0.85550014990519,9.203782451437903e-246,-0.821541170731916,0.9798016948492461,0.33753753753753757,0.6775666942097315,0.4704605334118344,1.0,0.9628672823315544,1.0,0.9571639109576466,,,,0.2002141820802949,0.2382165581568746,0.34573648167997123
five_branches_True_0.1_0.7_70,False,True,,,,,3.2930889426266237e-230,0.8066935600094834,5.0,4.133646106023644e-251,0.8263470851766334,1.706549038830141e-213,-0.7891569261161833,1.6060302665031976e-287,0.85550014990519,9.203782451437903e-246,-0.821541170731916,0.9798016948492461,0.33753753753753757,0.6775666942097315,0.4704605334118344,1.0,0.9628672823315544,1.0,0.9571639109576466,,,,0.2002141820802949,0.2382165581568746,0.34573648167997123
five_branches_True_0.1_0.7_10,False,True,,,,,3.2930889426266237e-230,0.8066935600094834,5.0,4.133646106023644e-251,0.8263470851766334,1.706549038830141e-213,-0.7891569261161833,1.6060302665031976e-287,0.85550014990519,9.203782451437903e-246,-0.821541170731916,0.9798016948492461,0.33753753753753757,0.6775666942097315,0.4704605334118344,1.0,0.9628672823315544,1.0,0.9571639109576466,,,,0.2002141820802949,0.2382165581568746,0.34573648167997123
five_branches_True_0.1_0.9_30,False,True,,,,,3.1831152757853934e-271,0.8431775864060345,5.0,3.006594023046828e-137,0.6810732711479709,6.82795511556866e-248,-0.8234726831136949,3.9364837060222845e-183,0.7523799702213188,7.638076511012288e-298,-0.8627561808964446,0.9800482812350227,0.33793793793793797,0.5561465929481809,0.42558632140548935,1.0,0.9630713645807566,1.0,0.9579247966564355,,,,0.2831565880294462,0.3020097764053337,0.23725215951331408
five_branches_True_0.1_0.9_50,False,True,,,,,3.1831152757853934e-271,0.8431775864060345,5.0,3.006594023046828e-137,0.6810732711479709,6.82795511556866e-248,-0.8234726831136949,3.9364837060222845e-183,0.7523799702213188,7.638076511012288e-298,-0.8627561808964446,0.9800482812350227,0.33793793793793797,0.5561465929481809,0.42558632140548935,1.0,0.9630713645807566,1.0,0.9579247966564355,,,,0.2831565880294462,0.3020097764053337,0.23725215951331408
five_branches_True_0.1_0.9_70,False,True,,,,,3.1831152757853934e-271,0.8431775864060345,5.0,3.006594023046828e-137,0.6810732711479709,6.82795511556866e-248,-0.8234726831136949,3.9364837060222845e-183,0.7523799702213188,7.638076511012288e-298,-0.8627561808964446,0.9800482812350227,0.33793793793793797,0.5561465929481809,0.42558632140548935,1.0,0.9630713645807566,1.0,0.9579247966564355,,,,0.2831565880294462,0.3020097764053337,0.23725215951331408
five_branches_True_0.1_0.9_10,False,True,,,,,3.1831152757853934e-271,0.8431775864060345,5.0,3.006594023046828e-137,0.6810732711479709,6.82795511556866e-248,-0.8234726831136949,3.9364837060222845e-183,0.7523799702213188,7.638076511012288e-298,-0.8627561808964446,0.9800482812350227,0.33793793793793797,0.5561465929481809,0.42558632140548935,1.0,0.9630713645807566,1.0,0.9579247966564355,,,,0.2831565880294462,0.3020097764053337,0.23725215951331408
five_branches_True_0.3_0.1_30,False,True,,,,,3.5571300406157953e-84,0.5615593989537037,5.0,1.1655959888197481e-108,0.6231895784636066,7.706117835614572e-110,-0.6258438971796152,5.127540765615352e-174,0.7398992683430398,4.065741893476207e-121,-0.6499878473463742,0.9798843302399132,0.34034034034034033,0.7841699287813261,0.6879698633611252,1.0,0.9629590983260654,1.0,0.9573955621616758,,,,0.07629848464048536,0.33107613592117924,0.1954754850034719
five_branches_True_0.3_0.1_50,False,True,,,,,3.5571300406157953e-84,0.5615593989537037,5.0,1.1655959888197481e-108,0.6231895784636066,7.706117835614572e-110,-0.6258438971796152,5.127540765615352e-174,0.7398992683430398,4.065741893476207e-121,-0.6499878473463742,0.9798843302399132,0.34034034034034033,0.7841699287813261,0.6879698633611252,1.0,0.9629590983260654,1.0,0.9573955621616758,,,,0.07629848464048536,0.33107613592117924,0.1954754850034719
five_branches_True_0.3_0.1_70,False,True,,,,,3.5571300406157953e-84,0.5615593989537037,5.0,1.1655959888197481e-108,0.6231895784636066,7.706117835614572e-110,-0.6258438971796152,5.127540765615352e-174,0.7398992683430398,4.065741893476207e-121,-0.6499878473463742,0.9798843302399132,0.34034034034034033,0.7841699287813261,0.6879698633611252,1.0,0.9629590983260654,1.0,0.9573955621616758,,,,0.07629848464048536,0.33107613592117924,0.1954754850034719
five_branches_True_0.3_0.1_10,False,True,,,,,3.5571300406157953e-84,0.5615593989537037,5.0,1.1655959888197481e-108,0.6231895784636066,7.706117835614572e-110,-0.6258438971796152,5.127540765615352e-174,0.7398992683430398,4.065741893476207e-121,-0.6499878473463742,0.9798843302399132,0.34034034034034033,0.7841699287813261,0.6879698633611252,1.0,0.9629590983260654,1.0,0.9573955621616758,,,,0.07629848464048536,0.33107613592117924,0.1954754850034719
five_branches_True_0.3_0.3_30,False,True,,,,,5.5189287734023165e-55,0.4657465863758714,5.0,1.4071930560826768e-73,0.5302072166288007,1.8234597437999487e-79,-0.5480334133460073,3.4603646080210754e-124,0.6561988867049943,1.7127082274211825e-46,-0.4309888041117627,0.9800236795324667,0.33853853853853855,0.8096667160666371,0.6904254783331651,1.0,0.9632263940294647,1.0,0.9576744542041842,,,,0.05172559158642046,0.3350008842667796,0.31980685595832564
five_branches_True_0.3_0.3_50,False,True,,,,,5.5189287734023165e-55,0.4657465863758714,5.0,1.4071930560826768e-73,0.5302072166288007,1.8234597437999487e-79,-0.5480334133460073,3.4603646080210754e-124,0.6561988867049943,1.7127082274211825e-46,-0.4309888041117627,0.9800236795324667,0.33853853853853855,0.8096667160666371,0.6904254783331651,1.0,0.9632263940294647,1.0,0.9576744542041842,,,,0.05172559158642046,0.3350008842667796,0.31980685595832564
five_branches_True_0.3_0.3_70,False,True,,,,,5.5189287734023165e-55,0.4657465863758714,5.0,1.4071930560826768e-73,0.5302072166288007,1.8234597437999487e-79,-0.5480334133460073,3.4603646080210754e-124,0.6561988867049943,1.7127082274211825e-46,-0.4309888041117627,0.9800236795324667,0.33853853853853855,0.8096667160666371,0.6904254783331651,1.0,0.9632263940294647,1.0,0.9576744542041842,,,,0.05172559158642046,0.3350008842667796,0.31980685595832564
five_branches_True_0.3_0.3_10,False,True,,,,,5.5189287734023165e-55,0.4657465863758714,5.0,1.4071930560826768e-73,0.5302072166288007,1.8234597437999487e-79,-0.5480334133460073,3.4603646080210754e-124,0.6561988867049943,1.7127082274211825e-46,-0.4309888041117627,0.9800236795324667,0.33853853853853855,0.8096667160666371,0.6904254783331651,1.0,0.9632263940294647,1.0,0.9576744542041842,,,,0.05172559158642046,0.3350008842667796,0.31980685595832564
five_branches_True_0.3_0.5_30,False,True,,,,,2.1865378877551766e-70,0.5200796350513244,5.0,1.22928900371955e-89,0.5765002455186667,4.0070489619221453e-56,-0.47011749165252215,1.8514072613254706e-160,0.7199037412390484,4.455108707586729e-73,-0.5286414098373143,0.9795599771048545,0.33783783783783783,0.7317538825070914,0.6418062693023251,1.0,0.9623753692709178,1.0,0.9567084951118547,,,,0.10436185505227855,0.2861925775558276,0.4007082900363933
five_branches_True_0.3_0.5_50,False,True,,,,,2.1865378877551766e-70,0.5200796350513244,5.0,1.22928900371955e-89,0.5765002455186667,4.0070489619221453e-56,-0.47011749165252215,1.8514072613254706e-160,0.7199037412390484,4.455108707586729e-73,-0.5286414098373143,0.9795599771048545,0.33783783783783783,0.7317538825070914,0.6418062693023251,1.0,0.9623753692709178,1.0,0.9567084951118547,,,,0.10436185505227855,0.2861925775558276,0.4007082900363933
five_branches_True_0.3_0.5_70,False,True,,,,,2.1865378877551766e-70,0.5200796350513244,5.0,1.22928900371955e-89,0.5765002455186667,4.0070489619221453e-56,-0.47011749165252215,1.8514072613254706e-160,0.7199037412390484,4.455108707586729e-73,-0.5286414098373143,0.9795599771048545,0.33783783783783783,0.7317538825070914,0.6418062693023251,1.0,0.9623753692709178,1.0,0.9567084951118547,,,,0.10436185505227855,0.2861925775558276,0.4007082900363933
five_branches_True_0.3_0.5_10,False,True,,,,,2.1865378877551766e-70,0.5200796350513244,5.0,1.22928900371955e-89,0.5765002455186667,4.0070489619221453e-56,-0.47011749165252215,1.8514072613254706e-160,0.7199037412390484,4.455108707586729e-73,-0.5286414098373143,0.9795599771048545,0.33783783783783783,0.7317538825070914,0.6418062693023251,1.0,0.9623753692709178,1.0,0.9567084951118547,,,,0.10436185505227855,0.2861925775558276,0.4007082900363933
five_branches_True_0.3_0.7_30,False,True,,,,,2.516468043975719e-134,0.675714217106577,5.0,6.859211577860263e-174,0.7397210199305261,4.704983717664732e-126,-0.6599044517992321,9.649628445445638e-219,0.7948510234739913,6.57490384385704e-138,-0.6822680692631047,0.97992602542671,0.33943943943943944,0.7322984914999172,0.6219238374885993,1.0,0.9628356786783827,1.0,0.9576812688235516,,,,0.09385932313100927,0.21215652102346702,0.2448910157754505
five_branches_True_0.3_0.7_50,False,True,,,,,2.516468043975719e-134,0.675714217106577,5.0,6.859211577860263e-174,0.7397210199305261,4.704983717664732e-126,-0.6599044517992321,9.649628445445638e-219,0.7948510234739913,6.57490384385704e-138,-0.6822680692631047,0.97992602542671,0.33943943943943944,0.7322984914999172,0.6219238374885993,1.0,0.9628356786783827,1.0,0.9576812688235516,,,,0.09385932313100927,0.21215652102346702,0.2448910157754505
five_branches_True_0.3_0.7_70,False,True,,,,,2.516468043975719e-134,0.675714217106577,5.0,6.859211577860263e-174,0.7397210199305261,4.704983717664732e-126,-0.6599044517992321,9.649628445445638e-219,0.7948510234739913,6.57490384385704e-138,-0.6822680692631047,0.97992602542671,0.33943943943943944,0.7322984914999172,0.6219238374885993,1.0,0.9628356786783827,1.0,0.9576812688235516,,,,0.09385932313100927,0.21215652102346702,0.2448910157754505
five_branches_True_0.3_0.7_10,False,True,,,,,2.516468043975719e-134,0.675714217106577,5.0,6.859211577860263e-174,0.7397210199305261,4.704983717664732e-126,-0.6599044517992321,9.649628445445638e-219,0.7948510234739913,6.57490384385704e-138,-0.6822680692631047,0.97992602542671,0.33943943943943944,0.7322984914999172,0.6219238374885993,1.0,0.9628356786783827,1.0,0.9576812688235516,,,,0.09385932313100927,0.21215652102346702,0.2448910157754505
five_branches_True_0.3_0.9_30,False,True,,,,,1.8198920880950374e-148,0.7006275228094317,5.0,4.923029075105581e-94,0.5879947411045467,5.417968558658886e-190,-0.7613073214976714,3.1262896792289654e-210,0.785524967361207,1.1527966251997934e-196,-0.7696273397528621,0.9799026183955952,0.3379379379379379,0.7574140804912209,0.612580442059105,1.0,0.9625438816878711,1.0,0.9578800645196649,,,,0.14123255089968242,0.44270887898891376,0.31202051738891556
five_branches_True_0.3_0.9_50,False,True,,,,,1.8198920880950374e-148,0.7006275228094317,5.0,4.923029075105581e-94,0.5879947411045467,5.417968558658886e-190,-0.7613073214976714,3.1262896792289654e-210,0.785524967361207,1.1527966251997934e-196,-0.7696273397528621,0.9799026183955952,0.3379379379379379,0.7574140804912209,0.612580442059105,1.0,0.9625438816878711,1.0,0.9578800645196649,,,,0.14123255089968242,0.44270887898891376,0.31202051738891556
five_branches_True_0.3_0.9_70,False,True,,,,,1.8198920880950374e-148,0.7006275228094317,5.0,4.923029075105581e-94,0.5879947411045467,5.417968558658886e-190,-0.7613073214976714,3.1262896792289654e-210,0.785524967361207,1.1527966251997934e-196,-0.7696273397528621,0.9799026183955952,0.3379379379379379,0.7574140804912209,0.612580442059105,1.0,0.9625438816878711,1.0,0.9578800645196649,,,,0.14123255089968242,0.44270887898891376,0.31202051738891556
five_branches_True_0.3_0.9_10,False,True,,,,,1.8198920880950374e-148,0.7006275228094317,5.0,4.923029075105581e-94,0.5879947411045467,5.417968558658886e-190,-0.7613073214976714,3.1262896792289654e-210,0.785524967361207,1.1527966251997934e-196,-0.7696273397528621,0.9799026183955952,0.3379379379379379,0.7574140804912209,0.612580442059105,1.0,0.9625438816878711,1.0,0.9578800645196649,,,,0.14123255089968242,0.44270887898891376,0.31202051738891556
five_branches_True_0.5_0.1_30,False,True,,,,,3.583349185960685e-77,0.5412159356311228,5.0,2.564223136132955e-88,0.5729606292367616,3.629982069964162e-69,-0.5161153427892194,3.4499746275291337e-152,0.7067815145297863,9.847308096225964e-97,-0.5948281319474221,0.9795246732383138,0.33853853853853855,0.7943465934271821,0.7146551141887193,1.0,0.9623418714301687,1.0,0.9566038783700904,,,,0.056291355308341104,0.323095631904049,0.22569870946559734
five_branches_True_0.5_0.1_50,False,True,,,,,3.583349185960685e-77,0.5412159356311228,5.0,2.564223136132955e-88,0.5729606292367616,3.629982069964162e-69,-0.5161153427892194,3.4499746275291337e-152,0.7067815145297863,9.847308096225964e-97,-0.5948281319474221,0.9795246732383138,0.33853853853853855,0.7943465934271821,0.7146551141887193,1.0,0.9623418714301687,1.0,0.9566038783700904,,,,0.056291355308341104,0.323095631904049,0.22569870946559734
five_branches_True_0.5_0.1_70,False,True,,,,,3.583349185960685e-77,0.5412159356311228,5.0,2.564223136132955e-88,0.5729606292367616,3.629982069964162e-69,-0.5161153427892194,3.4499746275291337e-152,0.7067815145297863,9.847308096225964e-97,-0.5948281319474221,0.9795246732383138,0.33853853853853855,0.7943465934271821,0.7146551141887193,1.0,0.9623418714301687,1.0,0.9566038783700904,,,,0.056291355308341104,0.323095631904049,0.22569870946559734
five_branches_True_0.5_0.1_10,False,True,,,,,3.583349185960685e-77,0.5412159356311228,5.0,2.564223136132955e-88,0.5729606292367616,3.629982069964162e-69,-0.5161153427892194,3.4499746275291337e-152,0.7067815145297863,9.847308096225964e-97,-0.5948281319474221,0.9795246732383138,0.33853853853853855,0.7943465934271821,0.7146551141887193,1.0,0.9623418714301687,1.0,0.9566038783700904,,,,0.056291355308341104,0.323095631904049,0.22569870946559734
five_branches_True_0.5_0.3_30,False,True,,,,,1.1081270764932595e-116,0.640748987342786,5.0,3.5246454561341313e-63,0.495867277867058,8.280432568328379e-105,-0.6143416187353825,1.6040290425956016e-94,0.5892399680121718,8.442450012765041e-137,-0.6802585003718886,0.9797655591536801,0.3393393393393393,0.8312236591835954,0.744179941024988,1.0,0.9621639492221536,1.0,0.9577222904831393,,,,0.11241181776193243,0.4276565168327716,0.20394674438751598
five_branches_True_0.5_0.3_50,False,True,,,,,1.1081270764932595e-116,0.640748987342786,5.0,3.5246454561341313e-63,0.495867277867058,8.280432568328379e-105,-0.6143416187353825,1.6040290425956016e-94,0.5892399680121718,8.442450012765041e-137,-0.6802585003718886,0.9797655591536801,0.3393393393393393,0.8312236591835954,0.744179941024988,1.0,0.9621639492221536,1.0,0.9577222904831393,,,,0.11241181776193243,0.4276565168327716,0.20394674438751598
five_branches_True_0.5_0.3_70,False,True,,,,,1.1081270764932595e-116,0.640748987342786,5.0,3.5246454561341313e-63,0.495867277867058,8.280432568328379e-105,-0.6143416187353825,1.6040290425956016e-94,0.5892399680121718,8.442450012765041e-137,-0.6802585003718886,0.9797655591536801,0.3393393393393393,0.8312236591835954,0.744179941024988,1.0,0.9621639492221536,1.0,0.9577222904831393,,,,0.11241181776193243,0.4276565168327716,0.20394674438751598
five_branches_True_0.5_0.3_10,False,True,,,,,1.1081270764932595e-116,0.640748987342786,5.0,3.5246454561341313e-63,0.495867277867058,8.280432568328379e-105,-0.6143416187353825,1.6040290425956016e-94,0.5892399680121718,8.442450012765041e-137,-0.6802585003718886,0.9797655591536801,0.3393393393393393,0.8312236591835954,0.744179941024988,1.0,0.9621639492221536,1.0,0.9577222904831393,,,,0.11241181776193243,0.4276565168327716,0.20394674438751598
five_branches_True_0.5_0.5_30,False,True,,,,,1.912033454236599e-100,0.6039657396687713,5.0,2.426387903909403e-90,0.5783733409559729,2.4581904005042213e-124,-0.6564956400905422,1.5051639019033089e-173,0.7392388406458401,4.810968181992456e-125,-0.6579065508151086,0.9800189612476026,0.34094094094094085,0.8113525231232048,0.6696648871054991,1.0,0.9631035430280551,1.0,0.9577781677240905,,,,0.12227982538289259,0.3537982815555835,0.28994290694876856
five_branches_True_0.5_0.5_50,False,True,,,,,1.912033454236599e-100,0.6039657396687713,5.0,2.426387903909403e-90,0.5783733409559729,2.4581904005042213e-124,-0.6564956400905422,1.5051639019033089e-173,0.7392388406458401,4.810968181992456e-125,-0.6579065508151086,0.9800189612476026,0.34094094094094085,0.8113525231232048,0.6696648871054991,1.0,0.9631035430280551,1.0,0.9577781677240905,,,,0.12227982538289259,0.3537982815555835,0.28994290694876856
five_branches_True_0.5_0.5_70,False,True,,,,,1.912033454236599e-100,0.6039657396687713,5.0,2.426387903909403e-90,0.5783733409559729,2.4581904005042213e-124,-0.6564956400905422,1.5051639019033089e-173,0.7392388406458401,4.810968181992456e-125,-0.6579065508151086,0.9800189612476026,0.34094094094094085,0.8113525231232048,0.6696648871054991,1.0,0.9631035430280551,1.0,0.9577781677240905,,,,0.12227982538289259,0.3537982815555835,0.28994290694876856
five_branches_True_0.5_0.5_10,False,True,,,,,1.912033454236599e-100,0.6039657396687713,5.0,2.426387903909403e-90,0.5783733409559729,2.4581904005042213e-124,-0.6564956400905422,1.5051639019033089e-173,0.7392388406458401,4.810968181992456e-125,-0.6579065508151086,0.9800189612476026,0.34094094094094085,0.8113525231232048,0.6696648871054991,1.0,0.9631035430280551,1.0,0.9577781677240905,,,,0.12227982538289259,0.3537982815555835,0.28994290694876856
five_branches_True_0.5_0.7_30,False,True,,,,,4.9719294158532815e-127,0.66182130001136,5.0,2.0270825392694777e-127,0.6625826067346231,6.172741446253005e-98,-0.5978216168019688,6.493496125769831e-249,0.824391116930436,9.241623689379787e-138,-0.6820009723059697,0.9799499677154655,0.34224224224224226,0.8200469462458608,0.6543564710928377,1.0,0.9628072716185991,1.0,0.957803125988067,,,,0.07831835296343587,0.2653928566987429,0.3194637450015175
five_branches_True_0.5_0.7_50,False,True,,,,,4.9719294158532815e-127,0.66182130001136,5.0,2.0270825392694777e-127,0.6625826067346231,6.172741446253005e-98,-0.5978216168019688,6.493496125769831e-249,0.824391116930436,9.241623689379787e-138,-0.6820009723059697,0.9799499677154655,0.34224224224224226,0.8200469462458608,0.6543564710928377,1.0,0.9628072716185991,1.0,0.957803125988067,,,,0.07831835296343587,0.2653928566987429,0.3194637450015175
five_branches_True_0.5_0.7_70,False,True,,,,,4.9719294158532815e-127,0.66182130001136,5.0,2.0270825392694777e-127,0.6625826067346231,6.172741446253005e-98,-0.5978216168019688,6.493496125769831e-249,0.824391116930436,9.241623689379787e-138,-0.6820009723059697,0.9799499677154655,0.34224224224224226,0.8200469462458608,0.6543564710928377,1.0,0.9628072716185991,1.0,0.957803125988067,,,,0.07831835296343587,0.2653928566987429,0.3194637450015175
five_branches_True_0.5_0.7_10,False,True,,,,,4.9719294158532815e-127,0.66182130001136,5.0,2.0270825392694777e-127,0.6625826067346231,6.172741446253005e-98,-0.5978216168019688,6.493496125769831e-249,0.824391116930436,9.241623689379787e-138,-0.6820009723059697,0.9799499677154655,0.34224224224224226,0.8200469462458608,0.6543564710928377,1.0,0.9628072716185991,1.0,0.957803125988067,,,,0.07831835296343587,0.2653928566987429,0.3194637450015175
five_branches_True_0.5_0.9_30,False,True,,,,,1.5650030001592482e-134,0.676096209915951,5.0,3.1001398756616007e-127,0.662222389585882,4.889742521603709e-107,-0.6194961396864002,9.376072677830242e-157,0.7141173590879234,6.865050054403359e-138,-0.6822342067403195,0.9798222629374885,0.34044044044044036,0.6727462448506023,0.5831956376703423,1.0,0.9628295898115603,1.0,0.9572817588519585,,,,0.1874822962452674,0.33271593355695345,0.26543597707303807
five_branches_True_0.5_0.9_50,False,True,,,,,1.5650030001592482e-134,0.676096209915951,5.0,3.1001398756616007e-127,0.662222389585882,4.889742521603709e-107,-0.6194961396864002,9.376072677830242e-157,0.7141173590879234,6.865050054403359e-138,-0.6822342067403195,0.9798222629374885,0.34044044044044036,0.6727462448506023,0.5831956376703423,1.0,0.9628295898115603,1.0,0.9572817588519585,,,,0.1874822962452674,0.33271593355695345,0.26543597707303807
five_branches_True_0.5_0.9_70,False,True,,,,,1.5650030001592482e-134,0.676096209915951,5.0,3.1001398756616007e-127,0.662222389585882,4.889742521603709e-107,-0.6194961396864002,9.376072677830242e-157,0.7141173590879234,6.865050054403359e-138,-0.6822342067403195,0.9798222629374885,0.34044044044044036,0.6727462448506023,0.5831956376703423,1.0,0.9628295898115603,1.0,0.9572817588519585,,,,0.1874822962452674,0.33271593355695345,0.26543597707303807
five_branches_True_0.5_0.9_10,False,True,,,,,1.5650030001592482e-134,0.676096209915951,5.0,3.1001398756616007e-127,0.662222389585882,4.889742521603709e-107,-0.6194961396864002,9.376072677830242e-157,0.7141173590879234,6.865050054403359e-138,-0.6822342067403195,0.9798222629374885,0.34044044044044036,0.6727462448506023,0.5831956376703423,1.0,0.9628295898115603,1.0,0.9572817588519585,,,,0.1874822962452674,0.33271593355695345,0.26543597707303807
five_branches_True_0.7_0.1_30,False,True,,,,,2.396468824732265e-113,0.6335863487914392,5.0,1.6944733388516816e-159,0.7184157727020667,2.165859541757754e-112,-0.6314975230846551,3.555842166542219e-233,0.8096297736590664,7.668483669379091e-165,-0.7265655630256808,0.9797765770589238,0.3387387387387387,0.7714013135311858,0.6910286618425308,1.0,0.9625809947268748,1.0,0.9573504121854418,,,,0.044863269039390974,0.2672131733980626,0.09852769810528546
five_branches_True_0.7_0.1_50,False,True,,,,,2.396468824732265e-113,0.6335863487914392,5.0,1.6944733388516816e-159,0.7184157727020667,2.165859541757754e-112,-0.6314975230846551,3.555842166542219e-233,0.8096297736590664,7.668483669379091e-165,-0.7265655630256808,0.9797765770589238,0.3387387387387387,0.7714013135311858,0.6910286618425308,1.0,0.9625809947268748,1.0,0.9573504121854418,,,,0.044863269039390974,0.2672131733980626,0.09852769810528546
five_branches_True_0.7_0.1_70,False,True,,,,,2.396468824732265e-113,0.6335863487914392,5.0,1.6944733388516816e-159,0.7184157727020667,2.165859541757754e-112,-0.6314975230846551,3.555842166542219e-233,0.8096297736590664,7.668483669379091e-165,-0.7265655630256808,0.9797765770589238,0.3387387387387387,0.7714013135311858,0.6910286618425308,1.0,0.9625809947268748,1.0,0.9573504121854418,,,,0.044863269039390974,0.2672131733980626,0.09852769810528546
five_branches_True_0.7_0.1_10,False,True,,,,,2.396468824732265e-113,0.6335863487914392,5.0,1.6944733388516816e-159,0.7184157727020667,2.165859541757754e-112,-0.6314975230846551,3.555842166542219e-233,0.8096297736590664,7.668483669379091e-165,-0.7265655630256808,0.9797765770589238,0.3387387387387387,0.7714013135311858,0.6910286618425308,1.0,0.9625809947268748,1.0,0.9573504121854418,,,,0.044863269039390974,0.2672131733980626,0.09852769810528546
five_branches_True_0.7_0.3_30,False,True,,,,,4.325079911940879e-189,0.7601554646051129,5.0,7.336884029751995e-214,0.7895605622210132,1.0823505851296271e-209,-0.7849177168661391,1.7807376531036314e-239,0.8157000590484735,8.296923214432943e-206,-0.7804849587358066,0.9800692140719094,0.3406406406406406,0.792466985558403,0.654175184857005,1.0,0.9633122050973755,1.0,0.9577671264285433,,,,0.09068224362881766,0.27323419844968044,0.2435507938827208
five_branches_True_0.7_0.3_50,False,True,,,,,4.325079911940879e-189,0.7601554646051129,5.0,7.336884029751995e-214,0.7895605622210132,1.0823505851296271e-209,-0.7849177168661391,1.7807376531036314e-239,0.8157000590484735,8.296923214432943e-206,-0.7804849587358066,0.9800692140719094,0.3406406406406406,0.792466985558403,0.654175184857005,1.0,0.9633122050973755,1.0,0.9577671264285433,,,,0.09068224362881766,0.27323419844968044,0.2435507938827208
five_branches_True_0.7_0.3_70,False,True,,,,,4.325079911940879e-189,0.7601554646051129,5.0,7.336884029751995e-214,0.7895605622210132,1.0823505851296271e-209,-0.7849177168661391,1.7807376531036314e-239,0.8157000590484735,8.296923214432943e-206,-0.7804849587358066,0.9800692140719094,0.3406406406406406,0.792466985558403,0.654175184857005,1.0,0.9633122050973755,1.0,0.9577671264285433,,,,0.09068224362881766,0.27323419844968044,0.2435507938827208
five_branches_True_0.7_0.3_10,False,True,,,,,4.325079911940879e-189,0.7601554646051129,5.0,7.336884029751995e-214,0.7895605622210132,1.0823505851296271e-209,-0.7849177168661391,1.7807376531036314e-239,0.8157000590484735,8.296923214432943e-206,-0.7804849587358066,0.9800692140719094,0.3406406406406406,0.792466985558403,0.654175184857005,1.0,0.9633122050973755,1.0,0.9577671264285433,,,,0.09068224362881766,0.27323419844968044,0.2435507938827208
five_branches_True_0.7_0.5_30,False,True,,,,,2.3884586563546414e-93,0.5862318277223891,5.0,1.2467206443748164e-90,0.5791385237243366,1.9270457887103087e-75,-0.5359658067059564,1.879812172010382e-162,0.7229579616373636,1.910885730932033e-100,-0.6039663713581481,0.9798508792218197,0.33853853853853855,0.8181536454656863,0.7266353656270221,1.0,0.9627358808761374,1.0,0.95748678459227,,,,0.029793866087045772,0.3042955498203471,0.19849241140601376
five_branches_True_0.7_0.5_50,False,True,,,,,2.3884586563546414e-93,0.5862318277223891,5.0,1.2467206443748164e-90,0.5791385237243366,1.9270457887103087e-75,-0.5359658067059564,1.879812172010382e-162,0.7229579616373636,1.910885730932033e-100,-0.6039663713581481,0.9798508792218197,0.33853853853853855,0.8181536454656863,0.7266353656270221,1.0,0.9627358808761374,1.0,0.95748678459227,,,,0.029793866087045772,0.3042955498203471,0.19849241140601376
five_branches_True_0.7_0.5_70,False,True,,,,,2.3884586563546414e-93,0.5862318277223891,5.0,1.2467206443748164e-90,0.5791385237243366,1.9270457887103087e-75,-0.5359658067059564,1.879812172010382e-162,0.7229579616373636,1.910885730932033e-100,-0.6039663713581481,0.9798508792218197,0.33853853853853855,0.8181536454656863,0.7266353656270221,1.0,0.9627358808761374,1.0,0.95748678459227,,,,0.029793866087045772,0.3042955498203471,0.19849241140601376
five_branches_True_0.7_0.5_10,False,True,,,,,2.3884586563546414e-93,0.5862318277223891,5.0,1.2467206443748164e-90,0.5791385237243366,1.9270457887103087e-75,-0.5359658067059564,1.879812172010382e-162,0.7229579616373636,1.910885730932033e-100,-0.6039663713581481,0.9798508792218197,0.33853853853853855,0.8181536454656863,0.7266353656270221,1.0,0.9627358808761374,1.0,0.95748678459227,,,,0.029793866087045772,0.3042955498203471,0.19849241140601376
five_branches_True_0.7_0.7_30,False,True,,,,,2.5719283083539635e-104,0.6131902771917989,5.0,2.258608268872106e-165,0.7273593034537637,2.3804148151911177e-119,-0.6463445245360463,9.903514122381816e-208,0.7826925417527137,1.377488875889903e-132,-0.6724720307562663,0.9798151944540325,0.3396396396396396,0.6982997075526082,0.6122248645731264,1.0,0.9628397949483055,1.0,0.9572439897156799,,,,0.14505713104962178,0.31421268416770426,0.2900551373216275
five_branches_True_0.7_0.7_50,False,True,,,,,2.5719283083539635e-104,0.6131902771917989,5.0,2.258608268872106e-165,0.7273593034537637,2.3804148151911177e-119,-0.6463445245360463,9.903514122381816e-208,0.7826925417527137,1.377488875889903e-132,-0.6724720307562663,0.9798151944540325,0.3396396396396396,0.6982997075526082,0.6122248645731264,1.0,0.9628397949483055,1.0,0.9572439897156799,,,,0.14505713104962178,0.31421268416770426,0.2900551373216275
five_branches_True_0.7_0.7_70,False,True,,,,,2.5719283083539635e-104,0.6131902771917989,5.0,2.258608268872106e-165,0.7273593034537637,2.3804148151911177e-119,-0.6463445245360463,9.903514122381816e-208,0.7826925417527137,1.377488875889903e-132,-0.6724720307562663,0.9798151944540325,0.3396396396396396,0.6982997075526082,0.6122248645731264,1.0,0.9628397949483055,1.0,0.9572439897156799,,,,0.14505713104962178,0.31421268416770426,0.2900551373216275
five_branches_True_0.7_0.7_10,False,True,,,,,2.5719283083539635e-104,0.6131902771917989,5.0,2.258608268872106e-165,0.7273593034537637,2.3804148151911177e-119,-0.6463445245360463,9.903514122381816e-208,0.7826925417527137,1.377488875889903e-132,-0.6724720307562663,0.9798151944540325,0.3396396396396396,0.6982997075526082,0.6122248645731264,1.0,0.9628397949483055,1.0,0.9572439897156799,,,,0.14505713104962178,0.31421268416770426,0.2900551373216275
five_branches_True_0.7_0.9_30,False,True,,,,,4.3402623554018984e-54,0.46226451445339634,5.0,3.3185265586221953e-62,0.4924413141611207,2.602444370586509e-21,-0.2934516916260314,1.886471239669469e-100,0.6039798990220945,1.1010991838232558e-59,-0.4833877711125123,0.9798537337272857,0.3376376376376376,0.6432810754237125,0.69375157655044,1.0,0.9630408178377641,1.0,0.9571947601911452,,,,0.1179260375537616,0.43449267107473594,0.34129045894116344
five_branches_True_0.7_0.9_50,False,True,,,,,4.3402623554018984e-54,0.46226451445339634,5.0,3.3185265586221953e-62,0.4924413141611207,2.602444370586509e-21,-0.2934516916260314,1.886471239669469e-100,0.6039798990220945,1.1010991838232558e-59,-0.4833877711125123,0.9798537337272857,0.3376376376376376,0.6432810754237125,0.69375157655044,1.0,0.9630408178377641,1.0,0.9571947601911452,,,,0.1179260375537616,0.43449267107473594,0.34129045894116344
five_branches_True_0.7_0.9_70,False,True,,,,,4.3402623554018984e-54,0.46226451445339634,5.0,3.3185265586221953e-62,0.4924413141611207,2.602444370586509e-21,-0.2934516916260314,1.886471239669469e-100,0.6039798990220945,1.1010991838232558e-59,-0.4833877711125123,0.9798537337272857,0.3376376376376376,0.6432810754237125,0.69375157655044,1.0,0.9630408178377641,1.0,0.9571947601911452,,,,0.1179260375537616,0.43449267107473594,0.34129045894116344
five_branches_True_0.7_0.9_10,False,True,,,,,4.3402623554018984e-54,0.46226451445339634,5.0,3.3185265586221953e-62,0.4924413141611207,2.602444370586509e-21,-0.2934516916260314,1.886471239669469e-100,0.6039798990220945,1.1010991838232558e-59,-0.4833877711125123,0.9798537337272857,0.3376376376376376,0.6432810754237125,0.69375157655044,1.0,0.9630408178377641,1.0,0.9571947601911452,,,,0.1179260375537616,0.43449267107473594,0.34129045894116344
five_branches_True_0.9_0.1_30,False,True,,,,,5.128053014232583e-171,0.7356275223424488,5.0,1.5137933858747906e-141,0.6887506054522168,8.897264138723673e-119,-0.6451534340190443,1.6913034616613377e-187,0.7581065169584401,9.831773322720452e-181,-0.749167640737272,0.9793780723611212,0.342042042042042,0.7865902002159033,0.7307971372580648,1.0,0.9615085763516195,1.0,0.956859873405042,,,,0.04071878706414618,0.30182931133591595,0.16328315299136134
five_branches_True_0.9_0.1_50,False,True,,,,,5.128053014232583e-171,0.7356275223424488,5.0,1.5137933858747906e-141,0.6887506054522168,8.897264138723673e-119,-0.6451534340190443,1.6913034616613377e-187,0.7581065169584401,9.831773322720452e-181,-0.749167640737272,0.9793780723611212,0.342042042042042,0.7865902002159033,0.7307971372580648,1.0,0.9615085763516195,1.0,0.956859873405042,,,,0.04071878706414618,0.30182931133591595,0.16328315299136134
five_branches_True_0.9_0.1_70,False,True,,,,,5.128053014232583e-171,0.7356275223424488,5.0,1.5137933858747906e-141,0.6887506054522168,8.897264138723673e-119,-0.6451534340190443,1.6913034616613377e-187,0.7581065169584401,9.831773322720452e-181,-0.749167640737272,0.9793780723611212,0.342042042042042,0.7865902002159033,0.7307971372580648,1.0,0.9615085763516195,1.0,0.956859873405042,,,,0.04071878706414618,0.30182931133591595,0.16328315299136134
five_branches_True_0.9_0.1_10,False,True,,,,,5.128053014232583e-171,0.7356275223424488,5.0,1.5137933858747906e-141,0.6887506054522168,8.897264138723673e-119,-0.6451534340190443,1.6913034616613377e-187,0.7581065169584401,9.831773322720452e-181,-0.749167640737272,0.9793780723611212,0.342042042042042,0.7865902002159033,0.7307971372580648,1.0,0.9615085763516195,1.0,0.956859873405042,,,,0.04071878706414618,0.30182931133591595,0.16328315299136134
five_branches_True_0.9_0.3_30,False,True,,,,,1.342948459599876e-94,0.5894367388613162,5.0,1.1293244727064371e-175,0.7422232309219201,4.682556491129457e-99,-0.6005808216512956,5.400996738765462e-252,0.8271274189626863,1.4973571971042152e-126,-0.660882744487164,0.979693741216486,0.3438438438438439,0.8260944948224459,0.7186109235387969,1.0,0.9625933443830774,1.0,0.957014415771815,,,,0.0758465992793903,0.32911458910607555,0.15795040847826242
five_branches_True_0.9_0.3_50,False,True,,,,,1.342948459599876e-94,0.5894367388613162,5.0,1.1293244727064371e-175,0.7422232309219201,4.682556491129457e-99,-0.6005808216512956,5.400996738765462e-252,0.8271274189626863,1.4973571971042152e-126,-0.660882744487164,0.979693741216486,0.3438438438438439,0.8260944948224459,0.7186109235387969,1.0,0.9625933443830774,1.0,0.957014415771815,,,,0.0758465992793903,0.32911458910607555,0.15795040847826242
five_branches_True_0.9_0.3_70,False,True,,,,,1.342948459599876e-94,0.5894367388613162,5.0,1.1293244727064371e-175,0.7422232309219201,4.682556491129457e-99,-0.6005808216512956,5.400996738765462e-252,0.8271274189626863,1.4973571971042152e-126,-0.660882744487164,0.979693741216486,0.3438438438438439,0.8260944948224459,0.7186109235387969,1.0,0.9625933443830774,1.0,0.957014415771815,,,,0.0758465992793903,0.32911458910607555,0.15795040847826242
five_branches_True_0.9_0.3_10,False,True,,,,,1.342948459599876e-94,0.5894367388613162,5.0,1.1293244727064371e-175,0.7422232309219201,4.682556491129457e-99,-0.6005808216512956,5.400996738765462e-252,0.8271274189626863,1.4973571971042152e-126,-0.660882744487164,0.979693741216486,0.3438438438438439,0.8260944948224459,0.7186109235387969,1.0,0.9625933443830774,1.0,0.957014415771815,,,,0.0758465992793903,0.32911458910607555,0.15795040847826242
five_branches_True_0.9_0.5_30,False,True,,,,,1.476743715166997e-49,0.44400073635292253,5.0,8.89851005571247e-67,0.508197174517707,7.050734930624367e-58,-0.4767290125098923,4.7705095385928786e-111,0.6285360924052874,2.9083629242966795e-93,-0.5860112286474107,0.9798884580703638,0.33663663663663657,0.7842148728757111,0.7622734729351989,1.0,0.9629563989978374,1.0,0.957414378428951,,,,0.03516735587833888,0.4121248836735447,0.09879128302176457
five_branches_True_0.9_0.5_50,False,True,,,,,1.476743715166997e-49,0.44400073635292253,5.0,8.89851005571247e-67,0.508197174517707,7.050734930624367e-58,-0.4767290125098923,4.7705095385928786e-111,0.6285360924052874,2.9083629242966795e-93,-0.5860112286474107,0.9798884580703638,0.33663663663663657,0.7842148728757111,0.7622734729351989,1.0,0.9629563989978374,1.0,0.957414378428951,,,,0.03516735587833888,0.4121248836735447,0.09879128302176457
five_branches_True_0.9_0.5_70,False,True,,,,,1.476743715166997e-49,0.44400073635292253,5.0,8.89851005571247e-67,0.508197174517707,7.050734930624367e-58,-0.4767290125098923,4.7705095385928786e-111,0.6285360924052874,2.9083629242966795e-93,-0.5860112286474107,0.9798884580703638,0.33663663663663657,0.7842148728757111,0.7622734729351989,1.0,0.9629563989978374,1.0,0.957414378428951,,,,0.03516735587833888,0.4121248836735447,0.09879128302176457
five_branches_True_0.9_0.5_10,False,True,,,,,1.476743715166997e-49,0.44400073635292253,5.0,8.89851005571247e-67,0.508197174517707,7.050734930624367e-58,-0.4767290125098923,4.7705095385928786e-111,0.6285360924052874,2.9083629242966795e-93,-0.5860112286474107,0.9798884580703638,0.33663663663663657,0.7842148728757111,0.7622734729351989,1.0,0.9629563989978374,1.0,0.957414378428951,,,,0.03516735587833888,0.4121248836735447,0.09879128302176457
five_branches_True_0.9_0.7_30,False,True,,,,,2.0571335221303625e-49,0.4434019670523471,5.0,5.615859150572903e-53,0.4578850099406545,2.004280615419238e-25,-0.3211509670940922,7.091387939473733e-98,0.597672413953913,3.959407085847946e-52,-0.45450072746887965,0.9797934224637398,0.33793793793793797,0.6984951632460276,0.6632350628822449,1.0,0.9628809347919149,1.0,0.9571180153991083,,,,0.10116993352799801,0.4209776356040758,0.27731062587719124
five_branches_True_0.9_0.7_50,False,True,,,,,2.0571335221303625e-49,0.4434019670523471,5.0,5.615859150572903e-53,0.4578850099406545,2.004280615419238e-25,-0.3211509670940922,7.091387939473733e-98,0.597672413953913,3.959407085847946e-52,-0.45450072746887965,0.9797934224637398,0.33793793793793797,0.6984951632460276,0.6632350628822449,1.0,0.9628809347919149,1.0,0.9571180153991083,,,,0.10116993352799801,0.4209776356040758,0.27731062587719124
five_branches_True_0.9_0.7_70,False,True,,,,,2.0571335221303625e-49,0.4434019670523471,5.0,5.615859150572903e-53,0.4578850099406545,2.004280615419238e-25,-0.3211509670940922,7.091387939473733e-98,0.597672413953913,3.959407085847946e-52,-0.45450072746887965,0.9797934224637398,0.33793793793793797,0.6984951632460276,0.6632350628822449,1.0,0.9628809347919149,1.0,0.9571180153991083,,,,0.10116993352799801,0.4209776356040758,0.27731062587719124
five_branches_True_0.9_0.7_10,False,True,,,,,2.0571335221303625e-49,0.4434019670523471,5.0,5.615859150572903e-53,0.4578850099406545,2.004280615419238e-25,-0.3211509670940922,7.091387939473733e-98,0.597672413953913,3.959407085847946e-52,-0.45450072746887965,0.9797934224637398,0.33793793793793797,0.6984951632460276,0.6632350628822449,1.0,0.9628809347919149,1.0,0.9571180153991083,,,,0.10116993352799801,0.4209776356040758,0.27731062587719124
five_branches_True_0.9_0.9_30,False,True,,,,,3.9650850963644936e-67,0.5093737004633823,5.0,2.426167713521613e-71,0.5231457840757919,9.177157332067524e-60,-0.4836760848386561,7.57018333445746e-151,0.7045822629566517,2.6995131059033435e-88,-0.5729003471216092,0.9795518903912033,0.3403403403403404,0.7863004764159853,0.7021847388388187,1.0,0.9621144029980403,1.0,0.9569363946381119,,,,0.05915262835514064,0.34012066655657097,0.22954079955074225
five_branches_True_0.9_0.9_50,False,True,,,,,3.9650850963644936e-67,0.5093737004633823,5.0,2.426167713521613e-71,0.5231457840757919,9.177157332067524e-60,-0.4836760848386561,7.57018333445746e-151,0.7045822629566517,2.6995131059033435e-88,-0.5729003471216092,0.9795518903912033,0.3403403403403404,0.7863004764159853,0.7021847388388187,1.0,0.9621144029980403,1.0,0.9569363946381119,,,,0.05915262835514064,0.34012066655657097,0.22954079955074225
five_branches_True_0.9_0.9_70,False,True,,,,,3.9650850963644936e-67,0.5093737004633823,5.0,2.426167713521613e-71,0.5231457840757919,9.177157332067524e-60,-0.4836760848386561,7.57018333445746e-151,0.7045822629566517,2.6995131059033435e-88,-0.5729003471216092,0.9795518903912033,0.3403403403403404,0.7863004764159853,0.7021847388388187,1.0,0.9621144029980403,1.0,0.9569363946381119,,,,0.05915262835514064,0.34012066655657097,0.22954079955074225
five_branches_True_0.9_0.9_10,False,True,,,,,3.9650850963644936e-67,0.5093737004633823,5.0,2.426167713521613e-71,0.5231457840757919,9.177157332067524e-60,-0.4836760848386561,7.57018333445746e-151,0.7045822629566517,2.6995131059033435e-88,-0.5729003471216092,0.9795518903912033,0.3403403403403404,0.7863004764159853,0.7021847388388187,1.0,0.9621144029980403,1.0,0.9569363946381119,,,,0.05915262835514064,0.34012066655657097,0.22954079955074225
five_branches_False_0.1_0.1_30,False,False,,,,,2.7912992461604864e-95,0.5911708936351486,3.0,4.408752107362677e-86,0.5668631602711044,2.9894855404563564e-95,-0.5910953922695358,1.7394995296280622e-96,0.5942092414303672,2.2134144834023922e-105,-0.6156759547603297,0.75027050874664,0.40857524190857525,0.870865888538322,0.6624754788252194,0.6,0.962571180384494,1.0,0.548639911852785,,,,,,
five_branches_False_0.1_0.1_50,False,False,,,,,2.7912992461604864e-95,0.5911708936351486,3.0,4.408752107362677e-86,0.5668631602711044,2.9894855404563564e-95,-0.5910953922695358,1.7394995296280622e-96,0.5942092414303672,2.2134144834023922e-105,-0.6156759547603297,0.75027050874664,0.40857524190857525,0.870865888538322,0.6624754788252194,0.6,0.962571180384494,1.0,0.548639911852785,,,,,,
five_branches_False_0.1_0.1_70,False,False,,,,,2.7912992461604864e-95,0.5911708936351486,3.0,4.408752107362677e-86,0.5668631602711044,2.9894855404563564e-95,-0.5910953922695358,1.7394995296280622e-96,0.5942092414303672,2.2134144834023922e-105,-0.6156759547603297,0.75027050874664,0.40857524190857525,0.870865888538322,0.6624754788252194,0.6,0.962571180384494,1.0,0.548639911852785,,,,,,
five_branches_False_0.1_0.1_10,False,False,,,,,2.7912992461604864e-95,0.5911708936351486,3.0,4.408752107362677e-86,0.5668631602711044,2.9894855404563564e-95,-0.5910953922695358,1.7394995296280622e-96,0.5942092414303672,2.2134144834023922e-105,-0.6156759547603297,0.75027050874664,0.40857524190857525,0.870865888538322,0.6624754788252194,0.6,0.962571180384494,1.0,0.548639911852785,,,,,,
five_branches_False_0.1_0.3_30,False,False,,,,,1.1187529257512632e-33,0.3693420486679596,4.0,6.216791427684811e-54,0.4616536984675758,5.48126314999514e-20,-0.28385810618797785,9.354130024378323e-54,0.4609576616845535,2.3420509150049867e-36,-0.3833552224566873,0.8463963902206066,0.34947447447447444,0.8188897860016627,0.703125750098975,0.8,0.9687479577225331,0.8666666666666667,0.7640861536859502,,,,,,
five_branches_False_0.1_0.3_50,False,False,,,,,1.1187529257512632e-33,0.3693420486679596,4.0,6.216791427684811e-54,0.4616536984675758,5.48126314999514e-20,-0.28385810618797785,9.354130024378323e-54,0.4609576616845535,2.3420509150049867e-36,-0.3833552224566873,0.8463963902206066,0.34947447447447444,0.8188897860016627,0.703125750098975,0.8,0.9687479577225331,0.8666666666666667,0.7640861536859502,,,,,,
five_branches_False_0.1_0.3_70,False,False,,,,,1.1187529257512632e-33,0.3693420486679596,4.0,6.216791427684811e-54,0.4616536984675758,5.48126314999514e-20,-0.28385810618797785,9.354130024378323e-54,0.4609576616845535,2.3420509150049867e-36,-0.3833552224566873,0.8463963902206066,0.34947447447447444,0.8188897860016627,0.703125750098975,0.8,0.9687479577225331,0.8666666666666667,0.7640861536859502,,,,,,
five_branches_False_0.1_0.3_10,False,False,,,,,1.1187529257512632e-33,0.3693420486679596,4.0,6.216791427684811e-54,0.4616536984675758,5.48126314999514e-20,-0.28385810618797785,9.354130024378323e-54,0.4609576616845535,2.3420509150049867e-36,-0.3833552224566873,0.8463963902206066,0.34947447447447444,0.8188897860016627,0.703125750098975,0.8,0.9687479577225331,0.8666666666666667,0.7640861536859502,,,,,,
five_branches_False_0.1_0.5_30,False,False,,,,,5.35790170080933e-23,0.30516914986649424,3.0,9.353177309085548e-31,0.3532236133131271,1.8952987197168609e-19,-0.2798434700117115,2.9184770517438175e-34,0.3724535723676352,1.5975037168495421e-22,-0.30192662065255316,0.8573665872002425,0.3435101768435101,0.5589140566346578,0.48792874037245093,0.8,0.9769030180189345,0.9,0.7682140927899752,,,,,,
five_branches_False_0.1_0.5_50,False,False,,,,,5.35790170080933e-23,0.30516914986649424,3.0,9.353177309085548e-31,0.3532236133131271,1.8952987197168609e-19,-0.2798434700117115,2.9184770517438175e-34,0.3724535723676352,1.5975037168495421e-22,-0.30192662065255316,0.8573665872002425,0.3435101768435101,0.5589140566346578,0.48792874037245093,0.8,0.9769030180189345,0.9,0.7682140927899752,,,,,,
five_branches_False_0.1_0.5_70,False,False,,,,,5.35790170080933e-23,0.30516914986649424,3.0,9.353177309085548e-31,0.3532236133131271,1.8952987197168609e-19,-0.2798434700117115,2.9184770517438175e-34,0.3724535723676352,1.5975037168495421e-22,-0.30192662065255316,0.8573665872002425,0.3435101768435101,0.5589140566346578,0.48792874037245093,0.8,0.9769030180189345,0.9,0.7682140927899752,,,,,,
five_branches_False_0.1_0.5_10,False,False,,,,,5.35790170080933e-23,0.30516914986649424,3.0,9.353177309085548e-31,0.3532236133131271,1.8952987197168609e-19,-0.2798434700117115,2.9184770517438175e-34,0.3724535723676352,1.5975037168495421e-22,-0.30192662065255316,0.8573665872002425,0.3435101768435101,0.5589140566346578,0.48792874037245093,0.8,0.9769030180189345,0.9,0.7682140927899752,,,,,,
five_branches_False_0.1_0.7_30,False,False,,,,,6.599215768272442e-224,0.8002844896660137,2.0,1.1663448842696112e-58,0.4796274722190838,1.5985630842648925e-264,-0.837779821941753,3.569871401719796e-165,0.7270623741990394,6.476962449311525e-224,-0.8002929025828184,0.6014984711982603,0.35735735735735735,0.8685050538201915,0.6814397372215828,0.4,0.9378441590725165,1.0,0.348937336837135,,,,,,
five_branches_False_0.1_0.7_50,False,False,,,,,6.599215768272442e-224,0.8002844896660137,2.0,1.1663448842696112e-58,0.4796274722190838,1.5985630842648925e-264,-0.837779821941753,3.569871401719796e-165,0.7270623741990394,6.476962449311525e-224,-0.8002929025828184,0.6014984711982603,0.35735735735735735,0.8685050538201915,0.6814397372215828,0.4,0.9378441590725165,1.0,0.348937336837135,,,,,,
five_branches_False_0.1_0.7_70,False,False,,,,,6.599215768272442e-224,0.8002844896660137,2.0,1.1663448842696112e-58,0.4796274722190838,1.5985630842648925e-264,-0.837779821941753,3.569871401719796e-165,0.7270623741990394,6.476962449311525e-224,-0.8002929025828184,0.6014984711982603,0.35735735735735735,0.8685050538201915,0.6814397372215828,0.4,0.9378441590725165,1.0,0.348937336837135,,,,,,
five_branches_False_0.1_0.7_10,False,False,,,,,6.599215768272442e-224,0.8002844896660137,2.0,1.1663448842696112e-58,0.4796274722190838,1.5985630842648925e-264,-0.837779821941753,3.569871401719796e-165,0.7270623741990394,6.476962449311525e-224,-0.8002929025828184,0.6014984711982603,0.35735735735735735,0.8685050538201915,0.6814397372215828,0.4,0.9378441590725165,1.0,0.348937336837135,,,,,,
five_branches_False_0.1_0.9_30,False,False,,,,,5.875670561963137e-134,0.6750308035529805,5.0,4.320133536617991e-195,0.7676959343299135,9.885658218683775e-180,-0.7478099268227606,2.0507970289483825e-175,0.7418615015596592,1.8196918710315595e-165,-0.7274993235397446,0.931526322357116,0.27127127127127126,0.552619883341368,0.44416480379187284,1.0,0.8827575439048531,0.9133333333333333,0.933920223078134,,,,,,
five_branches_False_0.1_0.9_50,False,False,,,,,5.875670561963137e-134,0.6750308035529805,5.0,4.320133536617991e-195,0.7676959343299135,9.885658218683775e-180,-0.7478099268227606,2.0507970289483825e-175,0.7418615015596592,1.8196918710315595e-165,-0.7274993235397446,0.931526322357116,0.27127127127127126,0.552619883341368,0.44416480379187284,1.0,0.8827575439048531,0.9133333333333333,0.933920223078134,,,,,,
five_branches_False_0.1_0.9_70,False,False,,,,,5.875670561963137e-134,0.6750308035529805,5.0,4.320133536617991e-195,0.7676959343299135,9.885658218683775e-180,-0.7478099268227606,2.0507970289483825e-175,0.7418615015596592,1.8196918710315595e-165,-0.7274993235397446,0.931526322357116,0.27127127127127126,0.552619883341368,0.44416480379187284,1.0,0.8827575439048531,0.9133333333333333,0.933920223078134,,,,,,
five_branches_False_0.1_0.9_10,False,False,,,,,5.875670561963137e-134,0.6750308035529805,5.0,4.320133536617991e-195,0.7676959343299135,9.885658218683775e-180,-0.7478099268227606,2.0507970289483825e-175,0.7418615015596592,1.8196918710315595e-165,-0.7274993235397446,0.931526322357116,0.27127127127127126,0.552619883341368,0.44416480379187284,1.0,0.8827575439048531,0.9133333333333333,0.933920223078134,,,,,,
five_branches_False_0.3_0.1_30,True,False,,,,,,,,,,,,,,,,,,,,,,,,,,,,,
five_branches_False_0.3_0.1_50,True,False,,,,,,,,,,,,,,,,,,,,,,,,,,,,,
five_branches_False_0.3_0.1_70,True,False,,,,,,,,,,,,,,,,,,,,,,,,,,,,,
five_branches_False_0.3_0.1_10,True,False,,,,,,,,,,,,,,,,,,,,,,,,,,,,,
five_branches_False_0.3_0.3_30,True,False,,,,,,,,,,,,,,,,,,,,,,,,,,,,,
five_branches_False_0.3_0.3_50,True,False,,,,,,,,,,,,,,,,,,,,,,,,,,,,,
five_branches_False_0.3_0.3_70,True,False,,,,,,,,,,,,,,,,,,,,,,,,,,,,,
five_branches_False_0.3_0.3_10,True,False,,,,,,,,,,,,,,,,,,,,,,,,,,,,,
five_branches_False_0.3_0.5_30,False,False,,,,,9.658745997816403e-15,0.2415436673886451,3.0,0.5693108002999293,0.01801654571644754,7.02059904436827e-28,-0.33639562904944964,0.0412563535818048,0.06455374212820668,8.500978143069659e-16,-0.25070020629991513,0.8118246043337205,0.08742075408742077,0.7046296135261737,0.37261775842799816,0.8,0.9504932667535652,0.9333333333333333,0.6120304499469247,,,,,,
five_branches_False_0.3_0.5_50,False,False,,,,,9.658745997816403e-15,0.2415436673886451,3.0,0.5693108002999293,0.01801654571644754,7.02059904436827e-28,-0.33639562904944964,0.0412563535818048,0.06455374212820668,8.500978143069659e-16,-0.25070020629991513,0.8118246043337205,0.08742075408742077,0.7046296135261737,0.37261775842799816,0.8,0.9504932667535652,0.9333333333333333,0.6120304499469247,,,,,,
five_branches_False_0.3_0.5_70,False,False,,,,,9.658745997816403e-15,0.2415436673886451,3.0,0.5693108002999293,0.01801654571644754,7.02059904436827e-28,-0.33639562904944964,0.0412563535818048,0.06455374212820668,8.500978143069659e-16,-0.25070020629991513,0.8118246043337205,0.08742075408742077,0.7046296135261737,0.37261775842799816,0.8,0.9504932667535652,0.9333333333333333,0.6120304499469247,,,,,,
five_branches_False_0.3_0.5_10,False,False,,,,,9.658745997816403e-15,0.2415436673886451,3.0,0.5693108002999293,0.01801654571644754,7.02059904436827e-28,-0.33639562904944964,0.0412563535818048,0.06455374212820668,8.500978143069659e-16,-0.25070020629991513,0.8118246043337205,0.08742075408742077,0.7046296135261737,0.37261775842799816,0.8,0.9504932667535652,0.9333333333333333,0.6120304499469247,,,,,,
five_branches_False_0.3_0.7_30,False,False,,,,,5.74028704328434e-113,0.63275942928863,4.0,3.464794578161032e-204,0.7786043015710614,1.6126068803710985e-113,-0.6339605333734026,4.6002357114837135e-236,0.8124399986354968,4.281998335643518e-119,-0.6458147622447361,0.9647907956589876,0.37462462462462465,0.8600110354870013,0.6871491427450224,1.0,0.969651282112266,0.9333333333333333,0.9573709680247131,,,,,,
five_branches_False_0.3_0.7_50,False,False,,,,,5.74028704328434e-113,0.63275942928863,4.0,3.464794578161032e-204,0.7786043015710614,1.6126068803710985e-113,-0.6339605333734026,4.6002357114837135e-236,0.8124399986354968,4.281998335643518e-119,-0.6458147622447361,0.9647907956589876,0.37462462462462465,0.8600110354870013,0.6871491427450224,1.0,0.969651282112266,0.9333333333333333,0.9573709680247131,,,,,,
five_branches_False_0.3_0.7_70,False,False,,,,,5.74028704328434e-113,0.63275942928863,4.0,3.464794578161032e-204,0.7786043015710614,1.6126068803710985e-113,-0.6339605333734026,4.6002357114837135e-236,0.8124399986354968,4.281998335643518e-119,-0.6458147622447361,0.9647907956589876,0.37462462462462465,0.8600110354870013,0.6871491427450224,1.0,0.969651282112266,0.9333333333333333,0.9573709680247131,,,,,,
five_branches_False_0.3_0.7_10,False,False,,,,,5.74028704328434e-113,0.63275942928863,4.0,3.464794578161032e-204,0.7786043015710614,1.6126068803710985e-113,-0.6339605333734026,4.6002357114837135e-236,0.8124399986354968,4.281998335643518e-119,-0.6458147622447361,0.9647907956589876,0.37462462462462465,0.8600110354870013,0.6871491427450224,1.0,0.969651282112266,0.9333333333333333,0.9573709680247131,,,,,,
five_branches_False_0.3_0.9_30,False,False,,,,,1.6626760204601154e-153,0.7089212091063606,4.0,3.2987394966822044e-135,0.6773443286998487,2.315165457937246e-174,-0.7403856337951398,7.56816465230105e-219,0.7949637024623596,1.897950040627629e-173,-0.7390963720828313,0.9523620174500668,0.36661661661661665,0.7931921886383435,0.6045104396146449,1.0,0.9396580268770753,0.9166666666666666,0.9550519557218754,,,,,,
five_branches_False_0.3_0.9_50,False,False,,,,,1.6626760204601154e-153,0.7089212091063606,4.0,3.2987394966822044e-135,0.6773443286998487,2.315165457937246e-174,-0.7403856337951398,7.56816465230105e-219,0.7949637024623596,1.897950040627629e-173,-0.7390963720828313,0.9523620174500668,0.36661661661661665,0.7931921886383435,0.6045104396146449,1.0,0.9396580268770753,0.9166666666666666,0.9550519557218754,,,,,,
five_branches_False_0.3_0.9_70,False,False,,,,,1.6626760204601154e-153,0.7089212091063606,4.0,3.2987394966822044e-135,0.6773443286998487,2.315165457937246e-174,-0.7403856337951398,7.56816465230105e-219,0.7949637024623596,1.897950040627629e-173,-0.7390963720828313,0.9523620174500668,0.36661661661661665,0.7931921886383435,0.6045104396146449,1.0,0.9396580268770753,0.9166666666666666,0.9550519557218754,,,,,,
five_branches_False_0.3_0.9_10,False,False,,,,,1.6626760204601154e-153,0.7089212091063606,4.0,3.2987394966822044e-135,0.6773443286998487,2.315165457937246e-174,-0.7403856337951398,7.56816465230105e-219,0.7949637024623596,1.897950040627629e-173,-0.7390963720828313,0.9523620174500668,0.36661661661661665,0.7931921886383435,0.6045104396146449,1.0,0.9396580268770753,0.9166666666666666,0.9550519557218754,,,,,,
five_branches_False_0.5_0.1_30,True,False,,,,,,,,,,,,,,,,,,,,,,,,,,,,,
five_branches_False_0.5_0.1_50,True,False,,,,,,,,,,,,,,,,,,,,,,,,,,,,,
five_branches_False_0.5_0.1_70,True,False,,,,,,,,,,,,,,,,,,,,,,,,,,,,,
five_branches_False_0.5_0.1_10,True,False,,,,,,,,,,,,,,,,,,,,,,,,,,,,,
five_branches_False_0.5_0.3_30,False,False,,,,,2.2965997414946175e-95,0.5913855058733523,4.0,1.9630618822822474e-76,0.5389864335743181,1.4709936709885414e-85,-0.5654171494744681,1.797301945785999e-102,0.6088333021873783,3.8711430894675405e-108,-0.6220084763437015,0.9574593636509563,0.35372872872872874,0.8719048699658716,0.7764614494742199,1.0,0.9643133311190206,0.9333333333333333,0.9337410578994918,,,,,,
five_branches_False_0.5_0.3_50,False,False,,,,,2.2965997414946175e-95,0.5913855058733523,4.0,1.9630618822822474e-76,0.5389864335743181,1.4709936709885414e-85,-0.5654171494744681,1.797301945785999e-102,0.6088333021873783,3.8711430894675405e-108,-0.6220084763437015,0.9574593636509563,0.35372872872872874,0.8719048699658716,0.7764614494742199,1.0,0.9643133311190206,0.9333333333333333,0.9337410578994918,,,,,,
five_branches_False_0.5_0.3_70,False,False,,,,,2.2965997414946175e-95,0.5913855058733523,4.0,1.9630618822822474e-76,0.5389864335743181,1.4709936709885414e-85,-0.5654171494744681,1.797301945785999e-102,0.6088333021873783,3.8711430894675405e-108,-0.6220084763437015,0.9574593636509563,0.35372872872872874,0.8719048699658716,0.7764614494742199,1.0,0.9643133311190206,0.9333333333333333,0.9337410578994918,,,,,,
five_branches_False_0.5_0.3_10,False,False,,,,,2.2965997414946175e-95,0.5913855058733523,4.0,1.9630618822822474e-76,0.5389864335743181,1.4709936709885414e-85,-0.5654171494744681,1.797301945785999e-102,0.6088333021873783,3.8711430894675405e-108,-0.6220084763437015,0.9574593636509563,0.35372872872872874,0.8719048699658716,0.7764614494742199,1.0,0.9643133311190206,0.9333333333333333,0.9337410578994918,,,,,,
five_branches_False_0.5_0.5_30,False,False,,,,,8.262871001373334e-98,0.5975078996634694,4.0,3.149224862300815e-176,0.7429954780474037,2.073874529594116e-125,-0.6586314585751556,1.0626325837958935e-189,0.7609345188495048,1.091428895382213e-121,-0.6511544927857627,0.9706831571111454,0.3733733733733734,0.8149534359597671,0.6526412575188337,1.0,0.9544862049649669,0.9833333333333333,0.9458876578319242,,,,,,
five_branches_False_0.5_0.5_50,False,False,,,,,8.262871001373334e-98,0.5975078996634694,4.0,3.149224862300815e-176,0.7429954780474037,2.073874529594116e-125,-0.6586314585751556,1.0626325837958935e-189,0.7609345188495048,1.091428895382213e-121,-0.6511544927857627,0.9706831571111454,0.3733733733733734,0.8149534359597671,0.6526412575188337,1.0,0.9544862049649669,0.9833333333333333,0.9458876578319242,,,,,,
five_branches_False_0.5_0.5_70,False,False,,,,,8.262871001373334e-98,0.5975078996634694,4.0,3.149224862300815e-176,0.7429954780474037,2.073874529594116e-125,-0.6586314585751556,1.0626325837958935e-189,0.7609345188495048,1.091428895382213e-121,-0.6511544927857627,0.9706831571111454,0.3733733733733734,0.8149534359597671,0.6526412575188337,1.0,0.9544862049649669,0.9833333333333333,0.9458876578319242,,,,,,
five_branches_False_0.5_0.5_10,False,False,,,,,8.262871001373334e-98,0.5975078996634694,4.0,3.149224862300815e-176,0.7429954780474037,2.073874529594116e-125,-0.6586314585751556,1.0626325837958935e-189,0.7609345188495048,1.091428895382213e-121,-0.6511544927857627,0.9706831571111454,0.3733733733733734,0.8149534359597671,0.6526412575188337,1.0,0.9544862049649669,0.9833333333333333,0.9458876578319242,,,,,,
five_branches_False_0.5_0.7_30,False,False,,,,,1.642781766100583e-97,0.5967672727890222,4.0,9.53669898721591e-204,0.7780908551171073,5.1597222568524015e-87,-0.5694200861845468,6.681935380544066e-246,0.8216680136360662,1.617225082913462e-106,-0.618303252163126,0.9456624292963051,0.3385885885885886,0.8031045912258578,0.645865499675389,1.0,0.9285744940984497,0.9333333333333333,0.922764786874169,,,,,,
five_branches_False_0.5_0.7_50,False,False,,,,,1.642781766100583e-97,0.5967672727890222,4.0,9.53669898721591e-204,0.7780908551171073,5.1597222568524015e-87,-0.5694200861845468,6.681935380544066e-246,0.8216680136360662,1.617225082913462e-106,-0.618303252163126,0.9456624292963051,0.3385885885885886,0.8031045912258578,0.645865499675389,1.0,0.9285744940984497,0.9333333333333333,0.922764786874169,,,,,,
five_branches_False_0.5_0.7_70,False,False,,,,,1.642781766100583e-97,0.5967672727890222,4.0,9.53669898721591e-204,0.7780908551171073,5.1597222568524015e-87,-0.5694200861845468,6.681935380544066e-246,0.8216680136360662,1.617225082913462e-106,-0.618303252163126,0.9456624292963051,0.3385885885885886,0.8031045912258578,0.645865499675389,1.0,0.9285744940984497,0.9333333333333333,0.922764786874169,,,,,,
five_branches_False_0.5_0.7_10,False,False,,,,,1.642781766100583e-97,0.5967672727890222,4.0,9.53669898721591e-204,0.7780908551171073,5.1597222568524015e-87,-0.5694200861845468,6.681935380544066e-246,0.8216680136360662,1.617225082913462e-106,-0.618303252163126,0.9456624292963051,0.3385885885885886,0.8031045912258578,0.645865499675389,1.0,0.9285744940984497,0.9333333333333333,0.922764786874169,,,,,,
five_branches_False_0.5_0.9_30,False,False,,,,,1.2781113971140444e-78,0.5455377257339967,3.0,2.087407362731276e-06,0.14938703148201496,1.1583872306517591e-59,-0.48330745263821007,1.4051663631385132e-07,0.16553756249511883,3.499764452717856e-75,-0.5351716006930652,0.5527529219581255,0.23790457123790454,0.8386246462432889,0.6043156178676365,0.4,0.9644413398856717,0.6666666666666666,0.36297744396330706,,,,,,
five_branches_False_0.5_0.9_50,False,False,,,,,1.2781113971140444e-78,0.5455377257339967,3.0,2.087407362731276e-06,0.14938703148201496,1.1583872306517591e-59,-0.48330745263821007,1.4051663631385132e-07,0.16553756249511883,3.499764452717856e-75,-0.5351716006930652,0.5527529219581255,0.23790457123790454,0.8386246462432889,0.6043156178676365,0.4,0.9644413398856717,0.6666666666666666,0.36297744396330706,,,,,,
five_branches_False_0.5_0.9_70,False,False,,,,,1.2781113971140444e-78,0.5455377257339967,3.0,2.087407362731276e-06,0.14938703148201496,1.1583872306517591e-59,-0.48330745263821007,1.4051663631385132e-07,0.16553756249511883,3.499764452717856e-75,-0.5351716006930652,0.5527529219581255,0.23790457123790454,0.8386246462432889,0.6043156178676365,0.4,0.9644413398856717,0.6666666666666666,0.36297744396330706,,,,,,
five_branches_False_0.5_0.9_10,False,False,,,,,1.2781113971140444e-78,0.5455377257339967,3.0,2.087407362731276e-06,0.14938703148201496,1.1583872306517591e-59,-0.48330745263821007,1.4051663631385132e-07,0.16553756249511883,3.499764452717856e-75,-0.5351716006930652,0.5527529219581255,0.23790457123790454,0.8386246462432889,0.6043156178676365,0.4,0.9644413398856717,0.6666666666666666,0.36297744396330706,,,,,,
five_branches_False_0.7_0.1_30,True,False,,,,,,,,,,,,,,,,,,,,,,,,,,,,,
five_branches_False_0.7_0.1_50,True,False,,,,,,,,,,,,,,,,,,,,,,,,,,,,,
five_branches_False_0.7_0.1_70,True,False,,,,,,,,,,,,,,,,,,,,,,,,,,,,,
five_branches_False_0.7_0.1_10,True,False,,,,,,,,,,,,,,,,,,,,,,,,,,,,,
five_branches_False_0.7_0.3_30,False,False,,,,,1.0431079212746728e-166,0.7293437770304843,4.0,3.648568252621185e-261,0.834997620920045,5.980946064276974e-191,-0.762522175142382,5.823560607386834e-246,0.8217224486268037,6.572623370444666e-177,-0.743939178628807,0.9716031493184029,0.36486486486486486,0.8463223053214577,0.693310920624034,1.0,0.9629914457877249,0.9833333333333333,0.9410928303437022,,,,,,
five_branches_False_0.7_0.3_50,False,False,,,,,1.0431079212746728e-166,0.7293437770304843,4.0,3.648568252621185e-261,0.834997620920045,5.980946064276974e-191,-0.762522175142382,5.823560607386834e-246,0.8217224486268037,6.572623370444666e-177,-0.743939178628807,0.9716031493184029,0.36486486486486486,0.8463223053214577,0.693310920624034,1.0,0.9629914457877249,0.9833333333333333,0.9410928303437022,,,,,,
five_branches_False_0.7_0.3_70,False,False,,,,,1.0431079212746728e-166,0.7293437770304843,4.0,3.648568252621185e-261,0.834997620920045,5.980946064276974e-191,-0.762522175142382,5.823560607386834e-246,0.8217224486268037,6.572623370444666e-177,-0.743939178628807,0.9716031493184029,0.36486486486486486,0.8463223053214577,0.693310920624034,1.0,0.9629914457877249,0.9833333333333333,0.9410928303437022,,,,,,
five_branches_False_0.7_0.3_10,False,False,,,,,1.0431079212746728e-166,0.7293437770304843,4.0,3.648568252621185e-261,0.834997620920045,5.980946064276974e-191,-0.762522175142382,5.823560607386834e-246,0.8217224486268037,6.572623370444666e-177,-0.743939178628807,0.9716031493184029,0.36486486486486486,0.8463223053214577,0.693310920624034,1.0,0.9629914457877249,0.9833333333333333,0.9410928303437022,,,,,,
five_branches_False_0.7_0.5_30,False,False,,,,,1.8665633049878948e-89,0.5760161425554903,4.0,2.5405967244033454e-129,0.6662667475562674,3.0886100296445296e-63,-0.49606783707892554,1.0878339752679507e-176,0.7436361564523085,2.8921744082129663e-94,-0.5885860634780011,0.9615672566451622,0.378003003003003,0.8338858702694334,0.753987373902893,1.0,0.9689467877718272,0.925,0.9538432376918639,,,,,,
five_branches_False_0.7_0.5_50,False,False,,,,,1.8665633049878948e-89,0.5760161425554903,4.0,2.5405967244033454e-129,0.6662667475562674,3.0886100296445296e-63,-0.49606783707892554,1.0878339752679507e-176,0.7436361564523085,2.8921744082129663e-94,-0.5885860634780011,0.9615672566451622,0.378003003003003,0.8338858702694334,0.753987373902893,1.0,0.9689467877718272,0.925,0.9538432376918639,,,,,,
five_branches_False_0.7_0.5_70,False,False,,,,,1.8665633049878948e-89,0.5760161425554903,4.0,2.5405967244033454e-129,0.6662667475562674,3.0886100296445296e-63,-0.49606783707892554,1.0878339752679507e-176,0.7436361564523085,2.8921744082129663e-94,-0.5885860634780011,0.9615672566451622,0.378003003003003,0.8338858702694334,0.753987373902893,1.0,0.9689467877718272,0.925,0.9538432376918639,,,,,,
five_branches_False_0.7_0.5_10,False,False,,,,,1.8665633049878948e-89,0.5760161425554903,4.0,2.5405967244033454e-129,0.6662667475562674,3.0886100296445296e-63,-0.49606783707892554,1.0878339752679507e-176,0.7436361564523085,2.8921744082129663e-94,-0.5885860634780011,0.9615672566451622,0.378003003003003,0.8338858702694334,0.753987373902893,1.0,0.9689467877718272,0.925,0.9538432376918639,,,,,,
five_branches_False_0.7_0.7_30,False,False,,,,,0.0,0.8957312090514219,2.0,1.0688763603001537e-11,0.21273821687510336,1.6909297703910956e-150,-0.7040066322157559,2.9679035035611787e-54,0.46290927574080293,0.0,-0.8946327533463003,0.6115927877067551,0.37012012012012013,0.9662579072239912,0.8838092586259997,0.4,0.9815687071494796,1.0,0.3563434048939583,,,,,,
five_branches_False_0.7_0.7_50,False,False,,,,,0.0,0.8957312090514219,2.0,1.0688763603001537e-11,0.21273821687510336,1.6909297703910956e-150,-0.7040066322157559,2.9679035035611787e-54,0.46290927574080293,0.0,-0.8946327533463003,0.6115927877067551,0.37012012012012013,0.9662579072239912,0.8838092586259997,0.4,0.9815687071494796,1.0,0.3563434048939583,,,,,,
five_branches_False_0.7_0.7_70,False,False,,,,,0.0,0.8957312090514219,2.0,1.0688763603001537e-11,0.21273821687510336,1.6909297703910956e-150,-0.7040066322157559,2.9679035035611787e-54,0.46290927574080293,0.0,-0.8946327533463003,0.6115927877067551,0.37012012012012013,0.9662579072239912,0.8838092586259997,0.4,0.9815687071494796,1.0,0.3563434048939583,,,,,,
five_branches_False_0.7_0.7_10,False,False,,,,,0.0,0.8957312090514219,2.0,1.0688763603001537e-11,0.21273821687510336,1.6909297703910956e-150,-0.7040066322157559,2.9679035035611787e-54,0.46290927574080293,0.0,-0.8946327533463003,0.6115927877067551,0.37012012012012013,0.9662579072239912,0.8838092586259997,0.4,0.9815687071494796,1.0,0.3563434048939583,,,,,,
five_branches_False_0.7_0.9_30,False,False,,,,,1.846793477333391e-14,0.23903655098385154,3.0,4.551211598081784e-39,-0.3968753183717684,2.449330881084997e-28,-0.33914208272873875,0.027677809413122284,-0.06963032458208666,2.297311385801104e-14,-0.23818573999419515,0.5520326378224325,0.12362362362362363,0.943478225432046,0.8911748377043928,0.4,0.9777412232317747,0.6666666666666666,0.35617740272586296,,,,,,
five_branches_False_0.7_0.9_50,False,False,,,,,1.846793477333391e-14,0.23903655098385154,3.0,4.551211598081784e-39,-0.3968753183717684,2.449330881084997e-28,-0.33914208272873875,0.027677809413122284,-0.06963032458208666,2.297311385801104e-14,-0.23818573999419515,0.5520326378224325,0.12362362362362363,0.943478225432046,0.8911748377043928,0.4,0.9777412232317747,0.6666666666666666,0.35617740272586296,,,,,,
five_branches_False_0.7_0.9_70,False,False,,,,,1.846793477333391e-14,0.23903655098385154,3.0,4.551211598081784e-39,-0.3968753183717684,2.449330881084997e-28,-0.33914208272873875,0.027677809413122284,-0.06963032458208666,2.297311385801104e-14,-0.23818573999419515,0.5520326378224325,0.12362362362362363,0.943478225432046,0.8911748377043928,0.4,0.9777412232317747,0.6666666666666666,0.35617740272586296,,,,,,
five_branches_False_0.7_0.9_10,False,False,,,,,1.846793477333391e-14,0.23903655098385154,3.0,4.551211598081784e-39,-0.3968753183717684,2.449330881084997e-28,-0.33914208272873875,0.027677809413122284,-0.06963032458208666,2.297311385801104e-14,-0.23818573999419515,0.5520326378224325,0.12362362362362363,0.943478225432046,0.8911748377043928,0.4,0.9777412232317747,0.6666666666666666,0.35617740272586296,,,,,,
five_branches_False_0.9_0.1_30,True,False,,,,,,,,,,,,,,,,,,,,,,,,,,,,,
five_branches_False_0.9_0.1_50,True,False,,,,,,,,,,,,,,,,,,,,,,,,,,,,,
five_branches_False_0.9_0.1_70,True,False,,,,,,,,,,,,,,,,,,,,,,,,,,,,,
five_branches_False_0.9_0.1_10,True,False,,,,,,,,,,,,,,,,,,,,,,,,,,,,,
five_branches_False_0.9_0.3_30,True,False,,,,,,,,,,,,,,,,,,,,,,,,,,,,,
five_branches_False_0.9_0.3_50,True,False,,,,,,,,,,,,,,,,,,,,,,,,,,,,,
five_branches_False_0.9_0.3_70,True,False,,,,,,,,,,,,,,,,,,,,,,,,,,,,,
five_branches_False_0.9_0.3_10,True,False,,,,,,,,,,,,,,,,,,,,,,,,,,,,,
five_branches_False_0.9_0.5_30,True,False,,,,,,,,,,,,,,,,,,,,,,,,,,,,,
five_branches_False_0.9_0.5_50,True,False,,,,,,,,,,,,,,,,,,,,,,,,,,,,,
five_branches_False_0.9_0.5_70,True,False,,,,,,,,,,,,,,,,,,,,,,,,,,,,,
five_branches_False_0.9_0.5_10,True,False,,,,,,,,,,,,,,,,,,,,,,,,,,,,,
five_branches_False_0.9_0.7_30,False,False,,,,,5.85949281397606e-41,0.40594246550345947,4.0,1.650464715985788e-61,0.4899663474869363,1.3687200842190536e-23,-0.3091632272262081,3.487725449778648e-76,0.538229229096885,1.4429062371996638e-44,-0.42251229159799153,0.9651176676505254,0.3442192192192192,0.7079772420214877,0.665949751593216,1.0,0.9548470910192588,0.975,0.9319285546565167,,,,,,
five_branches_False_0.9_0.7_50,False,False,,,,,5.85949281397606e-41,0.40594246550345947,4.0,1.650464715985788e-61,0.4899663474869363,1.3687200842190536e-23,-0.3091632272262081,3.487725449778648e-76,0.538229229096885,1.4429062371996638e-44,-0.42251229159799153,0.9651176676505254,0.3442192192192192,0.7079772420214877,0.665949751593216,1.0,0.9548470910192588,0.975,0.9319285546565167,,,,,,
five_branches_False_0.9_0.7_70,False,False,,,,,5.85949281397606e-41,0.40594246550345947,4.0,1.650464715985788e-61,0.4899663474869363,1.3687200842190536e-23,-0.3091632272262081,3.487725449778648e-76,0.538229229096885,1.4429062371996638e-44,-0.42251229159799153,0.9651176676505254,0.3442192192192192,0.7079772420214877,0.665949751593216,1.0,0.9548470910192588,0.975,0.9319285546565167,,,,,,
five_branches_False_0.9_0.7_10,False,False,,,,,5.85949281397606e-41,0.40594246550345947,4.0,1.650464715985788e-61,0.4899663474869363,1.3687200842190536e-23,-0.3091632272262081,3.487725449778648e-76,0.538229229096885,1.4429062371996638e-44,-0.42251229159799153,0.9651176676505254,0.3442192192192192,0.7079772420214877,0.665949751593216,1.0,0.9548470910192588,0.975,0.9319285546565167,,,,,,
five_branches_False_0.9_0.9_30,True,False,,,,,,,,,,,,,,,,,,,,,,,,,,,,,
five_branches_False_0.9_0.9_50,True,False,,,,,,,,,,,,,,,,,,,,,,,,,,,,,
five_branches_False_0.9_0.9_70,True,False,,,,,,,,,,,,,,,,,,,,,,,,,,,,,
five_branches_False_0.9_0.9_10,True,False,,,,,,,,,,,,,,,,,,,,,,,,,,,,,
