barcode,ClonalGroup,erythroid,hsc,intermediate,lymphoid,megakaryocyte,myeloid
GCAATGTTCCAAACAC-1,19.0,0.0,0.0,0.0,1.0,0.0,0.0
GGAACCACAATCGCAC-3,32.0,0.0,0.0,0.0,0.0,1.0,0.0
TTGGTGAGTGAGCAAG-3,25.0,1.0,0.0,0.0,0.0,0.0,0.0
TTACCGTGTCACAGCG-3,19.0,0.28880190709864184,,,0.19477936981053914,0.2980900086334725,0.21832871445734645
TGTCAGTAGGTGTCCA-3,13.0,1.0,0.0,0.0,0.0,0.0,0.0
AAAGCCGCAGTCTAGC-1,11.0,0.0,0.0,0.0,1.0,0.0,0.0
ATACCGGTCAAGTGTC-3,35.0,0.2399263636153897,0.0,0.0,0.17564806529159285,0.22166609309080135,0.362759478002216
TGACTTAAGTAGGCGG-3,3.0,0.0,0.0,0.0,0.0,1.0,0.0
AAGCTATGTTGCGTAA-3,29.0,0.31074906515307005,,,0.233016360882147,0.22003051032240445,0.2362040636423785
GCCAGGTTCACGCATG-3,18.0,1.0,0.0,0.0,0.0,0.0,0.0
CAAGGCTGTTTGACCT-3,27.0,0.0,0.0,0.0,0.0,1.0,0.0
AGCTAAACAGTACCGT-1,34.0,0.0,0.0,0.0,1.0,0.0,0.0
CAAAGCGCACATACTG-1,33.0,0.0,0.0,0.0,1.0,0.0,0.0
ATAGATGCACGAACAG-3,14.0,0.25490642483705084,,,0.203860627012991,0.27543380527416844,0.2657991428757897
CTATGATCATCCAGGT-1,3.0,0.0,0.0,0.0,0.0,0.0,1.0
CGTTATTTCGTTTCGC-3,34.0,1.0,0.0,0.0,0.0,0.0,0.0
GCGGAACCATTATGCG-3,15.0,0.25404889456095253,,,0.3994002521455771,0.19749238598555172,0.14905846730791872
GTCAGGCTCGGGACCT-1,25.0,0.0,0.0,0.0,1.0,0.0,0.0
AAGCAAGTCCGCAAAT-1,4.0,0.0,0.0,0.0,1.0,0.0,0.0
TATCGCGAGTTGGGCC-2,17.0,0.28041555117654665,0.0,0.0,0.21377517180417943,0.21373583317818393,0.29207344384108996
AAAGCACCAGTAAGTA-3,17.0,0.28041555117654665,,,0.21377517180417943,0.21373583317818393,0.29207344384108996
ATTACTGAGACACTTA-3,35.0,1.0,0.0,0.0,0.0,0.0,0.0
GCGATTTAGAAAGCAT-1,18.0,0.0,0.0,0.0,1.0,0.0,0.0
ATTGGCTAGGAGCACG-3,15.0,0.25404889456095253,0.0,0.0,0.3994002521455771,0.19749238598555172,0.14905846730791872
GCGGTTGGTTGTTGCT-2,13.0,0.2379245460670892,,,0.33034621848395457,0.2084468038321267,0.22328243161682945
TCCGGTTTCCTAGTCC-3,15.0,0.25404889456095253,,,0.3994002521455771,0.19749238598555172,0.14905846730791872
CTAACCTGTCCTAACT-2,16.0,0.19281102196304184,,,0.24608965471250854,0.23107341591095565,0.33002590741349397
AAGTGCAAGGCACAGG-3,3.0,0.0,0.0,0.0,0.0,1.0,0.0
CTTAAGGGTTGCTGGG-2,34.0,0.0,0.0,0.0,0.0,0.0,1.0
GAGAAACGTTCGCTTG-2,11.0,0.26017380928088074,,,0.3107460265472086,0.2228172513789396,0.20626291279297101
CATAAGCTCGGTTTCC-2,21.0,1.0,0.0,0.0,0.0,0.0,0.0
AGTAAACAGACAAAGT-2,14.0,0.0,0.0,0.0,1.0,0.0,0.0
GGATGAATCGATTCTT-2,6.0,0.0,0.0,0.0,1.0,0.0,0.0
GGTAAACCATGTCAAT-1,13.0,0.0,0.0,0.0,1.0,0.0,0.0
TTGTCCATCATGGTTA-1,1.0,1.0,0.0,0.0,0.0,0.0,0.0
ATGTGAGAGCACAGGG-1,24.0,0.0,0.0,0.0,1.0,0.0,0.0
GCAGGAAGTTTGCAGA-2,15.0,0.0,0.0,0.0,1.0,0.0,0.0
AGGTGAGGTTTGCAGA-3,29.0,0.31074906515307005,,,0.233016360882147,0.22003051032240445,0.2362040636423785
TCTTGACGTTGCAATG-3,4.0,1.0,0.0,0.0,0.0,0.0,0.0
CCTAAGTAGCTTGCTC-1,7.0,0.0,0.0,0.0,1.0,0.0,0.0
CCTCAGTTCGGTTTGG-2,37.0,0.20128514823309865,0.0,0.0,0.0,0.36757297923571886,0.4311418725311825
AGCTATATCGTTACAA-3,33.0,0.25254537146409556,,,0.23028304051452006,0.2665285948922042,0.25064299312918015
TGGCCTGCAAACTGTT-3,13.0,0.2379245460670892,,,0.33034621848395457,0.2084468038321267,0.22328243161682945
TAGCCTGAGCTACTGG-3,3.0,0.2510908928836586,,,0.23769248350866462,0.29944475183729763,0.2117718717703792
TTAAGTGTCTAGCGAT-3,4.0,0.2789549502429366,,,0.1885732419812842,0.21961014244052887,0.31286166533525034
AGGAACCAGCAGGTGG-3,4.0,0.0,0.0,0.0,0.0,0.0,1.0
CATCCTGGTCAAAGAA-2,32.0,0.23501474983514806,,,0.36169219852304807,0.23220664506324848,0.1710864065785554
ATTAGTCCAGTTAAAG-1,11.0,0.0,0.0,0.0,1.0,0.0,0.0
GTTACGTAGTTATTCC-3,5.0,0.0,0.0,0.0,0.0,1.0,0.0
ACGCCACAGAACAAGT-1,31.0,1.0,0.0,0.0,0.0,0.0,0.0
ACCAAGCGTCTTGCAT-1,10.0,0.0,0.0,0.0,0.0,0.0,1.0
TTAAAGGCAGGCAAGC-3,3.0,0.2510908928836586,,,0.23769248350866462,0.29944475183729763,0.2117718717703792
GTACTAATCGCAAACT-3,28.0,0.0,0.0,0.0,0.0,1.0,0.0
CCAGTTTGTCAGTAAT-1,8.0,1.0,0.0,0.0,0.0,0.0,0.0
ACACCTTGTGTGAGGA-3,9.0,0.0,0.0,0.0,0.0,0.0,1.0
GGTAATTGTAATGACT-2,13.0,0.2379245460670892,,,0.33034621848395457,0.2084468038321267,0.22328243161682945
ACCTTCATCCGTCCAT-3,31.0,0.0,0.0,0.0,0.0,1.0,0.0
GTTCCCAGTGCTCACC-3,27.0,0.2659503422898086,,,0.3090767064839525,0.2252336567198111,0.1997392945064278
CGCCAAATCTCCTCTT-3,32.0,1.0,0.0,0.0,0.0,0.0,0.0
GTGGATGCAGGATGGC-3,6.0,0.0,0.0,0.0,0.0,1.0,0.0
GGTTGCATCGGGATTT-2,32.0,0.0,0.0,0.0,1.0,0.0,0.0
CACTGACCATCACAGC-3,4.0,0.2789549502429366,,,0.1885732419812842,0.21961014244052887,0.31286166533525034
ACATCATCAAGGTAAC-2,14.0,0.25490642483705084,0.0,0.0,0.203860627012991,0.27543380527416844,0.2657991428757897
AGCAACAAGCTTAACA-2,31.0,0.0,0.0,0.0,1.0,0.0,0.0
TACCCGGCATGCAACC-3,35.0,1.0,0.0,0.0,0.0,0.0,0.0
CTCCAACTCTCACTAT-1,15.0,0.0,0.0,0.0,1.0,0.0,0.0
AAACGGATCTCCTCTT-3,20.0,1.0,0.0,0.0,0.0,0.0,0.0
TTATCCGTCTTAGGGT-2,27.0,0.0,0.0,0.0,0.6074429771908764,0.0,0.3925570228091237
TCTTAGCGTCCTTTAA-3,10.0,1.0,0.0,0.0,0.0,0.0,0.0
ACCAGGCTCCGCAAAT-2,22.0,0.0,0.0,0.0,1.0,0.0,0.0
AATCCGTAGTTAGCCG-1,9.0,0.0,0.0,0.0,1.0,0.0,0.0
GCACGCTAGGCATTAC-2,3.0,0.2510908928836586,0.0,0.0,0.23769248350866462,0.29944475183729763,0.2117718717703792
TTTAAGGTCTAACTGA-1,29.0,0.0,0.0,0.0,1.0,0.0,0.0
GCACCTAAGGGACCTC-1,28.0,0.0,0.0,0.0,1.0,0.0,0.0
CGGAGTCTCACTTTAC-1,23.0,0.0,0.0,0.0,1.0,0.0,0.0
CTGGATGTCTCGCCTG-3,28.0,0.24355764626440804,0.0,0.0,0.2713230524219713,0.21916108471229478,0.2659582166013259
TTCTTAGGTGTGCACG-1,25.0,0.0,0.0,0.0,0.0,0.0,1.0
GCTCTGGCATATTGAC-1,24.0,0.0,0.0,0.0,1.0,0.0,0.0
TGTCCTTCAGTAATAG-1,35.0,0.0,0.0,0.0,1.0,0.0,0.0
GGAACGGTCATGTCAA-1,12.0,0.0,0.0,0.0,1.0,0.0,0.0
TTTAAGCCACCTGCCT-2,16.0,0.0,0.0,0.0,0.0,0.0,1.0
AATCATGTCGGGACTC-1,16.0,0.0,0.0,0.0,1.0,0.0,0.0
GGAACCTGTCCAAGAC-3,4.0,0.2789549502429366,,,0.1885732419812842,0.21961014244052887,0.31286166533525034
GCAGGCTTCCTCCCTC-3,15.0,1.0,0.0,0.0,0.0,0.0,0.0
CCAAGTTAGGCATGTT-3,14.0,1.0,0.0,0.0,0.0,0.0,0.0
TGCTTCATCTGCAAAC-3,34.0,0.23141187017972628,0.0,0.0,0.21203187960198364,0.23517958103089368,0.32137666918739655
CGAGTCGGTCTATCGT-3,9.0,0.25657805136510725,,,0.19608879238864382,0.26842478255731234,0.2789083736889367
CAAACATGTTAGGATT-3,9.0,0.25657805136510725,0.0,0.0,0.19608879238864382,0.26842478255731234,0.2789083736889367
TGTTGTGCAATCGCAC-1,13.0,0.0,0.0,0.0,1.0,0.0,0.0
TTTAAGGTCTTGCAAA-3,9.0,1.0,0.0,0.0,0.0,0.0,0.0
ATCCCGCGTTGCACGG-1,13.0,0.0,0.0,0.0,1.0,0.0,0.0
GCATTGCCACAGACTC-3,5.0,0.25007613426230707,0.0,0.0,0.2764713286099489,0.24316603374735998,0.23028650338038426
CGGACCTAGTAACGGA-2,4.0,0.2789549502429366,0.0,0.0,0.1885732419812842,0.21961014244052887,0.31286166533525034
GGCTGTCAGGTTACAC-2,19.0,0.28880190709864184,0.0,0.0,0.19477936981053914,0.2980900086334725,0.21832871445734645
CCACAGGGTGGTGAGA-2,14.0,0.25490642483705084,,,0.203860627012991,0.27543380527416844,0.2657991428757897
AGAAGGTGTGTTAAAC-3,4.0,0.0,0.0,0.0,0.0,1.0,0.0
AATACCGGTATTGAGT-3,12.0,0.22393288850727908,,,0.21148179656914845,0.3491266157595441,0.21545869916402838
CTAAATGTCCTGATTT-2,26.0,0.0,0.0,0.0,0.4980813507290867,0.0,0.5019186492709132
AAAGGAGCATAGCGAG-3,6.0,1.0,0.0,0.0,0.0,0.0,0.0
TAGTGGCGTGGAAACG-1,11.0,1.0,0.0,0.0,0.0,0.0,0.0
GGCAGGATCCTGATTT-1,28.0,0.0,0.0,0.0,1.0,0.0,0.0
GCATGAGCAGCTTAAT-3,4.0,0.2789549502429366,,,0.1885732419812842,0.21961014244052887,0.31286166533525034
ACTCGCTTCCCGCATT-3,14.0,0.25490642483705084,,,0.203860627012991,0.27543380527416844,0.2657991428757897
GCCTTTATCCTCCTAA-2,20.0,1.0,0.0,0.0,0.0,0.0,0.0
AATTTGCCAAGACTCC-2,15.0,0.0,0.0,0.0,0.7282229965156795,0.0,0.27177700348432055
AGGCAGGTCCAACTGG-1,13.0,0.0,0.0,0.0,0.0,0.0,1.0
ATGTTCAAGCTAAAGG-3,17.0,0.28041555117654665,,,0.21377517180417943,0.21373583317818393,0.29207344384108996
CTTGCTCAGGCAAGTA-3,21.0,0.0,0.0,0.0,0.0,1.0,0.0
GTCATGCCAGTAAAGC-1,31.0,0.0,0.0,0.0,1.0,0.0,0.0
ACAGTATGTCTAACAG-3,15.0,0.25404889456095253,,,0.3994002521455771,0.19749238598555172,0.14905846730791872
TCAACAATCTATGACA-3,13.0,0.0,0.0,0.0,0.0,1.0,0.0
TACGTACAGTTAACCA-1,8.0,0.0,0.0,0.0,1.0,0.0,0.0
GTAAGCTTCTAACTGA-1,28.0,0.0,0.0,0.0,1.0,0.0,0.0
ATTGTGATCACATTGA-3,20.0,0.2878720949445188,0.0,0.0,0.0,0.4219601793697779,0.29016772568570315
GCGCCTTGTTACATCC-1,32.0,0.0,0.0,0.0,1.0,0.0,0.0
GTCATCCTCATTAGGC-1,18.0,1.0,0.0,0.0,0.0,0.0,0.0
CAAGAACCAGCACGTT-3,15.0,0.0,0.0,0.0,0.0,1.0,0.0
ACGAATCTCTGTGCCT-1,16.0,0.0,0.0,0.0,1.0,0.0,0.0
AGAAGGTGTGGATGTC-3,10.0,0.0,0.0,0.0,0.0,0.0,1.0
GTTCATTTCTTGTCTG-3,19.0,0.28880190709864184,,,0.19477936981053914,0.2980900086334725,0.21832871445734645
GCTGTGCAGGGACCTC-2,36.0,0.0,0.0,0.0,1.0,0.0,0.0
GGACCTCAGACTTACA-2,3.0,0.0,0.0,0.0,0.0,0.0,1.0
GACGCAACAAGATTCT-1,16.0,0.0,0.0,0.0,1.0,0.0,0.0
GCAAGTGCAGCTCATA-3,18.0,0.23638071763888321,0.0,0.0,0.28964209218552694,0.2590708442645409,0.21490634591104896
GCGGAACCACCTGCTC-1,12.0,0.0,0.0,0.0,1.0,0.0,0.0
GCGCGATTCCCTCATA-3,8.0,0.0,0.0,0.0,0.0,1.0,0.0
GTCTAATCATTGGGAG-3,2.0,1.0,0.0,0.0,0.0,0.0,0.0
CGCTAACCATTTGCTC-1,29.0,0.0,0.0,0.0,1.0,0.0,0.0
GGAACAATCCGTCCAT-3,15.0,0.0,0.0,0.0,0.0,1.0,0.0
GTACAATGTCGCGCAA-1,12.0,1.0,0.0,0.0,0.0,0.0,0.0
GCACCTAAGCCGCAGT-1,34.0,0.0,0.0,0.0,1.0,0.0,0.0
CTCGACAAGAAGGTGC-3,5.0,0.25007613426230707,0.0,0.0,0.2764713286099489,0.24316603374735998,0.23028650338038426
CAGGTGGAGTCAATCA-3,27.0,0.2659503422898086,,,0.3090767064839525,0.2252336567198111,0.1997392945064278
ATTGTGATCATTGCAA-2,15.0,0.0,0.0,0.0,0.7282229965156795,0.0,0.27177700348432055
GATGGACAGGAGCACG-3,1.0,0.2431277739439729,0.0,0.0,0.27520525106868904,0.22514867316661977,0.2565183018207184
CGGTTTGAGGGATGAC-1,13.0,0.0,0.0,0.0,1.0,0.0,0.0
ATTATGGTCATTTGTC-3,1.0,1.0,0.0,0.0,0.0,0.0,0.0
TGACTTCGTACGGTAC-1,14.0,0.0,0.0,0.0,1.0,0.0,0.0
AATCATGTCTTGAGCG-3,9.0,1.0,0.0,0.0,0.0,0.0,0.0
GAACCGCTCATGGCCA-3,2.0,1.0,0.0,0.0,0.0,0.0,0.0
CGTGCTTTCCCGTTGT-3,15.0,1.0,0.0,0.0,0.0,0.0,0.0
TACGTACAGCTGAGGG-3,12.0,0.22393288850727908,0.0,0.0,0.21148179656914845,0.3491266157595441,0.21545869916402838
GGAGCGATCTTAATGG-1,35.0,0.0,0.0,0.0,1.0,0.0,0.0
GGCTTCAAGTTAGTTG-1,13.0,0.0,0.0,0.0,1.0,0.0,0.0
TACCAGGTCTACTAAG-1,8.0,0.0,0.0,0.0,1.0,0.0,0.0
ATCATGTCATGCTTAG-3,23.0,0.0,0.0,0.0,0.0,1.0,0.0
AACATCATCGCTTGCT-1,31.0,0.0,0.0,0.0,1.0,0.0,0.0
ATCGCCCGTAAGCTCA-3,11.0,0.0,0.0,0.0,0.0,1.0,0.0
GACCTGCAGTAACGAG-3,24.0,1.0,0.0,0.0,0.0,0.0,0.0
AATGTCCAGCTCGCTT-2,10.0,0.0,0.0,0.0,1.0,0.0,0.0
GCCCAAATCTGCAAAC-1,33.0,0.0,0.0,0.0,1.0,0.0,0.0
AGACAATAGGGCTTTG-1,8.0,0.0,0.0,0.0,1.0,0.0,0.0
AACTGTTCATTGCAGC-2,33.0,0.0,0.0,0.0,0.0,0.0,1.0
GGGATTAAGTTGTCCC-3,21.0,1.0,0.0,0.0,0.0,0.0,0.0
AGCTAACTCATTGACA-3,22.0,0.0,0.0,0.0,0.0,0.0,1.0
ATGCAAACACCTCAGG-2,10.0,0.0,0.0,0.0,0.0,1.0,0.0
GGTTGACGTTTGGCTT-3,6.0,0.3581736313654754,0.0,0.0,0.0,0.3578702829113801,0.28395608572314446
TCTTGACGTCCTAACT-1,23.0,0.0,0.0,0.0,0.0,0.0,1.0
CATTATCTCCCTTGCG-2,15.0,0.0,0.0,0.0,0.7282229965156795,0.0,0.27177700348432055
AGCCGGTTCTACCTGC-2,19.0,0.3586618328826094,0.0,0.0,0.0,0.37019668579943704,0.2711414813179535
ATTATGGTCTCCATAT-2,22.0,1.0,0.0,0.0,0.0,0.0,0.0
CTAAGGTTCTTGTCTG-1,9.0,0.0,0.0,0.0,1.0,0.0,0.0
AATGAAGGTGCTAGCG-2,2.0,0.0,0.0,0.0,0.5508575246863168,0.0,0.4491424753136833
TTTGTGGCAACTAGCC-3,18.0,0.23638071763888321,,,0.28964209218552694,0.2590708442645409,0.21490634591104896
AAGCAAGTCCACCTGT-3,4.0,1.0,0.0,0.0,0.0,0.0,0.0
ATCCCGCGTCCGCTGT-2,12.0,0.0,0.0,0.0,0.0,0.0,1.0
CAACAGGCATAAGTTC-1,6.0,0.0,0.0,0.0,1.0,0.0,0.0
TGAGCCGGTTAGAGCC-2,23.0,1.0,0.0,0.0,0.0,0.0,0.0
ACGAGTAAGGATGATG-1,15.0,0.0,0.0,0.0,1.0,0.0,0.0
CAGTACCCACCATATG-3,3.0,0.0,0.0,0.0,0.0,1.0,0.0
CGAAGCGAGCGGCTGT-2,15.0,0.0,0.0,0.0,1.0,0.0,0.0
ATCCGTGAGTTGCGTG-1,15.0,0.0,0.0,0.0,1.0,0.0,0.0
TGACTTCGTAAGCACC-3,19.0,0.28880190709864184,,,0.19477936981053914,0.2980900086334725,0.21832871445734645
ACAGGAATCGGGCCAT-3,8.0,1.0,0.0,0.0,0.0,0.0,0.0
AATTAGGCACTCGCTC-1,5.0,0.0,0.0,0.0,1.0,0.0,0.0
CTGGATGTCAATCTAG-2,28.0,0.24355764626440804,,,0.2713230524219713,0.21916108471229478,0.2659582166013259
CCGCTAGCAGTTTGGC-1,1.0,1.0,0.0,0.0,0.0,0.0,0.0
CGTTAGTAGACTATTG-2,4.0,0.0,0.0,0.0,0.0,0.0,1.0
TGCTTCCAGCGTGCGT-1,5.0,0.0,0.0,0.0,1.0,0.0,0.0
GACTTAGGTTTAGCTC-2,12.0,0.22393288850727908,,,0.21148179656914845,0.3491266157595441,0.21545869916402838
ATCATGTCATCGTTCT-3,29.0,0.31074906515307005,,,0.233016360882147,0.22003051032240445,0.2362040636423785
ACCTTGCTCCAAACAC-1,16.0,0.0,0.0,0.0,0.0,0.0,1.0
CGGACAACACCCACCT-2,29.0,0.31074906515307005,,,0.233016360882147,0.22003051032240445,0.2362040636423785
GTACACCCAGCTAATT-3,22.0,0.22299113408910365,,,0.2286831626631811,0.3006206801642622,0.24770502308345307
GGCCGTTAGGCGGATG-2,2.0,0.0,0.0,0.0,1.0,0.0,0.0
CCTTAGTGTCCTAATC-2,17.0,0.0,0.0,0.0,1.0,0.0,0.0
AACCTTAAGATGCCTG-2,3.0,0.2510908928836586,,,0.23769248350866462,0.29944475183729763,0.2117718717703792
CTTCTCAAGGATTGAG-3,14.0,0.25490642483705084,,,0.203860627012991,0.27543380527416844,0.2657991428757897
GAGGTACAGCACAGCC-1,1.0,0.0,0.0,0.0,1.0,0.0,0.0
TGAGAACCACGAATTT-3,22.0,0.22299113408910365,,,0.2286831626631811,0.3006206801642622,0.24770502308345307
ATGACCAGTTGTAAAC-2,9.0,0.0,0.0,0.0,0.4128209732447477,0.0,0.5871790267552524
GGTACCGGTCTTACTA-3,18.0,0.23638071763888321,,,0.28964209218552694,0.2590708442645409,0.21490634591104896
AGCTCATAGGCCAATT-1,9.0,1.0,0.0,0.0,0.0,0.0,0.0
GATGCGACATAATCGT-2,24.0,0.21845905187174444,0.0,0.0,0.2480843926368116,0.19755649681913243,0.33590005867231154
TGCACCTTCAGGCTAT-3,9.0,0.0,0.0,0.0,0.0,1.0,0.0
AATGCATGTTCGCTCA-3,20.0,1.0,0.0,0.0,0.0,0.0,0.0
AATTACCCAAGCTTTG-1,8.0,0.0,0.0,0.0,1.0,0.0,0.0
CATAAGCTCATAGCCG-2,27.0,0.2659503422898086,0.0,0.0,0.3090767064839525,0.2252336567198111,0.1997392945064278
ATGGCTAGTGGATGTC-3,7.0,0.0,0.0,0.0,0.0,1.0,0.0
GCCTTTGGTTTATCTG-1,15.0,0.0,0.0,0.0,1.0,0.0,0.0
TTTGACCGTGCTCCAC-3,36.0,0.2461747580345537,,,0.1850283944180879,0.27103139859455855,0.2977654489527998
ATTCCGGAGGCACAGG-2,26.0,0.0,0.0,0.0,1.0,0.0,0.0
TAGCTAATCATTATGG-2,31.0,1.0,0.0,0.0,0.0,0.0,0.0
AGATGCTTCGCGCTAA-1,3.0,0.0,0.0,0.0,1.0,0.0,0.0
CCATTGTGTGTTTGTC-2,29.0,0.31074906515307005,,,0.233016360882147,0.22003051032240445,0.2362040636423785
TGAGCACGTTTAGCGA-3,34.0,0.0,0.0,0.0,0.0,1.0,0.0
CTATGGCCATCCGTAA-3,31.0,0.24483511612846504,,,0.34550975661796685,0.2764681959007302,0.13318693135283804
GGCGGTTTCGATTATG-1,6.0,0.0,0.0,0.0,1.0,0.0,0.0
GTTAAACGTTACTTCA-2,7.0,0.23707317196827163,0.0,0.0,0.3805360488007793,0.2041805565917011,0.17821022263924788
GACTTGGTCGCTAGCA-3,5.0,1.0,0.0,0.0,0.0,0.0,0.0
ATGACGAAGGAAGCAC-3,33.0,0.25254537146409556,,,0.23028304051452006,0.2665285948922042,0.25064299312918015
AGACACGCAGCATGGA-3,8.0,0.22347106138460127,,,0.25914442347718897,0.16517053432406306,0.3522139808141467
GAACGAATCGTTAAGC-3,28.0,0.24355764626440804,,,0.2713230524219713,0.21916108471229478,0.2659582166013259
GACGCCTAGACCATAC-1,28.0,0.0,0.0,0.0,1.0,0.0,0.0
ACTGAAACAAACCTAT-1,12.0,0.0,0.0,0.0,1.0,0.0,0.0
TCTCCTCGTTAGTTGG-3,15.0,0.25404889456095253,,,0.3994002521455771,0.19749238598555172,0.14905846730791872
TGCCGGTAGCTCGCTT-1,25.0,0.0,0.0,0.0,1.0,0.0,0.0
AAGCCTGTCTCACTAT-1,13.0,0.0,0.0,0.0,0.0,0.0,1.0
CGCTCAGCAACAACAA-3,10.0,0.26490417044114983,,,0.1425309127782741,0.3402195170606928,0.2523453997198832
CGAGGCAAGGTTACGT-3,37.0,0.20128514823309865,0.0,0.0,0.0,0.36757297923571886,0.4311418725311825
GGAGTGAGTTGCTTCG-3,17.0,0.28041555117654665,,,0.21377517180417943,0.21373583317818393,0.29207344384108996
CCTATATTCTGTAAGC-1,35.0,1.0,0.0,0.0,0.0,0.0,0.0
AGGACGTAGTTTGCGG-2,28.0,0.0,0.0,0.0,0.0,0.0,1.0
ACCGCAATCTGTAAGC-3,22.0,0.22299113408910365,0.0,0.0,0.2286831626631811,0.3006206801642622,0.24770502308345307
TCAGTAGGTGCATTTC-2,31.0,0.0,0.0,0.0,1.0,0.0,0.0
GCCAGGAAGCTCCCTG-3,17.0,1.0,0.0,0.0,0.0,0.0,0.0
GCAATGTTCTATTGTC-2,2.0,0.0,0.0,0.0,1.0,0.0,0.0
ACAACAGAGTTTCCTG-3,10.0,1.0,0.0,0.0,0.0,0.0,0.0
CAAACACTCTTCAATC-3,20.0,0.255116509861887,,,0.11378520411624034,0.3739473542312623,0.25715093179061016
GGAGTGAGTGAGCAAG-3,19.0,0.3586618328826094,0.0,0.0,0.0,0.37019668579943704,0.2711414813179535
GGCGCTAGTTAGACCA-3,28.0,0.24355764626440804,,,0.2713230524219713,0.21916108471229478,0.2659582166013259
GGCCTAATCTTGCAGG-2,19.0,0.0,0.0,0.0,0.0,0.0,1.0
TAGTGGCGTTATGTGG-3,5.0,1.0,0.0,0.0,0.0,0.0,0.0
CTTGTAAAGGACCTTG-2,32.0,1.0,0.0,0.0,0.0,0.0,0.0
ATCACCCTCTCCATGC-3,4.0,0.2789549502429366,0.0,0.0,0.1885732419812842,0.21961014244052887,0.31286166533525034
GATAACGAGCTCCTAC-2,8.0,0.22347106138460127,0.0,0.0,0.25914442347718897,0.16517053432406306,0.3522139808141467
GCTGGATGTGGATGTC-3,19.0,0.28880190709864184,,,0.19477936981053914,0.2980900086334725,0.21832871445734645
TTCCTTCTCTGTGCAG-3,20.0,1.0,0.0,0.0,0.0,0.0,0.0
CCAAGGCTCGATTATG-3,8.0,0.22347106138460127,,,0.25914442347718897,0.16517053432406306,0.3522139808141467
CTTTATGGTTATCCGT-3,1.0,0.2431277739439729,0.0,0.0,0.27520525106868904,0.22514867316661977,0.2565183018207184
GGCCGTTAGCTATGAC-3,26.0,0.0,0.0,0.0,0.0,1.0,0.0
GGTTACCCAGCCTAAC-1,12.0,0.0,0.0,0.0,1.0,0.0,0.0
ACGTCAAGTGGTGAGA-1,23.0,0.0,0.0,0.0,1.0,0.0,0.0
TTCCACGGTTAGGACC-2,6.0,1.0,0.0,0.0,0.0,0.0,0.0
AATTAGCGTAAGGTTT-3,10.0,1.0,0.0,0.0,0.0,0.0,0.0
CCTTATGTCTCCTCTT-1,15.0,1.0,0.0,0.0,0.0,0.0,0.0
CATCCTGGTGCGCGTA-2,2.0,0.0,0.0,0.0,0.0,0.0,1.0
TACGGATTCGCTTCTA-2,12.0,0.0,0.0,0.0,0.0,0.0,1.0
CTTCTAAGTGAGCGAA-3,15.0,0.25404889456095253,,,0.3994002521455771,0.19749238598555172,0.14905846730791872
TTAATCGAGCACAGGG-3,2.0,0.21079074246169519,0.0,0.0,0.3110256879333526,0.2245883274521365,0.25359524215281576
ACCTTCATCCTGATTT-2,10.0,0.0,0.0,0.0,0.0,0.0,1.0
GTGCTGGGTGCTAGCG-2,5.0,0.0,0.0,0.0,1.0,0.0,0.0
GGTTTGTAGACTAAGG-3,21.0,0.36496857686394185,,,0.2425919314203312,0.14718681699163197,0.24525267472409484
GGAAACTCACGTGCTG-3,12.0,0.22393288850727908,,,0.21148179656914845,0.3491266157595441,0.21545869916402838
GTCCTCCCAGTTATGT-1,1.0,0.0,0.0,0.0,1.0,0.0,0.0
TTTGGCTGTTGCACAA-1,16.0,0.0,0.0,0.0,1.0,0.0,0.0
GTTGGCCAGAGGGACT-3,1.0,0.0,0.0,0.0,0.0,1.0,0.0
GCTGTACCAGCAAGAT-3,24.0,0.0,0.0,0.0,0.0,1.0,0.0
TGAAGGATCCGGTTAG-1,8.0,0.0,0.0,0.0,1.0,0.0,0.0
AGTATAGCAGGCCATT-1,33.0,0.0,0.0,0.0,1.0,0.0,0.0
TCAAACCAGCTTAGCG-1,31.0,0.0,0.0,0.0,1.0,0.0,0.0
GCTTGTTGTGCTCCGT-1,26.0,0.0,0.0,0.0,1.0,0.0,0.0
ACTTATGAGCATGACT-1,37.0,0.0,0.0,0.0,1.0,0.0,0.0
AAGCGAGGTTGTGACA-3,32.0,0.0,0.0,0.0,0.0,1.0,0.0
CGACCTGCAAGATTCT-3,8.0,1.0,0.0,0.0,0.0,0.0,0.0
ATCAAGCTCCGCCAAA-3,22.0,0.22299113408910365,,,0.2286831626631811,0.3006206801642622,0.24770502308345307
ATGTAACGTAGGATTT-3,4.0,1.0,0.0,0.0,0.0,0.0,0.0
TCCTCACAGCTATTGA-3,5.0,1.0,0.0,0.0,0.0,0.0,0.0
AACATAGCAAGGTAAC-1,30.0,0.0,0.0,0.0,0.0,0.0,1.0
GTCTCACTCTATTGTC-3,26.0,0.0,0.0,0.0,0.0,1.0,0.0
ATTGAAGCAGGTTAAA-3,19.0,0.0,0.0,0.0,0.0,1.0,0.0
CCGATGCAGGATCACT-3,19.0,1.0,0.0,0.0,0.0,0.0,0.0
TGTTGCACATTGTCAG-2,11.0,0.26017380928088074,0.0,0.0,0.3107460265472086,0.2228172513789396,0.20626291279297101
GGCGGTTTCCAAGTTA-2,12.0,0.0,0.0,0.0,1.0,0.0,0.0
CCCAGTTTCATTATGG-3,19.0,0.28880190709864184,,,0.19477936981053914,0.2980900086334725,0.21832871445734645
AGAAGGTGTGGTTATG-1,27.0,0.0,0.0,0.0,1.0,0.0,0.0
CAACCCTTCCTCACAC-2,23.0,0.0,0.0,0.0,0.4389587339151013,0.0,0.5610412660848987
TGTGGAGCAGAAATTG-2,19.0,1.0,0.0,0.0,0.0,0.0,0.0
ATTGTGATCGGTACGC-3,36.0,0.2461747580345537,,,0.1850283944180879,0.27103139859455855,0.2977654489527998
AGCTACGTCGTTTCCA-3,23.0,0.2890753295347951,,,0.21326803108883835,0.2250748294409998,0.2725818099353668
GGATGGCCAGCGCTTG-1,7.0,0.0,0.0,0.0,1.0,0.0,0.0
CCTTGTTCACAGGATG-3,20.0,0.0,0.0,0.0,0.0,1.0,0.0
GGATAACCACCTGTAA-1,16.0,1.0,0.0,0.0,0.0,0.0,0.0
GTTTGTTTCATGGCTG-1,31.0,0.0,0.0,0.0,1.0,0.0,0.0
GATAAAGGTTAGGTTG-3,3.0,0.2510908928836586,,,0.23769248350866462,0.29944475183729763,0.2117718717703792
GCCTGAGGTACGCGCA-1,25.0,0.0,0.0,0.0,1.0,0.0,0.0
GACCGTTCATAATGAG-1,13.0,1.0,0.0,0.0,0.0,0.0,0.0
TCATTTGGTTCAAGCA-3,17.0,1.0,0.0,0.0,0.0,0.0,0.0
GCACGCTAGCTAATTG-1,32.0,0.0,0.0,0.0,1.0,0.0,0.0
GATTACTCAGAGGCTA-3,22.0,0.22299113408910365,,,0.2286831626631811,0.3006206801642622,0.24770502308345307
ATGTAACGTAGCCTCC-3,1.0,0.2431277739439729,,,0.27520525106868904,0.22514867316661977,0.2565183018207184
CTGACCAAGGCGAATA-1,27.0,0.0,0.0,0.0,1.0,0.0,0.0
AGTGGACAGTTTCCTG-3,15.0,1.0,0.0,0.0,0.0,0.0,0.0
CCGCTAGCAGCTTAGC-1,14.0,0.0,0.0,0.0,1.0,0.0,0.0
AAAGCTTGTTTATTCG-3,14.0,1.0,0.0,0.0,0.0,0.0,0.0
CTTTCTTGTCATGCCC-2,4.0,0.0,0.0,0.0,1.0,0.0,0.0
GAAGGAACACCTCACC-3,19.0,0.28880190709864184,0.0,0.0,0.19477936981053914,0.2980900086334725,0.21832871445734645
ACCAAGCGTGCAATGC-3,5.0,0.25007613426230707,,,0.2764713286099489,0.24316603374735998,0.23028650338038426
TTTAACCTCATTATGG-3,10.0,0.26490417044114983,0.0,0.0,0.1425309127782741,0.3402195170606928,0.2523453997198832
TCCTTCAAGACTTACA-1,3.0,1.0,0.0,0.0,0.0,0.0,0.0
CTCCCTGAGTTTGTCT-1,7.0,0.0,0.0,0.0,1.0,0.0,0.0
GCTGACCAGGACAATG-3,3.0,1.0,0.0,0.0,0.0,0.0,0.0
CATTGTGCATAGCGAG-1,9.0,0.0,0.0,0.0,1.0,0.0,0.0
CATCATGCATAATTGC-1,24.0,0.0,0.0,0.0,1.0,0.0,0.0
GCTCAACCATGCAACC-1,15.0,0.0,0.0,0.0,1.0,0.0,0.0
GATGCAGCAATAGCCC-1,1.0,0.0,0.0,0.0,0.0,0.0,1.0
ATGCATTCAAGCTTAT-2,33.0,0.0,0.0,0.0,0.0,1.0,0.0
TCGCTAACAAGTTATC-2,22.0,1.0,0.0,0.0,0.0,0.0,0.0
GTGCAAGCAAAGGCCA-3,13.0,0.2379245460670892,,,0.33034621848395457,0.2084468038321267,0.22328243161682945
ATGAATGCATGCTCCC-3,22.0,1.0,0.0,0.0,0.0,0.0,0.0
ATTCCTAGTAAGGTTT-3,31.0,0.0,0.0,0.0,0.0,1.0,0.0
CTCTAAGCAGCTAACC-3,6.0,1.0,0.0,0.0,0.0,0.0,0.0
CGCCACACAAACTAAG-3,30.0,1.0,0.0,0.0,0.0,0.0,0.0
TGATCACAGAGAGGAG-2,16.0,0.0,0.0,0.0,0.4271532846715328,0.0,0.5728467153284671
CGTTTGGAGGGCTTAT-3,5.0,0.25007613426230707,,,0.2764713286099489,0.24316603374735998,0.23028650338038426
AGTCAGGCACATTGCA-1,3.0,0.0,0.0,0.0,1.0,0.0,0.0
TAGGCTTAGCAGGTGG-3,28.0,1.0,0.0,0.0,0.0,0.0,0.0
GTTGGCCAGGGTCTAT-2,14.0,0.0,0.0,0.0,0.0,0.0,1.0
GCCTTAGAGGCTAGAA-2,19.0,1.0,0.0,0.0,0.0,0.0,0.0
GCTGCATCAATATGGA-1,30.0,1.0,0.0,0.0,0.0,0.0,0.0
GAGCTTGTCTTAGCCC-2,10.0,0.0,0.0,0.0,1.0,0.0,0.0
TTTCCGGGTAGTAAGA-3,27.0,0.2659503422898086,,,0.3090767064839525,0.2252336567198111,0.1997392945064278
TCAGCCTTCCGTAAAC-1,4.0,0.0,0.0,0.0,1.0,0.0,0.0
AAGGATCCACCACAAC-3,8.0,0.0,0.0,0.0,0.0,1.0,0.0
TGTCCTGGTTTAACCC-1,9.0,1.0,0.0,0.0,0.0,0.0,0.0
TAACCGGTCGCAGGCT-3,26.0,1.0,0.0,0.0,0.0,0.0,0.0
GATGCTTAGCAAGATG-2,14.0,0.0,0.0,0.0,0.43406022845275183,0.0,0.5659397715472482
TCAGGTCCAGCATGTC-3,27.0,0.2659503422898086,,,0.3090767064839525,0.2252336567198111,0.1997392945064278
GTGCTTCTCTTTGAGA-2,10.0,1.0,0.0,0.0,0.0,0.0,0.0
GAGCTAGCAATAGCAA-3,22.0,0.22299113408910365,,,0.2286831626631811,0.3006206801642622,0.24770502308345307
CCACATTGTCTAACAG-3,8.0,0.22347106138460127,,,0.25914442347718897,0.16517053432406306,0.3522139808141467
GCTAACAGTCACAGAC-3,28.0,1.0,0.0,0.0,0.0,0.0,0.0
GCTTTGTGTTTGCAGA-1,31.0,1.0,0.0,0.0,0.0,0.0,0.0
TTACCTGTCATGACCG-3,23.0,0.2890753295347951,,,0.21326803108883835,0.2250748294409998,0.2725818099353668
AAGGCCCTCTTGACCC-1,15.0,0.0,0.0,0.0,1.0,0.0,0.0
GCTGACATCTTGGACG-3,32.0,0.0,0.0,0.0,0.0,1.0,0.0
ATCAATCCACAACAAA-2,10.0,0.0,0.0,0.0,1.0,0.0,0.0
CTTAACAAGGTCGAGG-2,19.0,1.0,0.0,0.0,0.0,0.0,0.0
GGATTATGTTACGCGG-2,29.0,1.0,0.0,0.0,0.0,0.0,0.0
ACCAAGCGTGTTGTAG-2,26.0,1.0,0.0,0.0,0.0,0.0,0.0
GGATTCAGTATCTGGA-1,22.0,0.0,0.0,0.0,1.0,0.0,0.0
CGAGTCGGTTACCTGT-2,9.0,0.0,0.0,0.0,0.4128209732447477,0.0,0.5871790267552524
TTAAAGGCATAATCCG-3,29.0,1.0,0.0,0.0,0.0,0.0,0.0
GCGCGATTCTTAGCCC-3,10.0,0.26490417044114983,,,0.1425309127782741,0.3402195170606928,0.2523453997198832
AGTTACTCACAAAGAC-3,16.0,0.0,0.0,0.0,0.0,0.0,1.0
ACCGGCTAGAGCAAGC-3,33.0,0.0,0.0,0.0,0.0,1.0,0.0
TGGACGGAGCTCCTAC-3,9.0,1.0,0.0,0.0,0.0,0.0,0.0
TCAAGACTCGCAAACT-2,10.0,0.26490417044114983,0.0,0.0,0.1425309127782741,0.3402195170606928,0.2523453997198832
ACCCAGGGTGACATAT-1,29.0,0.0,0.0,0.0,1.0,0.0,0.0
AGGGCCTTCTGCAAGT-3,6.0,1.0,0.0,0.0,0.0,0.0,0.0
ATGTTCAAGGTCCTGA-3,31.0,1.0,0.0,0.0,0.0,0.0,0.0
TTACAGCAGGCAGGTG-2,33.0,1.0,0.0,0.0,0.0,0.0,0.0
TGCGATTAGGCATGAA-1,3.0,0.0,0.0,0.0,1.0,0.0,0.0
GAAAGGCTCGTAACGT-3,35.0,0.0,0.0,0.0,0.0,1.0,0.0
CTGCTATGTTAGGCGT-1,31.0,0.0,0.0,0.0,1.0,0.0,0.0
AGGTACGCACTAAATC-3,13.0,0.2379245460670892,,,0.33034621848395457,0.2084468038321267,0.22328243161682945
TAGGTTATCGTTAGTA-2,14.0,0.0,0.0,0.0,1.0,0.0,0.0
CTGGTCAAGCCTGATG-3,7.0,0.23707317196827163,,,0.3805360488007793,0.2041805565917011,0.17821022263924788
AAGCAAGTCTGTTCAT-3,11.0,0.0,0.0,0.0,0.0,1.0,0.0
GGCCTAATCCCGCATT-3,22.0,1.0,0.0,0.0,0.0,0.0,0.0
AACTAGCTCGAAGTAG-2,14.0,0.0,0.0,0.0,1.0,0.0,0.0
ACACTAGGTGAGCGAA-1,13.0,0.0,0.0,0.0,0.0,0.0,1.0
GCTAACCCAGCTCATA-3,31.0,1.0,0.0,0.0,0.0,0.0,0.0
CTGCTACTCTTTGTAC-3,24.0,1.0,0.0,0.0,0.0,0.0,0.0
CTATGATCACAGAACG-2,20.0,0.255116509861887,,,0.11378520411624034,0.3739473542312623,0.25715093179061016
GCTTAAATCACTAGGT-2,16.0,0.0,0.0,0.0,1.0,0.0,0.0
GTAAAGCCAACTAGAA-3,31.0,0.0,0.0,0.0,0.0,1.0,0.0
CGCCTCATCTAGCGTG-1,27.0,0.0,0.0,0.0,1.0,0.0,0.0
GGCCATCAGAGAAGGG-2,21.0,0.0,0.0,0.0,1.0,0.0,0.0
TTAGCCTGTGGTTCTT-2,33.0,0.0,0.0,0.0,0.0,0.0,1.0
ATCCACCTCCGGAACC-2,3.0,0.0,0.0,0.0,0.0,1.0,0.0
GAGCTGCTCGTAATCA-2,24.0,0.0,0.0,0.0,0.0,0.0,1.0
TGTATCGCAAATTCGT-3,17.0,0.28041555117654665,,,0.21377517180417943,0.21373583317818393,0.29207344384108996
ATGTCAATCAGGTTTA-3,26.0,0.3005755128437196,,,0.19364293997678975,0.3106467509625101,0.19513479621698074
GCCAGGTTCTCATCAT-1,23.0,0.0,0.0,0.0,1.0,0.0,0.0
CAAACAACAGTAAGTA-2,36.0,1.0,0.0,0.0,0.0,0.0,0.0
GTGTTCCTCCATCAGG-1,1.0,0.0,0.0,0.0,1.0,0.0,0.0
ACCTCACTCGCTTGCT-3,28.0,0.24355764626440804,,,0.2713230524219713,0.21916108471229478,0.2659582166013259
CGGTGAACAATTTGGT-3,10.0,1.0,0.0,0.0,0.0,0.0,0.0
TCATAACCAATAGCCC-3,27.0,1.0,0.0,0.0,0.0,0.0,0.0
GGAATCTTCCGTGACA-1,15.0,0.0,0.0,0.0,1.0,0.0,0.0
CTCAATAAGTTGTCCC-2,15.0,0.0,0.0,0.0,0.0,1.0,0.0
GAGTTACTCTTTGTAC-2,33.0,0.0,0.0,0.0,1.0,0.0,0.0
GTTGTGAGTAGGATTT-2,3.0,0.2510908928836586,0.0,0.0,0.23769248350866462,0.29944475183729763,0.2117718717703792
GGAATCTTCTAAATCG-3,26.0,0.3005755128437196,,,0.19364293997678975,0.3106467509625101,0.19513479621698074
AGTCCTTGTGGTTCTT-2,2.0,0.0,0.0,0.0,0.0,0.0,1.0
TTGTCAAAGACAACAG-1,9.0,0.0,0.0,0.0,1.0,0.0,0.0
TTGGGCGGTAATTAGC-3,14.0,0.0,0.0,0.0,0.0,0.0,1.0
GAACCTGTCATGTCAA-2,29.0,0.0,0.0,0.0,1.0,0.0,0.0
TATGACTCAGAAACGT-1,34.0,0.0,0.0,0.0,0.0,0.0,1.0
GGCTTAAGTTACTTGC-3,23.0,0.2890753295347951,,,0.21326803108883835,0.2250748294409998,0.2725818099353668
GTTTACCGTTCACTGT-1,38.0,0.0,0.0,0.0,1.0,0.0,0.0
AACCGGCTCGAAGTAG-3,1.0,0.2431277739439729,,,0.27520525106868904,0.22514867316661977,0.2565183018207184
CATAGACTCCTCAGTC-1,12.0,1.0,0.0,0.0,0.0,0.0,0.0
TTGGATCAGGCTTAGT-2,4.0,0.0,0.0,0.0,0.0,0.0,1.0
TACTGGCCAGCAAGTG-2,29.0,1.0,0.0,0.0,0.0,0.0,0.0
TACTTCGTCAAATCGC-3,9.0,0.25657805136510725,,,0.19608879238864382,0.26842478255731234,0.2789083736889367
GTGTGCGGTCATGCAA-1,7.0,0.0,0.0,0.0,1.0,0.0,0.0
AACATCATCTTAGGGT-2,1.0,0.0,0.0,0.0,0.0,0.0,1.0
TTGTTGTTCCAGGTCA-3,35.0,0.0,0.0,0.0,0.0,1.0,0.0
GGTATTTCAAATATCC-1,29.0,1.0,0.0,0.0,0.0,0.0,0.0
TGAGGAGGTTGGATCA-2,25.0,0.25294349983189635,0.0,0.0,0.22563202807869934,0.20762681900387653,0.31379765308552765
TCATCCATCGGTAACT-2,11.0,0.0,0.0,0.0,0.6010457516339869,0.0,0.39895424836601306
AGTAAACAGCTCGCTT-3,14.0,1.0,0.0,0.0,0.0,0.0,0.0
ATCCACCTCGGTTTCC-2,10.0,1.0,0.0,0.0,0.0,0.0,0.0
CATAAGCTCCTTCGTA-1,8.0,0.0,0.0,0.0,1.0,0.0,0.0
TAAGGACCATAAACCT-2,14.0,0.25490642483705084,0.0,0.0,0.203860627012991,0.27543380527416844,0.2657991428757897
GTTGGCCAGCTTAACA-2,1.0,0.0,0.0,0.0,1.0,0.0,0.0
TTACAGCAGTGAGCAA-1,20.0,0.0,0.0,0.0,0.0,0.0,1.0
TTCACTGTCAGAAACG-1,17.0,0.0,0.0,0.0,0.0,0.0,1.0
GAGTCAAAGTGAACGA-3,34.0,1.0,0.0,0.0,0.0,0.0,0.0
TAATGGTGTCACAGAC-3,7.0,0.23707317196827163,,,0.3805360488007793,0.2041805565917011,0.17821022263924788
TACTTCGTCGTTTCGC-1,14.0,0.0,0.0,0.0,1.0,0.0,0.0
CAGTACCCATCCATCT-3,1.0,1.0,0.0,0.0,0.0,0.0,0.0
CTTGTCCAGCGATAAG-2,4.0,0.2789549502429366,0.0,0.0,0.1885732419812842,0.21961014244052887,0.31286166533525034
TGGCCATCAGCAAATA-2,2.0,0.21079074246169519,0.0,0.0,0.3110256879333526,0.2245883274521365,0.25359524215281576
CGCATATAGCATTTCT-3,14.0,1.0,0.0,0.0,0.0,0.0,0.0
CGTAACCCAGTAGGTG-2,17.0,0.28041555117654665,0.0,0.0,0.21377517180417943,0.21373583317818393,0.29207344384108996
TGCTCTCAGGAGCAAC-3,30.0,0.2305508875130836,0.0,0.0,0.30015485066475694,0.2562706347632869,0.21302362705887254
TACTGACAGGCAATAG-3,15.0,0.0,0.0,0.0,0.0,1.0,0.0
GAACTTATCCATAATG-2,3.0,0.0,0.0,0.0,1.0,0.0,0.0
GAGGTAGGTTAATGCG-2,37.0,0.0,0.0,0.0,0.0,0.0,1.0
ACGTTGTAGTTAGCTA-3,12.0,0.0,0.0,0.0,0.0,0.0,1.0
AGGACTAAGGCGCTAC-3,16.0,0.19281102196304184,,,0.24608965471250854,0.23107341591095565,0.33002590741349397
CGGTTGGGTTAAGCGC-3,5.0,0.25007613426230707,0.0,0.0,0.2764713286099489,0.24316603374735998,0.23028650338038426
GATGACTTCACTTCAT-1,26.0,0.0,0.0,0.0,1.0,0.0,0.0
AATGCGCGTGCACGCA-3,32.0,0.23501474983514806,,,0.36169219852304807,0.23220664506324848,0.1710864065785554
AGGGTTGCAACCGCCA-3,1.0,0.2431277739439729,,,0.27520525106868904,0.22514867316661977,0.2565183018207184
GATCCGTCAATTAGGA-1,1.0,0.0,0.0,0.0,1.0,0.0,0.0
CCATATTTCACCTGTC-3,25.0,0.0,0.0,0.0,0.0,1.0,0.0
TGGCTTTGTTGAGCCG-3,4.0,0.2789549502429366,,,0.1885732419812842,0.21961014244052887,0.31286166533525034
TATGACTCACGGTTTA-3,22.0,1.0,0.0,0.0,0.0,0.0,0.0
AGGTTAACAATGAGGT-1,22.0,0.0,0.0,0.0,1.0,0.0,0.0
CTTACCTCAGTTTGGC-3,6.0,0.28619740144106137,,,0.20095345838278786,0.28595501190791156,0.2268941282682392
AAGCAAGTCATAACCA-3,33.0,0.0,0.0,0.0,0.0,1.0,0.0
GTTGGCGGTAGTTAAC-3,17.0,1.0,0.0,0.0,0.0,0.0,0.0
TCACATAAGCGCAATT-1,1.0,0.0,0.0,0.0,0.0,0.0,1.0
ACTAACGGTAATAGCT-3,17.0,0.0,0.0,0.0,0.0,1.0,0.0
ACCTGGATCACTCAAA-3,23.0,0.0,0.0,0.0,0.0,1.0,0.0
ATGTTTGAGACTCGCA-3,2.0,0.30594862358424835,0.0,0.0,0.0,0.32597489270457897,0.3680764837111727
TGTGGCCAGTAGCGGG-2,11.0,0.26017380928088074,,,0.3107460265472086,0.2228172513789396,0.20626291279297101
CTTCTCAAGGCAATAG-2,28.0,0.0,0.0,0.0,0.0,0.0,1.0
ACTCACCTCTATCGCC-1,10.0,0.0,0.0,0.0,1.0,0.0,0.0
GAAGGCCCACACTAAT-1,16.0,0.0,0.0,0.0,1.0,0.0,0.0
TGTGGCGGTGCATTTC-2,15.0,1.0,0.0,0.0,0.0,0.0,0.0
TATCGCACAATTGAGA-3,20.0,0.0,0.0,0.0,0.0,1.0,0.0
ATTACGTCACGGTACT-3,5.0,0.25007613426230707,,,0.2764713286099489,0.24316603374735998,0.23028650338038426
GGTTACCCAACGTGCT-3,10.0,0.26490417044114983,,,0.1425309127782741,0.3402195170606928,0.2523453997198832
CGTAACCCAGATAGAC-1,12.0,0.0,0.0,0.0,1.0,0.0,0.0
GGTCAAGCAGGCGAGT-2,11.0,0.0,0.0,0.0,1.0,0.0,0.0
GAGTATCTCCCGCAAA-3,30.0,0.2305508875130836,,,0.30015485066475694,0.2562706347632869,0.21302362705887254
GCGAAGTAGGAGTCGG-2,37.0,0.0,0.0,0.0,1.0,0.0,0.0
GGGTGAAGTGGAAACG-2,10.0,0.26490417044114983,0.0,0.0,0.1425309127782741,0.3402195170606928,0.2523453997198832
GGTTATATCCACCTTA-2,9.0,0.0,0.0,0.0,0.0,0.0,1.0
TTGTTCCCATAAAGCA-3,11.0,1.0,0.0,0.0,0.0,0.0,0.0
CTCACACTCCAACTGG-1,6.0,0.0,0.0,0.0,1.0,0.0,0.0
GAGAGGCGTGAACAAA-2,15.0,0.0,0.0,0.0,1.0,0.0,0.0
GCCAATTAGTCAGTAC-1,19.0,0.0,0.0,0.0,1.0,0.0,0.0
ACGGTACGTTTCCTCC-3,38.0,0.19027885726034566,,,0.23574107619489226,0.2789089395946002,0.2950711269501618
ACCACATAGTTTAACG-3,15.0,0.25404889456095253,0.0,0.0,0.3994002521455771,0.19749238598555172,0.14905846730791872
CAGGTGGAGGTCCTAG-1,25.0,1.0,0.0,0.0,0.0,0.0,0.0
AATTAGGCAAGTAAGC-2,14.0,0.0,0.0,0.0,0.0,1.0,0.0
GATAACGAGTTTGTCT-2,9.0,0.0,0.0,0.0,1.0,0.0,0.0
CAAACATGTTTATGGG-3,29.0,1.0,0.0,0.0,0.0,0.0,0.0
TGTGGCCAGTATTGGC-3,21.0,0.36496857686394185,,,0.2425919314203312,0.14718681699163197,0.24525267472409484
TGTTGTAAGACAGGTA-2,8.0,0.0,0.0,0.0,1.0,0.0,0.0
CGGTTCCGTCACGAAC-2,19.0,0.0,0.0,0.0,0.0,1.0,0.0
CCGTTTGGTCATTAGG-3,2.0,1.0,0.0,0.0,0.0,0.0,0.0
GCAAGTCGTTAACAGT-3,33.0,0.25254537146409556,,,0.23028304051452006,0.2665285948922042,0.25064299312918015
CTAACCCTCGGTTAGT-1,33.0,0.0,0.0,0.0,1.0,0.0,0.0
CACATACAGGCCTTAG-3,4.0,0.0,0.0,0.0,0.0,1.0,0.0
CGGAGTCTCTTAGGGT-2,22.0,1.0,0.0,0.0,0.0,0.0,0.0
TATATCCTCCGTCCAT-2,31.0,1.0,0.0,0.0,0.0,0.0,0.0
AATTGTGTCCTGTTCA-2,31.0,0.24483511612846504,0.0,0.0,0.34550975661796685,0.2764681959007302,0.13318693135283804
GAGTAACCAAGCTAAA-2,31.0,0.0,0.0,0.0,1.0,0.0,0.0
ATGATGGAGAGGAGGA-3,29.0,0.31074906515307005,,,0.233016360882147,0.22003051032240445,0.2362040636423785
ATTTGTGAGTTGGGCC-2,7.0,0.0,0.0,0.0,1.0,0.0,0.0
GGTGTCCAGTACCGCA-2,30.0,0.2305508875130836,,,0.30015485066475694,0.2562706347632869,0.21302362705887254
TCAGGTCCACTTCACT-3,3.0,0.2510908928836586,,,0.23769248350866462,0.29944475183729763,0.2117718717703792
TTTACGAAGTAGGCGG-1,12.0,0.0,0.0,0.0,1.0,0.0,0.0
GCTGACCAGGTCCTAG-3,26.0,0.3005755128437196,,,0.19364293997678975,0.3106467509625101,0.19513479621698074
CAGGATGCAGCTCAAC-1,37.0,0.0,0.0,0.0,1.0,0.0,0.0
GATGCAGCAAGGTGGC-3,11.0,1.0,0.0,0.0,0.0,0.0,0.0
TTACCGTGTTAATGCG-3,11.0,0.0,0.0,0.0,0.0,1.0,0.0
TTACGTTTCTTGAGGT-3,37.0,0.15830411656991292,,,0.21353305020503288,0.2890839998065646,0.33907883341848966
CATAGGTTCAAGCTAC-3,32.0,0.23501474983514806,,,0.36169219852304807,0.23220664506324848,0.1710864065785554
GTTCCTGGTTTGTGGA-1,6.0,0.0,0.0,0.0,1.0,0.0,0.0
TAAGTGCTCCGGTATG-2,1.0,0.2431277739439729,,,0.27520525106868904,0.22514867316661977,0.2565183018207184
GCAATAGAGGCTATGT-2,3.0,0.0,0.0,0.0,0.0,0.0,1.0
TCATTGCGTCCTTTAA-2,10.0,1.0,0.0,0.0,0.0,0.0,0.0
TAGGCTTAGCTATATG-1,15.0,0.0,0.0,0.0,1.0,0.0,0.0
GCGTAACGTGGATTAT-3,23.0,0.2890753295347951,,,0.21326803108883835,0.2250748294409998,0.2725818099353668
ACCCGCTGTGACATGC-1,31.0,0.0,0.0,0.0,1.0,0.0,0.0
ACACTAATCAAAGGCA-2,25.0,0.0,0.0,0.0,1.0,0.0,0.0
CGAGCTGGTCCTTCAG-1,5.0,1.0,0.0,0.0,0.0,0.0,0.0
TGTGCGCAGGTGTCCA-3,22.0,1.0,0.0,0.0,0.0,0.0,0.0
TCACCTCAGACAGGTA-2,6.0,0.28619740144106137,0.0,0.0,0.20095345838278786,0.28595501190791156,0.2268941282682392
CTATGTTTCCGCCTCA-2,7.0,0.23707317196827163,,,0.3805360488007793,0.2041805565917011,0.17821022263924788
CCTGAGTCAATATACC-3,12.0,0.22393288850727908,,,0.21148179656914845,0.3491266157595441,0.21545869916402838
TGACTCCTCGAGCTAT-1,33.0,0.0,0.0,0.0,1.0,0.0,0.0
GCTGTACCAATCCTAG-3,37.0,0.15830411656991292,,,0.21353305020503288,0.2890839998065646,0.33907883341848966
CAATGCCCAACTAACT-3,25.0,0.25294349983189635,,,0.22563202807869934,0.20762681900387653,0.31379765308552765
CGCTACTTCCAAACAC-2,2.0,0.21079074246169519,0.0,0.0,0.3110256879333526,0.2245883274521365,0.25359524215281576
GAAGCTAAGATAGACG-3,28.0,0.0,0.0,0.0,0.0,1.0,0.0
GTGCACGGTGTGTGGT-3,32.0,0.23501474983514806,,,0.36169219852304807,0.23220664506324848,0.1710864065785554
GCTATTGCACTAAATC-3,32.0,1.0,0.0,0.0,0.0,0.0,0.0
TTTAACGAGAACAAGT-2,15.0,0.0,0.0,0.0,1.0,0.0,0.0
GGATTATGTGTGCAAC-2,36.0,0.2461747580345537,0.0,0.0,0.1850283944180879,0.27103139859455855,0.2977654489527998
TCACCGGCATCTAGCA-3,20.0,0.0,0.0,0.0,0.0,1.0,0.0
CAAGGCCTCGACAAAG-3,34.0,0.23141187017972628,0.0,0.0,0.21203187960198364,0.23517958103089368,0.32137666918739655
CCTAAAGGTTGCAATG-2,3.0,0.0,0.0,0.0,0.5288350026357407,0.0,0.4711649973642594
GCTGATCCAATTAACC-1,27.0,1.0,0.0,0.0,0.0,0.0,0.0
AACGCTAGTTAGTGAT-1,1.0,0.0,0.0,0.0,0.0,0.0,1.0
GTTGCATAGGATAAAC-3,5.0,1.0,0.0,0.0,0.0,0.0,0.0
AACCCGCAGGACGTAA-2,15.0,0.0,0.0,0.0,1.0,0.0,0.0
CCAGGATGTGTGCAAC-3,1.0,1.0,0.0,0.0,0.0,0.0,0.0
AGGATGTCACAAAGGT-1,3.0,0.0,0.0,0.0,0.0,0.0,1.0
TAGTGGCGTTTGGCGG-3,18.0,1.0,0.0,0.0,0.0,0.0,0.0
GGTCATTAGGTAAGCA-3,1.0,0.2431277739439729,,,0.27520525106868904,0.22514867316661977,0.2565183018207184
GAGGCTACACTTAGGC-2,1.0,0.2431277739439729,,,0.27520525106868904,0.22514867316661977,0.2565183018207184
ACATTGCAGGCGGGTA-2,16.0,0.19281102196304184,0.0,0.0,0.24608965471250854,0.23107341591095565,0.33002590741349397
TCCTTCAAGGCCGGAA-1,34.0,0.0,0.0,0.0,0.0,0.0,1.0
GGCTAGTGTGGAGCAA-2,22.0,0.0,0.0,0.0,0.0,0.0,1.0
GTTCTCATCCTAGTAA-1,28.0,0.0,0.0,0.0,1.0,0.0,0.0
CTTGCATGTCAAGTGC-3,27.0,0.2659503422898086,0.0,0.0,0.3090767064839525,0.2252336567198111,0.1997392945064278
TACGTACAGTTGGGCC-3,17.0,0.28041555117654665,,,0.21377517180417943,0.21373583317818393,0.29207344384108996
GTTCACCTCTTGCTAT-3,1.0,1.0,0.0,0.0,0.0,0.0,0.0
CTGTATTTCTATCGCC-3,4.0,0.2789549502429366,0.0,0.0,0.1885732419812842,0.21961014244052887,0.31286166533525034
TCAATCGCAGCCAGAA-1,5.0,0.0,0.0,0.0,1.0,0.0,0.0
AACAGGATCTTTGAGA-1,3.0,0.0,0.0,0.0,1.0,0.0,0.0
CTTTGAGCAGGCCTTG-3,15.0,1.0,0.0,0.0,0.0,0.0,0.0
CAGGTGGAGCTCAAAC-2,17.0,0.0,0.0,0.0,0.0,0.0,1.0
AAAGGTTAGCGCCTAA-3,27.0,0.2659503422898086,,,0.3090767064839525,0.2252336567198111,0.1997392945064278
CCCAATTGTTTGGGCG-1,25.0,0.0,0.0,0.0,1.0,0.0,0.0
GCTCATTGTATTGTGG-3,29.0,0.31074906515307005,,,0.233016360882147,0.22003051032240445,0.2362040636423785
TCTGGCTTCGAGGTGG-3,3.0,0.2510908928836586,,,0.23769248350866462,0.29944475183729763,0.2117718717703792
ACTGAAACAACCCTCC-2,8.0,0.22347106138460127,,,0.25914442347718897,0.16517053432406306,0.3522139808141467
CCAGGAACATAAGGAC-3,12.0,0.0,0.0,0.0,0.0,1.0,0.0
GGGCATTGTGACCTGG-2,5.0,1.0,0.0,0.0,0.0,0.0,0.0
GCAAACCGTGAGCACT-2,22.0,0.0,0.0,0.0,0.48003533568904594,0.0,0.5199646643109541
TACGCTTGTCCGCTGT-1,4.0,0.0,0.0,0.0,0.0,0.0,1.0
AGGATGCAGCAGGCCT-1,14.0,0.0,0.0,0.0,1.0,0.0,0.0
CGTAACCCAACACCTA-3,15.0,0.25404889456095253,,,0.3994002521455771,0.19749238598555172,0.14905846730791872
TTGTGTGCAGGCGATA-3,1.0,0.2431277739439729,,,0.27520525106868904,0.22514867316661977,0.2565183018207184
TCCTTAGTCTTTAAGG-3,20.0,1.0,0.0,0.0,0.0,0.0,0.0
GCGCTAGGTAGTTGGC-3,32.0,0.0,0.0,0.0,0.0,1.0,0.0
TACCGTTGTGTGTGGT-1,3.0,0.0,0.0,0.0,1.0,0.0,0.0
GAGGGAGCATGCTATG-1,1.0,0.0,0.0,0.0,1.0,0.0,0.0
CATTGCGAGTTATCCT-1,15.0,0.0,0.0,0.0,1.0,0.0,0.0
GGAGTGAGTTGGCCGA-2,32.0,1.0,0.0,0.0,0.0,0.0,0.0
GTCCTCCCATCCGTAA-3,34.0,1.0,0.0,0.0,0.0,0.0,0.0
GCAAACAAGGAAACTG-3,15.0,0.25404889456095253,,,0.3994002521455771,0.19749238598555172,0.14905846730791872
ATCAGGTTCCTTTACG-2,15.0,0.0,0.0,0.0,1.0,0.0,0.0
TCAAGCTAGTAACTCA-3,34.0,0.23141187017972628,,,0.21203187960198364,0.23517958103089368,0.32137666918739655
GATTTGCAGGCTACTG-2,11.0,0.0,0.0,0.0,0.0,1.0,0.0
TAAGCTATCTTGGACG-3,13.0,0.2379245460670892,0.0,0.0,0.33034621848395457,0.2084468038321267,0.22328243161682945
CCAGACTCATTAGCGC-2,10.0,1.0,0.0,0.0,0.0,0.0,0.0
TAGCTTGCACAAGCCT-2,4.0,0.2789549502429366,,,0.1885732419812842,0.21961014244052887,0.31286166533525034
GGCTATGTCACGAATC-1,37.0,0.0,0.0,0.0,1.0,0.0,0.0
TGCTAGCCAATTTAGC-3,14.0,0.25490642483705084,,,0.203860627012991,0.27543380527416844,0.2657991428757897
CGGTGAACAGGCCTTG-1,25.0,0.0,0.0,0.0,1.0,0.0,0.0
GCTATTGCATGGTTAT-2,23.0,0.0,0.0,0.0,0.0,0.0,1.0
TGTCATAAGGAACGGT-3,21.0,0.0,0.0,0.0,0.0,1.0,0.0
GTATTGTCATCGCTTT-2,2.0,0.0,0.0,0.0,0.0,0.0,1.0
ATATGTCCAGTAAAGC-2,4.0,1.0,0.0,0.0,0.0,0.0,0.0
GGCTGAGAGTTTCCGC-3,10.0,1.0,0.0,0.0,0.0,0.0,0.0
ATTAACCCAGGATTAA-1,8.0,0.0,0.0,0.0,0.0,0.0,1.0
GGCTATGTCACCAATA-1,22.0,0.0,0.0,0.0,1.0,0.0,0.0
AATTTGCCACTTACAG-2,9.0,0.25657805136510725,0.0,0.0,0.19608879238864382,0.26842478255731234,0.2789083736889367
CAAAGGATCTTGTCTG-2,16.0,0.0,0.0,0.0,1.0,0.0,0.0
CCCTCACCAATAATCC-2,15.0,0.0,0.0,0.0,0.0,0.0,1.0
CTCTATGTCTATTGTC-3,14.0,0.25490642483705084,,,0.203860627012991,0.27543380527416844,0.2657991428757897
GGGCATTGTTGTAAAC-2,4.0,0.2789549502429366,0.0,0.0,0.1885732419812842,0.21961014244052887,0.31286166533525034
CGCACACAGGACCGCT-3,16.0,1.0,0.0,0.0,0.0,0.0,0.0
GGTGAGTAGCGCTAAT-1,28.0,0.0,0.0,0.0,1.0,0.0,0.0
CTAGCTGAGGCGCACT-1,27.0,0.0,0.0,0.0,1.0,0.0,0.0
TGTTGGCCACTGGCCA-2,23.0,1.0,0.0,0.0,0.0,0.0,0.0
ACAAAGGTCATGCTCC-3,28.0,0.24355764626440804,,,0.2713230524219713,0.21916108471229478,0.2659582166013259
GTATCGCCAACAGGAT-1,36.0,0.0,0.0,0.0,0.0,0.0,1.0
CAGCCTAAGGAACGCG-2,22.0,0.0,0.0,0.0,0.0,0.0,1.0
ATCGGCCAGCTCCTAC-2,7.0,0.0,0.0,0.0,1.0,0.0,0.0
AGCTACTAGTTAGGCT-3,26.0,1.0,0.0,0.0,0.0,0.0,0.0
CCAGGAACAGCCTGCA-1,17.0,0.0,0.0,0.0,1.0,0.0,0.0
GTTTGTCGTGATCAGC-3,26.0,0.3005755128437196,0.0,0.0,0.19364293997678975,0.3106467509625101,0.19513479621698074
TTGGGTTAGGACGTAA-3,8.0,0.22347106138460127,,,0.25914442347718897,0.16517053432406306,0.3522139808141467
GGAGTGAGTTAAGGTT-1,13.0,1.0,0.0,0.0,0.0,0.0,0.0
TAAGGCTTCCACAATA-3,13.0,0.0,0.0,0.0,0.0,1.0,0.0
AATCATCCAGTACCGT-2,7.0,0.0,0.0,0.0,1.0,0.0,0.0
TTTGGTAAGGATGATG-2,29.0,0.0,0.0,0.0,0.0,0.0,1.0
TCCATGCTCTTAGTGA-1,13.0,0.0,0.0,0.0,1.0,0.0,0.0
ATAAGTCGTTGGATCA-1,31.0,0.0,0.0,0.0,1.0,0.0,0.0
TTACACCGTTAACGGC-2,20.0,1.0,0.0,0.0,0.0,0.0,0.0
ATGTCAATCTCGACCT-1,36.0,0.0,0.0,0.0,1.0,0.0,0.0
TAAGGCTTCAGTGAAG-3,8.0,0.22347106138460127,,,0.25914442347718897,0.16517053432406306,0.3522139808141467
GAGTAATAGCCGGTAC-3,27.0,0.2659503422898086,,,0.3090767064839525,0.2252336567198111,0.1997392945064278
ACCACATAGCGCAATT-2,16.0,0.0,0.0,0.0,0.0,0.0,1.0
CATCCTGGTCCGTAGG-3,32.0,0.23501474983514806,,,0.36169219852304807,0.23220664506324848,0.1710864065785554
ATGAAGCCACCACAAC-3,35.0,0.2399263636153897,,,0.17564806529159285,0.22166609309080135,0.362759478002216
CAAGTTATCGCTCACT-3,8.0,0.22347106138460127,,,0.25914442347718897,0.16517053432406306,0.3522139808141467
GCAGGCAAGCTAATCA-3,35.0,1.0,0.0,0.0,0.0,0.0,0.0
CGCATATAGGACCTGC-3,19.0,0.28880190709864184,0.0,0.0,0.19477936981053914,0.2980900086334725,0.21832871445734645
CTTGTTCCACGAATCC-3,9.0,0.25657805136510725,,,0.19608879238864382,0.26842478255731234,0.2789083736889367
GTACTAATCCAGGAAA-1,29.0,0.0,0.0,0.0,1.0,0.0,0.0
CCTGTAACAGCTTAAT-1,11.0,1.0,0.0,0.0,0.0,0.0,0.0
GTGTAACTCCCTCAGT-3,6.0,0.0,0.0,0.0,0.0,1.0,0.0
GCTTTATTCATTGTTC-1,30.0,0.0,0.0,0.0,1.0,0.0,0.0
TTGGATATCTAGCTTT-3,6.0,0.0,0.0,0.0,0.0,1.0,0.0
CCTAATCGTCACGGAT-2,8.0,0.0,0.0,0.0,0.423882981992502,0.0,0.576117018007498
GGGAATATCTTTGACT-1,32.0,0.0,0.0,0.0,1.0,0.0,0.0
CCTTCAATCGCTAGCA-1,19.0,0.0,0.0,0.0,1.0,0.0,0.0
AGTGGACAGACAACGA-2,5.0,0.25007613426230707,,,0.2764713286099489,0.24316603374735998,0.23028650338038426
TTGGGCCAGCACAGGG-3,15.0,0.25404889456095253,,,0.3994002521455771,0.19749238598555172,0.14905846730791872
AGCTACGTCTCCATAT-1,26.0,0.0,0.0,0.0,1.0,0.0,0.0
ATCCAACAGTTGGGCC-3,23.0,1.0,0.0,0.0,0.0,0.0,0.0
AGTAACGAGGCGCATC-3,15.0,0.25404889456095253,,,0.3994002521455771,0.19749238598555172,0.14905846730791872
TATCACAAGCGATACT-2,1.0,1.0,0.0,0.0,0.0,0.0,0.0
TGTTCCTCAGATAGAC-2,10.0,0.26490417044114983,,,0.1425309127782741,0.3402195170606928,0.2523453997198832
TACCAGGTCATCCACC-3,6.0,1.0,0.0,0.0,0.0,0.0,0.0
GGATGGCCAACCCTAA-2,2.0,0.0,0.0,0.0,0.0,0.0,1.0
CAGGCTGGTACCGGAT-3,15.0,0.25404889456095253,,,0.3994002521455771,0.19749238598555172,0.14905846730791872
CTCGCTCCACCTGCCT-3,6.0,1.0,0.0,0.0,0.0,0.0,0.0
CCGTTTGGTCATTGAG-1,27.0,1.0,0.0,0.0,0.0,0.0,0.0
GGATAACCAAAGCTAA-1,24.0,0.0,0.0,0.0,1.0,0.0,0.0
GTACGTAGTCAAGTAT-1,1.0,0.0,0.0,0.0,1.0,0.0,0.0
TTGTCCATCCTAAGAC-3,35.0,1.0,0.0,0.0,0.0,0.0,0.0
GTGTTCCTCCTTAATC-2,25.0,0.25294349983189635,,,0.22563202807869934,0.20762681900387653,0.31379765308552765
GCTGTGCAGTTGTCCC-3,14.0,0.25490642483705084,,,0.203860627012991,0.27543380527416844,0.2657991428757897
ATGATGGAGGCTGTCA-2,12.0,0.0,0.0,0.0,0.0,0.0,1.0
AAGTAGCCAAACTAAG-2,13.0,0.2379245460670892,,,0.33034621848395457,0.2084468038321267,0.22328243161682945
TTTGCATTCAATGTGC-2,2.0,0.21079074246169519,,,0.3110256879333526,0.2245883274521365,0.25359524215281576
GGCTAGACACTAGCGT-3,11.0,0.26017380928088074,,,0.3107460265472086,0.2228172513789396,0.20626291279297101
TGGTCATAGTTCCCGT-3,2.0,0.21079074246169519,,,0.3110256879333526,0.2245883274521365,0.25359524215281576
CTGTGTGAGCTTCCCG-1,8.0,0.0,0.0,0.0,1.0,0.0,0.0
AAAGGAGCATGTCAAT-1,26.0,1.0,0.0,0.0,0.0,0.0,0.0
ACGTTACAGGTAACGA-1,19.0,0.0,0.0,0.0,0.0,0.0,1.0
CAAGAACCATGGCCTG-2,20.0,0.2878720949445188,0.0,0.0,0.0,0.4219601793697779,0.29016772568570315
CCTGACTTCCTAGTCC-3,9.0,0.25657805136510725,,,0.19608879238864382,0.26842478255731234,0.2789083736889367
CCACACAAGCTGGAAA-1,25.0,0.0,0.0,0.0,0.0,0.0,1.0
GTTTGTAAGGCTAGAA-3,10.0,0.26490417044114983,,,0.1425309127782741,0.3402195170606928,0.2523453997198832
GAACCAAAGACAAACG-2,4.0,1.0,0.0,0.0,0.0,0.0,0.0
TGGAACAAGGTGTTAC-3,5.0,0.25007613426230707,,,0.2764713286099489,0.24316603374735998,0.23028650338038426
CGTTAACAGTATTGCA-3,26.0,0.3005755128437196,,,0.19364293997678975,0.3106467509625101,0.19513479621698074
TTTCGTCCACCTAAGC-2,22.0,0.22299113408910365,,,0.2286831626631811,0.3006206801642622,0.24770502308345307
CACGCTAAGTAGCTTA-1,14.0,0.0,0.0,0.0,1.0,0.0,0.0
TGCTTGTGTTAGGCGT-3,4.0,1.0,0.0,0.0,0.0,0.0,0.0
ACCTGTTGTTGTCATC-2,33.0,1.0,0.0,0.0,0.0,0.0,0.0
TTGGCTGAGTTACCGG-3,27.0,0.2659503422898086,,,0.3090767064839525,0.2252336567198111,0.1997392945064278
AGCGGACCACATTAAC-2,23.0,0.0,0.0,0.0,1.0,0.0,0.0
TAGCGGACACAGGAAT-3,27.0,0.0,0.0,0.0,0.0,1.0,0.0
TTGCAAGGTATTCGTC-2,21.0,0.36496857686394185,,,0.2425919314203312,0.14718681699163197,0.24525267472409484
CGGACCTAGTTCCTCA-2,33.0,1.0,0.0,0.0,0.0,0.0,0.0
AGGAGCTAGTTAGGCT-1,3.0,0.0,0.0,0.0,1.0,0.0,0.0
GAACGAATCAATAGCC-2,25.0,1.0,0.0,0.0,0.0,0.0,0.0
TAGGGTTTCGGGATTT-3,36.0,0.2461747580345537,,,0.1850283944180879,0.27103139859455855,0.2977654489527998
TAGCATATCTAGCTTT-1,9.0,0.0,0.0,0.0,1.0,0.0,0.0
CCACTTGGTATTCGCT-3,4.0,1.0,0.0,0.0,0.0,0.0,0.0
GTATTCAAGGTCGAGG-2,19.0,0.0,0.0,0.0,0.0,1.0,0.0
ACCACACCAAGGAATC-3,5.0,1.0,0.0,0.0,0.0,0.0,0.0
CTTTAGGCAAGGGTTG-3,8.0,0.22347106138460127,,,0.25914442347718897,0.16517053432406306,0.3522139808141467
CGTGCACAGGAAACTG-3,26.0,1.0,0.0,0.0,0.0,0.0,0.0
GTTAAGCTCGTTAGCG-3,5.0,0.25007613426230707,0.0,0.0,0.2764713286099489,0.24316603374735998,0.23028650338038426
TTAGACTCATGCTATG-1,17.0,0.0,0.0,0.0,1.0,0.0,0.0
TGGTGATTCGGGATTT-3,4.0,1.0,0.0,0.0,0.0,0.0,0.0
TACGGTTAGTCAGTAC-2,26.0,0.0,0.0,0.0,0.0,0.0,1.0
CACTTTGTCATGACCG-3,4.0,0.2789549502429366,0.0,0.0,0.1885732419812842,0.21961014244052887,0.31286166533525034
AAACGTACAGTCTAGC-2,35.0,0.0,0.0,0.0,0.0,0.0,1.0
CAAACACTCTTGGACG-3,4.0,0.2789549502429366,,,0.1885732419812842,0.21961014244052887,0.31286166533525034
CCTTCAATCTGTGCCT-2,25.0,1.0,0.0,0.0,0.0,0.0,0.0
TATGACTCATAATGTC-2,26.0,0.0,0.0,0.0,0.0,1.0,0.0
AGCCGCTAGTTGGCCA-1,16.0,0.0,0.0,0.0,0.0,0.0,1.0
AGGCTAAAGTGCACGC-3,20.0,0.255116509861887,0.0,0.0,0.11378520411624034,0.3739473542312623,0.25715093179061016
GCGCAAACAGCGCTTG-3,29.0,0.31074906515307005,0.0,0.0,0.233016360882147,0.22003051032240445,0.2362040636423785
TTAATCGAGTCACCTC-1,3.0,1.0,0.0,0.0,0.0,0.0,0.0
GTCATCACAGGATGGC-3,6.0,1.0,0.0,0.0,0.0,0.0,0.0
TGATTCAAGCCACATG-1,5.0,1.0,0.0,0.0,0.0,0.0,0.0
CGCTTAACACTAAGCC-1,15.0,0.0,0.0,0.0,1.0,0.0,0.0
CCTGTATGTCAATGTG-2,29.0,0.31074906515307005,0.0,0.0,0.233016360882147,0.22003051032240445,0.2362040636423785
ATGGCCGGTAAGCTCA-3,9.0,1.0,0.0,0.0,0.0,0.0,0.0
GCAAGTGCAATGAATG-3,2.0,0.21079074246169519,0.0,0.0,0.3110256879333526,0.2245883274521365,0.25359524215281576
TCTCAATTCCTTGAGG-3,21.0,1.0,0.0,0.0,0.0,0.0,0.0
ACGACAAAGATAGACG-3,21.0,1.0,0.0,0.0,0.0,0.0,0.0
CGGAGTCTCCTCACTA-1,36.0,0.0,0.0,0.0,0.0,0.0,1.0
CCCAAACCAAACTAAG-2,1.0,1.0,0.0,0.0,0.0,0.0,0.0
GGACGAAGTGGAGCAA-3,1.0,1.0,0.0,0.0,0.0,0.0,0.0
GTGTGAGCATTATCCC-1,5.0,0.0,0.0,0.0,0.0,0.0,1.0
GCTCTGTTCTACCTGC-2,29.0,0.31074906515307005,,,0.233016360882147,0.22003051032240445,0.2362040636423785
CAAGGTTTCTAAGGAG-2,11.0,0.26017380928088074,0.0,0.0,0.3107460265472086,0.2228172513789396,0.20626291279297101
CTGTTCATCGTTCACC-2,3.0,1.0,0.0,0.0,0.0,0.0,0.0
CTCTATGTCTCCTCTT-3,22.0,0.22299113408910365,0.0,0.0,0.2286831626631811,0.3006206801642622,0.24770502308345307
ATGACTCAGTCACTCC-3,9.0,0.25657805136510725,,,0.19608879238864382,0.26842478255731234,0.2789083736889367
TTATGACCAATTAACC-1,10.0,0.0,0.0,0.0,1.0,0.0,0.0
GTTAAACGTGGGAACA-3,19.0,0.0,0.0,0.0,0.0,1.0,0.0
TACCTTAGTGGGTGAA-1,2.0,0.0,0.0,0.0,1.0,0.0,0.0
CACAGGGAGACTAAGG-3,11.0,1.0,0.0,0.0,0.0,0.0,0.0
TAGCTTAAGAACAAGT-3,11.0,1.0,0.0,0.0,0.0,0.0,0.0
TGGTCATAGGACTTAC-1,13.0,0.0,0.0,0.0,1.0,0.0,0.0
TACTCAAAGCTGGCTA-1,27.0,0.0,0.0,0.0,1.0,0.0,0.0
ATCACACAGCGGCTGT-2,15.0,0.25404889456095253,,,0.3994002521455771,0.19749238598555172,0.14905846730791872
TGAGAACCATAAAGCA-3,6.0,0.0,0.0,0.0,0.0,1.0,0.0
CACATAATCCCGAACA-1,24.0,0.0,0.0,0.0,1.0,0.0,0.0
ATTGCACAGGACAATG-3,21.0,0.36496857686394185,0.0,0.0,0.2425919314203312,0.14718681699163197,0.24525267472409484
AGCTGCTCACGTAATT-2,24.0,0.0,0.0,0.0,0.0,0.0,1.0
CTGTTAAAGTTTGCGG-2,34.0,0.23141187017972628,0.0,0.0,0.21203187960198364,0.23517958103089368,0.32137666918739655
GCTTCGCGTAACCACA-3,2.0,0.0,0.0,0.0,0.0,1.0,0.0
GTGGACACACATAACT-3,6.0,1.0,0.0,0.0,0.0,0.0,0.0
GAACCGCTCGCGACAC-3,31.0,0.24483511612846504,,,0.34550975661796685,0.2764681959007302,0.13318693135283804
TAATGGACACATAACT-3,14.0,0.3201781415239845,0.0,0.0,0.0,0.3459617933990345,0.333860065076981
CGCTGTGCAAGCTACC-1,12.0,0.0,0.0,0.0,1.0,0.0,0.0
ACGTCCTTCATTAGGC-2,1.0,0.2431277739439729,0.0,0.0,0.27520525106868904,0.22514867316661977,0.2565183018207184
CTTTAGGCAAGCGAGC-3,22.0,1.0,0.0,0.0,0.0,0.0,0.0
CCAAATCAGCACAGCC-2,8.0,0.0,0.0,0.0,0.0,0.0,1.0
GCAAGCCTCCAAATCA-3,11.0,0.26017380928088074,,,0.3107460265472086,0.2228172513789396,0.20626291279297101
AACTTAGTCTTAGCGG-3,15.0,0.25404889456095253,,,0.3994002521455771,0.19749238598555172,0.14905846730791872
CATTATCTCATGACCG-2,33.0,0.0,0.0,0.0,1.0,0.0,0.0
ACGCACGGTAATCCCT-1,15.0,1.0,0.0,0.0,0.0,0.0,0.0
CCTAGTTGTGACCTGG-3,13.0,0.2379245460670892,0.0,0.0,0.33034621848395457,0.2084468038321267,0.22328243161682945
CCTCCTCTCTAATCAG-1,15.0,1.0,0.0,0.0,0.0,0.0,0.0
GTGTGCGGTTTATCGC-1,28.0,0.0,0.0,0.0,1.0,0.0,0.0
GTGGCTTCATTGCGAC-1,38.0,0.0,0.0,0.0,1.0,0.0,0.0
AATCCGTAGCCTCTCG-3,27.0,0.0,0.0,0.0,0.0,1.0,0.0
CTACCTCAGCGAGGTG-2,28.0,0.0,0.0,0.0,1.0,0.0,0.0
GCTAAGTTCCCGTTAC-2,3.0,0.0,0.0,0.0,0.0,1.0,0.0
CTACAACAGCTATTAG-1,28.0,0.0,0.0,0.0,1.0,0.0,0.0
GGCGGTAAGGCCTAAT-3,12.0,0.22393288850727908,,,0.21148179656914845,0.3491266157595441,0.21545869916402838
TGAGCACGTAGGTTTG-3,4.0,0.2789549502429366,0.0,0.0,0.1885732419812842,0.21961014244052887,0.31286166533525034
CGGAGTCTCTACTAAG-3,22.0,0.22299113408910365,,,0.2286831626631811,0.3006206801642622,0.24770502308345307
GATTAAGCAACGTGCT-1,1.0,0.0,0.0,0.0,1.0,0.0,0.0
TGCTAGCCATAAGGAC-1,31.0,0.0,0.0,0.0,1.0,0.0,0.0
CATCCTGGTAAGCACC-2,4.0,0.2789549502429366,0.0,0.0,0.1885732419812842,0.21961014244052887,0.31286166533525034
AGCTAAACATTGCGAC-2,35.0,0.2399263636153897,0.0,0.0,0.17564806529159285,0.22166609309080135,0.362759478002216
GAGTCAAAGGTCGAGG-1,13.0,0.0,0.0,0.0,1.0,0.0,0.0
TGGCCTTTCTCAATAG-3,17.0,1.0,0.0,0.0,0.0,0.0,0.0
AAGGTGCAGGAGGTTA-2,7.0,0.23707317196827163,,,0.3805360488007793,0.2041805565917011,0.17821022263924788
TTGGCTGAGGAGCAAC-3,13.0,0.2379245460670892,,,0.33034621848395457,0.2084468038321267,0.22328243161682945
AACAGATAGCTCCTTA-3,26.0,0.3005755128437196,,,0.19364293997678975,0.3106467509625101,0.19513479621698074
TGCGCAGGTTTGCTGT-1,38.0,0.0,0.0,0.0,1.0,0.0,0.0
CAATCCCTCTGCAACG-1,9.0,0.0,0.0,0.0,1.0,0.0,0.0
AAGGTCAAGTAACAGG-3,3.0,0.2510908928836586,,,0.23769248350866462,0.29944475183729763,0.2117718717703792
GGAAGTATCTTAGTCT-1,25.0,0.0,0.0,0.0,0.0,0.0,1.0
GTCGAAGCAGTTTGTG-3,5.0,1.0,0.0,0.0,0.0,0.0,0.0
TGATCGAGTGCTAGCG-2,18.0,0.0,0.0,0.0,1.0,0.0,0.0
AGGACTAAGCTCAATA-3,12.0,1.0,0.0,0.0,0.0,0.0,0.0
CCTACTTCAAGTAAGC-1,11.0,0.0,0.0,0.0,1.0,0.0,0.0
AGCTATATCACATTGA-3,17.0,1.0,0.0,0.0,0.0,0.0,0.0
AGGACTAAGTATCGCG-3,29.0,0.31074906515307005,,,0.233016360882147,0.22003051032240445,0.2362040636423785
AACGCTAGTAGCTGCG-3,12.0,1.0,0.0,0.0,0.0,0.0,0.0
GTCATCACATAATCCG-2,4.0,0.0,0.0,0.0,1.0,0.0,0.0
ACGCAAGCACTCAACA-3,16.0,1.0,0.0,0.0,0.0,0.0,0.0
CGTGACATCATGAAGG-1,15.0,1.0,0.0,0.0,0.0,0.0,0.0
GGTACAAAGTAACTCA-2,18.0,0.0,0.0,0.0,0.0,0.0,1.0
AGTGGACAGATGGAGC-1,30.0,0.0,0.0,0.0,1.0,0.0,0.0
TCCACAACAATGAGGT-2,22.0,0.0,0.0,0.0,1.0,0.0,0.0
ACGAGTAAGTAAGTCC-1,13.0,0.0,0.0,0.0,1.0,0.0,0.0
GAAGGAACACAGAACG-2,17.0,0.28041555117654665,,,0.21377517180417943,0.21373583317818393,0.29207344384108996
GACTTACAGCTCAATA-2,14.0,0.0,0.0,0.0,0.0,1.0,0.0
GGTTACCCACTTCATC-1,5.0,0.0,0.0,0.0,1.0,0.0,0.0
TGCATTAAGTTAGTGC-2,15.0,0.0,0.0,0.0,1.0,0.0,0.0
ATGGACAAGTTGGGCC-3,14.0,0.0,0.0,0.0,0.0,1.0,0.0
TCCTAGTGTAGACAAA-3,22.0,0.22299113408910365,,,0.2286831626631811,0.3006206801642622,0.24770502308345307
TGTGATCAGTACCGCA-3,12.0,0.0,0.0,0.0,0.0,1.0,0.0
ATGCAGGCAATTAGGA-3,25.0,1.0,0.0,0.0,0.0,0.0,0.0
TCGGTTACAGGTTCAC-3,3.0,0.0,0.0,0.0,0.0,1.0,0.0
GCTTATCGTTGTGATG-3,13.0,0.0,0.0,0.0,0.0,0.0,1.0
GCACGGTTCCCGAACA-3,26.0,0.3005755128437196,,,0.19364293997678975,0.3106467509625101,0.19513479621698074
TGCCGGTAGCCTTAAA-2,16.0,0.0,0.0,0.0,1.0,0.0,0.0
ATTCACTTCAAACCGT-1,15.0,1.0,0.0,0.0,0.0,0.0,0.0
ACAACAACATTCAGCA-1,8.0,1.0,0.0,0.0,0.0,0.0,0.0
TTCCCACAGCACTAGT-3,10.0,0.26490417044114983,,,0.1425309127782741,0.3402195170606928,0.2523453997198832
TGATCAGGTCCTTCTC-1,4.0,0.0,0.0,0.0,0.0,0.0,1.0
GGTATTGGTCAGGCAT-3,33.0,0.25254537146409556,,,0.23028304051452006,0.2665285948922042,0.25064299312918015
TAGTCAATCTGTGAGT-2,28.0,1.0,0.0,0.0,0.0,0.0,0.0
AATCAGGAGTAACCAC-2,20.0,0.2878720949445188,0.0,0.0,0.0,0.4219601793697779,0.29016772568570315
TCGCGCACAATCGCAC-1,13.0,0.0,0.0,0.0,1.0,0.0,0.0
GCAAGTGCAGCATTAT-1,1.0,1.0,0.0,0.0,0.0,0.0,0.0
ACCAGCTCATTGTCAG-3,35.0,0.0,0.0,0.0,0.0,0.0,1.0
CCCATAACAATAGCCC-2,30.0,0.0,0.0,0.0,0.0,1.0,0.0
ACAGCGCTCCTCAGTC-2,2.0,0.0,0.0,0.0,1.0,0.0,0.0
GAGTTACTCGGGACTC-3,31.0,0.24483511612846504,,,0.34550975661796685,0.2764681959007302,0.13318693135283804
GTGCTCAAGCGGCTGT-3,35.0,1.0,0.0,0.0,0.0,0.0,0.0
CCGTTAACACAGACTC-2,18.0,0.0,0.0,0.0,1.0,0.0,0.0
AATTAGCGTCACAGAC-3,17.0,1.0,0.0,0.0,0.0,0.0,0.0
AGTAATGCATGTCGCG-2,11.0,0.0,0.0,0.0,1.0,0.0,0.0
GGAGTGAGTGCTCCGT-3,25.0,1.0,0.0,0.0,0.0,0.0,0.0
GCGATTAGTGCACGCA-2,9.0,0.25657805136510725,0.0,0.0,0.19608879238864382,0.26842478255731234,0.2789083736889367
CCTTCAGGTTGGCGTG-3,19.0,0.0,0.0,0.0,0.0,1.0,0.0
GATTGCAGTTTGCTGT-1,11.0,0.0,0.0,0.0,1.0,0.0,0.0
AAGAACAGTAGGATTT-3,11.0,0.26017380928088074,,,0.3107460265472086,0.2228172513789396,0.20626291279297101
CGATGTCCAACCCTCC-1,21.0,0.0,0.0,0.0,1.0,0.0,0.0
TCGGTAAGTTACTTGC-2,7.0,0.0,0.0,0.0,1.0,0.0,0.0
ATGTCAATCCCTCAAC-1,9.0,0.0,0.0,0.0,0.0,0.0,1.0
CCTGTAACACAAACTT-2,32.0,0.23501474983514806,,,0.36169219852304807,0.23220664506324848,0.1710864065785554
GACTAATGTCCTTAGT-1,16.0,0.0,0.0,0.0,1.0,0.0,0.0
TTGGATCAGTCAATTG-2,7.0,0.23707317196827163,,,0.3805360488007793,0.2041805565917011,0.17821022263924788
GATCGAGCAATAGTCT-3,2.0,1.0,0.0,0.0,0.0,0.0,0.0
TTTGACCGTTTGGGCG-3,30.0,0.2305508875130836,0.0,0.0,0.30015485066475694,0.2562706347632869,0.21302362705887254
CATCCTGGTTCACTGT-3,8.0,0.22347106138460127,,,0.25914442347718897,0.16517053432406306,0.3522139808141467
TTCGTTAGTGTCCTGC-3,12.0,0.22393288850727908,,,0.21148179656914845,0.3491266157595441,0.21545869916402838
CGCGGATTCAGGAAGC-3,11.0,0.0,0.0,0.0,0.0,0.0,1.0
GTTTGTAAGAATGACG-1,7.0,1.0,0.0,0.0,0.0,0.0,0.0
ACCATTAAGGGCTTAT-2,10.0,0.26490417044114983,0.0,0.0,0.1425309127782741,0.3402195170606928,0.2523453997198832
ATAATGGCACCAGGTT-3,4.0,0.0,0.0,0.0,0.0,1.0,0.0
CTGAATATCGCTTGCT-3,1.0,0.2431277739439729,,,0.27520525106868904,0.22514867316661977,0.2565183018207184
TATTTGCTCTTAGTGA-1,12.0,0.0,0.0,0.0,1.0,0.0,0.0
ACCGGTTCAATAGTCT-3,19.0,0.28880190709864184,,,0.19477936981053914,0.2980900086334725,0.21832871445734645
AATGCGCGTTATAGCG-3,10.0,0.0,0.0,0.0,0.0,1.0,0.0
TGCTCACTCTAGCTAA-2,24.0,0.0,0.0,0.0,0.0,0.0,1.0
GATAAAGGTCCCGAAG-3,19.0,1.0,0.0,0.0,0.0,0.0,0.0
GTAGGATCACAATGTT-3,1.0,0.2431277739439729,,,0.27520525106868904,0.22514867316661977,0.2565183018207184
AACCGCTCAGGTATTT-1,33.0,0.0,0.0,0.0,1.0,0.0,0.0
GAGGCCTTCCAGCACA-1,6.0,0.0,0.0,0.0,1.0,0.0,0.0
ACGAATCTCACCAATA-2,1.0,0.0,0.0,0.0,1.0,0.0,0.0
ACTAACGGTGATGAAA-3,1.0,0.2431277739439729,,,0.27520525106868904,0.22514867316661977,0.2565183018207184
GGTACTTAGTAGAGGC-1,11.0,0.0,0.0,0.0,0.0,0.0,1.0
AATTGGGAGCAAGACA-1,1.0,1.0,0.0,0.0,0.0,0.0,0.0
TATGGGCGTTCCGCAC-3,16.0,1.0,0.0,0.0,0.0,0.0,0.0
GTTGGCCAGTCATTTC-1,1.0,0.0,0.0,0.0,0.0,0.0,1.0
GACTAATGTGCGCATG-3,1.0,1.0,0.0,0.0,0.0,0.0,0.0
ATTACTGAGTCACTCC-3,17.0,0.28041555117654665,,,0.21377517180417943,0.21373583317818393,0.29207344384108996
AGCACAGCACAATTAC-3,20.0,1.0,0.0,0.0,0.0,0.0,0.0
GACCGAACACAATGTT-1,1.0,1.0,0.0,0.0,0.0,0.0,0.0
TTGTGTGCACAGAACG-1,15.0,0.0,0.0,0.0,1.0,0.0,0.0
CATTCATTCGCTAGTG-1,3.0,1.0,0.0,0.0,0.0,0.0,0.0
GCAATATGTGTTTCAC-2,1.0,0.0,0.0,0.0,0.0,1.0,0.0
GAGTAACCACAATGTT-3,31.0,0.24483511612846504,,,0.34550975661796685,0.2764681959007302,0.13318693135283804
GACTAATGTTTGTGGA-3,22.0,1.0,0.0,0.0,0.0,0.0,0.0
TTTCTCACAAGGACCA-1,1.0,1.0,0.0,0.0,0.0,0.0,0.0
GGCTATTAGGCTACTG-3,14.0,1.0,0.0,0.0,0.0,0.0,0.0
TACAACATCGCATTAA-1,24.0,0.0,0.0,0.0,1.0,0.0,0.0
GAGCCTTCATGAGCAG-3,12.0,0.22393288850727908,,,0.21148179656914845,0.3491266157595441,0.21545869916402838
CTGGTAAGTCGTTACT-2,15.0,0.25404889456095253,,,0.3994002521455771,0.19749238598555172,0.14905846730791872
AGGAACCAGGGCTTAT-1,28.0,0.0,0.0,0.0,0.0,0.0,1.0
AGTGGACAGTCAATTG-3,31.0,1.0,0.0,0.0,0.0,0.0,0.0
GAGCTGCTCCCGAACA-1,1.0,1.0,0.0,0.0,0.0,0.0,0.0
CGCTTAACATAATTGC-3,18.0,0.23638071763888321,,,0.28964209218552694,0.2590708442645409,0.21490634591104896
TGCAGGCTCCTCGATC-3,13.0,0.2379245460670892,,,0.33034621848395457,0.2084468038321267,0.22328243161682945
GGACGAAGTGTGAGGA-3,29.0,0.31074906515307005,0.0,0.0,0.233016360882147,0.22003051032240445,0.2362040636423785
GCAAGTGCAATAATGG-1,23.0,0.0,0.0,0.0,1.0,0.0,0.0
CGCAATAGTTTAGTCC-1,29.0,0.0,0.0,0.0,1.0,0.0,0.0
GGCTAGTGTTGGCCGA-1,32.0,0.0,0.0,0.0,1.0,0.0,0.0
GGCTGTCAGGAACACA-1,11.0,0.0,0.0,0.0,1.0,0.0,0.0
CGCAATAGTATGGTGC-3,7.0,1.0,0.0,0.0,0.0,0.0,0.0
AAAGGACGTGAAACAA-1,15.0,1.0,0.0,0.0,0.0,0.0,0.0
AACCTCACACTTAACG-2,37.0,0.0,0.0,0.0,1.0,0.0,0.0
TCCCTGGTCATTGTCT-3,30.0,0.0,0.0,0.0,0.0,1.0,0.0
TAGGAACCAGGAATCG-1,33.0,0.0,0.0,0.0,1.0,0.0,0.0
CACCTCAGTTCCATTA-2,31.0,0.0,0.0,0.0,1.0,0.0,0.0
GTTCGCGCAAATGCCC-1,9.0,0.0,0.0,0.0,1.0,0.0,0.0
GTACACCCACCGGCTA-2,31.0,0.0,0.0,0.0,1.0,0.0,0.0
GCTAATATCAAACTCA-1,32.0,1.0,0.0,0.0,0.0,0.0,0.0
AGTCCTTGTACGCGCA-1,17.0,0.0,0.0,0.0,1.0,0.0,0.0
GGCTTCAAGTTATGTG-2,12.0,0.22393288850727908,0.0,0.0,0.21148179656914845,0.3491266157595441,0.21545869916402838
CAGCTATAGTAAACCC-1,24.0,0.0,0.0,0.0,0.0,0.0,1.0
GCCAACATCGTTCACC-3,5.0,0.25007613426230707,,,0.2764713286099489,0.24316603374735998,0.23028650338038426
ACAGGTAAGGAGGACT-3,23.0,0.2890753295347951,0.0,0.0,0.21326803108883835,0.2250748294409998,0.2725818099353668
AATTGACGTAATGGCC-1,16.0,0.0,0.0,0.0,1.0,0.0,0.0
ACCACATAGGAGCACG-3,20.0,0.0,0.0,0.0,0.0,1.0,0.0
TTAAGGTGTTAGTTGG-1,21.0,0.0,0.0,0.0,1.0,0.0,0.0
TCAGCAAGTAATGACT-2,3.0,0.0,0.0,0.0,1.0,0.0,0.0
TGCGCAGGTGATTACG-3,3.0,0.2510908928836586,,,0.23769248350866462,0.29944475183729763,0.2117718717703792
GGATTATGTTTAGCGA-1,8.0,0.0,0.0,0.0,0.0,0.0,1.0
ACACTTAAGCATTTCT-3,20.0,1.0,0.0,0.0,0.0,0.0,0.0
GGATGAATCAATCATG-2,13.0,0.0,0.0,0.0,1.0,0.0,0.0
TAATGCATCCGCCTAT-1,1.0,0.0,0.0,0.0,1.0,0.0,0.0
TACTCAAAGCTCATAA-3,20.0,0.255116509861887,,,0.11378520411624034,0.3739473542312623,0.25715093179061016
TGAACAGAGCCACAAT-2,26.0,0.0,0.0,0.0,0.0,0.0,1.0
GTCTATGCACTAAATC-2,12.0,0.0,0.0,0.0,1.0,0.0,0.0
ATGTGAGAGACAAACG-1,23.0,0.0,0.0,0.0,1.0,0.0,0.0
AGGTTAACAACACCTA-3,4.0,0.2789549502429366,0.0,0.0,0.1885732419812842,0.21961014244052887,0.31286166533525034
AGTGAGTCAAACGCGA-3,15.0,0.25404889456095253,0.0,0.0,0.3994002521455771,0.19749238598555172,0.14905846730791872
ATCCAACAGTTAGGCT-3,1.0,1.0,0.0,0.0,0.0,0.0,0.0
GAGAAACGTAACGTGC-3,6.0,1.0,0.0,0.0,0.0,0.0,0.0
ACGGTTTAGAGCAAGC-3,26.0,0.3005755128437196,0.0,0.0,0.19364293997678975,0.3106467509625101,0.19513479621698074
GCTTTACGTCATGAGC-2,29.0,0.0,0.0,0.0,1.0,0.0,0.0
GTTAAGTGTTTAACCC-2,31.0,0.0,0.0,0.0,0.0,0.0,1.0
AGTCGCATCGCTATAA-3,23.0,0.2890753295347951,,,0.21326803108883835,0.2250748294409998,0.2725818099353668
CCGTGCTGTTATAGCG-1,33.0,0.0,0.0,0.0,1.0,0.0,0.0
AACAGGATCTTGGATA-2,2.0,0.21079074246169519,,,0.3110256879333526,0.2245883274521365,0.25359524215281576
GGAGCAAGTATCTGGA-3,24.0,0.21845905187174444,,,0.2480843926368116,0.19755649681913243,0.33590005867231154
CCAAACTAGACAGGCG-1,20.0,1.0,0.0,0.0,0.0,0.0,0.0
GTGCGCAGTTGTTCAC-3,32.0,0.0,0.0,0.0,0.0,1.0,0.0
TCCAGGATCGCTATGG-3,13.0,0.2379245460670892,,,0.33034621848395457,0.2084468038321267,0.22328243161682945
CAAACGCGTATTGCAG-2,1.0,1.0,0.0,0.0,0.0,0.0,0.0
CTTATGTTCAAAGGCA-2,14.0,0.25490642483705084,,,0.203860627012991,0.27543380527416844,0.2657991428757897
ATTGAAGCATAGCTGC-1,35.0,0.0,0.0,0.0,1.0,0.0,0.0
GCACGCTAGCCGGTAC-3,12.0,0.22393288850727908,,,0.21148179656914845,0.3491266157595441,0.21545869916402838
TCCAGGTCAGAATGAC-1,9.0,0.0,0.0,0.0,1.0,0.0,0.0
CTCCTCACAGTTTCTC-1,7.0,0.0,0.0,0.0,1.0,0.0,0.0
GCATTGCCATAGCTGC-3,31.0,0.24483511612846504,,,0.34550975661796685,0.2764681959007302,0.13318693135283804
CAAGGTTTCAATGAGG-3,1.0,0.2431277739439729,,,0.27520525106868904,0.22514867316661977,0.2565183018207184
CACAATATCTGTGCAG-2,12.0,1.0,0.0,0.0,0.0,0.0,0.0
TAATGGACACAGCCTG-2,10.0,0.0,0.0,0.0,1.0,0.0,0.0
AATGTCCAGGTTTACA-3,16.0,0.19281102196304184,,,0.24608965471250854,0.23107341591095565,0.33002590741349397
CGATCCTTCATGGTGT-3,10.0,1.0,0.0,0.0,0.0,0.0,0.0
GAACCAGCAGCTTAGC-1,4.0,1.0,0.0,0.0,0.0,0.0,0.0
CAGGACACAGCCAGAA-1,29.0,0.0,0.0,0.0,1.0,0.0,0.0
TCCGCCATCAAGTGAG-3,4.0,0.2789549502429366,,,0.1885732419812842,0.21961014244052887,0.31286166533525034
CTTCAATTCCTGATGG-3,7.0,0.23707317196827163,,,0.3805360488007793,0.2041805565917011,0.17821022263924788
CCTGTTGGTCTAACAG-1,14.0,0.0,0.0,0.0,1.0,0.0,0.0
GAGCAAATCCGGAACC-1,15.0,0.0,0.0,0.0,1.0,0.0,0.0
ATCACTAAGGTTACAC-2,13.0,0.2379245460670892,0.0,0.0,0.33034621848395457,0.2084468038321267,0.22328243161682945
ACACGGACAGCAAGAT-3,9.0,0.25657805136510725,,,0.19608879238864382,0.26842478255731234,0.2789083736889367
TCCTCAATCTACCTGC-3,4.0,0.0,0.0,0.0,0.0,1.0,0.0
GAAGTATAGGCCTGGT-1,12.0,0.0,0.0,0.0,1.0,0.0,0.0
GGCATTGTCATTGACA-2,5.0,0.0,0.0,0.0,0.5455689308719414,0.0,0.4544310691280588
TCAAGGTTCTTTAAGG-3,4.0,0.2789549502429366,,,0.1885732419812842,0.21961014244052887,0.31286166533525034
CGTGCTTTCGCTCACT-3,30.0,0.2305508875130836,,,0.30015485066475694,0.2562706347632869,0.21302362705887254
CGTTGCAAGCCGCTTT-1,30.0,0.0,0.0,0.0,1.0,0.0,0.0
CAAGTAACACGTAATT-1,8.0,0.0,0.0,0.0,0.0,0.0,1.0
TACGTACAGTGAGGGT-1,21.0,0.0,0.0,0.0,1.0,0.0,0.0
GTACGTAGTTTGGCTT-2,15.0,0.0,0.0,0.0,1.0,0.0,0.0
GTGTGCGGTGGTTCTT-3,2.0,0.0,0.0,0.0,0.0,1.0,0.0
TCGTTTCCAACATAAG-2,22.0,0.0,0.0,0.0,1.0,0.0,0.0
GCAGGATAGTTAGGCT-1,29.0,0.0,0.0,0.0,1.0,0.0,0.0
ACCCTGTTCATTAGCA-1,14.0,0.0,0.0,0.0,0.0,0.0,1.0
ATTGTGATCACGCGGT-2,5.0,0.0,0.0,0.0,1.0,0.0,0.0
TGGCCTGCATTGGGAG-3,23.0,1.0,0.0,0.0,0.0,0.0,0.0
TACTTGTTCATTAGGC-3,11.0,0.26017380928088074,0.0,0.0,0.3107460265472086,0.2228172513789396,0.20626291279297101
ACCACACCAGCTAACC-3,22.0,1.0,0.0,0.0,0.0,0.0,0.0
AGACCCGGTAATCGTG-2,30.0,0.0,0.0,0.0,1.0,0.0,0.0
TATCCGGAGCCTGTTC-2,21.0,0.0,0.0,0.0,0.0,0.0,1.0
GGATTATGTTCCGGCT-1,12.0,0.0,0.0,0.0,1.0,0.0,0.0
TGGTCCTTCTTGTCCA-2,4.0,0.0,0.0,0.0,0.37606724069221203,0.0,0.623932759307788
CTAGTGAGTCATCCTG-3,2.0,0.21079074246169519,,,0.3110256879333526,0.2245883274521365,0.25359524215281576
GTCCATTGTCATGCAA-3,12.0,0.0,0.0,0.0,0.0,1.0,0.0
CCACATTGTTTATGGG-1,3.0,0.0,0.0,0.0,1.0,0.0,0.0
TTGACGTAGAGGAGGA-2,6.0,0.0,0.0,0.0,0.0,0.0,1.0
GTCCGTAAGGTAAGGC-2,15.0,0.0,0.0,0.0,0.0,0.0,1.0
GTTAACGGTCACAAAT-2,25.0,0.25294349983189635,0.0,0.0,0.22563202807869934,0.20762681900387653,0.31379765308552765
TCACCTCAGGGATGCG-3,12.0,0.0,0.0,0.0,0.0,1.0,0.0
AGTCAGGCAGTTTCTC-1,24.0,0.0,0.0,0.0,1.0,0.0,0.0
ATGATGACAAGGCCAA-2,1.0,0.0,0.0,0.0,0.0,1.0,0.0
CTTCTCAAGGCTAAGA-2,18.0,0.0,0.0,0.0,0.0,0.0,1.0
ACCTGTTGTGTGAGAG-2,37.0,0.15830411656991292,0.0,0.0,0.21353305020503288,0.2890839998065646,0.33907883341848966
CTCATTTAGTGAGAGC-2,17.0,0.0,0.0,0.0,1.0,0.0,0.0
CTGGTTTGTGTTTGAG-1,4.0,0.0,0.0,0.0,1.0,0.0,0.0
GTCAGGCTCATGAGCT-2,20.0,0.0,0.0,0.0,0.0,0.0,1.0
GGTTTCCTCAGGAACA-1,16.0,0.0,0.0,0.0,1.0,0.0,0.0
GAGATAAGTTGGATCA-1,23.0,0.0,0.0,0.0,1.0,0.0,0.0
TGTCAATCACTGACCG-2,31.0,0.0,0.0,0.0,0.0,0.0,1.0
GGATAACCACATTAAC-1,13.0,1.0,0.0,0.0,0.0,0.0,0.0
GATCGAGCAAGCGATG-3,38.0,0.19027885726034566,0.0,0.0,0.23574107619489226,0.2789089395946002,0.2950711269501618
ACCCTCCCATTGTGTG-2,26.0,0.0,0.0,0.0,0.4980813507290867,0.0,0.5019186492709132
TTCGCAACATCACAGC-2,13.0,0.0,0.0,0.0,0.0,0.0,1.0
TTGTTTGGTGGGAACA-1,22.0,0.0,0.0,0.0,1.0,0.0,0.0
AACCTTAAGGTCCACA-1,18.0,0.0,0.0,0.0,1.0,0.0,0.0
ATGTTTGAGTGAACCT-1,1.0,0.0,0.0,0.0,1.0,0.0,0.0
CCTTAGTGTATGGTGC-2,18.0,0.0,0.0,0.0,1.0,0.0,0.0
AGTGGACAGGACCTTG-3,19.0,0.0,0.0,0.0,0.0,1.0,0.0
CTTACCGGTCATCATC-3,37.0,0.15830411656991292,,,0.21353305020503288,0.2890839998065646,0.33907883341848966
AATGAAGGTGATGAAA-1,2.0,1.0,0.0,0.0,0.0,0.0,0.0
GGTTATGGTTTACCGT-3,31.0,0.0,0.0,0.0,0.0,1.0,0.0
CAGGTCCAGCACTTGG-1,15.0,0.0,0.0,0.0,1.0,0.0,0.0
AGAGGATGTCAATACG-1,7.0,0.0,0.0,0.0,1.0,0.0,0.0
GTGAATCTCTTAGGGT-1,27.0,0.0,0.0,0.0,1.0,0.0,0.0
CTTTGGTGTCAAGTGC-2,3.0,0.2510908928836586,0.0,0.0,0.23769248350866462,0.29944475183729763,0.2117718717703792
GATTGCAGTTAGCGTA-1,18.0,0.0,0.0,0.0,1.0,0.0,0.0
TAGTAAGCAATTGAGA-3,21.0,1.0,0.0,0.0,0.0,0.0,0.0
ACCCTGTTCACATTGA-2,15.0,0.0,0.0,0.0,1.0,0.0,0.0
GGAGTGAGTAGCTAGC-1,6.0,0.0,0.0,0.0,1.0,0.0,0.0
CAAGTATGTCAGGAAG-2,7.0,0.0,0.0,0.0,1.0,0.0,0.0
ACTTGAATCCAACTGG-3,36.0,0.2461747580345537,,,0.1850283944180879,0.27103139859455855,0.2977654489527998
AGTGTGGCATAAAGCA-2,12.0,0.0,0.0,0.0,1.0,0.0,0.0
GTAAGGTCACAAGCCT-3,1.0,0.2431277739439729,0.0,0.0,0.27520525106868904,0.22514867316661977,0.2565183018207184
GATTACTCACCAGGTT-3,22.0,0.22299113408910365,,,0.2286831626631811,0.3006206801642622,0.24770502308345307
CCAATATCACAAACTT-2,6.0,0.0,0.0,0.0,0.0,0.0,1.0
GTAAGCTTCGCTAGTG-3,1.0,1.0,0.0,0.0,0.0,0.0,0.0
CTCCTGAGTCCTTTAA-1,22.0,0.0,0.0,0.0,0.0,0.0,1.0
AGTGATGAGCTTAGCG-2,10.0,1.0,0.0,0.0,0.0,0.0,0.0
ACACTTGCATCTAGCA-3,20.0,0.255116509861887,,,0.11378520411624034,0.3739473542312623,0.25715093179061016
CTTCAATTCACACAGT-3,37.0,0.15830411656991292,,,0.21353305020503288,0.2890839998065646,0.33907883341848966
AAGGATGTCCCTGTTA-3,4.0,0.2789549502429366,,,0.1885732419812842,0.21961014244052887,0.31286166533525034
GCCAGGTTCTAACTGA-2,33.0,0.25254537146409556,0.0,0.0,0.23028304051452006,0.2665285948922042,0.25064299312918015
TGTTATGAGTTTGGGT-3,9.0,0.25657805136510725,,,0.19608879238864382,0.26842478255731234,0.2789083736889367
ATTCATGAGGAACGCG-2,5.0,0.0,0.0,0.0,0.5455689308719414,0.0,0.4544310691280588
TAGCGGACACACAATT-3,5.0,0.25007613426230707,0.0,0.0,0.2764713286099489,0.24316603374735998,0.23028650338038426
TTCAGCACATAATTGC-3,35.0,1.0,0.0,0.0,0.0,0.0,0.0
AATTGCCAGGAAGCTA-3,5.0,1.0,0.0,0.0,0.0,0.0,0.0
ACTTGTAAGCATGTCG-2,11.0,0.0,0.0,0.0,0.0,0.0,1.0
GTATTGCAGCTAAAGG-3,37.0,0.0,0.0,0.0,0.0,1.0,0.0
TATAGGTGTCCCGGAA-2,29.0,1.0,0.0,0.0,0.0,0.0,0.0
AGCTTAATCACTAATG-2,8.0,0.0,0.0,0.0,0.0,0.0,1.0
CGACAAGCAGCTTAGC-3,28.0,1.0,0.0,0.0,0.0,0.0,0.0
CGCTTAACACCAAAGG-3,9.0,1.0,0.0,0.0,0.0,0.0,0.0
GTAGCCATCAAAGGCA-1,29.0,0.0,0.0,0.0,1.0,0.0,0.0
TGTTCATTCCTCAGCT-1,22.0,0.0,0.0,0.0,1.0,0.0,0.0
GTAGCTGTCGCTCCAT-3,35.0,0.0,0.0,0.0,0.0,1.0,0.0
CTCTGTTCATTGACAT-3,19.0,0.28880190709864184,,,0.19477936981053914,0.2980900086334725,0.21832871445734645
CGTGTTACATGCATAT-3,33.0,0.25254537146409556,,,0.23028304051452006,0.2665285948922042,0.25064299312918015
ATACCTGCAATATGGA-3,38.0,1.0,0.0,0.0,0.0,0.0,0.0
GGTGTTGTCGTGCTTC-1,11.0,0.0,0.0,0.0,1.0,0.0,0.0
CTCAGGATCATCGTTT-2,29.0,0.0,0.0,0.0,0.0,1.0,0.0
ATGCAGGCAGAAACGT-3,5.0,1.0,0.0,0.0,0.0,0.0,0.0
TGGTTAATCCTTTACG-1,6.0,0.0,0.0,0.0,1.0,0.0,0.0
CAAGTATGTGTAACCA-1,13.0,0.0,0.0,0.0,1.0,0.0,0.0
GGAAGCTAGTCATGCG-3,17.0,0.28041555117654665,,,0.21377517180417943,0.21373583317818393,0.29207344384108996
ACACTAGGTTTCAGGA-3,35.0,0.0,0.0,0.0,0.0,1.0,0.0
TCCATTGTCGATAACC-1,11.0,0.0,0.0,0.0,1.0,0.0,0.0
CTAGTGAGTCCTAAGA-1,11.0,0.0,0.0,0.0,1.0,0.0,0.0
GGTTACTAGCCACAAT-2,22.0,1.0,0.0,0.0,0.0,0.0,0.0
GGCGATACAATACTGT-2,23.0,0.0,0.0,0.0,0.0,0.0,1.0
TAGGTTGGTCAAAGAA-3,13.0,0.2379245460670892,,,0.33034621848395457,0.2084468038321267,0.22328243161682945
ACTAATCCAATCTCTC-1,11.0,0.0,0.0,0.0,1.0,0.0,0.0
TCGTTATTCCCTCACG-1,13.0,0.0,0.0,0.0,1.0,0.0,0.0
ACCGCAATCAAACCGT-3,32.0,0.23501474983514806,,,0.36169219852304807,0.23220664506324848,0.1710864065785554
TACCTTTAGACCATAC-2,1.0,1.0,0.0,0.0,0.0,0.0,0.0
TAGCCTCTCACTCAAA-3,24.0,0.21845905187174444,,,0.2480843926368116,0.19755649681913243,0.33590005867231154
TTCACTGTCCTACCTA-3,38.0,1.0,0.0,0.0,0.0,0.0,0.0
CTCATTTAGCTCAAAC-1,30.0,0.0,0.0,0.0,1.0,0.0,0.0
TGAACAACAGCATGTC-2,17.0,0.28041555117654665,,,0.21377517180417943,0.21373583317818393,0.29207344384108996
TCAGTAATCTAGCGAT-2,21.0,0.0,0.0,0.0,0.0,0.0,1.0
TTGTTTGGTCATAACG-3,24.0,0.2905366635995692,0.0,0.0,0.0,0.26273759300185556,0.44672574339857524
GAGGACTAGCTATGAC-1,5.0,0.0,0.0,0.0,1.0,0.0,0.0
CTTACTAGTTGTTGCT-3,5.0,0.0,0.0,0.0,0.0,1.0,0.0
CTTATTGGTCAGGCCA-3,1.0,1.0,0.0,0.0,0.0,0.0,0.0
AAGCCACGTATCTGGA-1,18.0,1.0,0.0,0.0,0.0,0.0,0.0
CTCATTGTCTTAGTCT-2,3.0,0.0,0.0,0.0,1.0,0.0,0.0
TGCTGGATCATAGACC-3,35.0,1.0,0.0,0.0,0.0,0.0,0.0
GCCCGTTGTAGCTGGT-2,16.0,0.0,0.0,0.0,0.0,0.0,1.0
TGCTAGCCATCATGTG-3,24.0,0.21845905187174444,,,0.2480843926368116,0.19755649681913243,0.33590005867231154
CATGCAAGTTCGCTCA-3,14.0,0.25490642483705084,,,0.203860627012991,0.27543380527416844,0.2657991428757897
CAGTACCCAATTGCGC-1,37.0,0.0,0.0,0.0,1.0,0.0,0.0
CCCTCACCACCGTTCC-3,15.0,1.0,0.0,0.0,0.0,0.0,0.0
ACCCAGGGTTGCACAA-3,14.0,0.25490642483705084,0.0,0.0,0.203860627012991,0.27543380527416844,0.2657991428757897
CAAGTTATCATCCTCA-3,20.0,0.0,0.0,0.0,0.0,1.0,0.0
ACAGCCGGTATTTGCC-2,15.0,0.25404889456095253,0.0,0.0,0.3994002521455771,0.19749238598555172,0.14905846730791872
AGAAACTAGTAAGTGG-1,33.0,1.0,0.0,0.0,0.0,0.0,0.0
TTAGGCCCAACAGCCT-2,8.0,0.0,0.0,0.0,1.0,0.0,0.0
ACGTACCCAAGGACCA-1,20.0,0.0,0.0,0.0,1.0,0.0,0.0
ACAGGAATCATCCACC-2,9.0,0.0,0.0,0.0,1.0,0.0,0.0
AGGGTTGCAAATTGCT-3,13.0,0.0,0.0,0.0,0.0,1.0,0.0
ACGATTCAGGGATGCG-3,22.0,0.22299113408910365,,,0.2286831626631811,0.3006206801642622,0.24770502308345307
TGTGGCGGTCATTGAG-2,15.0,0.0,0.0,0.0,1.0,0.0,0.0
CTCCGTCCACTAAGAA-3,7.0,0.23707317196827163,,,0.3805360488007793,0.2041805565917011,0.17821022263924788
GGTTGACGTCCAAGAC-3,2.0,1.0,0.0,0.0,0.0,0.0,0.0
TTTGCATTCTTGCAAA-3,6.0,0.28619740144106137,,,0.20095345838278786,0.28595501190791156,0.2268941282682392
CTCTTGATCTTGCTAT-3,16.0,0.19281102196304184,,,0.24608965471250854,0.23107341591095565,0.33002590741349397
CCGCTAGCAACTAACT-1,27.0,0.0,0.0,0.0,1.0,0.0,0.0
CCTTCGGTCGAGCTAT-3,18.0,0.0,0.0,0.0,0.0,1.0,0.0
AGGATGTCACTAAGTT-2,21.0,1.0,0.0,0.0,0.0,0.0,0.0
GCCACAATCGGTCAAT-3,10.0,0.26490417044114983,,,0.1425309127782741,0.3402195170606928,0.2523453997198832
ACTTACAAGCAAGGGT-2,8.0,0.0,0.0,0.0,1.0,0.0,0.0
CACATACAGGCTGTGC-3,3.0,0.2510908928836586,,,0.23769248350866462,0.29944475183729763,0.2117718717703792
TTGGGCGGTTCCTGAT-1,32.0,0.0,0.0,0.0,1.0,0.0,0.0
GGTGCTTCACATAGCC-1,18.0,0.0,0.0,0.0,1.0,0.0,0.0
AATCTTGAGGCTTAGT-2,12.0,1.0,0.0,0.0,0.0,0.0,0.0
GCTGTACCATAGACTT-1,4.0,1.0,0.0,0.0,0.0,0.0,0.0
GCGAAGTAGTCATGCG-2,36.0,0.0,0.0,0.0,0.0,0.0,1.0
AATTCGTCATTGCGAC-1,16.0,0.0,0.0,0.0,1.0,0.0,0.0
CGCTATGAGGACACTT-3,9.0,0.0,0.0,0.0,0.0,1.0,0.0
AGAATCGAGTTATCCT-2,4.0,0.0,0.0,0.0,0.0,0.0,1.0
GCGCTTGCAGTCTAGC-1,11.0,0.0,0.0,0.0,1.0,0.0,0.0
TTTGTCCCAAGGATTA-2,16.0,0.0,0.0,0.0,0.0,1.0,0.0
CCACTTGGTTCGCTTG-1,9.0,1.0,0.0,0.0,0.0,0.0,0.0
CGGTTTGAGCAAGACA-1,15.0,1.0,0.0,0.0,0.0,0.0,0.0
GCCATGATCGTTCACC-3,26.0,0.0,0.0,0.0,0.0,1.0,0.0
GTGCTCCGTCTAGCTT-3,28.0,0.0,0.0,0.0,0.0,0.0,1.0
TTGCAGCCAGGCTTGT-3,11.0,0.26017380928088074,,,0.3107460265472086,0.2228172513789396,0.20626291279297101
CTGACATAGCATTAGC-2,12.0,0.0,0.0,0.0,0.0,0.0,1.0
GACTAATGTAGTAAGA-2,15.0,1.0,0.0,0.0,0.0,0.0,0.0
GATGCATTCCTGATGG-2,13.0,0.0,0.0,0.0,0.0,0.0,1.0
GATTACGGTCCTAGTT-1,1.0,1.0,0.0,0.0,0.0,0.0,0.0
ACCCTGTTCGGTCAGC-1,8.0,0.0,0.0,0.0,1.0,0.0,0.0
TAGTCAATCCAAATCA-2,22.0,0.0,0.0,0.0,0.0,1.0,0.0
GATTGCAGTAAGGTCC-2,33.0,0.0,0.0,0.0,1.0,0.0,0.0
AGTTTGATCCGCCAAA-1,5.0,0.0,0.0,0.0,1.0,0.0,0.0
AGCACTTAGGCTGTCA-2,10.0,0.0,0.0,0.0,0.0,1.0,0.0
TGACCTTGTTGAGCCG-1,24.0,0.0,0.0,0.0,1.0,0.0,0.0
CAACAGGCACCTGTAA-2,1.0,0.0,0.0,0.0,0.0,0.0,1.0
GCTGTACCATGTCAAT-1,37.0,0.0,0.0,0.0,0.0,0.0,1.0
GCATCCTTCGTGCTAG-3,15.0,1.0,0.0,0.0,0.0,0.0,0.0
CCTTCGGTCTTTAAGG-3,30.0,0.3294312859524358,0.0,0.0,0.0,0.36618191182250653,0.3043868022250576
GCGCGATTCTAAGGTC-2,3.0,0.0,0.0,0.0,0.0,1.0,0.0
ATGCAAACAAGGTACG-3,25.0,0.25294349983189635,,,0.22563202807869934,0.20762681900387653,0.31379765308552765
TTCCTCAAGCTTTGTT-3,1.0,0.2431277739439729,0.0,0.0,0.27520525106868904,0.22514867316661977,0.2565183018207184
TTGACTAAGGTGAAGC-2,16.0,0.0,0.0,0.0,1.0,0.0,0.0
GAAGGCTAGCGAGCGA-2,18.0,0.23638071763888321,0.0,0.0,0.28964209218552694,0.2590708442645409,0.21490634591104896
GGATAACCAGTTTACG-3,16.0,0.19281102196304184,,,0.24608965471250854,0.23107341591095565,0.33002590741349397
GTTGGCGGTAATCCCT-1,27.0,0.0,0.0,0.0,1.0,0.0,0.0
TCAAGGAAGCATTATG-2,20.0,0.255116509861887,0.0,0.0,0.11378520411624034,0.3739473542312623,0.25715093179061016
CTAATGTCAGCATGGA-3,11.0,0.26017380928088074,0.0,0.0,0.3107460265472086,0.2228172513789396,0.20626291279297101
CAGGATGCATTAGCGC-2,3.0,0.2510908928836586,,,0.23769248350866462,0.29944475183729763,0.2117718717703792
ATATGGTGTCACTCGC-2,8.0,0.0,0.0,0.0,0.0,0.0,1.0
CTGGCTAAGGGCCATC-3,20.0,0.255116509861887,0.0,0.0,0.11378520411624034,0.3739473542312623,0.25715093179061016
CATAATCCAAGGTGGC-3,10.0,0.26490417044114983,0.0,0.0,0.1425309127782741,0.3402195170606928,0.2523453997198832
AGGTATTGTTAAGCCA-2,11.0,1.0,0.0,0.0,0.0,0.0,0.0
AAGCTTGGTTACATCC-3,19.0,1.0,0.0,0.0,0.0,0.0,0.0
ATTGGCTAGGCTAGAA-3,23.0,0.2890753295347951,0.0,0.0,0.21326803108883835,0.2250748294409998,0.2725818099353668
GCGATATTCGATTATG-2,18.0,0.23638071763888321,,,0.28964209218552694,0.2590708442645409,0.21490634591104896
GCTGTACCATCCCGCT-3,15.0,1.0,0.0,0.0,0.0,0.0,0.0
CACCTGTTCTTAAGTG-3,16.0,0.19281102196304184,,,0.24608965471250854,0.23107341591095565,0.33002590741349397
GGATTCAGTTCCGGCT-3,24.0,0.21845905187174444,,,0.2480843926368116,0.19755649681913243,0.33590005867231154
ACGAGTAAGGAGTCGG-1,18.0,0.0,0.0,0.0,1.0,0.0,0.0
GGGTTACGTTTACCGT-1,25.0,0.0,0.0,0.0,1.0,0.0,0.0
TTCCCGCCACATACTG-2,5.0,0.0,0.0,0.0,1.0,0.0,0.0
TCCTGTTCAAGTGTTT-1,35.0,1.0,0.0,0.0,0.0,0.0,0.0
GGTACTTAGCGCCTTT-3,15.0,1.0,0.0,0.0,0.0,0.0,0.0
CATCCCAGTAATGGCC-3,3.0,0.2510908928836586,,,0.23769248350866462,0.29944475183729763,0.2117718717703792
TGGACTAGTTGGCGTG-1,16.0,0.0,0.0,0.0,1.0,0.0,0.0
GTAGCTGTCATTGCGG-1,8.0,0.0,0.0,0.0,1.0,0.0,0.0
ATTGGTTCACATAACT-1,11.0,0.0,0.0,0.0,1.0,0.0,0.0
CTCTTGATCTCACAAA-3,19.0,1.0,0.0,0.0,0.0,0.0,0.0
GTGCTTCTCGGTTTCC-1,34.0,1.0,0.0,0.0,0.0,0.0,0.0
ATGGTCTAGTTGTCCC-2,10.0,0.0,0.0,0.0,0.0,0.0,1.0
AAGCTTGGTCACAGCG-2,25.0,0.0,0.0,0.0,1.0,0.0,0.0
CTCCGTCCAGGCTAGA-3,33.0,1.0,0.0,0.0,0.0,0.0,0.0
CATAGGTTCTCCATAT-3,25.0,0.25294349983189635,0.0,0.0,0.22563202807869934,0.20762681900387653,0.31379765308552765
ATCCTGACATTGTCAG-3,30.0,0.2305508875130836,,,0.30015485066475694,0.2562706347632869,0.21302362705887254
TGAGGGCCATCATGTG-2,25.0,1.0,0.0,0.0,0.0,0.0,0.0
CCTACTTCACGTTACA-3,33.0,1.0,0.0,0.0,0.0,0.0,0.0
AGAGGAACAATTATGC-2,27.0,0.2659503422898086,0.0,0.0,0.3090767064839525,0.2252336567198111,0.1997392945064278
CGATGTCCACAGGAAT-1,1.0,0.0,0.0,0.0,1.0,0.0,0.0
CCTTACTCAATATGGA-3,33.0,1.0,0.0,0.0,0.0,0.0,0.0
TAGTCAATCATCACTT-2,12.0,0.0,0.0,0.0,1.0,0.0,0.0
CCTTCAATCAATCATG-3,3.0,0.2510908928836586,,,0.23769248350866462,0.29944475183729763,0.2117718717703792
GGTAATTGTGAGAAAC-3,15.0,0.25404889456095253,,,0.3994002521455771,0.19749238598555172,0.14905846730791872
TGATCAATCAAGCTTA-1,2.0,0.0,0.0,0.0,1.0,0.0,0.0
TCATTTGGTTAGGCTA-2,7.0,0.38270697029152634,0.0,0.0,0.0,0.32960845614410306,0.28768457356437066
ATTCATGAGGGTGAAC-3,23.0,1.0,0.0,0.0,0.0,0.0,0.0
GAACGAATCGGTTCCT-2,27.0,0.2659503422898086,0.0,0.0,0.3090767064839525,0.2252336567198111,0.1997392945064278
GTGGCTTCAGGAACTG-3,33.0,0.25254537146409556,0.0,0.0,0.23028304051452006,0.2665285948922042,0.25064299312918015
CTGACATAGGCATGTT-3,10.0,0.0,0.0,0.0,0.0,1.0,0.0
CTATTGAAGCCTGATG-1,2.0,0.0,0.0,0.0,1.0,0.0,0.0
CGTGTGTCACTTCATC-3,30.0,0.2305508875130836,0.0,0.0,0.30015485066475694,0.2562706347632869,0.21302362705887254
TAATGCATCGGTTACG-3,15.0,0.25404889456095253,,,0.3994002521455771,0.19749238598555172,0.14905846730791872
GTGAACAAGCACTAAC-2,2.0,0.0,0.0,0.0,1.0,0.0,0.0
TGTAAAGCATTGTGCA-3,1.0,0.2431277739439729,,,0.27520525106868904,0.22514867316661977,0.2565183018207184
GCTATCCTCGTAATCA-3,17.0,0.28041555117654665,,,0.21377517180417943,0.21373583317818393,0.29207344384108996
TAGTGTGGTGATGAGG-1,29.0,0.0,0.0,0.0,1.0,0.0,0.0
AGTTTGATCTTTGTAC-1,33.0,0.0,0.0,0.0,1.0,0.0,0.0
GGTCGGTTCAAGTGTC-2,17.0,0.28041555117654665,0.0,0.0,0.21377517180417943,0.21373583317818393,0.29207344384108996
TTGTCCCAGTGATTCA-3,4.0,0.2789549502429366,,,0.1885732419812842,0.21961014244052887,0.31286166533525034
GATTACTCATTCCTCG-3,18.0,0.0,0.0,0.0,0.0,1.0,0.0
GTTTGTAAGGGCCACT-3,6.0,0.0,0.0,0.0,0.0,1.0,0.0
CTCCTAATCGGGATTT-2,1.0,1.0,0.0,0.0,0.0,0.0,0.0
GCCACAATCCTGTTCA-3,25.0,0.25294349983189635,,,0.22563202807869934,0.20762681900387653,0.31379765308552765
GTAGGTGCAAGTGTTT-1,37.0,0.0,0.0,0.0,1.0,0.0,0.0
ATTATGGTCGGGATTT-1,29.0,0.0,0.0,0.0,1.0,0.0,0.0
CGAATCTAGGCGAAAC-3,8.0,0.22347106138460127,,,0.25914442347718897,0.16517053432406306,0.3522139808141467
TCGCGAGGTTGCTTCG-1,15.0,1.0,0.0,0.0,0.0,0.0,0.0
GGGCATGAGGAGGTTA-2,18.0,1.0,0.0,0.0,0.0,0.0,0.0
GAGTGATCAGGTATTT-3,22.0,1.0,0.0,0.0,0.0,0.0,0.0
ATTACCGCAGAAACGT-3,27.0,0.2659503422898086,,,0.3090767064839525,0.2252336567198111,0.1997392945064278
GGTTAATGTTCGCTCA-3,6.0,0.28619740144106137,,,0.20095345838278786,0.28595501190791156,0.2268941282682392
CTCCGTCCACCTGTAA-1,15.0,0.0,0.0,0.0,1.0,0.0,0.0
TGAAGGATCATGGCCA-3,20.0,1.0,0.0,0.0,0.0,0.0,0.0
TTTGTGTTCGCACACA-2,4.0,0.0,0.0,0.0,0.0,1.0,0.0
TTCCTCAAGCTTCCCG-3,9.0,0.25657805136510725,,,0.19608879238864382,0.26842478255731234,0.2789083736889367
GGGATTAAGACTCGCA-3,8.0,0.22347106138460127,,,0.25914442347718897,0.16517053432406306,0.3522139808141467
GTTCTTGTCCATAATG-3,38.0,0.0,0.0,0.0,0.0,1.0,0.0
GAAGGCTAGAATCTCA-3,15.0,0.0,0.0,0.0,0.0,1.0,0.0
AAACCGGCACTGGCTG-2,15.0,0.0,0.0,0.0,1.0,0.0,0.0
AATGCAACATAATGTC-1,4.0,1.0,0.0,0.0,0.0,0.0,0.0
CTTGAATCAAGGATTA-2,15.0,0.25404889456095253,,,0.3994002521455771,0.19749238598555172,0.14905846730791872
AGTGTTTCAGCATGAG-3,6.0,0.0,0.0,0.0,0.0,0.0,1.0
CCTGGTAAGCATGCAT-2,7.0,0.0,0.0,0.0,1.0,0.0,0.0
CCGATGCAGTGTTGCG-1,8.0,0.0,0.0,0.0,1.0,0.0,0.0
TTTGGTGCATGTTGGC-2,18.0,0.0,0.0,0.0,0.5740620133087924,0.0,0.42593798669120764
CAACTAATCAAATCGC-2,5.0,1.0,0.0,0.0,0.0,0.0,0.0
CGGATTAGTAATCGGC-3,15.0,1.0,0.0,0.0,0.0,0.0,0.0
CCGGTTAAGATAAAGC-2,4.0,0.0,0.0,0.0,1.0,0.0,0.0
AATGCATGTGCTAGCG-2,4.0,0.2789549502429366,0.0,0.0,0.1885732419812842,0.21961014244052887,0.31286166533525034
GTGCACGGTTAACAGT-2,37.0,0.0,0.0,0.0,1.0,0.0,0.0
CATCAATCAGTAGGTG-3,20.0,0.255116509861887,,,0.11378520411624034,0.3739473542312623,0.25715093179061016
TAGTACGGTTCCAGGG-1,14.0,0.0,0.0,0.0,1.0,0.0,0.0
GGCTAGACATAATCCG-3,20.0,0.255116509861887,0.0,0.0,0.11378520411624034,0.3739473542312623,0.25715093179061016
GTACTGGTCAGCTAAC-3,23.0,0.2890753295347951,,,0.21326803108883835,0.2250748294409998,0.2725818099353668
TAGCGGCTCTTAGCCC-3,29.0,1.0,0.0,0.0,0.0,0.0,0.0
GTAGGCGAGCAAGACA-3,12.0,0.22393288850727908,,,0.21148179656914845,0.3491266157595441,0.21545869916402838
TACAACATCATGCAAC-3,22.0,0.0,0.0,0.0,0.0,1.0,0.0
CTAAAGCTCTCTAGCC-1,6.0,0.0,0.0,0.0,1.0,0.0,0.0
AGGTTACTCTCAATTC-2,10.0,1.0,0.0,0.0,0.0,0.0,0.0
ATGTCAATCACGTTAA-3,10.0,0.26490417044114983,0.0,0.0,0.1425309127782741,0.3402195170606928,0.2523453997198832
AGGTACGCAAGGATTA-3,11.0,0.26017380928088074,,,0.3107460265472086,0.2228172513789396,0.20626291279297101
GTTACCTGTCCGGTTC-3,4.0,0.2789549502429366,,,0.1885732419812842,0.21961014244052887,0.31286166533525034
CAATGACTCCCATAAA-2,21.0,0.36496857686394185,,,0.2425919314203312,0.14718681699163197,0.24525267472409484
CGATATTCAGTATGTT-3,28.0,0.24355764626440804,,,0.2713230524219713,0.21916108471229478,0.2659582166013259
CAGCCAATCCTACCTA-3,17.0,0.28041555117654665,,,0.21377517180417943,0.21373583317818393,0.29207344384108996
TGTGCTGAGTGAACAG-1,28.0,0.0,0.0,0.0,1.0,0.0,0.0
TCGCTAACATGAATAG-1,9.0,0.0,0.0,0.0,1.0,0.0,0.0
ATTGAAGCAATGCCTA-2,1.0,0.0,0.0,0.0,1.0,0.0,0.0
CATTATGAGGCTAAGA-2,10.0,0.3089372834412752,0.0,0.0,0.0,0.39677175787529967,0.29429095868342514
CTGTAACAGTCATTTC-2,3.0,0.0,0.0,0.0,0.0,1.0,0.0
AATGCATGTCACCTAT-2,28.0,1.0,0.0,0.0,0.0,0.0,0.0
GCTAAGTTCGGGCCAT-2,5.0,0.0,0.0,0.0,1.0,0.0,0.0
AACAGATAGTTATGTG-3,15.0,0.0,0.0,0.0,0.0,1.0,0.0
TGACCAAGTACCGTTT-2,3.0,0.0,0.0,0.0,0.5288350026357407,0.0,0.4711649973642594
GGATATTGTCCAAGAC-1,30.0,0.0,0.0,0.0,1.0,0.0,0.0
CACCTCAGTTTCGCGC-3,22.0,0.22299113408910365,,,0.2286831626631811,0.3006206801642622,0.24770502308345307
CTTTCTTGTGATCAGC-1,3.0,0.0,0.0,0.0,1.0,0.0,0.0
GGTATTTCACTAAATC-2,4.0,0.0,0.0,0.0,0.0,1.0,0.0
TGCTTAAAGTTAGCCG-1,3.0,0.0,0.0,0.0,1.0,0.0,0.0
CCTATATTCATTACGA-2,16.0,0.0,0.0,0.0,1.0,0.0,0.0
CTGTAACAGTTAGCCG-3,27.0,1.0,0.0,0.0,0.0,0.0,0.0
TTCGCAACAGAGAGCC-3,22.0,0.22299113408910365,,,0.2286831626631811,0.3006206801642622,0.24770502308345307
GTTCATTTCGTTAACA-2,35.0,0.2399263636153897,0.0,0.0,0.17564806529159285,0.22166609309080135,0.362759478002216
GGCTAGTGTCCTAATC-3,22.0,0.22299113408910365,0.0,0.0,0.2286831626631811,0.3006206801642622,0.24770502308345307
GAGAAACGTTAACACG-2,13.0,0.0,0.0,0.0,1.0,0.0,0.0
GCGCTTGCATTATGAC-2,10.0,0.26490417044114983,,,0.1425309127782741,0.3402195170606928,0.2523453997198832
ATTCCGGAGCTATATG-1,28.0,1.0,0.0,0.0,0.0,0.0,0.0
AACCGCTCAATAGCCC-1,11.0,0.0,0.0,0.0,1.0,0.0,0.0
TTGTCAAAGGCGCTAC-1,7.0,0.0,0.0,0.0,0.0,0.0,1.0
AAACGGATCGGGATTT-2,7.0,0.0,0.0,0.0,0.0,1.0,0.0
GTTACAGGTTGTGATG-1,27.0,0.0,0.0,0.0,1.0,0.0,0.0
AAGTTACGTTCGCTCA-3,5.0,0.0,0.0,0.0,0.0,1.0,0.0
AGCAATTGTTGGATCA-3,2.0,1.0,0.0,0.0,0.0,0.0,0.0
TAGCCTGAGCGAGCGA-2,25.0,0.0,0.0,0.0,0.4182788525683789,0.0,0.5817211474316211
CTATAACCACAGCCAT-3,9.0,0.25657805136510725,,,0.19608879238864382,0.26842478255731234,0.2789083736889367
CAATCTAAGGGCTAAA-1,15.0,0.0,0.0,0.0,1.0,0.0,0.0
CGCAAATTCTTGAGGT-3,13.0,1.0,0.0,0.0,0.0,0.0,0.0
GTCATGAGTTTACCGT-1,11.0,0.0,0.0,0.0,1.0,0.0,0.0
TCGTTATTCATTGCAA-1,31.0,0.0,0.0,0.0,1.0,0.0,0.0
ACTCCTCAGCACAGCC-3,12.0,0.22393288850727908,,,0.21148179656914845,0.3491266157595441,0.21545869916402838
CACCTCAGTGGAAACG-3,30.0,0.2305508875130836,,,0.30015485066475694,0.2562706347632869,0.21302362705887254
GCAAACTTCTGGCAAT-1,11.0,0.0,0.0,0.0,1.0,0.0,0.0
GCTGACCAGGTTTGAC-1,35.0,0.0,0.0,0.0,0.0,0.0,1.0
TACGCTTGTGACATAT-3,15.0,0.25404889456095253,,,0.3994002521455771,0.19749238598555172,0.14905846730791872
AATGTCATCTATTGTC-2,30.0,1.0,0.0,0.0,0.0,0.0,0.0
AGTCGCATCAGCAAAG-3,6.0,0.3581736313654754,0.0,0.0,0.0,0.3578702829113801,0.28395608572314446
TGGCTATAGGACGTAA-3,19.0,1.0,0.0,0.0,0.0,0.0,0.0
CCATCATGTCCTTCAG-3,4.0,1.0,0.0,0.0,0.0,0.0,0.0
AATCAGGAGTTCCTCA-3,16.0,0.19281102196304184,,,0.24608965471250854,0.23107341591095565,0.33002590741349397
TGACCTTGTTCCAGGG-1,26.0,1.0,0.0,0.0,0.0,0.0,0.0
GAAACTGAGATGGACA-1,27.0,0.0,0.0,0.0,1.0,0.0,0.0
GAGTATCTCCTGGTGA-1,11.0,0.0,0.0,0.0,1.0,0.0,0.0
ACGCCACAGGTCCTGA-3,4.0,0.0,0.0,0.0,0.0,1.0,0.0
AAGCTATGTTGCTGGG-3,18.0,0.23638071763888321,0.0,0.0,0.28964209218552694,0.2590708442645409,0.21490634591104896
GATTGCAGTCTATCGT-1,9.0,0.0,0.0,0.0,1.0,0.0,0.0
GCTCATTGTAGTTGGC-1,12.0,0.0,0.0,0.0,1.0,0.0,0.0
CCAATATCATAAAGCA-3,5.0,0.0,0.0,0.0,0.0,1.0,0.0
GTCCTCAGTCAATAGT-3,6.0,0.0,0.0,0.0,0.0,1.0,0.0
GATCGAGCAGCATGTC-1,10.0,0.0,0.0,0.0,1.0,0.0,0.0
GCTCAACCATGAATCT-3,14.0,0.0,0.0,0.0,0.0,1.0,0.0
CGTTGCGCAGAAATGC-2,25.0,0.0,0.0,0.0,0.0,0.0,1.0
GACTCACCACCAACCG-2,38.0,0.19027885726034566,,,0.23574107619489226,0.2789089395946002,0.2950711269501618
TATTAGCCACATACTG-2,17.0,0.0,0.0,0.0,1.0,0.0,0.0
TAGTGTGGTACCGTTT-2,3.0,0.0,0.0,0.0,0.0,0.0,1.0
GTTTCCTCAGGCGAGT-3,38.0,0.0,0.0,0.0,0.0,1.0,0.0
TTAGGCCCATTGTCAG-3,30.0,0.3294312859524358,0.0,0.0,0.0,0.36618191182250653,0.3043868022250576
GTGCACGGTCGTTATC-1,31.0,1.0,0.0,0.0,0.0,0.0,0.0
TCCCGGACAATAACGA-3,1.0,1.0,0.0,0.0,0.0,0.0,0.0
GCCTCAAAGCTTAGCG-2,12.0,0.28399203408741175,0.0,0.0,0.0,0.44276291180151617,0.2732450541110721
AGACCCGGTCGAAGTC-2,15.0,0.0,0.0,0.0,1.0,0.0,0.0
CAAGACAAGGTTAGAG-2,21.0,0.36496857686394185,,,0.2425919314203312,0.14718681699163197,0.24525267472409484
CTGGATGTCTTAATGG-2,38.0,1.0,0.0,0.0,0.0,0.0,0.0
TCCGGTAAGGAAGCAC-1,18.0,0.0,0.0,0.0,1.0,0.0,0.0
AGGCTAAAGGATCCGC-1,10.0,0.0,0.0,0.0,1.0,0.0,0.0
CCTGATGAGCTTATGA-3,19.0,0.28880190709864184,,,0.19477936981053914,0.2980900086334725,0.21832871445734645
GAAGTAAGTCATCCTG-3,37.0,0.15830411656991292,,,0.21353305020503288,0.2890839998065646,0.33907883341848966
GTGCGCAGTTCGCTTG-2,2.0,0.0,0.0,0.0,0.0,0.0,1.0
CCTACTGGTCAATAGT-2,37.0,0.0,0.0,0.0,0.0,0.0,1.0
GATTCGCCAGCTCAAC-2,5.0,0.0,0.0,0.0,0.0,0.0,1.0
TTAGGCCCAGGCATGA-1,2.0,0.0,0.0,0.0,1.0,0.0,0.0
TGGATTCAGCGAAGTA-2,4.0,0.0,0.0,0.0,1.0,0.0,0.0
AATGCAACATAATCAC-2,29.0,0.31074906515307005,,,0.233016360882147,0.22003051032240445,0.2362040636423785
GGTTGGTGTAACAGGG-2,29.0,0.31074906515307005,,,0.233016360882147,0.22003051032240445,0.2362040636423785
TGGCTAAGTTGGTGAC-1,30.0,0.0,0.0,0.0,1.0,0.0,0.0
GAAGGCTAGCAAGACA-2,4.0,0.0,0.0,0.0,1.0,0.0,0.0
CTAGCTTGTAACGAGG-3,4.0,1.0,0.0,0.0,0.0,0.0,0.0
GCGCGATTCGCTTGCT-3,21.0,1.0,0.0,0.0,0.0,0.0,0.0
AATTTGGTCCCTCGCA-3,6.0,0.3581736313654754,0.0,0.0,0.0,0.3578702829113801,0.28395608572314446
TGTTACTTCTATCGCC-3,2.0,0.21079074246169519,,,0.3110256879333526,0.2245883274521365,0.25359524215281576
TACAGCTAGTCACTCC-2,13.0,0.0,0.0,0.0,1.0,0.0,0.0
AAGAATCAGGTTAGAG-1,2.0,0.0,0.0,0.0,1.0,0.0,0.0
AATCATGTCTTCAATC-1,3.0,0.0,0.0,0.0,1.0,0.0,0.0
ACCAAGTTCTTACTCG-1,36.0,0.0,0.0,0.0,1.0,0.0,0.0
TCCATGCTCTTGCTAT-1,3.0,0.0,0.0,0.0,1.0,0.0,0.0
TAAGTAGCAGGTTATT-1,1.0,0.0,0.0,0.0,1.0,0.0,0.0
CGTCCTAGTTTGCGAA-2,18.0,0.23638071763888321,0.0,0.0,0.28964209218552694,0.2590708442645409,0.21490634591104896
GTACAATGTCATCCTG-2,17.0,0.0,0.0,0.0,1.0,0.0,0.0
ACTCAGTAGTGAACCT-1,24.0,0.0,0.0,0.0,1.0,0.0,0.0
GTGAGGAGTGCTAGCG-1,1.0,1.0,0.0,0.0,0.0,0.0,0.0
CTAACCTGTCGAAGTC-3,10.0,0.26490417044114983,,,0.1425309127782741,0.3402195170606928,0.2523453997198832
GTTGCGGGTGATGAAA-1,6.0,0.0,0.0,0.0,1.0,0.0,0.0
CCAAGTTAGTTTGGTA-3,24.0,0.21845905187174444,,,0.2480843926368116,0.19755649681913243,0.33590005867231154
GTCCAAGTCTCAATGA-2,14.0,0.25490642483705084,0.0,0.0,0.203860627012991,0.27543380527416844,0.2657991428757897
GTGGATGCAAAGCGGC-3,4.0,0.0,0.0,0.0,0.0,1.0,0.0
GAGCGAAGTTAGGCGT-2,2.0,0.0,0.0,0.0,0.0,0.0,1.0
TACGGTTAGCGGATAA-1,28.0,0.0,0.0,0.0,1.0,0.0,0.0
TACTTGTTCGCTAGAT-3,37.0,0.0,0.0,0.0,0.0,1.0,0.0
CCACACAAGCTCAATA-3,28.0,0.24355764626440804,0.0,0.0,0.2713230524219713,0.21916108471229478,0.2659582166013259
GGAACGGTCGCTAGAT-3,19.0,1.0,0.0,0.0,0.0,0.0,0.0
CGACCTGCATCATGGC-2,20.0,0.0,0.0,0.0,0.0,1.0,0.0
CCTATTTAGTCAATTG-1,7.0,0.0,0.0,0.0,1.0,0.0,0.0
CTGGTTTGTTACCGGG-2,14.0,0.25490642483705084,0.0,0.0,0.203860627012991,0.27543380527416844,0.2657991428757897
TAAGCCAGTTTGGGCG-3,38.0,0.19027885726034566,0.0,0.0,0.23574107619489226,0.2789089395946002,0.2950711269501618
CTGAAACTCCCTGACT-3,19.0,0.28880190709864184,,,0.19477936981053914,0.2980900086334725,0.21832871445734645
TCATAACCAATATACC-3,31.0,0.24483511612846504,,,0.34550975661796685,0.2764681959007302,0.13318693135283804
TACAGGTTCCATAATG-2,1.0,0.2431277739439729,0.0,0.0,0.27520525106868904,0.22514867316661977,0.2565183018207184
CTTAGGAGTCATCATC-1,38.0,1.0,0.0,0.0,0.0,0.0,0.0
ATGCTTAAGCCTGTTC-3,34.0,0.0,0.0,0.0,0.0,1.0,0.0
GGATTCAGTTCTTTAG-3,22.0,0.22299113408910365,,,0.2286831626631811,0.3006206801642622,0.24770502308345307
GTTCCTTCAAAGGCCA-1,38.0,0.0,0.0,0.0,0.0,0.0,1.0
AAGCCTGTCTCACATT-2,5.0,0.0,0.0,0.0,0.0,0.0,1.0
TTTGGCTGTTACATCC-2,38.0,0.0,0.0,0.0,1.0,0.0,0.0
CTCCGGACAAACTCAT-2,30.0,0.0,0.0,0.0,0.0,0.0,1.0
CTCCTAATCTCACATT-1,16.0,0.0,0.0,0.0,1.0,0.0,0.0
TCTTGACGTTAATCGG-3,9.0,0.25657805136510725,,,0.19608879238864382,0.26842478255731234,0.2789083736889367
ACGCACGGTCACAAAT-1,16.0,0.0,0.0,0.0,1.0,0.0,0.0
TGAGCTTAGGTAACGA-2,7.0,0.0,0.0,0.0,0.0,0.0,1.0
TAGCCTTGTCCTAACT-1,12.0,0.0,0.0,0.0,1.0,0.0,0.0
AGGCAGGTCCGGTTGA-3,32.0,0.36818404740057686,0.0,0.0,0.0,0.3637847516918263,0.26803120090759697
GCTAAGAAGGCCTAAT-2,8.0,0.22347106138460127,,,0.25914442347718897,0.16517053432406306,0.3522139808141467
GGACCGAAGGTCGATT-1,18.0,0.0,0.0,0.0,1.0,0.0,0.0
ACAACAACAGCTAATT-1,32.0,0.0,0.0,0.0,0.0,0.0,1.0
CCTTAGTGTTGGATCA-2,5.0,0.25007613426230707,0.0,0.0,0.2764713286099489,0.24316603374735998,0.23028650338038426
TGATGACTCGGCTATG-2,11.0,0.26017380928088074,0.0,0.0,0.3107460265472086,0.2228172513789396,0.20626291279297101
CAAACGCGTCGTTACT-2,24.0,0.0,0.0,0.0,1.0,0.0,0.0
AGATGCTTCGGCCAGT-3,14.0,0.0,0.0,0.0,0.0,1.0,0.0
AATCCATCAAACCTTG-2,1.0,0.2431277739439729,0.0,0.0,0.27520525106868904,0.22514867316661977,0.2565183018207184
TGATTGCAGGCATGTT-2,8.0,0.22347106138460127,0.0,0.0,0.25914442347718897,0.16517053432406306,0.3522139808141467
TGATTGCAGCTTAGTA-1,15.0,0.0,0.0,0.0,1.0,0.0,0.0
AACCCGCAGTTATCCT-3,30.0,0.2305508875130836,,,0.30015485066475694,0.2562706347632869,0.21302362705887254
ATTCCTAGTTCATTTG-3,15.0,0.0,0.0,0.0,0.0,0.0,1.0
TTCATTCAGGAAGTAT-2,26.0,1.0,0.0,0.0,0.0,0.0,0.0
TTTGCATTCTCACACC-1,16.0,0.0,0.0,0.0,1.0,0.0,0.0
TTGCAAGGTGCGCAAT-2,34.0,0.0,0.0,0.0,1.0,0.0,0.0
AAACGTACAATTGAAG-2,24.0,0.0,0.0,0.0,1.0,0.0,0.0
AACATCATCTTGGACG-2,31.0,0.0,0.0,0.0,1.0,0.0,0.0
AGATGAAGTAGCTAGC-3,21.0,0.36496857686394185,,,0.2425919314203312,0.14718681699163197,0.24525267472409484
AGCTACGTCCTAAGAC-2,19.0,1.0,0.0,0.0,0.0,0.0,0.0
CCATTGTGTCGTTACT-2,14.0,1.0,0.0,0.0,0.0,0.0,0.0
TACTTCGTCCTCCATA-3,6.0,0.28619740144106137,,,0.20095345838278786,0.28595501190791156,0.2268941282682392
GCGTTTCTCCTAGTCC-1,6.0,0.0,0.0,0.0,1.0,0.0,0.0
GTATTGCAGCTTAACA-3,5.0,1.0,0.0,0.0,0.0,0.0,0.0
CCCTTAATCTTGCAGG-2,34.0,0.0,0.0,0.0,1.0,0.0,0.0
GTCCTCCCATTAGGCC-3,30.0,0.0,0.0,0.0,0.0,1.0,0.0
CTGTGTGAGGCTACTG-3,21.0,0.36496857686394185,,,0.2425919314203312,0.14718681699163197,0.24525267472409484
TAGCCTGAGGCGGGTA-1,10.0,0.0,0.0,0.0,1.0,0.0,0.0
AGTCAGGCAACCTAAT-3,14.0,0.25490642483705084,,,0.203860627012991,0.27543380527416844,0.2657991428757897
CTGTATTTCGTGCCTT-3,8.0,0.22347106138460127,0.0,0.0,0.25914442347718897,0.16517053432406306,0.3522139808141467
AGTAAGTAGTGAAGTG-3,13.0,0.2379245460670892,,,0.33034621848395457,0.2084468038321267,0.22328243161682945
CGTTGCAAGGAGGACT-1,31.0,0.0,0.0,0.0,1.0,0.0,0.0
ACTTACAAGGTTTGAC-3,17.0,1.0,0.0,0.0,0.0,0.0,0.0
CTAGGACGTTCCGGGA-2,1.0,0.0,0.0,0.0,1.0,0.0,0.0
AGGTCTTAGACACCGC-1,4.0,0.0,0.0,0.0,1.0,0.0,0.0
ACGAATCTCTCACATT-2,27.0,1.0,0.0,0.0,0.0,0.0,0.0
CAATAAGCAAATTCGT-3,2.0,0.21079074246169519,,,0.3110256879333526,0.2245883274521365,0.25359524215281576
GAGTGATCAATTGACT-1,25.0,0.0,0.0,0.0,1.0,0.0,0.0
GCCTGAGGTTGTTGTC-3,26.0,0.3005755128437196,,,0.19364293997678975,0.3106467509625101,0.19513479621698074
AAGTAGCCATGCTATG-1,15.0,0.0,0.0,0.0,1.0,0.0,0.0
CTATGAGGTTTGCTGT-3,29.0,0.31074906515307005,,,0.233016360882147,0.22003051032240445,0.2362040636423785
CTTGTTCCATAAGCAA-1,22.0,0.0,0.0,0.0,1.0,0.0,0.0
GTCATGCCAGATAGAC-1,25.0,0.0,0.0,0.0,1.0,0.0,0.0
GATTGCGTCCCATAAA-2,4.0,1.0,0.0,0.0,0.0,0.0,0.0
TCGCGCACATGAATAG-2,25.0,0.0,0.0,0.0,1.0,0.0,0.0
CGCCACACAGGCTACT-3,1.0,1.0,0.0,0.0,0.0,0.0,0.0
ACGAACAAGCTTGCTC-2,38.0,0.0,0.0,0.0,1.0,0.0,0.0
GTTTCAGCATATAACC-2,1.0,0.0,0.0,0.0,1.0,0.0,0.0
AAGCTTGGTAGCAGCT-3,4.0,1.0,0.0,0.0,0.0,0.0,0.0
TTATCCTAGCATGGTT-2,18.0,0.23638071763888321,0.0,0.0,0.28964209218552694,0.2590708442645409,0.21490634591104896
GATTCATCAAAGGTAC-2,3.0,0.0,0.0,0.0,1.0,0.0,0.0
CTCCTGAGTTAGGATT-3,18.0,1.0,0.0,0.0,0.0,0.0,0.0
CCAGGATGTGATGATT-1,13.0,0.0,0.0,0.0,1.0,0.0,0.0
CAGCTCAAGTTAGGCT-3,17.0,0.28041555117654665,,,0.21377517180417943,0.21373583317818393,0.29207344384108996
CGACCTGCACATTGCA-1,15.0,1.0,0.0,0.0,0.0,0.0,0.0
TACTTCGTCTTGTTCG-3,12.0,0.0,0.0,0.0,0.0,1.0,0.0
CGTAATGGTTTAGTCC-1,25.0,1.0,0.0,0.0,0.0,0.0,0.0
TACCAAATCAATCTAG-2,33.0,0.0,0.0,0.0,0.0,0.0,1.0
CTCATTGTCAACAAGG-1,34.0,0.0,0.0,0.0,0.0,0.0,1.0
ATCAGGTTCGATAACC-2,4.0,0.0,0.0,0.0,0.0,0.0,1.0
GTATGTTCATAAGCAA-2,12.0,0.0,0.0,0.0,0.0,1.0,0.0
TATTAGCCACCAGGTT-3,6.0,1.0,0.0,0.0,0.0,0.0,0.0
CTCATTGTCTTAGCGG-2,3.0,1.0,0.0,0.0,0.0,0.0,0.0
GCGTGCTAGCATTAGC-3,14.0,0.25490642483705084,,,0.203860627012991,0.27543380527416844,0.2657991428757897
TACTGCACACCTGCTC-1,4.0,0.0,0.0,0.0,1.0,0.0,0.0
TCCTTGCAGGCAAGTA-1,7.0,1.0,0.0,0.0,0.0,0.0,0.0
TTACACCGTGCTTTAC-1,9.0,0.0,0.0,0.0,1.0,0.0,0.0
CTAGTCGAGCTTCCCG-3,12.0,0.22393288850727908,,,0.21148179656914845,0.3491266157595441,0.21545869916402838
TAGCGCGGTCAACAAT-1,31.0,0.0,0.0,0.0,1.0,0.0,0.0
TTACGTTTCAATGTGC-3,24.0,0.21845905187174444,0.0,0.0,0.2480843926368116,0.19755649681913243,0.33590005867231154
TTCCTCAAGTCAGTAC-3,21.0,0.36496857686394185,0.0,0.0,0.2425919314203312,0.14718681699163197,0.24525267472409484
GTTACAGGTTCCAGGG-1,1.0,0.0,0.0,0.0,1.0,0.0,0.0
TCTGGCTTCCGCAACA-3,1.0,0.0,0.0,0.0,0.0,1.0,0.0
CCTTAACGTTGAGGTC-2,7.0,0.23707317196827163,0.0,0.0,0.3805360488007793,0.2041805565917011,0.17821022263924788
CTCCGTCCAGATAGAC-1,27.0,0.0,0.0,0.0,1.0,0.0,0.0
GTCAATATCGGCTAGC-3,9.0,0.0,0.0,0.0,0.0,1.0,0.0
ACTTAGGGTTCACCCA-3,32.0,1.0,0.0,0.0,0.0,0.0,0.0
CCCTCAGTCGCAAACT-2,4.0,0.0,0.0,0.0,0.37606724069221203,0.0,0.623932759307788
TTTGTGGCATAGACCC-3,15.0,0.25404889456095253,,,0.3994002521455771,0.19749238598555172,0.14905846730791872
TAGCATATCACTAGGT-2,3.0,0.32938268015426625,0.0,0.0,0.0,0.3928135894757391,0.2778037303699947
CAGGCTATCAACCAAC-1,22.0,0.0,0.0,0.0,0.0,0.0,1.0
TAATGGTGTAACGGGA-3,20.0,0.255116509861887,,,0.11378520411624034,0.3739473542312623,0.25715093179061016
CTCATGACACACTAAT-2,22.0,0.0,0.0,0.0,1.0,0.0,0.0
CGGCCATAGCACGATT-3,10.0,0.0,0.0,0.0,0.0,1.0,0.0
CATGCAAGTTAACACG-3,38.0,0.0,0.0,0.0,0.0,1.0,0.0
CATCAATCAAGTAAGC-2,13.0,0.0,0.0,0.0,1.0,0.0,0.0
ACTTAGTCACAAACTT-1,32.0,0.0,0.0,0.0,1.0,0.0,0.0
GTTGCTGAGGTCGAGG-3,9.0,0.25657805136510725,0.0,0.0,0.19608879238864382,0.26842478255731234,0.2789083736889367
AAACCAACAGTAGGTG-3,7.0,1.0,0.0,0.0,0.0,0.0,0.0
GGGCATGAGTTAGTGC-1,15.0,0.0,0.0,0.0,1.0,0.0,0.0
CAGCTATAGTTGGCCA-3,3.0,0.2510908928836586,,,0.23769248350866462,0.29944475183729763,0.2117718717703792
CTGTTAAAGTTGTCAA-2,8.0,0.0,0.0,0.0,0.0,0.0,1.0
CCCGTAAAGTGGACAA-2,35.0,0.2399263636153897,0.0,0.0,0.17564806529159285,0.22166609309080135,0.362759478002216
CTCATTTAGTTAACCA-2,16.0,0.19281102196304184,0.0,0.0,0.24608965471250854,0.23107341591095565,0.33002590741349397
TTAGGCCCAAGATTCT-3,33.0,1.0,0.0,0.0,0.0,0.0,0.0
GACCTGATCCCGTTGT-2,18.0,0.23638071763888321,0.0,0.0,0.28964209218552694,0.2590708442645409,0.21490634591104896
ACCAGGGAGTAACGAG-2,16.0,1.0,0.0,0.0,0.0,0.0,0.0
CTCTATGTCTAAGGTC-2,8.0,0.22347106138460127,,,0.25914442347718897,0.16517053432406306,0.3522139808141467
CGACCTGCAATATAGG-3,9.0,0.25657805136510725,,,0.19608879238864382,0.26842478255731234,0.2789083736889367
GGTATTGGTAGCCATA-3,35.0,0.2399263636153897,0.0,0.0,0.17564806529159285,0.22166609309080135,0.362759478002216
TCATTGCGTGAGGTGA-3,8.0,0.22347106138460127,,,0.25914442347718897,0.16517053432406306,0.3522139808141467
AGCTTTAAGAGGCTAA-2,5.0,0.34563403518185115,0.0,0.0,0.0,0.33608347998177696,0.31828248483637184
TTAGCAATCGGTTTCC-3,14.0,0.25490642483705084,0.0,0.0,0.203860627012991,0.27543380527416844,0.2657991428757897
AATTTGGTCTCAATGA-3,3.0,0.2510908928836586,,,0.23769248350866462,0.29944475183729763,0.2117718717703792
GGTAAACCAGGTTCAC-3,30.0,0.2305508875130836,,,0.30015485066475694,0.2562706347632869,0.21302362705887254
CAGCAAGCAACTAGGG-1,25.0,0.0,0.0,0.0,0.0,0.0,1.0
GCCTAATAGCAGGCCT-3,24.0,0.21845905187174444,,,0.2480843926368116,0.19755649681913243,0.33590005867231154
GCTGTAAGTTCATCTA-3,23.0,0.2890753295347951,,,0.21326803108883835,0.2250748294409998,0.2725818099353668
CGCAAATTCGATTCTT-3,12.0,0.22393288850727908,,,0.21148179656914845,0.3491266157595441,0.21545869916402838
CATTGCGAGGCGCATC-2,16.0,0.0,0.0,0.0,0.0,0.0,1.0
GATTCATCAGTTTACG-1,14.0,0.0,0.0,0.0,1.0,0.0,0.0
AGTAACCTCGTTTCCA-1,12.0,0.0,0.0,0.0,1.0,0.0,0.0
CGGTTTGAGAGGCTAA-3,6.0,0.28619740144106137,,,0.20095345838278786,0.28595501190791156,0.2268941282682392
TCTATGTTCTAACTGA-1,9.0,0.0,0.0,0.0,0.0,0.0,1.0
AGGACGTAGTACTGGT-3,19.0,0.28880190709864184,,,0.19477936981053914,0.2980900086334725,0.21832871445734645
CATTCATTCCCGAAGC-2,7.0,0.0,0.0,0.0,0.6810534016093636,0.0,0.31894659839063644
GTACTGGTCTTAGTCT-1,35.0,0.0,0.0,0.0,1.0,0.0,0.0
CTATGTTTCCGCAAGC-3,21.0,0.36496857686394185,,,0.2425919314203312,0.14718681699163197,0.24525267472409484
ATCATCAAGATAACCC-1,11.0,0.0,0.0,0.0,1.0,0.0,0.0
AGAATCTGTAAATTGC-2,5.0,0.34563403518185115,0.0,0.0,0.0,0.33608347998177696,0.31828248483637184
CAAGAACCAAACCTAT-1,35.0,0.0,0.0,0.0,1.0,0.0,0.0
AGAGAGGAGGCCGGAA-3,12.0,0.22393288850727908,,,0.21148179656914845,0.3491266157595441,0.21545869916402838
TCCATGCTCGTTATAG-3,6.0,0.28619740144106137,,,0.20095345838278786,0.28595501190791156,0.2268941282682392
TATAGCCAGGGACGCA-2,16.0,0.0,0.0,0.0,1.0,0.0,0.0
GCAGCTATCCGCTAGA-2,18.0,0.0,0.0,0.0,1.0,0.0,0.0
GGTTATATCCCGTTGT-2,12.0,0.0,0.0,0.0,1.0,0.0,0.0
TACAACATCGTTATAG-1,4.0,0.0,0.0,0.0,1.0,0.0,0.0
AATTGTGTCCAAATCA-1,30.0,0.0,0.0,0.0,1.0,0.0,0.0
CCTCCTCTCTATTGTC-3,4.0,0.2789549502429366,,,0.1885732419812842,0.21961014244052887,0.31286166533525034
CGCATATAGACAAACG-1,19.0,0.0,0.0,0.0,1.0,0.0,0.0
TAGTGAGAGTAGGATG-2,24.0,0.0,0.0,0.0,0.42481335261697223,0.0,0.5751866473830277
GCGAAGCCAGGCTTGT-3,37.0,0.15830411656991292,0.0,0.0,0.21353305020503288,0.2890839998065646,0.33907883341848966
CGTAATGGTGTGTGGT-2,37.0,0.0,0.0,0.0,0.0,0.0,1.0
TAAGGCTTCTGTAATG-1,37.0,0.0,0.0,0.0,0.0,0.0,1.0
GTTACAGGTACCGAAC-3,18.0,1.0,0.0,0.0,0.0,0.0,0.0
ATCAATCCATAAACCT-3,5.0,0.25007613426230707,0.0,0.0,0.2764713286099489,0.24316603374735998,0.23028650338038426
CCTTAACGTGCAACTA-2,5.0,0.0,0.0,0.0,1.0,0.0,0.0
AGGTTTATCACTCAAA-1,7.0,0.0,0.0,0.0,1.0,0.0,0.0
GTTTGTTTCGAAGCGG-3,4.0,0.2789549502429366,,,0.1885732419812842,0.21961014244052887,0.31286166533525034
GCTAGCCAGGCTAAGA-1,6.0,0.0,0.0,0.0,1.0,0.0,0.0
CAGGCTGGTGCTCCGT-2,22.0,0.22299113408910365,0.0,0.0,0.2286831626631811,0.3006206801642622,0.24770502308345307
CGCTTCTAGCAGGCCT-2,27.0,0.0,0.0,0.0,0.0,1.0,0.0
GATCACTAGCACAGGG-3,4.0,0.2789549502429366,,,0.1885732419812842,0.21961014244052887,0.31286166533525034
GGTTGAGCAATTATGC-2,31.0,0.0,0.0,0.0,0.7217717717717718,0.0,0.2782282282282282
CCTGTATGTCATCCTG-2,30.0,1.0,0.0,0.0,0.0,0.0,0.0
GCTGCAATCCTTCTAG-2,8.0,0.22347106138460127,,,0.25914442347718897,0.16517053432406306,0.3522139808141467
GGTCCGTAGGTTTGCG-3,29.0,0.31074906515307005,0.0,0.0,0.233016360882147,0.22003051032240445,0.2362040636423785
TCACATAAGACAACGA-1,8.0,0.0,0.0,0.0,1.0,0.0,0.0
CTACAACAGGTCCTGA-3,34.0,1.0,0.0,0.0,0.0,0.0,0.0
CATAGACTCATTACGA-3,2.0,1.0,0.0,0.0,0.0,0.0,0.0
CATCCTGGTCCACAAA-3,2.0,0.21079074246169519,,,0.3110256879333526,0.2245883274521365,0.25359524215281576
GGGCCTAGTCTTGCAT-3,6.0,0.28619740144106137,,,0.20095345838278786,0.28595501190791156,0.2268941282682392
CAGGAAGGTAGGTTGC-3,30.0,0.0,0.0,0.0,0.0,1.0,0.0
GCTATAGGTATACTGG-1,24.0,0.0,0.0,0.0,1.0,0.0,0.0
TAAGCTATCCTCAGCT-1,10.0,0.0,0.0,0.0,1.0,0.0,0.0
CGATGTCCAGGCTTCG-2,25.0,0.25294349983189635,,,0.22563202807869934,0.20762681900387653,0.31379765308552765
AACTAGTGTTCCGGCT-1,16.0,0.0,0.0,0.0,1.0,0.0,0.0
CAATGTCAGACTATTG-2,23.0,0.0,0.0,0.0,0.0,0.0,1.0
CGGTGAACAATCCCTT-2,20.0,0.2878720949445188,0.0,0.0,0.0,0.4219601793697779,0.29016772568570315
ATTGACTCACAATTAC-1,9.0,0.0,0.0,0.0,1.0,0.0,0.0
TGCATCCTCCCGCCTA-1,18.0,0.0,0.0,0.0,1.0,0.0,0.0
CTTTATGGTTCGCTCA-2,9.0,0.0,0.0,0.0,0.0,0.0,1.0
CAAGCTAGTTAAGCGC-3,36.0,0.2461747580345537,,,0.1850283944180879,0.27103139859455855,0.2977654489527998
AGAAAGGCATTAGGCC-2,25.0,0.25294349983189635,0.0,0.0,0.22563202807869934,0.20762681900387653,0.31379765308552765
ATCAAGCTCAGGGCCT-2,2.0,0.21079074246169519,,,0.3110256879333526,0.2245883274521365,0.25359524215281576
TGGTTCCTCCAGGAAA-3,2.0,0.21079074246169519,,,0.3110256879333526,0.2245883274521365,0.25359524215281576
CCAAGTTAGTCGCTAG-3,9.0,1.0,0.0,0.0,0.0,0.0,0.0
GATTAAGCAATAATCC-1,8.0,0.0,0.0,0.0,1.0,0.0,0.0
AGCGATTTCAAGTGTC-3,8.0,1.0,0.0,0.0,0.0,0.0,0.0
TTTGTTGGTACGTTTC-3,28.0,0.24355764626440804,,,0.2713230524219713,0.21916108471229478,0.2659582166013259
CGTAGTTAGGTGTTAC-3,11.0,0.26017380928088074,,,0.3107460265472086,0.2228172513789396,0.20626291279297101
TCCAGGTCAGGAAGCC-3,7.0,0.23707317196827163,,,0.3805360488007793,0.2041805565917011,0.17821022263924788
CTTCTAAGTCACCAAA-2,19.0,1.0,0.0,0.0,0.0,0.0,0.0
CCAGGAACAACGTGCT-3,24.0,1.0,0.0,0.0,0.0,0.0,0.0
ATAAGCCTCCTACCTA-1,6.0,0.0,0.0,0.0,0.0,0.0,1.0
ACGGTTTAGCTTAGCG-2,1.0,0.2431277739439729,,,0.27520525106868904,0.22514867316661977,0.2565183018207184
AGTCAATGTCAATACG-3,1.0,1.0,0.0,0.0,0.0,0.0,0.0
CAACAGGCACCCACAG-1,38.0,0.0,0.0,0.0,1.0,0.0,0.0
CATAATGTCCTTCGTA-3,12.0,0.22393288850727908,0.0,0.0,0.21148179656914845,0.3491266157595441,0.21545869916402838
CTAACCCTCACTTCAT-1,9.0,0.0,0.0,0.0,1.0,0.0,0.0
ACCAGGCTCTAGCGAT-2,23.0,0.0,0.0,0.0,0.0,0.0,1.0
CGCTTCTAGTGTTGCG-2,3.0,0.0,0.0,0.0,0.0,0.0,1.0
ACTTATCTCACACAGT-2,1.0,0.2431277739439729,,,0.27520525106868904,0.22514867316661977,0.2565183018207184
CCCTCACCATAAGTTC-2,9.0,0.25657805136510725,0.0,0.0,0.19608879238864382,0.26842478255731234,0.2789083736889367
TTGCAGCCAATTATGC-2,25.0,0.0,0.0,0.0,1.0,0.0,0.0
ACCAGCTCATAGCTTG-3,7.0,1.0,0.0,0.0,0.0,0.0,0.0
TACGCACCATAACGGG-2,15.0,0.0,0.0,0.0,0.0,0.0,1.0
CGTGGTTCAGGAAGCC-3,5.0,0.25007613426230707,,,0.2764713286099489,0.24316603374735998,0.23028650338038426
GGAATCTTCGTAATCA-3,31.0,1.0,0.0,0.0,0.0,0.0,0.0
GAGCGGTCATTAGCGC-2,12.0,0.22393288850727908,0.0,0.0,0.21148179656914845,0.3491266157595441,0.21545869916402838
ATTCCTCCATCGTTCT-1,26.0,1.0,0.0,0.0,0.0,0.0,0.0
CTGTGTGAGCATGAAG-3,12.0,0.22393288850727908,,,0.21148179656914845,0.3491266157595441,0.21545869916402838
ACACTAGGTGTAACCA-2,22.0,0.0,0.0,0.0,0.0,0.0,1.0
CATCATAAGCTTGCTC-1,1.0,1.0,0.0,0.0,0.0,0.0,0.0
TCGTCAACAGGCAAGC-2,19.0,0.28880190709864184,0.0,0.0,0.19477936981053914,0.2980900086334725,0.21832871445734645
TGGTCCTTCAATGTCA-3,31.0,0.37408520387301186,0.0,0.0,0.0,0.42241759704789456,0.2034971990790936
AAGTTTGTCCAACTGG-3,27.0,0.2659503422898086,,,0.3090767064839525,0.2252336567198111,0.1997392945064278
GCCACAATCCTAAGTA-2,19.0,0.28880190709864184,,,0.19477936981053914,0.2980900086334725,0.21832871445734645
GCCCAAATCAGGATGA-1,18.0,0.0,0.0,0.0,1.0,0.0,0.0
GGAGCAAGTGCTCCGT-1,4.0,0.0,0.0,0.0,1.0,0.0,0.0
CTAATTGAGCGCTCAA-1,14.0,0.0,0.0,0.0,1.0,0.0,0.0
TTAGACTCACATAGCC-2,4.0,0.2789549502429366,,,0.1885732419812842,0.21961014244052887,0.31286166533525034
GTCGGTTCAATATAGG-2,12.0,0.22393288850727908,0.0,0.0,0.21148179656914845,0.3491266157595441,0.21545869916402838
GAACGAATCATCAGTA-1,2.0,0.0,0.0,0.0,1.0,0.0,0.0
GGTTATGGTAGTTGGC-3,12.0,0.0,0.0,0.0,0.0,1.0,0.0
AGGCAGGTCTATCGCC-3,7.0,0.0,0.0,0.0,0.0,1.0,0.0
CTTCATCCAGGAACCA-3,19.0,0.28880190709864184,,,0.19477936981053914,0.2980900086334725,0.21832871445734645
CTTGTAAAGCCTGATG-3,9.0,0.0,0.0,0.0,0.0,1.0,0.0
AACCTTAAGGACCTCA-1,9.0,0.0,0.0,0.0,0.0,0.0,1.0
GCAAGTCGTTAGCGTA-3,26.0,0.3005755128437196,,,0.19364293997678975,0.3106467509625101,0.19513479621698074
GGACCGAAGGCTAATC-1,4.0,0.0,0.0,0.0,0.0,0.0,1.0
GGCTATGTCCACCTGT-3,10.0,0.0,0.0,0.0,0.0,1.0,0.0
TCAATCGCAATTTGGT-2,3.0,0.0,0.0,0.0,0.0,0.0,1.0
GTGCTTCTCTGTGCAG-2,26.0,0.0,0.0,0.0,1.0,0.0,0.0
AGCATTTCACATAGCC-3,3.0,0.0,0.0,0.0,0.0,1.0,0.0
GGTCCTGCATCCATCT-1,30.0,0.0,0.0,0.0,1.0,0.0,0.0
AATTTCCTCACGCATG-1,24.0,0.0,0.0,0.0,1.0,0.0,0.0
TACTGGCCATTGTGGC-1,29.0,1.0,0.0,0.0,0.0,0.0,0.0
CCCAATTGTTCACTGT-1,24.0,0.0,0.0,0.0,1.0,0.0,0.0
CGTAGTTAGGGACCTC-3,6.0,1.0,0.0,0.0,0.0,0.0,0.0
GACGCCTAGAGGAGGA-2,11.0,0.26017380928088074,,,0.3107460265472086,0.2228172513789396,0.20626291279297101
GATAGACCACCAGGTT-3,18.0,0.23638071763888321,,,0.28964209218552694,0.2590708442645409,0.21490634591104896
GTCGAGGAGATAACCC-1,2.0,1.0,0.0,0.0,0.0,0.0,0.0
TTGTTCCCACTAAGCC-3,35.0,0.2399263636153897,,,0.17564806529159285,0.22166609309080135,0.362759478002216
CAATCTAAGGCTGGCT-1,6.0,0.0,0.0,0.0,1.0,0.0,0.0
ACCGGCTAGCGATAGA-1,5.0,0.0,0.0,0.0,1.0,0.0,0.0
GTGCACGGTACCCACC-3,15.0,0.25404889456095253,0.0,0.0,0.3994002521455771,0.19749238598555172,0.14905846730791872
GTTAAGCTCAGGAAGC-1,24.0,1.0,0.0,0.0,0.0,0.0,0.0
TAATCACCAATAGCCC-1,22.0,0.0,0.0,0.0,1.0,0.0,0.0
CGTTGCGCAAGCTTTG-2,19.0,0.0,0.0,0.0,1.0,0.0,0.0
CCAAACTAGGATAAAC-2,16.0,0.0,0.0,0.0,0.0,0.0,1.0
AGCTAACTCCTAGTAA-1,18.0,0.0,0.0,0.0,1.0,0.0,0.0
TATTAGCCAAGACTCC-2,33.0,0.0,0.0,0.0,1.0,0.0,0.0
AAACAGCCAAACTGTT-3,17.0,0.28041555117654665,0.0,0.0,0.21377517180417943,0.21373583317818393,0.29207344384108996
TGCGGTTCACCTGGTG-3,13.0,1.0,0.0,0.0,0.0,0.0,0.0
CGTCATTGTGTCCAGG-3,6.0,0.28619740144106137,,,0.20095345838278786,0.28595501190791156,0.2268941282682392
AAGTGTTGTACTTAGG-3,15.0,0.25404889456095253,,,0.3994002521455771,0.19749238598555172,0.14905846730791872
CTCGCTAGTTTGCTGT-2,21.0,0.36496857686394185,0.0,0.0,0.2425919314203312,0.14718681699163197,0.24525267472409484
ACTTGAATCATTGCGG-3,10.0,0.0,0.0,0.0,0.0,1.0,0.0
TTTAAGGTCATGCATA-3,5.0,1.0,0.0,0.0,0.0,0.0,0.0
ACAGGCTGTAATGGCC-3,26.0,0.3005755128437196,,,0.19364293997678975,0.3106467509625101,0.19513479621698074
CGCTGTGCAACAGGAT-3,2.0,0.21079074246169519,,,0.3110256879333526,0.2245883274521365,0.25359524215281576
GCTCAACCACAACAAA-3,38.0,1.0,0.0,0.0,0.0,0.0,0.0
GATCAGGCAAGTGTTT-2,23.0,1.0,0.0,0.0,0.0,0.0,0.0
GGGCATTGTAAGCTTG-3,4.0,0.2789549502429366,,,0.1885732419812842,0.21961014244052887,0.31286166533525034
CTTTGTCCAGCAACCT-1,1.0,0.0,0.0,0.0,1.0,0.0,0.0
GAGTGTTTCGCAACAT-2,17.0,1.0,0.0,0.0,0.0,0.0,0.0
CTAGGCGGTTTATCGC-2,21.0,0.0,0.0,0.0,0.0,0.0,1.0
CTCGACAAGCCAAATC-2,3.0,1.0,0.0,0.0,0.0,0.0,0.0
CAGGCTATCATTAGTG-3,24.0,1.0,0.0,0.0,0.0,0.0,0.0
CAGCTCAAGGTTTACA-1,29.0,0.0,0.0,0.0,0.0,0.0,1.0
TAATCCGCACTAGGTC-3,9.0,1.0,0.0,0.0,0.0,0.0,0.0
CTGGTAAGTTTGCTGT-2,19.0,0.0,0.0,0.0,0.0,1.0,0.0
GAGATAAGTTTAGCTC-3,26.0,1.0,0.0,0.0,0.0,0.0,0.0
CGCACAATCAGGAACA-3,17.0,0.28041555117654665,,,0.21377517180417943,0.21373583317818393,0.29207344384108996
GCAATGAAGTTAGGCT-2,10.0,0.26490417044114983,0.0,0.0,0.1425309127782741,0.3402195170606928,0.2523453997198832
CTCCTAATCCGGAACC-2,21.0,0.36496857686394185,0.0,0.0,0.2425919314203312,0.14718681699163197,0.24525267472409484
GAGCAAGGTAACAGGG-2,37.0,0.0,0.0,0.0,0.0,1.0,0.0
CCTAATCGTGGGTGAA-3,25.0,0.25294349983189635,,,0.22563202807869934,0.20762681900387653,0.31379765308552765
TCAGCCTTCATGGTGT-2,12.0,0.22393288850727908,0.0,0.0,0.21148179656914845,0.3491266157595441,0.21545869916402838
CTTCGCGTCATGCTAA-3,37.0,1.0,0.0,0.0,0.0,0.0,0.0
TGGCCTGCAGCAAGTG-3,12.0,0.22393288850727908,,,0.21148179656914845,0.3491266157595441,0.21545869916402838
CGATTCCTCGGTTTGG-3,34.0,0.23141187017972628,,,0.21203187960198364,0.23517958103089368,0.32137666918739655
CTAAAGCTCGATCAGT-3,12.0,0.22393288850727908,,,0.21148179656914845,0.3491266157595441,0.21545869916402838
AAACCAACATTGTGTG-3,12.0,0.0,0.0,0.0,0.0,0.0,1.0
ATAATGGCAACATAAG-1,8.0,0.0,0.0,0.0,1.0,0.0,0.0
ACTATCCGTCGTTACT-2,1.0,0.2431277739439729,,,0.27520525106868904,0.22514867316661977,0.2565183018207184
GTATTGTCAAATTGCT-2,11.0,0.0,0.0,0.0,0.0,0.0,1.0
CTCATGACATAAACCT-3,35.0,0.2399263636153897,,,0.17564806529159285,0.22166609309080135,0.362759478002216
CAGAACCGTTGGATCA-3,21.0,1.0,0.0,0.0,0.0,0.0,0.0
GGAAGTATCTGCAAGT-3,9.0,0.0,0.0,0.0,0.0,1.0,0.0
ACATTAGTCATGCAAC-2,29.0,0.0,0.0,0.0,1.0,0.0,0.0
AACCGGCTCTAAGTCA-2,38.0,0.19027885726034566,0.0,0.0,0.23574107619489226,0.2789089395946002,0.2950711269501618
GCCTCGACATCCAGGT-2,10.0,0.0,0.0,0.0,0.0,0.0,1.0
TATAACCCATGTCAAT-3,9.0,0.25657805136510725,0.0,0.0,0.19608879238864382,0.26842478255731234,0.2789083736889367
GGTCTTGAGGAACCGG-1,5.0,0.0,0.0,0.0,0.0,0.0,1.0
TACCTGCTCTTAGGAC-1,10.0,0.0,0.0,0.0,0.0,0.0,1.0
CTCCTAATCTTTAGGA-1,11.0,0.0,0.0,0.0,1.0,0.0,0.0
CACGCTAAGGTGTCCA-2,7.0,0.0,0.0,0.0,1.0,0.0,0.0
TGATGACTCCCATAGG-2,34.0,0.23141187017972628,0.0,0.0,0.21203187960198364,0.23517958103089368,0.32137666918739655
GCGTGCTAGGGATGCG-2,14.0,0.25490642483705084,0.0,0.0,0.203860627012991,0.27543380527416844,0.2657991428757897
GAAACTGAGGATCACT-3,35.0,0.2399263636153897,,,0.17564806529159285,0.22166609309080135,0.362759478002216
GGATTGCGTGCTCCAC-3,14.0,0.3201781415239845,0.0,0.0,0.0,0.3459617933990345,0.333860065076981
GTGGACACATTGTGCA-1,25.0,1.0,0.0,0.0,0.0,0.0,0.0
ATTACCGCAAACCTAT-3,26.0,0.3005755128437196,,,0.19364293997678975,0.3106467509625101,0.19513479621698074
TATGACATCCAGGGAG-3,14.0,0.25490642483705084,,,0.203860627012991,0.27543380527416844,0.2657991428757897
TAGGCTAGTGTTGCAA-3,2.0,0.21079074246169519,,,0.3110256879333526,0.2245883274521365,0.25359524215281576
ATCCCGCGTTTGAGCA-3,2.0,0.21079074246169519,,,0.3110256879333526,0.2245883274521365,0.25359524215281576
TTAGGAACAAGGTGGC-2,9.0,1.0,0.0,0.0,0.0,0.0,0.0
GTTTCTAGTGAATCGC-3,22.0,0.0,0.0,0.0,0.0,1.0,0.0
TGTGCGCAGTAGAGGC-2,3.0,0.0,0.0,0.0,0.5288350026357407,0.0,0.4711649973642594
AATTTGCCACAAAGCG-1,9.0,0.0,0.0,0.0,1.0,0.0,0.0
GAGTTGCGTGGGAACA-1,15.0,0.0,0.0,0.0,1.0,0.0,0.0
ACTCGCTTCATCAGTA-2,25.0,1.0,0.0,0.0,0.0,0.0,0.0
GGGTCAACACTAGCGT-2,10.0,0.26490417044114983,,,0.1425309127782741,0.3402195170606928,0.2523453997198832
GCTAGTGTCAATCATG-3,14.0,0.25490642483705084,,,0.203860627012991,0.27543380527416844,0.2657991428757897
TCAGTAGGTTTGACCT-2,15.0,0.0,0.0,0.0,1.0,0.0,0.0
AGTTACTCAGGAATCG-3,13.0,0.2379245460670892,,,0.33034621848395457,0.2084468038321267,0.22328243161682945
TTGGAGGCACTTCATC-3,8.0,0.22347106138460127,,,0.25914442347718897,0.16517053432406306,0.3522139808141467
CTAGGCGGTTTGAGCA-3,1.0,0.2431277739439729,,,0.27520525106868904,0.22514867316661977,0.2565183018207184
AAGAATCAGACTTACA-1,13.0,0.0,0.0,0.0,1.0,0.0,0.0
CTCCGTCCAAACTGTT-1,8.0,0.0,0.0,0.0,1.0,0.0,0.0
CAATGTGGTATTGGAT-2,34.0,0.0,0.0,0.0,0.0,0.0,1.0
ACGAATCTCGCACACA-2,33.0,1.0,0.0,0.0,0.0,0.0,0.0
ATGTCATCAGGAACAT-1,38.0,0.0,0.0,0.0,1.0,0.0,0.0
AATTTGCCATAAGCAA-1,2.0,0.0,0.0,0.0,1.0,0.0,0.0
ATCCGTGAGGAACGCG-1,24.0,1.0,0.0,0.0,0.0,0.0,0.0
TTTCTCACATATTGAC-3,1.0,0.2431277739439729,,,0.27520525106868904,0.22514867316661977,0.2565183018207184
TGTGGCTCATGAGCAG-3,37.0,1.0,0.0,0.0,0.0,0.0,0.0
GTTGTTGCACAAAGAC-2,10.0,0.26490417044114983,,,0.1425309127782741,0.3402195170606928,0.2523453997198832
TTCCTTCTCATGGCTG-3,23.0,1.0,0.0,0.0,0.0,0.0,0.0
GAAGGATGTAATGGCC-3,35.0,0.2399263636153897,,,0.17564806529159285,0.22166609309080135,0.362759478002216
AGTCAATGTAAAGCAA-3,30.0,0.0,0.0,0.0,0.0,1.0,0.0
ACCCAGGGTACCGTTT-3,24.0,1.0,0.0,0.0,0.0,0.0,0.0
CGCATTACAAACTAAG-2,16.0,0.19281102196304184,,,0.24608965471250854,0.23107341591095565,0.33002590741349397
AACTCACAGCGCCTAA-3,10.0,1.0,0.0,0.0,0.0,0.0,0.0
TCACATAAGTCAGGCC-2,37.0,0.0,0.0,0.0,0.3864069096829383,0.0,0.6135930903170617
ACAACAGAGTATTGTG-3,31.0,0.24483511612846504,,,0.34550975661796685,0.2764681959007302,0.13318693135283804
CAAACAACACGTTACA-3,22.0,0.22299113408910365,,,0.2286831626631811,0.3006206801642622,0.24770502308345307
CGGAGCAAGAGCCGCT-1,28.0,0.0,0.0,0.0,1.0,0.0,0.0
TCACCTCAGCGCCTTT-2,10.0,0.0,0.0,0.0,0.36095077943916737,0.0,0.6390492205608327
GATTAAGCACATTGCA-2,37.0,0.0,0.0,0.0,1.0,0.0,0.0
CCAAATCAGGCCTGGT-3,4.0,0.0,0.0,0.0,0.0,1.0,0.0
CAAGGTTTCTTTAAGG-2,33.0,0.0,0.0,0.0,0.0,0.0,1.0
GCTTGTTGTATTGAGT-1,5.0,0.0,0.0,0.0,1.0,0.0,0.0
GGGTTACGTTGAGGTC-2,5.0,0.25007613426230707,,,0.2764713286099489,0.24316603374735998,0.23028650338038426
ACCATTAAGTTATTCC-1,11.0,0.0,0.0,0.0,0.0,0.0,1.0
AGTGGACAGGTCCTAG-2,9.0,1.0,0.0,0.0,0.0,0.0,0.0
GCGTTTCTCACGCGGT-3,11.0,0.26017380928088074,0.0,0.0,0.3107460265472086,0.2228172513789396,0.20626291279297101
ACCTGGTCAGTTTGGC-1,3.0,1.0,0.0,0.0,0.0,0.0,0.0
CGCATGATCCTGAATA-3,15.0,0.25404889456095253,,,0.3994002521455771,0.19749238598555172,0.14905846730791872
TCTTTGTAGCTGTACG-3,30.0,1.0,0.0,0.0,0.0,0.0,0.0
TTCAGTTTCCGGTTGA-3,4.0,1.0,0.0,0.0,0.0,0.0,0.0
TGTGTTAAGTCATGCG-2,9.0,0.0,0.0,0.0,0.0,0.0,1.0
CAAGGCTGTTTGAGCA-3,17.0,1.0,0.0,0.0,0.0,0.0,0.0
GTCCGTAAGTAGCTTA-2,35.0,0.0,0.0,0.0,0.0,0.0,1.0
AAAGGACGTTTAACCC-2,1.0,0.0,0.0,0.0,0.0,0.0,1.0
TTTCCGGGTCATGCAA-3,18.0,0.23638071763888321,0.0,0.0,0.28964209218552694,0.2590708442645409,0.21490634591104896
CTCCATCAGGGACCTC-3,6.0,0.28619740144106137,,,0.20095345838278786,0.28595501190791156,0.2268941282682392
CGGTAACGTCACACCC-1,6.0,0.0,0.0,0.0,0.0,0.0,1.0
GGTCAGGAGGTCGATT-2,20.0,0.0,0.0,0.0,0.0,1.0,0.0
CGTCAATAGCCACAAT-3,5.0,1.0,0.0,0.0,0.0,0.0,0.0
TCTAACTTCGAGGAAC-3,8.0,1.0,0.0,0.0,0.0,0.0,0.0
TTAGAAGCAAATTGCT-3,13.0,0.2379245460670892,,,0.33034621848395457,0.2084468038321267,0.22328243161682945
GGGTGTTGTGTCCTGC-2,5.0,0.25007613426230707,,,0.2764713286099489,0.24316603374735998,0.23028650338038426
AATTAGGCAATAGTCT-2,14.0,1.0,0.0,0.0,0.0,0.0,0.0
TACGCTTGTAGGATCC-2,10.0,0.0,0.0,0.0,1.0,0.0,0.0
GAAAGCCAGCATTTCT-3,33.0,0.25254537146409556,,,0.23028304051452006,0.2665285948922042,0.25064299312918015
GATTAAGCACTGACTA-1,37.0,0.0,0.0,0.0,1.0,0.0,0.0
ATGTCCACACAAACTT-3,8.0,0.22347106138460127,,,0.25914442347718897,0.16517053432406306,0.3522139808141467
CATTGTGCACAGCCTG-3,22.0,0.22299113408910365,0.0,0.0,0.2286831626631811,0.3006206801642622,0.24770502308345307
GTTTGTCGTGATGAAA-3,14.0,0.25490642483705084,,,0.203860627012991,0.27543380527416844,0.2657991428757897
GCCTAATAGGCCTTAG-1,13.0,0.0,0.0,0.0,1.0,0.0,0.0
GCCATGATCCTCACTA-2,5.0,0.0,0.0,0.0,1.0,0.0,0.0
TGGTCATAGGCTAATC-1,9.0,0.0,0.0,0.0,1.0,0.0,0.0
TAGGGTTTCATTATGG-1,26.0,0.0,0.0,0.0,1.0,0.0,0.0
TATCGCGAGTTGCGTG-3,10.0,0.26490417044114983,0.0,0.0,0.1425309127782741,0.3402195170606928,0.2523453997198832
ACGCACGGTAACCTAG-1,2.0,0.0,0.0,0.0,1.0,0.0,0.0
CGGAGTCTCATAACCA-3,19.0,0.28880190709864184,,,0.19477936981053914,0.2980900086334725,0.21832871445734645
GTAGGCGAGCCTGTTC-2,10.0,0.0,0.0,0.0,0.36095077943916737,0.0,0.6390492205608327
AGGATCCGTTAGACCA-3,15.0,0.25404889456095253,,,0.3994002521455771,0.19749238598555172,0.14905846730791872
TAACAAGCAACTGGGA-1,8.0,1.0,0.0,0.0,0.0,0.0,0.0
TGTGGCCAGAGAAGGG-2,22.0,0.28910445525737666,0.0,0.0,0.0,0.3897499258569757,0.3211456188856476
CGTTAGGTCCCGCCTA-3,12.0,0.22393288850727908,,,0.21148179656914845,0.3491266157595441,0.21545869916402838
GTTGTGAGTCATTAGG-2,3.0,0.0,0.0,0.0,0.0,0.0,1.0
ACCAGGACATGGTTAT-1,11.0,0.0,0.0,0.0,1.0,0.0,0.0
TCAAGCTAGGGCCACT-3,20.0,1.0,0.0,0.0,0.0,0.0,0.0
AGGTTAACAGGTATTT-1,35.0,0.0,0.0,0.0,1.0,0.0,0.0
ATGTCCACATGCTTAG-2,33.0,0.0,0.0,0.0,1.0,0.0,0.0
CGGGCTTAGGGACGCA-3,12.0,0.0,0.0,0.0,0.0,1.0,0.0
GTATCGCCAGAGAGCC-1,4.0,0.0,0.0,0.0,1.0,0.0,0.0
ACTTATCTCCTAGTTT-2,17.0,0.0,0.0,0.0,0.0,0.0,1.0
ATCATGTCAAGCCACT-3,32.0,0.23501474983514806,,,0.36169219852304807,0.23220664506324848,0.1710864065785554
GTTACGTAGGTTTACA-2,15.0,0.0,0.0,0.0,1.0,0.0,0.0
GGCGTTATCGTTATAG-2,4.0,0.0,0.0,0.0,0.0,0.0,1.0
TAAGGACCAAACATAG-2,12.0,0.22393288850727908,0.0,0.0,0.21148179656914845,0.3491266157595441,0.21545869916402838
TCGTTAAAGAGGCTAA-2,8.0,0.0,0.0,0.0,1.0,0.0,0.0
GGCTGGTTCATTTGTC-1,24.0,0.0,0.0,0.0,1.0,0.0,0.0
GCCTTTGGTGTTGTGA-2,24.0,0.0,0.0,0.0,1.0,0.0,0.0
GAGGAGGCAAATGCCC-1,26.0,0.0,0.0,0.0,1.0,0.0,0.0
TGTTCATTCCAACTGG-3,4.0,0.0,0.0,0.0,0.0,0.0,1.0
AAGGCCCTCACCATTT-3,26.0,0.3727573400734753,0.0,0.0,0.0,0.38524713971446883,0.2419955202120558
TCTCACCAGACAAGTG-3,17.0,0.28041555117654665,0.0,0.0,0.21377517180417943,0.21373583317818393,0.29207344384108996
ACAGCCGGTTAGCCAA-3,21.0,1.0,0.0,0.0,0.0,0.0,0.0
ACTAACTCATGAAATG-2,27.0,0.0,0.0,0.0,1.0,0.0,0.0
GAAGGCCCACCAGGTT-1,30.0,0.0,0.0,0.0,1.0,0.0,0.0
TTATTGCTCTTGTTCG-2,12.0,0.0,0.0,0.0,1.0,0.0,0.0
CTATGTTTCGGCCAGT-2,2.0,0.21079074246169519,,,0.3110256879333526,0.2245883274521365,0.25359524215281576
TTTCCGGGTAGTTGGC-2,24.0,0.21845905187174444,0.0,0.0,0.2480843926368116,0.19755649681913243,0.33590005867231154
CCTGTTGGTATCTGGA-2,5.0,0.0,0.0,0.0,0.0,0.0,1.0
GCGATTTAGGAGGACT-1,13.0,0.0,0.0,0.0,1.0,0.0,0.0
GGTCAGGAGTTGTCTT-2,31.0,0.0,0.0,0.0,1.0,0.0,0.0
ATTGAAGCACAGCCAT-1,1.0,0.0,0.0,0.0,0.0,0.0,1.0
CAGGAAGGTCAACAAT-1,30.0,0.0,0.0,0.0,1.0,0.0,0.0
ACACCTTGTTAGTGAT-2,10.0,0.26490417044114983,,,0.1425309127782741,0.3402195170606928,0.2523453997198832
CGATTGAGTTCACCAT-3,15.0,0.25404889456095253,,,0.3994002521455771,0.19749238598555172,0.14905846730791872
CAATCCTGTTGTGATG-1,28.0,1.0,0.0,0.0,0.0,0.0,0.0
TTTGCGGAGAGCCGCT-3,9.0,0.25657805136510725,,,0.19608879238864382,0.26842478255731234,0.2789083736889367
TTGGCTACATTCCTCG-3,12.0,1.0,0.0,0.0,0.0,0.0,0.0
GGATGTAAGTCAGGCC-2,15.0,0.25404889456095253,,,0.3994002521455771,0.19749238598555172,0.14905846730791872
GCACCTAAGCGATACT-3,8.0,1.0,0.0,0.0,0.0,0.0,0.0
ACTTATCTCCTAATGA-3,15.0,0.25404889456095253,,,0.3994002521455771,0.19749238598555172,0.14905846730791872
TACTCGCTCCGCCTCA-3,9.0,0.0,0.0,0.0,0.0,0.0,1.0
TGAAGCAAGCATGTCG-1,8.0,0.0,0.0,0.0,1.0,0.0,0.0
TTGCTTTAGCGATAAG-3,6.0,0.28619740144106137,,,0.20095345838278786,0.28595501190791156,0.2268941282682392
GCCTTAGAGTAAGTGG-2,18.0,0.0,0.0,0.0,1.0,0.0,0.0
TTTAGCAAGGTTTGAC-1,2.0,0.0,0.0,0.0,1.0,0.0,0.0
TATCCGGAGTCGCTAG-1,7.0,0.0,0.0,0.0,1.0,0.0,0.0
TACCAGGTCGGGCCAT-2,10.0,0.26490417044114983,0.0,0.0,0.1425309127782741,0.3402195170606928,0.2523453997198832
AACGACAAGGTCCACA-1,2.0,0.0,0.0,0.0,1.0,0.0,0.0
GATCACTAGCATTTCT-2,12.0,0.0,0.0,0.0,1.0,0.0,0.0
AATTGGACAAGCGAGC-3,5.0,0.25007613426230707,,,0.2764713286099489,0.24316603374735998,0.23028650338038426
CCTTGTTCACTTCACT-3,3.0,0.2510908928836586,,,0.23769248350866462,0.29944475183729763,0.2117718717703792
GGTGAGCCACCAGCAT-2,9.0,1.0,0.0,0.0,0.0,0.0,0.0
GTTTGCTGTGGTTAGC-2,21.0,0.36496857686394185,0.0,0.0,0.2425919314203312,0.14718681699163197,0.24525267472409484
CTTGAATCAAGTTATC-3,22.0,0.0,0.0,0.0,0.0,1.0,0.0
TCGTTATTCATGAGCT-1,19.0,0.0,0.0,0.0,1.0,0.0,0.0
CTTCACTCAAACCTTG-1,4.0,0.0,0.0,0.0,1.0,0.0,0.0
TTGATGTCATACTCCT-1,11.0,0.0,0.0,0.0,0.0,0.0,1.0
GTTGTGAGTAAATTGC-3,15.0,0.0,0.0,0.0,0.0,1.0,0.0
TGTAAGCTCATGAAGG-3,15.0,0.25404889456095253,,,0.3994002521455771,0.19749238598555172,0.14905846730791872
AAGGTGCAGTGAGCGG-2,29.0,0.0,0.0,0.0,1.0,0.0,0.0
GATGCATTCCTTTACG-3,13.0,0.2379245460670892,,,0.33034621848395457,0.2084468038321267,0.22328243161682945
TGATGATGTACGCGCA-3,17.0,0.28041555117654665,0.0,0.0,0.21377517180417943,0.21373583317818393,0.29207344384108996
TTTAGCTTCACAGCGC-2,13.0,0.2379245460670892,0.0,0.0,0.33034621848395457,0.2084468038321267,0.22328243161682945
GCCACTAAGCAATAGG-1,1.0,0.0,0.0,0.0,1.0,0.0,0.0
ATTGAAGCAATTGAGA-2,20.0,0.255116509861887,0.0,0.0,0.11378520411624034,0.3739473542312623,0.25715093179061016
GTATGTTCATAATCGT-1,11.0,0.0,0.0,0.0,1.0,0.0,0.0
TACTCAAAGTTATCTC-3,27.0,0.2659503422898086,,,0.3090767064839525,0.2252336567198111,0.1997392945064278
TGCATTAAGCGGATAA-1,11.0,0.0,0.0,0.0,1.0,0.0,0.0
TACTGAGGTCACAGCG-1,27.0,0.0,0.0,0.0,1.0,0.0,0.0
ATTGAAGCACAGGGAC-2,4.0,0.0,0.0,0.0,0.0,0.0,1.0
ACACAATGTCGACTAA-2,31.0,0.24483511612846504,,,0.34550975661796685,0.2764681959007302,0.13318693135283804
GATGCGACAACTAGCC-1,2.0,0.0,0.0,0.0,0.0,0.0,1.0
AGCCTCCGTAGCTAAT-3,3.0,0.0,0.0,0.0,0.0,1.0,0.0
GATTCAGGTTTCCGGC-1,14.0,0.0,0.0,0.0,1.0,0.0,0.0
TGCCATTGTGAGGTAG-3,5.0,0.25007613426230707,,,0.2764713286099489,0.24316603374735998,0.23028650338038426
CTAGTGAGTCACCAAA-1,22.0,0.0,0.0,0.0,1.0,0.0,0.0
AGTTACTCATTGTCAG-2,33.0,0.25254537146409556,0.0,0.0,0.23028304051452006,0.2665285948922042,0.25064299312918015
CAGGTTAGTATACTGG-3,15.0,1.0,0.0,0.0,0.0,0.0,0.0
GTAAGCAAGCACCACA-2,7.0,0.0,0.0,0.0,1.0,0.0,0.0
GACCGTTCACGTGCTG-3,3.0,0.2510908928836586,,,0.23769248350866462,0.29944475183729763,0.2117718717703792
CGATGTCCAAGGTGGC-1,15.0,0.0,0.0,0.0,1.0,0.0,0.0
GTACGTAGTTTGGCTT-1,13.0,0.0,0.0,0.0,1.0,0.0,0.0
AGCTATATCGTTATAG-3,13.0,0.2379245460670892,,,0.33034621848395457,0.2084468038321267,0.22328243161682945
TTAGGCTAGGTCCAAT-3,19.0,0.28880190709864184,,,0.19477936981053914,0.2980900086334725,0.21832871445734645
GCTAATATCCTACCTA-3,5.0,1.0,0.0,0.0,0.0,0.0,0.0
CCACACAAGGAGCAAC-1,20.0,0.0,0.0,0.0,1.0,0.0,0.0
ATTACTGAGTGTGATC-1,15.0,0.0,0.0,0.0,1.0,0.0,0.0
GTTACGCCATAGACTT-3,5.0,0.25007613426230707,,,0.2764713286099489,0.24316603374735998,0.23028650338038426
TGAGTTTCAATTAGGA-3,12.0,0.22393288850727908,,,0.21148179656914845,0.3491266157595441,0.21545869916402838
AACTTAGTCACTTTAC-2,20.0,1.0,0.0,0.0,0.0,0.0,0.0
CACTAGCCAAATATCC-3,15.0,1.0,0.0,0.0,0.0,0.0,0.0
GACTTAGGTTAGACCA-3,37.0,0.0,0.0,0.0,0.0,1.0,0.0
GCAGGTTGTGGACCTG-3,38.0,0.19027885726034566,,,0.23574107619489226,0.2789089395946002,0.2950711269501618
CGTTGCAAGGGACTAA-3,23.0,1.0,0.0,0.0,0.0,0.0,0.0
GCTGCATCAGTTGCGT-3,18.0,0.23638071763888321,,,0.28964209218552694,0.2590708442645409,0.21490634591104896
CTCTCACAGCATGTTA-2,2.0,0.0,0.0,0.0,0.0,0.0,1.0
AAGTTTGTCCTGCGAA-1,5.0,0.0,0.0,0.0,1.0,0.0,0.0
GAAGTAAGTTAGCTGA-3,13.0,0.2379245460670892,,,0.33034621848395457,0.2084468038321267,0.22328243161682945
CGCTATGAGGCTGTCA-2,9.0,0.25657805136510725,,,0.19608879238864382,0.26842478255731234,0.2789083736889367
AATCTTGAGCCACAAT-1,16.0,0.0,0.0,0.0,1.0,0.0,0.0
ACACCTTGTTGACTTC-3,30.0,0.2305508875130836,,,0.30015485066475694,0.2562706347632869,0.21302362705887254
CTATTGAAGCCGCTAA-3,30.0,0.2305508875130836,,,0.30015485066475694,0.2562706347632869,0.21302362705887254
ATTAGCTCACGTAAGG-1,34.0,0.0,0.0,0.0,0.0,0.0,1.0
AAAGCTTGTGGACATC-1,2.0,0.0,0.0,0.0,1.0,0.0,0.0
GTTACGCCAGGCAAGC-3,3.0,0.2510908928836586,,,0.23769248350866462,0.29944475183729763,0.2117718717703792
CAGGGTGAGTAGCGGG-1,1.0,0.0,0.0,0.0,1.0,0.0,0.0
ACCTAAGGTCGCGCAA-1,31.0,1.0,0.0,0.0,0.0,0.0,0.0
TGTTGCACAACCTAAT-1,29.0,0.0,0.0,0.0,1.0,0.0,0.0
CCCAGTTTCCGCCAAA-2,19.0,0.0,0.0,0.0,1.0,0.0,0.0
GTCGAAGCAAGTCGCT-3,1.0,0.0,0.0,0.0,0.0,1.0,0.0
TTTGACTTCCCTTGCG-3,4.0,0.2789549502429366,,,0.1885732419812842,0.21961014244052887,0.31286166533525034
TCCATAAAGGACAATG-2,12.0,0.0,0.0,0.0,0.0,0.0,1.0
CTTGACGAGTAGGCGG-1,10.0,0.0,0.0,0.0,1.0,0.0,0.0
CCTTCAATCCCGTTAC-2,4.0,1.0,0.0,0.0,0.0,0.0,0.0
GCGAAGCCACATACTG-3,10.0,0.0,0.0,0.0,0.0,1.0,0.0
ATTGTGATCTAGCGTG-2,28.0,0.0,0.0,0.0,1.0,0.0,0.0
AAGTCTATCCCTCAAC-2,8.0,0.0,0.0,0.0,0.0,0.0,1.0
GTTAACCAGCACCACA-1,22.0,0.0,0.0,0.0,1.0,0.0,0.0
ATTTAGGTCTCACTAT-3,34.0,0.0,0.0,0.0,0.0,0.0,1.0
TAAACAGCACGCAACT-3,32.0,0.0,0.0,0.0,0.0,1.0,0.0
CCTCAGTTCTTCAATC-1,15.0,0.0,0.0,0.0,1.0,0.0,0.0
GCCTTGCGTGTTAAAC-1,14.0,0.0,0.0,0.0,1.0,0.0,0.0
TTAAGGTGTTAGACCA-2,15.0,0.0,0.0,0.0,1.0,0.0,0.0
GAAGTGATCTCATCAT-1,38.0,0.0,0.0,0.0,1.0,0.0,0.0
TAAGTGCTCGAGCTAT-1,26.0,1.0,0.0,0.0,0.0,0.0,0.0
AGTTGCAGTTAATGCG-1,24.0,1.0,0.0,0.0,0.0,0.0,0.0
CGAACCGGTCGCGCAA-1,13.0,0.0,0.0,0.0,1.0,0.0,0.0
TCTAATCTCCACCTGT-1,18.0,0.0,0.0,0.0,1.0,0.0,0.0
GTGCTTCTCATTGACA-2,3.0,0.2510908928836586,,,0.23769248350866462,0.29944475183729763,0.2117718717703792
GCAAGCCTCTAAGTGC-3,25.0,1.0,0.0,0.0,0.0,0.0,0.0
GTCATGCCACAGACTC-2,21.0,0.36496857686394185,0.0,0.0,0.2425919314203312,0.14718681699163197,0.24525267472409484
GCTAACCCATCCATCT-2,29.0,0.31074906515307005,0.0,0.0,0.233016360882147,0.22003051032240445,0.2362040636423785
CGGACAACAATCGCAC-3,10.0,0.26490417044114983,,,0.1425309127782741,0.3402195170606928,0.2523453997198832
ATTACGTCATAATCAC-2,9.0,1.0,0.0,0.0,0.0,0.0,0.0
GCAAACTTCCCTCAGT-3,8.0,0.22347106138460127,,,0.25914442347718897,0.16517053432406306,0.3522139808141467
GTGAGCGAGTGAGAGC-3,1.0,0.0,0.0,0.0,0.0,1.0,0.0
ACCATTAAGGGATGAC-1,38.0,0.0,0.0,0.0,1.0,0.0,0.0
CTACAACAGGACGTAA-3,27.0,1.0,0.0,0.0,0.0,0.0,0.0
TAACCGGTCGTAATCA-1,9.0,1.0,0.0,0.0,0.0,0.0,0.0
ACCACATAGTGGCGGA-3,18.0,1.0,0.0,0.0,0.0,0.0,0.0
GTGTGTTAGAGGGACT-2,15.0,0.0,0.0,0.0,0.0,0.0,1.0
ATGACGAAGCGGATTT-3,34.0,0.0,0.0,0.0,0.0,1.0,0.0
AACCGCTCAGTAGGAT-2,4.0,1.0,0.0,0.0,0.0,0.0,0.0
CGACAAGCACTTCACT-3,2.0,1.0,0.0,0.0,0.0,0.0,0.0
ATGGCTTAGCGATACT-3,14.0,0.3201781415239845,0.0,0.0,0.0,0.3459617933990345,0.333860065076981
CATGCGGGTTCCGGGA-1,7.0,0.0,0.0,0.0,1.0,0.0,0.0
CCTTACTCAGTACCGT-2,8.0,0.22347106138460127,0.0,0.0,0.25914442347718897,0.16517053432406306,0.3522139808141467
TCACTGACAACTAGAA-1,37.0,0.0,0.0,0.0,0.0,0.0,1.0
CTAGCTTGTTTGTCTA-3,29.0,0.0,0.0,0.0,0.0,1.0,0.0
GCTTACCTCTTGTCCA-1,20.0,0.0,0.0,0.0,1.0,0.0,0.0
GCCTCGACACCTGTAA-3,5.0,0.25007613426230707,,,0.2764713286099489,0.24316603374735998,0.23028650338038426
CTACTTAGTGCAACTA-3,4.0,0.2789549502429366,,,0.1885732419812842,0.21961014244052887,0.31286166533525034
TACGGTTAGCGCATTG-1,15.0,0.0,0.0,0.0,1.0,0.0,0.0
CGGGTATGTCCACAAA-3,1.0,0.2431277739439729,,,0.27520525106868904,0.22514867316661977,0.2565183018207184
ATGTTCAAGGGACTAA-2,26.0,0.0,0.0,0.0,0.0,0.0,1.0
TATCCAGCAGGCTTGT-3,11.0,0.0,0.0,0.0,0.0,1.0,0.0
TACCTCATCCTAACGG-3,23.0,1.0,0.0,0.0,0.0,0.0,0.0
TGGATTGGTACTTAGG-1,32.0,0.0,0.0,0.0,1.0,0.0,0.0
ACAAAGGTCCCGCCTA-3,5.0,1.0,0.0,0.0,0.0,0.0,0.0
GGCCATCAGTAAACCC-3,9.0,0.25657805136510725,,,0.19608879238864382,0.26842478255731234,0.2789083736889367
GTAATAGCAACTAGCC-2,34.0,0.0,0.0,0.0,1.0,0.0,0.0
AGGCCCAGTTAGGTTG-2,22.0,1.0,0.0,0.0,0.0,0.0,0.0
GCTGACATCACATTGA-3,2.0,0.21079074246169519,,,0.3110256879333526,0.2245883274521365,0.25359524215281576
GAAGTATAGTATGTGC-3,15.0,0.25404889456095253,,,0.3994002521455771,0.19749238598555172,0.14905846730791872
GTTTCCTCAGAATGAC-3,36.0,0.2461747580345537,0.0,0.0,0.1850283944180879,0.27103139859455855,0.2977654489527998
TCACCGGCATAATTGC-3,11.0,0.0,0.0,0.0,0.0,1.0,0.0
TTGCATTTCGTTAACA-3,10.0,0.26490417044114983,,,0.1425309127782741,0.3402195170606928,0.2523453997198832
GTTGCATAGGAAGTAT-1,11.0,0.0,0.0,0.0,1.0,0.0,0.0
GTTTACCGTACGCGCA-2,34.0,0.2936817673065708,0.0,0.0,0.0,0.29846331969889894,0.4078549129945302
TTATGCGCATAGACTT-1,20.0,0.0,0.0,0.0,1.0,0.0,0.0
CTTTGTCCATCGTTCT-3,11.0,0.0,0.0,0.0,0.0,1.0,0.0
AACAGATAGCACTTGG-1,16.0,1.0,0.0,0.0,0.0,0.0,0.0
AGTGGACAGTCACCTC-1,35.0,0.0,0.0,0.0,1.0,0.0,0.0
CTTGCAACAACAGGAT-3,16.0,0.25574794558564723,0.0,0.0,0.0,0.3064998608327089,0.43775219358164397
ATGCAGGCAGCCAGTT-3,19.0,0.0,0.0,0.0,0.0,1.0,0.0
CGTAATGGTGCTCCGT-1,22.0,1.0,0.0,0.0,0.0,0.0,0.0
CGGTTTGAGTTAGCCG-3,28.0,0.24355764626440804,0.0,0.0,0.2713230524219713,0.21916108471229478,0.2659582166013259
GTCTAGCCAACCCTCC-3,4.0,0.2789549502429366,,,0.1885732419812842,0.21961014244052887,0.31286166533525034
CAAGACAAGGCCAATT-3,10.0,1.0,0.0,0.0,0.0,0.0,0.0
CTTGTCCAGCGCATTG-2,6.0,0.28619740144106137,,,0.20095345838278786,0.28595501190791156,0.2268941282682392
GGCCATCAGCCTGTGA-2,32.0,0.23501474983514806,0.0,0.0,0.36169219852304807,0.23220664506324848,0.1710864065785554
CTAAAGCTCGAGGAGT-2,4.0,0.0,0.0,0.0,0.0,0.0,1.0
ACAAACTGTGTTGCTT-3,14.0,0.0,0.0,0.0,0.0,1.0,0.0
TTGTTCCCACGTTACA-3,37.0,0.0,0.0,0.0,0.0,1.0,0.0
CTAGCTGAGGCATGTT-1,7.0,0.0,0.0,0.0,1.0,0.0,0.0
CGAACCGGTTTGTCTA-3,17.0,0.28041555117654665,,,0.21377517180417943,0.21373583317818393,0.29207344384108996
TGGGCATGTGCATTAG-3,1.0,0.0,0.0,0.0,0.0,1.0,0.0
GTCTAGCCAGAGAGCC-3,13.0,0.2379245460670892,,,0.33034621848395457,0.2084468038321267,0.22328243161682945
CCACAATAGGCTGTGC-3,15.0,1.0,0.0,0.0,0.0,0.0,0.0
TGTGGCTCAAGGGTTG-1,15.0,0.0,0.0,0.0,1.0,0.0,0.0
TCATCCATCGTGCCTT-1,28.0,0.0,0.0,0.0,1.0,0.0,0.0
GTTTATCTCGTGCTAG-3,15.0,0.25404889456095253,,,0.3994002521455771,0.19749238598555172,0.14905846730791872
CTAACCACAATCATGT-3,33.0,0.25254537146409556,0.0,0.0,0.23028304051452006,0.2665285948922042,0.25064299312918015
AGGTACGCAGTTTGGC-1,14.0,0.0,0.0,0.0,1.0,0.0,0.0
GAGGCTTGTCGCAAAC-3,1.0,0.2431277739439729,0.0,0.0,0.27520525106868904,0.22514867316661977,0.2565183018207184
CAAGTGAAGGCTACAT-3,12.0,0.0,0.0,0.0,0.0,1.0,0.0
TTTGTCCCAGGACACA-3,1.0,0.2431277739439729,,,0.27520525106868904,0.22514867316661977,0.2565183018207184
TTAAGGTGTATTTGGG-3,4.0,1.0,0.0,0.0,0.0,0.0,0.0
GAGAAACGTTACAAAC-3,28.0,0.24355764626440804,,,0.2713230524219713,0.21916108471229478,0.2659582166013259
CTTGCTCAGCTTCCCG-3,11.0,0.26017380928088074,,,0.3107460265472086,0.2228172513789396,0.20626291279297101
TCAGCGATCTCCTCAA-1,4.0,0.0,0.0,0.0,1.0,0.0,0.0
AATTAGCGTATGGTGC-3,10.0,0.3089372834412752,0.0,0.0,0.0,0.39677175787529967,0.29429095868342514
TGATGACTCCGCATGA-3,29.0,1.0,0.0,0.0,0.0,0.0,0.0
AAACCGCGTTTAAAGC-2,8.0,0.0,0.0,0.0,1.0,0.0,0.0
CTCAATAAGGCGCTTA-3,10.0,0.0,0.0,0.0,0.0,1.0,0.0
ACAGGCTGTTCCTGTG-3,11.0,0.26017380928088074,0.0,0.0,0.3107460265472086,0.2228172513789396,0.20626291279297101
GGTCGGTTCCTGGTCT-3,4.0,1.0,0.0,0.0,0.0,0.0,0.0
GAGCGGTCAAGGTACG-1,24.0,0.0,0.0,0.0,1.0,0.0,0.0
ATGATGACATCTAGCA-3,34.0,0.0,0.0,0.0,0.0,1.0,0.0
TTTAGCTTCATCACTT-2,7.0,0.0,0.0,0.0,0.0,0.0,1.0
GGTGAGTAGGCCAATT-1,27.0,1.0,0.0,0.0,0.0,0.0,0.0
CCGCAAGGTTCAAGAT-3,5.0,0.25007613426230707,,,0.2764713286099489,0.24316603374735998,0.23028650338038426
CAATCCCTCAAGTGAG-2,16.0,0.0,0.0,0.0,0.4271532846715328,0.0,0.5728467153284671
AATTAGCGTACTGAAT-2,4.0,0.0,0.0,0.0,1.0,0.0,0.0
CCTTCGTAGGCCCAGT-3,29.0,1.0,0.0,0.0,0.0,0.0,0.0
ATGTTCAAGGGTTATC-3,4.0,1.0,0.0,0.0,0.0,0.0,0.0
GTACTTCGTTAGCCAA-3,31.0,0.24483511612846504,,,0.34550975661796685,0.2764681959007302,0.13318693135283804
TATGACTCATGAGTTT-2,11.0,0.0,0.0,0.0,0.6010457516339869,0.0,0.39895424836601306
CTCCAACTCGGGCCAT-2,2.0,0.0,0.0,0.0,0.0,0.0,1.0
AGTGAGTCACAACCTA-3,5.0,1.0,0.0,0.0,0.0,0.0,0.0
CAGGTTAGTAACTACG-1,31.0,0.0,0.0,0.0,1.0,0.0,0.0
TTCTTAGGTAACAGGG-1,2.0,0.0,0.0,0.0,1.0,0.0,0.0
GATTTGCAGCCGCAAC-1,6.0,0.0,0.0,0.0,1.0,0.0,0.0
CGAAGGCCAAGGGTTG-3,21.0,0.48186518206539586,0.0,0.0,0.0,0.19432961318677844,0.32380520474782576
GATTACTCATGACTAT-2,25.0,0.0,0.0,0.0,1.0,0.0,0.0
TTCCCGCCAGCATTAT-2,5.0,0.0,0.0,0.0,1.0,0.0,0.0
ATGCTTAAGTATTGCA-1,8.0,0.0,0.0,0.0,0.0,0.0,1.0
TTGCAAGGTCAGTAAT-1,19.0,1.0,0.0,0.0,0.0,0.0,0.0
GCACATTAGTTACCGG-1,27.0,0.0,0.0,0.0,1.0,0.0,0.0
TTGGATATCATGACCG-2,22.0,0.0,0.0,0.0,0.0,0.0,1.0
AACTACTCACACCAAC-3,10.0,0.26490417044114983,,,0.1425309127782741,0.3402195170606928,0.2523453997198832
TCAGCGATCTCCTCTT-1,23.0,0.0,0.0,0.0,1.0,0.0,0.0
ACGCTTGAGTACTGGT-3,5.0,1.0,0.0,0.0,0.0,0.0,0.0
GATGGCTGTTGGTTCT-3,21.0,0.48186518206539586,0.0,0.0,0.0,0.19432961318677844,0.32380520474782576
TCCAGCAAGACTCGCA-1,5.0,0.0,0.0,0.0,1.0,0.0,0.0
TCTCGCCCACTAAGAA-2,2.0,0.0,0.0,0.0,0.0,0.0,1.0
TTGCAAGGTTAGACCA-1,16.0,0.0,0.0,0.0,1.0,0.0,0.0
TGCTTAAAGTTCCCGT-3,14.0,0.25490642483705084,,,0.203860627012991,0.27543380527416844,0.2657991428757897
TCCGCCATCTTGGATA-2,10.0,0.26490417044114983,,,0.1425309127782741,0.3402195170606928,0.2523453997198832
GGATGTAAGGTGAAAT-3,1.0,0.2431277739439729,,,0.27520525106868904,0.22514867316661977,0.2565183018207184
GGGCCTAGTCAAGACC-1,25.0,1.0,0.0,0.0,0.0,0.0,0.0
TTAGCAATCAATGACC-1,21.0,0.0,0.0,0.0,1.0,0.0,0.0
TGTGTTAAGTAAGTGG-2,31.0,0.0,0.0,0.0,1.0,0.0,0.0
TTTAAGCCAAGCCACT-3,31.0,0.24483511612846504,,,0.34550975661796685,0.2764681959007302,0.13318693135283804
AACTACTCAGCATGAG-3,22.0,1.0,0.0,0.0,0.0,0.0,0.0
GCCTCAAAGTTATCTC-1,8.0,0.0,0.0,0.0,1.0,0.0,0.0
CCTATATTCCCTGTTA-3,36.0,0.30206544172637545,0.0,0.0,0.0,0.332565449812248,0.36536910846137655
CGCTTAACAACCCTCC-1,11.0,0.0,0.0,0.0,1.0,0.0,0.0
CACAGGCTCCCTCGCA-2,1.0,1.0,0.0,0.0,0.0,0.0,0.0
TTGTCAAAGTAAACCC-3,33.0,0.25254537146409556,,,0.23028304051452006,0.2665285948922042,0.25064299312918015
CCTAAGTAGCCATCAG-3,23.0,0.2890753295347951,,,0.21326803108883835,0.2250748294409998,0.2725818099353668
ATTAGTCCAAACCTTG-1,5.0,0.0,0.0,0.0,1.0,0.0,0.0
CCCAACCGTGCGCATG-2,31.0,0.0,0.0,0.0,1.0,0.0,0.0
GTTCATTTCTGGCATG-1,6.0,0.0,0.0,0.0,1.0,0.0,0.0
ATCTTTGGTGTGCACG-1,31.0,1.0,0.0,0.0,0.0,0.0,0.0
CCATAATCAAGATTCT-3,21.0,0.36496857686394185,,,0.2425919314203312,0.14718681699163197,0.24525267472409484
CGCTAACCATGAGTTT-3,3.0,1.0,0.0,0.0,0.0,0.0,0.0
GTCCTCAGTTGCGGAT-1,11.0,0.0,0.0,0.0,1.0,0.0,0.0
AGGTAACCATGAATAG-2,18.0,0.23638071763888321,,,0.28964209218552694,0.2590708442645409,0.21490634591104896
TCAAGGAAGTGACCTG-1,2.0,0.0,0.0,0.0,1.0,0.0,0.0
AGCCTAAGTTACGCGG-3,16.0,0.19281102196304184,,,0.24608965471250854,0.23107341591095565,0.33002590741349397
ACGTTGTAGGGTCCAC-1,5.0,0.0,0.0,0.0,1.0,0.0,0.0
CCTGAGTCAACGTGCT-3,6.0,0.28619740144106137,,,0.20095345838278786,0.28595501190791156,0.2268941282682392
GGCTTCAAGGCGCTTA-1,30.0,0.0,0.0,0.0,1.0,0.0,0.0
GTTAACCAGTCAGTAC-3,4.0,1.0,0.0,0.0,0.0,0.0,0.0
CAAGGCCTCCACCCTG-2,2.0,0.21079074246169519,0.0,0.0,0.3110256879333526,0.2245883274521365,0.25359524215281576
TCAGGTTAGACAGGTA-3,27.0,0.2659503422898086,,,0.3090767064839525,0.2252336567198111,0.1997392945064278
ACGGTTTAGTGATTCA-1,33.0,0.0,0.0,0.0,1.0,0.0,0.0
TGCTGGATCACTTTAC-2,17.0,0.28041555117654665,,,0.21377517180417943,0.21373583317818393,0.29207344384108996
AGCCTCCGTTGAGCCG-2,32.0,0.0,0.0,0.0,0.0,0.0,1.0
ATTATGGTCCCATAAA-1,36.0,1.0,0.0,0.0,0.0,0.0,0.0
ATTGGCTAGTAACGAG-3,37.0,0.15830411656991292,,,0.21353305020503288,0.2890839998065646,0.33907883341848966
TACGTAATCCGGAACC-2,5.0,0.0,0.0,0.0,0.0,0.0,1.0
CCATCATGTTGGTTAG-3,17.0,0.28041555117654665,,,0.21377517180417943,0.21373583317818393,0.29207344384108996
ATTGGTTCATGAGTTT-3,5.0,0.25007613426230707,,,0.2764713286099489,0.24316603374735998,0.23028650338038426
AAGGATGTCAAGCGCC-1,8.0,0.0,0.0,0.0,1.0,0.0,0.0
AGTCAATGTAGCCTCC-1,32.0,0.0,0.0,0.0,1.0,0.0,0.0
TTAGAAGCAATTTGGT-2,3.0,0.0,0.0,0.0,1.0,0.0,0.0
GGCTATGTCATGCATA-3,4.0,0.2789549502429366,0.0,0.0,0.1885732419812842,0.21961014244052887,0.31286166533525034
TACTGGCCACCTAATG-2,27.0,0.0,0.0,0.0,0.0,0.0,1.0
GCGTGCTAGCTAATTG-1,16.0,0.0,0.0,0.0,1.0,0.0,0.0
TCCCGGACATATTGAC-2,20.0,0.0,0.0,0.0,0.0,1.0,0.0
CCAAACTAGTAACAGG-3,16.0,0.19281102196304184,,,0.24608965471250854,0.23107341591095565,0.33002590741349397
GAGGTTAAGGAGCAAC-3,1.0,0.3354436194556566,0.0,0.0,0.0,0.3106378371236754,0.353918543420668
GGATGTAAGTTGTCAA-3,1.0,0.2431277739439729,,,0.27520525106868904,0.22514867316661977,0.2565183018207184
GGGATTAAGAAACTGG-3,37.0,0.15830411656991292,,,0.21353305020503288,0.2890839998065646,0.33907883341848966
TGGTCCTTCCCTCAGT-3,28.0,0.24355764626440804,,,0.2713230524219713,0.21916108471229478,0.2659582166013259
CTTTGGTGTAACTACG-1,15.0,0.0,0.0,0.0,0.0,0.0,1.0
TGAGTTTCATAAAGCA-2,22.0,1.0,0.0,0.0,0.0,0.0,0.0
CGCACACAGTAATCCA-3,5.0,0.25007613426230707,,,0.2764713286099489,0.24316603374735998,0.23028650338038426
TCTTGTCCATGCAACC-1,2.0,0.0,0.0,0.0,1.0,0.0,0.0
GTGCAAGCAGCACCAT-2,9.0,0.25657805136510725,,,0.19608879238864382,0.26842478255731234,0.2789083736889367
CGAGGTGAGGAAGCAC-3,1.0,1.0,0.0,0.0,0.0,0.0,0.0
GAGGCAAGTGTCCAGG-1,19.0,1.0,0.0,0.0,0.0,0.0,0.0
GCCGTGAGTTCAAGAT-3,8.0,0.22347106138460127,,,0.25914442347718897,0.16517053432406306,0.3522139808141467
GTTCCTTCACCTCAGG-1,24.0,0.0,0.0,0.0,1.0,0.0,0.0
ACATCATCACTAAATC-2,10.0,0.0,0.0,0.0,0.0,0.0,1.0
ATTATGGTCCGGGACT-1,37.0,0.0,0.0,0.0,1.0,0.0,0.0
GCCTTTATCGTCAAGT-3,5.0,0.25007613426230707,,,0.2764713286099489,0.24316603374735998,0.23028650338038426
ACCATTAAGTCTGGGC-2,2.0,0.21079074246169519,0.0,0.0,0.3110256879333526,0.2245883274521365,0.25359524215281576
GGTTTGTAGCGATAAG-1,8.0,0.0,0.0,0.0,0.0,0.0,1.0
CAGCTCAAGGCATGTT-2,25.0,0.0,0.0,0.0,0.0,0.0,1.0
GGATACTTCAGGAAGC-1,25.0,1.0,0.0,0.0,0.0,0.0,0.0
TATTCGTTCAGGAAGC-1,20.0,0.0,0.0,0.0,1.0,0.0,0.0
TACAGCTAGTTAGCTA-1,14.0,0.0,0.0,0.0,0.0,0.0,1.0
TAGCGGACACCTAATG-3,2.0,0.21079074246169519,,,0.3110256879333526,0.2245883274521365,0.25359524215281576
GACTCACCACACTAAT-3,10.0,0.3089372834412752,0.0,0.0,0.0,0.39677175787529967,0.29429095868342514
CTTAAGGGTAGCCTCC-1,3.0,0.0,0.0,0.0,1.0,0.0,0.0
GGGCTAACACCTGCTC-2,22.0,0.22299113408910365,0.0,0.0,0.2286831626631811,0.3006206801642622,0.24770502308345307
GTTTAGCAGTGAGGGT-3,18.0,1.0,0.0,0.0,0.0,0.0,0.0
GCTATAGGTTAAATGC-1,22.0,0.0,0.0,0.0,1.0,0.0,0.0
ATTATCCTCCTGGTCT-3,23.0,1.0,0.0,0.0,0.0,0.0,0.0
CCTTACTCACCTGCCT-1,1.0,0.0,0.0,0.0,1.0,0.0,0.0
AGCTTTAAGCTCAAAC-3,19.0,1.0,0.0,0.0,0.0,0.0,0.0
GATCAGTTCCCTGTTA-2,8.0,0.0,0.0,0.0,0.0,0.0,1.0
TTTAGCTTCGTCAAGT-3,20.0,1.0,0.0,0.0,0.0,0.0,0.0
TGCTTGCTCACAGGAA-1,6.0,0.0,0.0,0.0,1.0,0.0,0.0
TCACCGGCATAAGGAC-3,33.0,1.0,0.0,0.0,0.0,0.0,0.0
GGCGGTTTCCTCAGCT-3,4.0,0.34378327740148595,0.0,0.0,0.0,0.2706469071549443,0.3855698154435696
GGTGATTTCATCACTT-3,37.0,0.15830411656991292,,,0.21353305020503288,0.2890839998065646,0.33907883341848966
GTTGCATAGAGAGGAG-3,10.0,0.26490417044114983,,,0.1425309127782741,0.3402195170606928,0.2523453997198832
CGATCCTTCCTCGATC-1,14.0,0.0,0.0,0.0,1.0,0.0,0.0
GACGCCTAGTCACCAG-2,3.0,0.0,0.0,0.0,1.0,0.0,0.0
AAGTGAAGTCATGCAA-3,31.0,1.0,0.0,0.0,0.0,0.0,0.0
GTAGGCGAGGAGGTTA-1,16.0,0.0,0.0,0.0,1.0,0.0,0.0
ACTAATCCATTGACAT-1,11.0,0.0,0.0,0.0,1.0,0.0,0.0
GTGGATGCATAAAGCA-3,10.0,0.26490417044114983,,,0.1425309127782741,0.3402195170606928,0.2523453997198832
GCATCCTTCAATCATG-2,5.0,0.0,0.0,0.0,0.0,0.0,1.0
ACCCAGGGTAGTTAAC-2,19.0,0.28880190709864184,0.0,0.0,0.19477936981053914,0.2980900086334725,0.21832871445734645
CGCACCACACCTGTAA-3,7.0,0.23707317196827163,,,0.3805360488007793,0.2041805565917011,0.17821022263924788
CTAACCACAATGAGGT-2,36.0,0.0,0.0,0.0,0.0,0.0,1.0
GGCGTTATCCCTCAAC-3,6.0,0.28619740144106137,,,0.20095345838278786,0.28595501190791156,0.2268941282682392
CCTAATCGTCCCGAAG-2,15.0,0.25404889456095253,0.0,0.0,0.3994002521455771,0.19749238598555172,0.14905846730791872
GAGCGATAGCATGGTT-2,29.0,0.31074906515307005,0.0,0.0,0.233016360882147,0.22003051032240445,0.2362040636423785
CAGGGCTTCGAGGAAC-3,26.0,0.3005755128437196,,,0.19364293997678975,0.3106467509625101,0.19513479621698074
CAGGTTTAGTCAATTG-1,18.0,0.0,0.0,0.0,1.0,0.0,0.0
TATAGCCAGGGACCTC-1,35.0,0.0,0.0,0.0,1.0,0.0,0.0
GCGAGTGAGTGTGATC-3,11.0,0.26017380928088074,,,0.3107460265472086,0.2228172513789396,0.20626291279297101
GTCCTCAGTGAGCACT-3,3.0,0.2510908928836586,,,0.23769248350866462,0.29944475183729763,0.2117718717703792
CGCTAACCAAGGTATA-3,15.0,0.25404889456095253,,,0.3994002521455771,0.19749238598555172,0.14905846730791872
TTGTTGTTCCACCTTA-1,9.0,0.0,0.0,0.0,1.0,0.0,0.0
CCGCTAAAGCAAGGGT-2,30.0,0.2305508875130836,0.0,0.0,0.30015485066475694,0.2562706347632869,0.21302362705887254
GCAGCTATCTGTAATG-2,10.0,0.26490417044114983,,,0.1425309127782741,0.3402195170606928,0.2523453997198832
GGGTCAACACTATGGC-3,24.0,0.21845905187174444,,,0.2480843926368116,0.19755649681913243,0.33590005867231154
AATATCCCACGTAAGG-2,14.0,0.25490642483705084,0.0,0.0,0.203860627012991,0.27543380527416844,0.2657991428757897
GTCTATGCAAGGGTTG-3,3.0,0.2510908928836586,,,0.23769248350866462,0.29944475183729763,0.2117718717703792
CTGGTTACACAGCCTG-1,29.0,0.0,0.0,0.0,1.0,0.0,0.0
GTTTACCGTCCAAGAC-2,10.0,0.0,0.0,0.0,0.0,0.0,1.0
CGGATTAGTATTTGGG-2,33.0,0.0,0.0,0.0,0.0,1.0,0.0
CCCTCACCATCCATCT-2,37.0,0.0,0.0,0.0,0.0,0.0,1.0
CGTAGTTAGTTTGTCT-2,10.0,0.3089372834412752,0.0,0.0,0.0,0.39677175787529967,0.29429095868342514
CTTGCTCAGAGGCTAA-2,5.0,0.0,0.0,0.0,0.0,1.0,0.0
AACAAGCCAGGTTAAA-1,5.0,0.0,0.0,0.0,1.0,0.0,0.0
CATCGCTTCATTACGA-1,22.0,0.0,0.0,0.0,1.0,0.0,0.0
CGAGCTGGTCGACTCC-2,37.0,0.0,0.0,0.0,0.0,1.0,0.0
GCCTTTGGTAGGTTGC-1,24.0,0.0,0.0,0.0,0.0,0.0,1.0
CGCACCACATAAGGAC-3,15.0,0.25404889456095253,,,0.3994002521455771,0.19749238598555172,0.14905846730791872
ACGACTTAGCACTAGT-2,9.0,0.0,0.0,0.0,0.4128209732447477,0.0,0.5871790267552524
CAAGGCTGTCTTACTA-2,14.0,0.25490642483705084,0.0,0.0,0.203860627012991,0.27543380527416844,0.2657991428757897
GTAAGGTCATTCAGCA-3,6.0,1.0,0.0,0.0,0.0,0.0,0.0
TGTCCTTCAGCTCAAC-3,37.0,0.0,0.0,0.0,0.0,1.0,0.0
GTGCTTACAATAGTCT-1,9.0,0.0,0.0,0.0,0.0,0.0,1.0
CAACAGGCATAATTGC-3,18.0,0.23638071763888321,,,0.28964209218552694,0.2590708442645409,0.21490634591104896
TAATCCGCAAGACTCC-3,4.0,1.0,0.0,0.0,0.0,0.0,0.0
GCAGGAAGTCACCTAT-3,19.0,0.28880190709864184,0.0,0.0,0.19477936981053914,0.2980900086334725,0.21832871445734645
CGGGTCTAGCCGGTAC-3,11.0,0.0,0.0,0.0,0.0,1.0,0.0
CGCAATCCATCGCTTT-1,18.0,1.0,0.0,0.0,0.0,0.0,0.0
AGAAACCCACAAAGCG-3,13.0,0.2379245460670892,0.0,0.0,0.33034621848395457,0.2084468038321267,0.22328243161682945
CCAACCAAGCGAGGTG-3,24.0,1.0,0.0,0.0,0.0,0.0,0.0
CCTGAGTCACCCACAG-3,20.0,0.0,0.0,0.0,0.0,1.0,0.0
ATGCAAACAGCCAGAA-2,36.0,0.2461747580345537,,,0.1850283944180879,0.27103139859455855,0.2977654489527998
AACAAGCCAATGCCCG-2,21.0,0.0,0.0,0.0,1.0,0.0,0.0
CCTTATGTCCTTGAGG-1,33.0,0.0,0.0,0.0,1.0,0.0,0.0
TGGGCATGTTAGGCGT-2,6.0,0.0,0.0,0.0,0.0,0.0,1.0
CGGTTTGAGTCAATTG-1,29.0,1.0,0.0,0.0,0.0,0.0,0.0
CTCCCTGAGACTTACA-1,24.0,1.0,0.0,0.0,0.0,0.0,0.0
GCGGTTGGTGTTGCAA-3,18.0,0.23638071763888321,,,0.28964209218552694,0.2590708442645409,0.21490634591104896
AATATCCCAACAGCCT-3,16.0,1.0,0.0,0.0,0.0,0.0,0.0
GCAGCTATCTTGGACG-3,9.0,0.25657805136510725,,,0.19608879238864382,0.26842478255731234,0.2789083736889367
TTACAGCAGGCACAGG-3,5.0,0.25007613426230707,,,0.2764713286099489,0.24316603374735998,0.23028650338038426
TAAGGCTTCGCTAAGT-3,37.0,0.15830411656991292,,,0.21353305020503288,0.2890839998065646,0.33907883341848966
CATATCGCAGGCCTTG-2,8.0,0.0,0.0,0.0,1.0,0.0,0.0
CTATGATCACAGCCAT-2,27.0,0.2659503422898086,0.0,0.0,0.3090767064839525,0.2252336567198111,0.1997392945064278
TAGTGTGGTGTCCAGG-2,6.0,0.0,0.0,0.0,0.46968468364108146,0.0,0.5303153163589185
AAGGCCCTCATTTGCT-1,4.0,0.0,0.0,0.0,1.0,0.0,0.0
GAGTCATTCATAAGCC-2,17.0,0.0,0.0,0.0,0.0,0.0,1.0
ACCCGCTGTCGCAATA-3,1.0,1.0,0.0,0.0,0.0,0.0,0.0
CTGTAACAGGTGAAGC-3,16.0,0.19281102196304184,0.0,0.0,0.24608965471250854,0.23107341591095565,0.33002590741349397
GATTGGTTCCCTCAAC-3,20.0,0.255116509861887,,,0.11378520411624034,0.3739473542312623,0.25715093179061016
GCACATTAGGGTCTAT-2,22.0,1.0,0.0,0.0,0.0,0.0,0.0
ATATGTCCATGTTGTG-3,15.0,0.0,0.0,0.0,0.0,1.0,0.0
TTAGACTCAGTTAAAG-3,37.0,0.15830411656991292,,,0.21353305020503288,0.2890839998065646,0.33907883341848966
GAGTCAAAGGTCTTGG-1,19.0,0.0,0.0,0.0,1.0,0.0,0.0
CGAATCTAGTTGGGCC-3,5.0,0.25007613426230707,,,0.2764713286099489,0.24316603374735998,0.23028650338038426
CCAGCTGCATGTCAAT-1,5.0,0.0,0.0,0.0,0.0,0.0,1.0
TACCGTTGTGTTTGTC-2,34.0,0.0,0.0,0.0,0.0,1.0,0.0
TCATTACTCATGTTTC-3,18.0,0.23638071763888321,,,0.28964209218552694,0.2590708442645409,0.21490634591104896
AGTAATGCACGTGCTG-3,25.0,0.25294349983189635,0.0,0.0,0.22563202807869934,0.20762681900387653,0.31379765308552765
AGATGCTTCCTGGCTT-2,19.0,0.0,0.0,0.0,0.0,0.0,1.0
TCAACAATCCTAATGA-3,38.0,0.24897171800491572,0.0,0.0,0.0,0.364940376758655,0.38608790523642916
TTAGGCGTCCGTCCAT-2,30.0,0.2305508875130836,0.0,0.0,0.30015485066475694,0.2562706347632869,0.21302362705887254
ATCCGTGAGCTTAGTA-3,32.0,0.23501474983514806,,,0.36169219852304807,0.23220664506324848,0.1710864065785554
ATCAAGACAAGGATTA-3,20.0,0.255116509861887,,,0.11378520411624034,0.3739473542312623,0.25715093179061016
TTAGCGGTCTAGCGTG-1,6.0,1.0,0.0,0.0,0.0,0.0,0.0
ACCTGGATCGTCCTTA-1,12.0,0.0,0.0,0.0,0.0,0.0,1.0
TGAAGGATCTTGAGCG-2,11.0,0.26017380928088074,0.0,0.0,0.3107460265472086,0.2228172513789396,0.20626291279297101
TTTGCGACAGCTTACA-3,2.0,0.21079074246169519,,,0.3110256879333526,0.2245883274521365,0.25359524215281576
TTCCTCAAGTTGTCCC-3,4.0,0.2789549502429366,,,0.1885732419812842,0.21961014244052887,0.31286166533525034
CCGACAGGTAATCGCA-2,13.0,1.0,0.0,0.0,0.0,0.0,0.0
TCCTCTAAGCTCCCTG-3,7.0,0.23707317196827163,,,0.3805360488007793,0.2041805565917011,0.17821022263924788
CTGCTCCCATGAGCAG-3,14.0,1.0,0.0,0.0,0.0,0.0,0.0
GCAATGTTCTGTTCAT-1,15.0,0.0,0.0,0.0,1.0,0.0,0.0
ATTAGCGGTACGCGCA-3,13.0,0.2379245460670892,,,0.33034621848395457,0.2084468038321267,0.22328243161682945
GCTCTGTTCAGTATTG-3,9.0,0.25657805136510725,0.0,0.0,0.19608879238864382,0.26842478255731234,0.2789083736889367
CATGCGCAGCATGCAT-3,22.0,0.22299113408910365,,,0.2286831626631811,0.3006206801642622,0.24770502308345307
GCATTGCCACCTGCCT-2,6.0,0.0,0.0,0.0,1.0,0.0,0.0
CGGTTGGGTGCATTAG-1,17.0,0.0,0.0,0.0,1.0,0.0,0.0
CGGCAATGTACCGAAC-3,12.0,0.0,0.0,0.0,0.0,1.0,0.0
TTTAAGGTCTTAGTGA-3,3.0,1.0,0.0,0.0,0.0,0.0,0.0
TATGGGCGTAACCTAG-3,15.0,0.25404889456095253,,,0.3994002521455771,0.19749238598555172,0.14905846730791872
CAAGGCCTCACAGACT-3,7.0,0.23707317196827163,,,0.3805360488007793,0.2041805565917011,0.17821022263924788
GGAGCGATCGGTTCCT-3,24.0,0.21845905187174444,,,0.2480843926368116,0.19755649681913243,0.33590005867231154
TCCTAGTGTTAGACCA-3,24.0,1.0,0.0,0.0,0.0,0.0,0.0
CGAAGTAAGGTCTTGG-3,14.0,0.0,0.0,0.0,0.0,0.0,1.0
TCCTAGTGTAACGTGC-3,25.0,0.0,0.0,0.0,0.0,1.0,0.0
ATTACTGAGTGAGGTA-1,20.0,0.0,0.0,0.0,1.0,0.0,0.0
GCAATGTTCGTCAAGT-3,1.0,0.2431277739439729,,,0.27520525106868904,0.22514867316661977,0.2565183018207184
TGCCTGTTCCACCCTG-3,33.0,1.0,0.0,0.0,0.0,0.0,0.0
TTTCATCAGTTGCGTG-3,14.0,0.25490642483705084,,,0.203860627012991,0.27543380527416844,0.2657991428757897
TGGAACAAGTTGCGTG-3,5.0,0.25007613426230707,,,0.2764713286099489,0.24316603374735998,0.23028650338038426
ATCGCCCGTCACAGAC-1,31.0,1.0,0.0,0.0,0.0,0.0,0.0
CTAACCTGTCCCGGAA-3,19.0,1.0,0.0,0.0,0.0,0.0,0.0
GGACTAAAGGACCGCT-3,16.0,0.19281102196304184,,,0.24608965471250854,0.23107341591095565,0.33002590741349397
ATGGTTATCGATTTAG-3,9.0,1.0,0.0,0.0,0.0,0.0,0.0
GTGCTCCGTGGAAGGC-3,14.0,0.25490642483705084,,,0.203860627012991,0.27543380527416844,0.2657991428757897
TCCCTGGTCTTAGGGT-2,34.0,0.0,0.0,0.0,1.0,0.0,0.0
CATAAGCTCTCCTCTT-2,5.0,1.0,0.0,0.0,0.0,0.0,0.0
GGTGTTGTCATGCAAC-1,1.0,0.0,0.0,0.0,1.0,0.0,0.0
GTCCAGGGTCACAGAC-1,12.0,0.0,0.0,0.0,1.0,0.0,0.0
AGTGTGGCACTTACAG-3,23.0,0.2890753295347951,,,0.21326803108883835,0.2250748294409998,0.2725818099353668
ACCGCAATCAATAGCC-1,15.0,0.0,0.0,0.0,0.0,0.0,1.0
CGAAGAATCGATTTGA-3,5.0,1.0,0.0,0.0,0.0,0.0,0.0
ATTAGCTCAAGCGAGC-2,15.0,0.0,0.0,0.0,1.0,0.0,0.0
TACTTCGTCCGTGACA-3,13.0,0.2379245460670892,,,0.33034621848395457,0.2084468038321267,0.22328243161682945
TTGCACACAGGTTAAA-3,19.0,0.28880190709864184,,,0.19477936981053914,0.2980900086334725,0.21832871445734645
CTGAAACTCGATTCTT-2,9.0,0.0,0.0,0.0,1.0,0.0,0.0
GCCAGGAAGTCAATCA-2,16.0,0.19281102196304184,0.0,0.0,0.24608965471250854,0.23107341591095565,0.33002590741349397
GATGCTTAGCTATTGA-1,6.0,0.0,0.0,0.0,1.0,0.0,0.0
AATTGGGAGGCATGTT-1,28.0,1.0,0.0,0.0,0.0,0.0,0.0
TCGGTTCTCTTTGTAC-1,17.0,0.0,0.0,0.0,1.0,0.0,0.0
TATGAAGCAGTTTGGC-3,22.0,0.0,0.0,0.0,0.0,1.0,0.0
TTGCGTCTCCCGCATT-2,22.0,0.0,0.0,0.0,1.0,0.0,0.0
TCAGGTCCAGGTATTT-3,4.0,0.2789549502429366,,,0.1885732419812842,0.21961014244052887,0.31286166533525034
GAAGGCTAGGGTGAAC-2,20.0,0.255116509861887,0.0,0.0,0.11378520411624034,0.3739473542312623,0.25715093179061016
AAGAATCAGCACGATT-1,12.0,0.0,0.0,0.0,1.0,0.0,0.0
GCTATAGGTAAGGTTT-3,4.0,0.2789549502429366,,,0.1885732419812842,0.21961014244052887,0.31286166533525034
GATAATCGTGCCTCAC-1,37.0,0.0,0.0,0.0,0.0,0.0,1.0
CATAATCCATCATGGC-2,11.0,0.0,0.0,0.0,1.0,0.0,0.0
AAGGATCCAATTATGC-1,4.0,0.0,0.0,0.0,1.0,0.0,0.0
CGTCCTAGTTATCCGT-3,15.0,0.25404889456095253,,,0.3994002521455771,0.19749238598555172,0.14905846730791872
GTGCTCAAGGCTGGCT-1,15.0,0.0,0.0,0.0,1.0,0.0,0.0
CCTGGTAAGCGCCTAA-1,4.0,0.0,0.0,0.0,1.0,0.0,0.0
CGACAAGCACCCACCT-2,13.0,0.0,0.0,0.0,1.0,0.0,0.0
TCATGCCTCATGGTTA-3,3.0,0.2510908928836586,,,0.23769248350866462,0.29944475183729763,0.2117718717703792
AATTCGTCAGTTATCG-3,16.0,1.0,0.0,0.0,0.0,0.0,0.0
GCCCGTTGTGATGAAA-3,6.0,0.28619740144106137,,,0.20095345838278786,0.28595501190791156,0.2268941282682392
CCCTTAATCAATTACG-3,28.0,0.24355764626440804,,,0.2713230524219713,0.21916108471229478,0.2659582166013259
TCCTCACAGTGATTCA-2,9.0,0.25657805136510725,0.0,0.0,0.19608879238864382,0.26842478255731234,0.2789083736889367
ACATAGCTCATGAAGG-3,28.0,0.24355764626440804,,,0.2713230524219713,0.21916108471229478,0.2659582166013259
TTCAGTTTCTCCATGC-1,9.0,0.0,0.0,0.0,1.0,0.0,0.0
CATTATGAGGACCTGC-2,12.0,0.0,0.0,0.0,0.0,0.0,1.0
CATTTGTTCCACCTTA-1,12.0,0.0,0.0,0.0,1.0,0.0,0.0
ACATCATCAGCATGAG-3,13.0,0.2379245460670892,,,0.33034621848395457,0.2084468038321267,0.22328243161682945
CGTTTCTCACAATGCC-2,15.0,0.0,0.0,0.0,1.0,0.0,0.0
TTTCTTGCATAGGCGA-3,20.0,0.255116509861887,,,0.11378520411624034,0.3739473542312623,0.25715093179061016
GTGTCCAAGGTCAAAG-1,12.0,0.0,0.0,0.0,1.0,0.0,0.0
GACTAATGTGCGCAAT-3,34.0,0.23141187017972628,,,0.21203187960198364,0.23517958103089368,0.32137666918739655
CGGTGAACAAGGCCAA-1,5.0,0.0,0.0,0.0,1.0,0.0,0.0
ATCGGCCAGTCTGGGC-2,15.0,0.25404889456095253,0.0,0.0,0.3994002521455771,0.19749238598555172,0.14905846730791872
GGTACAAAGTGAACGA-3,34.0,0.23141187017972628,0.0,0.0,0.21203187960198364,0.23517958103089368,0.32137666918739655
TAGCTTGCACCTGCCT-2,32.0,0.0,0.0,0.0,1.0,0.0,0.0
GCCATTACACAGCCAT-3,28.0,0.24355764626440804,,,0.2713230524219713,0.21916108471229478,0.2659582166013259
GGAACGGTCGTTAGTA-2,26.0,0.0,0.0,0.0,0.0,1.0,0.0
CCTCAATGTGGTTCTT-2,16.0,0.0,0.0,0.0,0.0,0.0,1.0
ATCCTGACACTAAGTT-3,18.0,0.0,0.0,0.0,0.0,0.0,1.0
CTTGTAAAGGAACCAA-1,26.0,0.0,0.0,0.0,1.0,0.0,0.0
ATGGTCTAGTAAAGGT-2,12.0,0.0,0.0,0.0,1.0,0.0,0.0
GTAAGGTCAAACCCTA-1,4.0,0.0,0.0,0.0,1.0,0.0,0.0
GCAAACCGTTCCGCAC-3,8.0,1.0,0.0,0.0,0.0,0.0,0.0
AGTGTTTCAAACCTAT-2,3.0,0.0,0.0,0.0,1.0,0.0,0.0
CTGTTCATCTAAGTCA-2,12.0,0.0,0.0,0.0,1.0,0.0,0.0
GAGGTTAAGTATTGCA-2,38.0,0.0,0.0,0.0,1.0,0.0,0.0
GTAAAGCCACAATGTT-3,30.0,0.2305508875130836,,,0.30015485066475694,0.2562706347632869,0.21302362705887254
GTGATCAGTTGTTGCT-3,22.0,0.22299113408910365,,,0.2286831626631811,0.3006206801642622,0.24770502308345307
GATCACTAGGCTTAAC-1,11.0,0.0,0.0,0.0,1.0,0.0,0.0
AGCCGCTAGCGATAGA-3,3.0,0.2510908928836586,,,0.23769248350866462,0.29944475183729763,0.2117718717703792
GTACGTAGTAATGACT-2,11.0,0.26017380928088074,,,0.3107460265472086,0.2228172513789396,0.20626291279297101
GGTGCTGGTACTGAAT-1,20.0,0.0,0.0,0.0,1.0,0.0,0.0
TACAAGCTCTCAATTC-2,22.0,0.0,0.0,0.0,1.0,0.0,0.0
CAACTAATCCGCTAGA-3,15.0,0.25404889456095253,,,0.3994002521455771,0.19749238598555172,0.14905846730791872
GCAGGTGAGGAACGCG-3,8.0,0.22347106138460127,0.0,0.0,0.25914442347718897,0.16517053432406306,0.3522139808141467
TAGTGGCGTATTTGGG-3,13.0,0.2379245460670892,,,0.33034621848395457,0.2084468038321267,0.22328243161682945
TTGCAGCCACTAGCGT-3,3.0,0.2510908928836586,,,0.23769248350866462,0.29944475183729763,0.2117718717703792
CTTCAAGCATCGCTCC-1,11.0,0.0,0.0,0.0,1.0,0.0,0.0
CCCGCAACAACAACAA-3,23.0,1.0,0.0,0.0,0.0,0.0,0.0
ACTTTGTTCCTGTTCA-2,30.0,0.0,0.0,0.0,0.0,1.0,0.0
ATCACCCTCTACCTGC-1,2.0,0.0,0.0,0.0,1.0,0.0,0.0
TGGACCGGTTACCGGG-2,35.0,0.0,0.0,0.0,0.0,0.0,1.0
TGGTTAATCCAGGGAG-2,4.0,1.0,0.0,0.0,0.0,0.0,0.0
CAACAGGCATGTTGCA-3,26.0,1.0,0.0,0.0,0.0,0.0,0.0
TGCCGGTAGGTCAAAG-3,6.0,0.28619740144106137,,,0.20095345838278786,0.28595501190791156,0.2268941282682392
TTAGGCTAGTGAGGTA-3,5.0,0.25007613426230707,,,0.2764713286099489,0.24316603374735998,0.23028650338038426
TGAAGGATCGCACAAT-3,6.0,0.28619740144106137,,,0.20095345838278786,0.28595501190791156,0.2268941282682392
ACCCAGGGTGCTGGTG-3,15.0,0.25404889456095253,0.0,0.0,0.3994002521455771,0.19749238598555172,0.14905846730791872
CGACAAGCACCCTCAC-1,35.0,0.0,0.0,0.0,0.0,0.0,1.0
GCCACAATCTATTGTC-2,18.0,0.23638071763888321,,,0.28964209218552694,0.2590708442645409,0.21490634591104896
CCATAAATCTAGCTTT-2,7.0,0.23707317196827163,,,0.3805360488007793,0.2041805565917011,0.17821022263924788
CTTTAGGCAGGCTTGT-2,7.0,0.23707317196827163,0.0,0.0,0.3805360488007793,0.2041805565917011,0.17821022263924788
TGAGCTTAGAGAAGGG-2,17.0,0.0,0.0,0.0,0.0,0.0,1.0
CGTTTGGAGTGAGCAA-2,4.0,1.0,0.0,0.0,0.0,0.0,0.0
TCATTGCGTTACTTCA-3,18.0,0.0,0.0,0.0,0.0,1.0,0.0
TCAAGCTAGACTTATG-2,14.0,0.0,0.0,0.0,0.0,0.0,1.0
TTAGCTGCAGCGCTTG-2,12.0,0.0,0.0,0.0,1.0,0.0,0.0
GCAAGTCGTATTGAGT-2,21.0,0.0,0.0,0.0,1.0,0.0,0.0
GCCTTGCGTACTGAAT-2,31.0,0.0,0.0,0.0,1.0,0.0,0.0
ACTTGAATCTCCATGC-1,34.0,0.0,0.0,0.0,1.0,0.0,0.0
GTACCGGGTTGTGACA-2,2.0,0.21079074246169519,,,0.3110256879333526,0.2245883274521365,0.25359524215281576
TCAATCGCAATGAGGT-3,21.0,1.0,0.0,0.0,0.0,0.0,0.0
AGTGTTTCAATCGCAC-3,11.0,0.3774716132248756,0.0,0.0,0.0,0.32327307489102325,0.2992553118841011
ATGTCCACATAATGTC-3,17.0,0.28041555117654665,,,0.21377517180417943,0.21373583317818393,0.29207344384108996
AGCCTAAGTGCGCATG-1,38.0,0.0,0.0,0.0,0.0,0.0,1.0
CATGCATAGTAACGAG-1,1.0,0.0,0.0,0.0,1.0,0.0,0.0
AGTAGGATCCTACCTA-3,5.0,0.25007613426230707,,,0.2764713286099489,0.24316603374735998,0.23028650338038426
GATGCTTAGGTAGCTT-3,33.0,0.25254537146409556,,,0.23028304051452006,0.2665285948922042,0.25064299312918015
TATGGGCGTGCTCACC-3,7.0,0.23707317196827163,,,0.3805360488007793,0.2041805565917011,0.17821022263924788
GGAATCTTCGCTAAAC-2,31.0,0.0,0.0,0.0,1.0,0.0,0.0
CGAAGAATCCTGAGTG-3,13.0,1.0,0.0,0.0,0.0,0.0,0.0
GTGCACGGTTGGTGAC-3,1.0,0.2431277739439729,,,0.27520525106868904,0.22514867316661977,0.2565183018207184
GCTGTACCATAAAGCA-3,11.0,0.0,0.0,0.0,0.0,1.0,0.0
CTCCGTCCACAACAGG-1,1.0,0.0,0.0,0.0,1.0,0.0,0.0
ATTGTCCGTAGCTAGC-2,11.0,0.26017380928088074,0.0,0.0,0.3107460265472086,0.2228172513789396,0.20626291279297101
TGATCACAGGGCCACT-1,28.0,0.0,0.0,0.0,1.0,0.0,0.0
AATCCTAAGGATCACT-2,35.0,0.0,0.0,0.0,0.32623626373626374,0.0,0.6737637362637363
AAGCGGGTCGCACAAT-2,13.0,0.0,0.0,0.0,1.0,0.0,0.0
ATGGACAAGCCTTAAA-3,16.0,0.19281102196304184,,,0.24608965471250854,0.23107341591095565,0.33002590741349397
TAGTACGGTTAATGAC-3,35.0,1.0,0.0,0.0,0.0,0.0,0.0
CCAACCCGTAGCCATA-1,30.0,0.0,0.0,0.0,1.0,0.0,0.0
CTGCTCCCACTAGGTC-1,11.0,0.0,0.0,0.0,1.0,0.0,0.0
CGCAATCCACAATTAC-3,31.0,0.24483511612846504,,,0.34550975661796685,0.2764681959007302,0.13318693135283804
GCGAAGCCAGATTCAT-3,33.0,1.0,0.0,0.0,0.0,0.0,0.0
TATTAGGTCTAAATCG-1,14.0,0.0,0.0,0.0,1.0,0.0,0.0
CTAGTAGGTAGTTAAC-3,12.0,0.22393288850727908,,,0.21148179656914845,0.3491266157595441,0.21545869916402838
TTTGCGGAGTAGGCGG-2,22.0,0.0,0.0,0.0,1.0,0.0,0.0
CTAATGTCAAGGTATA-1,13.0,1.0,0.0,0.0,0.0,0.0,0.0
TGTGGAGCATGCTTAG-2,13.0,0.2379245460670892,,,0.33034621848395457,0.2084468038321267,0.22328243161682945
CTCCTAATCTCACAAA-2,16.0,0.0,0.0,0.0,0.0,0.0,1.0
GATTCGCCAGTTAAAG-3,24.0,0.21845905187174444,,,0.2480843926368116,0.19755649681913243,0.33590005867231154
CCTAATCGTCAAGTAT-1,15.0,0.0,0.0,0.0,1.0,0.0,0.0
AGGTCATTCTGTAAGC-1,7.0,1.0,0.0,0.0,0.0,0.0,0.0
AAGCATGAGGACCTTG-2,15.0,0.0,0.0,0.0,1.0,0.0,0.0
GGATAACCATAGCGAG-3,16.0,1.0,0.0,0.0,0.0,0.0,0.0
ACAGCGCTCATGCGTG-3,18.0,1.0,0.0,0.0,0.0,0.0,0.0
TGTGGCTCAATATGGA-1,18.0,0.0,0.0,0.0,1.0,0.0,0.0
ACCAGGCTCTGTAAGC-1,11.0,0.0,0.0,0.0,1.0,0.0,0.0
GTTCGCTTCCGGTTGA-3,25.0,0.25294349983189635,,,0.22563202807869934,0.20762681900387653,0.31379765308552765
AAGGAAGCAATTAGGA-1,3.0,1.0,0.0,0.0,0.0,0.0,0.0
CCAATATCAAGATTCT-3,29.0,0.31074906515307005,,,0.233016360882147,0.22003051032240445,0.2362040636423785
GCTTTACGTGGCTTCC-1,9.0,0.0,0.0,0.0,1.0,0.0,0.0
GTTTCAGCACGGTTTA-2,22.0,0.0,0.0,0.0,1.0,0.0,0.0
ATGACCAGTTTCCTCC-2,6.0,0.28619740144106137,0.0,0.0,0.20095345838278786,0.28595501190791156,0.2268941282682392
GATGGACAGTCCTTCA-3,8.0,0.22347106138460127,,,0.25914442347718897,0.16517053432406306,0.3522139808141467
GAGGTAGGTCAAGTAT-2,2.0,1.0,0.0,0.0,0.0,0.0,0.0
TGATGAACAATTGACT-2,6.0,0.0,0.0,0.0,0.0,0.0,1.0
GTCATCACAAGGCCAA-3,14.0,0.25490642483705084,,,0.203860627012991,0.27543380527416844,0.2657991428757897
AGCATTTCATATAACC-1,19.0,1.0,0.0,0.0,0.0,0.0,0.0
CATGCGGGTAGTTAAC-3,24.0,0.21845905187174444,,,0.2480843926368116,0.19755649681913243,0.33590005867231154
CAAGTATGTACCAGGT-2,25.0,0.0,0.0,0.0,0.0,0.0,1.0
AAACAGCCACTATGGC-3,28.0,0.24355764626440804,,,0.2713230524219713,0.21916108471229478,0.2659582166013259
ATGATGGAGGCATTGT-3,28.0,0.24355764626440804,,,0.2713230524219713,0.21916108471229478,0.2659582166013259
TAGCGGACATTGTGTG-1,31.0,0.0,0.0,0.0,1.0,0.0,0.0
ATGTTCAAGCAAACCT-3,11.0,1.0,0.0,0.0,0.0,0.0,0.0
AAGCTATGTTTGGGCG-3,17.0,0.0,0.0,0.0,0.0,0.0,1.0
GGAGGTTAGTCCTGAG-2,21.0,0.36496857686394185,,,0.2425919314203312,0.14718681699163197,0.24525267472409484
CGTTATCGTTGCTGGG-3,6.0,0.28619740144106137,,,0.20095345838278786,0.28595501190791156,0.2268941282682392
TCCTAGTGTTTCCGGC-3,7.0,0.23707317196827163,0.0,0.0,0.3805360488007793,0.2041805565917011,0.17821022263924788
TAGTGTGGTTACTAGG-2,25.0,0.25294349983189635,0.0,0.0,0.22563202807869934,0.20762681900387653,0.31379765308552765
GTGTTCCTCGATCAGT-2,11.0,0.0,0.0,0.0,1.0,0.0,0.0
ATTAGCTCAGCTTACA-2,7.0,0.0,0.0,0.0,1.0,0.0,0.0
ACCAGGACACCCTCAC-1,25.0,0.0,0.0,0.0,1.0,0.0,0.0
CATTATCTCGAGGAGT-3,26.0,1.0,0.0,0.0,0.0,0.0,0.0
TTTCTTGCAAGGTACG-2,17.0,0.28041555117654665,0.0,0.0,0.21377517180417943,0.21373583317818393,0.29207344384108996
TGGGCCTAGTATTGGC-1,7.0,0.0,0.0,0.0,1.0,0.0,0.0
GGCGATACATAGCTGC-1,31.0,1.0,0.0,0.0,0.0,0.0,0.0
GGCCTCTGTCATAACG-1,32.0,0.0,0.0,0.0,1.0,0.0,0.0
GCCAGGAAGCTGGCTA-3,11.0,0.26017380928088074,0.0,0.0,0.3107460265472086,0.2228172513789396,0.20626291279297101
TATGGATGTATTGGAT-3,24.0,1.0,0.0,0.0,0.0,0.0,0.0
CTTGAATCACGAACAG-2,37.0,0.15830411656991292,0.0,0.0,0.21353305020503288,0.2890839998065646,0.33907883341848966
CGCCACACATACCCGG-2,3.0,1.0,0.0,0.0,0.0,0.0,0.0
TAGACCAGTGATTTGG-3,14.0,0.3201781415239845,0.0,0.0,0.0,0.3459617933990345,0.333860065076981
GATGCAGCATCGCTCC-3,22.0,0.22299113408910365,,,0.2286831626631811,0.3006206801642622,0.24770502308345307
TCAGGAGCAAAGCTAA-3,28.0,0.24355764626440804,,,0.2713230524219713,0.21916108471229478,0.2659582166013259
TCACGGATCTCACTAT-1,12.0,0.0,0.0,0.0,1.0,0.0,0.0
AATTAGGCAAGGGTTG-2,1.0,0.0,0.0,0.0,1.0,0.0,0.0
ACGCCTAAGGACCTGC-1,15.0,0.0,0.0,0.0,1.0,0.0,0.0
TTTAACCTCTAGCGTG-1,15.0,0.0,0.0,0.0,1.0,0.0,0.0
GTGGATGCAGGCATCT-2,31.0,0.0,0.0,0.0,1.0,0.0,0.0
CCTCCTCTCCTCAGTC-2,10.0,0.0,0.0,0.0,1.0,0.0,0.0
TAGTAAGCAAGCTTAT-2,15.0,0.25404889456095253,,,0.3994002521455771,0.19749238598555172,0.14905846730791872
GAGGGAGCATAGCTTG-2,38.0,0.0,0.0,0.0,0.0,0.0,1.0
CCCGCAACATAGCGGA-1,26.0,0.0,0.0,0.0,0.0,0.0,1.0
GGCGATACAATTTGGT-2,12.0,0.22393288850727908,,,0.21148179656914845,0.3491266157595441,0.21545869916402838
TTGCACACACAGAAAC-2,23.0,1.0,0.0,0.0,0.0,0.0,0.0
CTACTAAAGGCGCATC-3,10.0,0.26490417044114983,,,0.1425309127782741,0.3402195170606928,0.2523453997198832
CCAACCCGTCACGAAC-3,11.0,0.26017380928088074,,,0.3107460265472086,0.2228172513789396,0.20626291279297101
ATTGCAGGTGAGCACT-3,11.0,0.26017380928088074,,,0.3107460265472086,0.2228172513789396,0.20626291279297101
GAGTAACCATAGACCC-3,22.0,1.0,0.0,0.0,0.0,0.0,0.0
AAGGATGTCCTAAATG-3,8.0,0.22347106138460127,,,0.25914442347718897,0.16517053432406306,0.3522139808141467
CCACAATAGATAGACG-2,15.0,1.0,0.0,0.0,0.0,0.0,0.0
GGACGGATCACTTTAC-3,10.0,0.26490417044114983,,,0.1425309127782741,0.3402195170606928,0.2523453997198832
GATGCTTAGTAACTCA-3,31.0,0.24483511612846504,,,0.34550975661796685,0.2764681959007302,0.13318693135283804
TTACACCGTGGTTAGC-3,1.0,0.2431277739439729,,,0.27520525106868904,0.22514867316661977,0.2565183018207184
GAGTAATAGGAAACTG-2,3.0,0.0,0.0,0.0,0.0,0.0,1.0
CATCGCTTCTATCGCC-2,2.0,0.21079074246169519,,,0.3110256879333526,0.2245883274521365,0.25359524215281576
AGGAAACGTTGCGGAT-2,2.0,0.0,0.0,0.0,0.0,0.0,1.0
GGAACCTGTCATGCCC-2,4.0,0.0,0.0,0.0,1.0,0.0,0.0
ATCCTGACAGCAGGTA-3,30.0,1.0,0.0,0.0,0.0,0.0,0.0
GATCGATTCGGTTTGG-1,22.0,0.0,0.0,0.0,1.0,0.0,0.0
GAAGGATGTGGTTAGC-1,12.0,0.0,0.0,0.0,1.0,0.0,0.0
AGATGAAGTCAATAGT-2,27.0,0.0,0.0,0.0,1.0,0.0,0.0
TCTCAATTCCAGCACA-2,6.0,0.0,0.0,0.0,0.46968468364108146,0.0,0.5303153163589185
ACTTCGCTCAGGTTTA-1,32.0,0.0,0.0,0.0,1.0,0.0,0.0
ACGATTCAGCCTAATA-2,8.0,0.22347106138460127,0.0,0.0,0.25914442347718897,0.16517053432406306,0.3522139808141467
TGAGCCGGTAATCGCA-3,4.0,1.0,0.0,0.0,0.0,0.0,0.0
TATAGCCAGCTTAACA-1,12.0,0.0,0.0,0.0,1.0,0.0,0.0
ACCCTCCCAAACGGGC-3,27.0,0.2659503422898086,,,0.3090767064839525,0.2252336567198111,0.1997392945064278
GGCGTTATCCGGCTAA-2,21.0,0.0,0.0,0.0,1.0,0.0,0.0
TCTCAATTCCTTGCAC-2,15.0,0.0,0.0,0.0,0.0,1.0,0.0
TGCGCAGGTACCGGAT-1,15.0,0.0,0.0,0.0,1.0,0.0,0.0
TTCAGTTTCAAAGGCA-2,22.0,0.0,0.0,0.0,1.0,0.0,0.0
CAGGCTGGTTTAACCC-2,33.0,0.25254537146409556,,,0.23028304051452006,0.2665285948922042,0.25064299312918015
TGGTTGAGTCTATCGT-2,25.0,0.0,0.0,0.0,0.0,1.0,0.0
CAGGTTTAGAGAGGAG-3,12.0,0.22393288850727908,,,0.21148179656914845,0.3491266157595441,0.21545869916402838
TCAAACCAGAATCTCA-3,34.0,0.23141187017972628,,,0.21203187960198364,0.23517958103089368,0.32137666918739655
CGCATATAGCTATTGA-3,22.0,0.22299113408910365,0.0,0.0,0.2286831626631811,0.3006206801642622,0.24770502308345307
CCTCCTCTCTCATCAT-3,8.0,0.22347106138460127,,,0.25914442347718897,0.16517053432406306,0.3522139808141467
GTCCTCCCAGTTGCGT-3,7.0,0.0,0.0,0.0,0.0,1.0,0.0
TCATAACCATGTTGCA-3,17.0,0.28041555117654665,,,0.21377517180417943,0.21373583317818393,0.29207344384108996
AAAGGACGTGGTTCTT-1,2.0,0.0,0.0,0.0,1.0,0.0,0.0
AGGCAGGTCATGGTGT-3,10.0,0.0,0.0,0.0,0.0,1.0,0.0
CAATGAACATGTTGCA-3,7.0,0.23707317196827163,,,0.3805360488007793,0.2041805565917011,0.17821022263924788
AGCCTAAGTACAAAGA-2,7.0,1.0,0.0,0.0,0.0,0.0,0.0
AGGACTAAGTTCCCGT-2,25.0,0.25294349983189635,,,0.22563202807869934,0.20762681900387653,0.31379765308552765
TCATTTGGTCCGTAGG-2,11.0,1.0,0.0,0.0,0.0,0.0,0.0
CCTAAGTAGTGAACCT-3,11.0,0.26017380928088074,0.0,0.0,0.3107460265472086,0.2228172513789396,0.20626291279297101
CGTGACATCCCGCCTA-3,21.0,0.36496857686394185,0.0,0.0,0.2425919314203312,0.14718681699163197,0.24525267472409484
CGGCTCACATTGTGTG-1,32.0,0.0,0.0,0.0,1.0,0.0,0.0
CTTCAATTCTAGCTTT-2,10.0,0.0,0.0,0.0,0.0,1.0,0.0
TTTAACCTCCATCAGG-3,17.0,0.0,0.0,0.0,0.0,1.0,0.0
GCCAGGTTCTCCATAT-3,6.0,1.0,0.0,0.0,0.0,0.0,0.0
TGTGCAAGTTGAGGTC-1,3.0,0.0,0.0,0.0,1.0,0.0,0.0
TAACCGGTCGCAATCG-3,4.0,0.2789549502429366,,,0.1885732419812842,0.21961014244052887,0.31286166533525034
TCTTGACGTTAATGCG-3,9.0,1.0,0.0,0.0,0.0,0.0,0.0
GTTAAGTGTATTGAGT-1,37.0,0.0,0.0,0.0,1.0,0.0,0.0
AAAGCCGCAATCCCTT-2,31.0,0.24483511612846504,,,0.34550975661796685,0.2764681959007302,0.13318693135283804
ACCCAGGGTCCTAATC-2,12.0,1.0,0.0,0.0,0.0,0.0,0.0
ACGCTTGAGCTTGCTC-2,35.0,0.2399263636153897,,,0.17564806529159285,0.22166609309080135,0.362759478002216
TTGGCTACAGGCTGTT-3,34.0,0.23141187017972628,,,0.21203187960198364,0.23517958103089368,0.32137666918739655
AAGCTTGGTTGGCCGA-3,35.0,0.2399263636153897,,,0.17564806529159285,0.22166609309080135,0.362759478002216
TCTCACCAGGCCTTAG-2,12.0,0.22393288850727908,0.0,0.0,0.21148179656914845,0.3491266157595441,0.21545869916402838
TGTGCTGAGCAGGCCT-3,12.0,0.28399203408741175,0.0,0.0,0.0,0.44276291180151617,0.2732450541110721
AAAGCCGCAAGTAAGC-3,23.0,1.0,0.0,0.0,0.0,0.0,0.0
CAAACAACACCTAATG-1,29.0,0.0,0.0,0.0,1.0,0.0,0.0
TAGACCAGTCCGGTTC-3,9.0,1.0,0.0,0.0,0.0,0.0,0.0
ATTTGTGAGAGGAGGA-2,12.0,0.0,0.0,0.0,1.0,0.0,0.0
AATAGCTGTGTTTCAC-3,9.0,0.0,0.0,0.0,0.0,0.0,1.0
CGCATTACACTAAATC-2,15.0,0.0,0.0,0.0,1.0,0.0,0.0
GGTGAGGTCGGGCCAT-1,13.0,0.0,0.0,0.0,0.0,0.0,1.0
ACTTAGTCAATTAAGG-1,7.0,0.0,0.0,0.0,1.0,0.0,0.0
GGTATGTTCCCTCAGT-3,38.0,0.24897171800491572,0.0,0.0,0.0,0.364940376758655,0.38608790523642916
AGAAACCCAAGTGTCC-1,15.0,0.0,0.0,0.0,1.0,0.0,0.0
TGTTCCTCAGCACGAA-2,9.0,0.25657805136510725,,,0.19608879238864382,0.26842478255731234,0.2789083736889367
CTAGGCGGTGTTTGCT-3,6.0,0.0,0.0,0.0,0.0,1.0,0.0
ATGTAACGTGTTTGTC-2,12.0,1.0,0.0,0.0,0.0,0.0,0.0
TCAAGCTAGCAACATC-1,4.0,0.0,0.0,0.0,1.0,0.0,0.0
GCCTATTGTTGTTGGA-2,3.0,0.2510908928836586,,,0.23769248350866462,0.29944475183729763,0.2117718717703792
GCGCCTTGTGCATTAG-2,13.0,1.0,0.0,0.0,0.0,0.0,0.0
CGTAACCCAGCAAGGC-2,8.0,0.0,0.0,0.0,0.0,0.0,1.0
AGCATCCCATCAATCG-3,15.0,1.0,0.0,0.0,0.0,0.0,0.0
GGGTTACGTTTGACCT-2,15.0,1.0,0.0,0.0,0.0,0.0,0.0
AGGGCTACAGGCAAGC-2,11.0,0.26017380928088074,0.0,0.0,0.3107460265472086,0.2228172513789396,0.20626291279297101
TGACCTTGTTACCGGG-3,4.0,0.2789549502429366,,,0.1885732419812842,0.21961014244052887,0.31286166533525034
GGAACCACAATTGACT-3,2.0,0.21079074246169519,,,0.3110256879333526,0.2245883274521365,0.25359524215281576
CCTGTAACAACCCTCC-3,10.0,0.26490417044114983,,,0.1425309127782741,0.3402195170606928,0.2523453997198832
TTTCTCACAGGAAGCC-3,19.0,0.28880190709864184,,,0.19477936981053914,0.2980900086334725,0.21832871445734645
TGTAAGCTCGCTCCAT-3,27.0,0.0,0.0,0.0,0.0,0.0,1.0
CTAACCCTCAATGAGG-1,21.0,0.0,0.0,0.0,1.0,0.0,0.0
CGGCAATGTACTTCAC-3,6.0,0.28619740144106137,,,0.20095345838278786,0.28595501190791156,0.2268941282682392
GCAATCTAGGTTTACA-3,4.0,0.2789549502429366,,,0.1885732419812842,0.21961014244052887,0.31286166533525034
TCGTTATTCCTAATTC-1,18.0,0.0,0.0,0.0,1.0,0.0,0.0
CCTAAGGTCCGCCAAA-1,31.0,0.0,0.0,0.0,1.0,0.0,0.0
GGTTGAGCACCTCACC-1,27.0,0.0,0.0,0.0,1.0,0.0,0.0
CGAAATGAGTGGCGGA-1,4.0,0.0,0.0,0.0,0.0,0.0,1.0
GGTCCTGCATTAAGTC-2,11.0,0.26017380928088074,,,0.3107460265472086,0.2228172513789396,0.20626291279297101
ATTCGTTTCCAGCACA-2,15.0,0.0,0.0,0.0,1.0,0.0,0.0
TACTTCGTCAAACTCA-3,6.0,1.0,0.0,0.0,0.0,0.0,0.0
CCACAGGGTTTCGCGC-3,26.0,0.3005755128437196,,,0.19364293997678975,0.3106467509625101,0.19513479621698074
TTGCACACACCTGCCT-3,23.0,0.2890753295347951,,,0.21326803108883835,0.2250748294409998,0.2725818099353668
CCGCAAATCACGAATC-3,10.0,0.26490417044114983,,,0.1425309127782741,0.3402195170606928,0.2523453997198832
GTATGTTCACCTACGG-3,30.0,0.0,0.0,0.0,0.0,1.0,0.0
ACATAGCTCTTGATGA-3,33.0,0.25254537146409556,0.0,0.0,0.23028304051452006,0.2665285948922042,0.25064299312918015
AGTTACATCCCTGACT-2,15.0,0.25404889456095253,0.0,0.0,0.3994002521455771,0.19749238598555172,0.14905846730791872
TGTGCGGGTGACATGC-3,4.0,0.2789549502429366,0.0,0.0,0.1885732419812842,0.21961014244052887,0.31286166533525034
GCAAGTCGTTGTGATG-1,31.0,0.0,0.0,0.0,1.0,0.0,0.0
TACTTCGTCTGGCTTC-3,13.0,1.0,0.0,0.0,0.0,0.0,0.0
TAGGAGGGTGAGCAAG-3,6.0,0.28619740144106137,0.0,0.0,0.20095345838278786,0.28595501190791156,0.2268941282682392
GTACTAGGTCCACAAA-2,3.0,1.0,0.0,0.0,0.0,0.0,0.0
AAGCATGAGGTGAAGC-2,9.0,0.0,0.0,0.0,0.0,0.0,1.0
CCGTTATGTAATAGCT-3,1.0,0.2431277739439729,,,0.27520525106868904,0.22514867316661977,0.2565183018207184
TAAGCCTAGGGTCCAC-2,22.0,0.0,0.0,0.0,1.0,0.0,0.0
AAGGTATAGTTGTCTT-2,29.0,0.0,0.0,0.0,0.4966031926642348,0.0,0.5033968073357652
ACAAAGGTCATGCTAA-1,16.0,0.0,0.0,0.0,1.0,0.0,0.0
CAGGGTGAGAGCCGCT-3,16.0,1.0,0.0,0.0,0.0,0.0,0.0
CTCTATGTCGATTTGA-1,26.0,0.0,0.0,0.0,0.0,0.0,1.0
GCTGGTTCACTGGCTG-1,5.0,0.0,0.0,0.0,1.0,0.0,0.0
CTGTATTTCACAAGCT-1,8.0,0.0,0.0,0.0,1.0,0.0,0.0
CTCTAAGCACACTAAT-2,6.0,0.28619740144106137,0.0,0.0,0.20095345838278786,0.28595501190791156,0.2268941282682392
AACTAGTGTTGTTCAC-3,9.0,0.0,0.0,0.0,0.0,0.0,1.0
TGATTGCAGGGTCTAT-3,8.0,0.22347106138460127,,,0.25914442347718897,0.16517053432406306,0.3522139808141467
CTCTAAGCATTCCTCG-2,21.0,0.0,0.0,0.0,1.0,0.0,0.0
TTGGATCAGCGGATTT-2,4.0,0.0,0.0,0.0,1.0,0.0,0.0
ATTCAACCAAACCCTA-2,3.0,0.2510908928836586,0.0,0.0,0.23769248350866462,0.29944475183729763,0.2117718717703792
GCGGATACAGCTCATA-1,25.0,0.0,0.0,0.0,0.0,0.0,1.0
AATCCATCAAGCTTAT-2,31.0,0.24483511612846504,0.0,0.0,0.34550975661796685,0.2764681959007302,0.13318693135283804
GGTGTCCAGCGAGTAA-3,25.0,0.25294349983189635,,,0.22563202807869934,0.20762681900387653,0.31379765308552765
TTAGAAGCATTGTCAG-3,4.0,0.2789549502429366,,,0.1885732419812842,0.21961014244052887,0.31286166533525034
CGCCTGTGTAAAGCGG-1,13.0,0.0,0.0,0.0,1.0,0.0,0.0
CAAGTATGTTCCTGTG-2,1.0,0.2431277739439729,0.0,0.0,0.27520525106868904,0.22514867316661977,0.2565183018207184
TTTGTCTAGTCACTAA-3,13.0,0.0,0.0,0.0,0.0,1.0,0.0
CGAAGCGAGCTTACTT-3,30.0,1.0,0.0,0.0,0.0,0.0,0.0
CGTATTGCAGGCTAAG-1,31.0,0.0,0.0,0.0,1.0,0.0,0.0
GTTTGCTGTTTATGGG-1,4.0,0.0,0.0,0.0,1.0,0.0,0.0
ATGGCTTAGGCTACAT-1,27.0,0.0,0.0,0.0,1.0,0.0,0.0
AATCATGTCTGCAAGT-1,15.0,0.0,0.0,0.0,1.0,0.0,0.0
ATATGTCCACAACAAA-3,9.0,1.0,0.0,0.0,0.0,0.0,0.0
CTAGGACGTTTGTGGA-1,28.0,0.0,0.0,0.0,1.0,0.0,0.0
CAATAGCTCGGTTTCC-2,19.0,0.0,0.0,0.0,0.0,0.0,1.0
TAGCAGGCATAAGCAA-2,36.0,0.2461747580345537,0.0,0.0,0.1850283944180879,0.27103139859455855,0.2977654489527998
TTGACATCACAGGATG-1,35.0,0.0,0.0,0.0,1.0,0.0,0.0
CGCATTTGTTAGCTGA-2,17.0,0.28041555117654665,,,0.21377517180417943,0.21373583317818393,0.29207344384108996
CTTCTAAGTCATTGAG-3,29.0,0.31074906515307005,,,0.233016360882147,0.22003051032240445,0.2362040636423785
CCCGTTGTCAAATCGC-3,9.0,1.0,0.0,0.0,0.0,0.0,0.0
TACAGGTTCATTAGCA-2,5.0,0.0,0.0,0.0,0.0,1.0,0.0
TATTAGCCAGCAACAG-3,12.0,0.22393288850727908,,,0.21148179656914845,0.3491266157595441,0.21545869916402838
TTTCCGGGTAGGTGTC-2,27.0,0.2659503422898086,,,0.3090767064839525,0.2252336567198111,0.1997392945064278
TATGAAGCAGGTATTT-3,13.0,1.0,0.0,0.0,0.0,0.0,0.0
TCTAATCTCTCCTCAA-3,33.0,0.25254537146409556,,,0.23028304051452006,0.2665285948922042,0.25064299312918015
CCATATTTCTAGCTAA-3,11.0,0.26017380928088074,,,0.3107460265472086,0.2228172513789396,0.20626291279297101
TCGTTATTCCCTCATA-3,26.0,1.0,0.0,0.0,0.0,0.0,0.0
CTAGGCGGTGCATTTC-1,31.0,0.0,0.0,0.0,1.0,0.0,0.0
GCAGGTGAGGGTTATC-1,34.0,0.0,0.0,0.0,1.0,0.0,0.0
AATGCGCGTGACATGC-3,37.0,0.15830411656991292,,,0.21353305020503288,0.2890839998065646,0.33907883341848966
TTTCCACCATAATCGT-3,32.0,0.23501474983514806,,,0.36169219852304807,0.23220664506324848,0.1710864065785554
GGATGAATCTGTTCAT-3,15.0,0.25404889456095253,0.0,0.0,0.3994002521455771,0.19749238598555172,0.14905846730791872
GGAATCTTCATCACTT-3,38.0,0.19027885726034566,,,0.23574107619489226,0.2789089395946002,0.2950711269501618
GAACCTTAGCAATAGG-2,3.0,0.2510908928836586,,,0.23769248350866462,0.29944475183729763,0.2117718717703792
AAATGCCTCGGCCAGT-1,25.0,0.0,0.0,0.0,0.0,0.0,1.0
AATCAGGAGTGAACGA-2,7.0,0.38270697029152634,0.0,0.0,0.0,0.32960845614410306,0.28768457356437066
CCTAATCGTACCAGGT-3,11.0,1.0,0.0,0.0,0.0,0.0,0.0
AGTAATGCATTAAGCT-2,22.0,0.0,0.0,0.0,1.0,0.0,0.0
AAGGTCAAGCCTGGTA-3,28.0,0.24355764626440804,,,0.2713230524219713,0.21916108471229478,0.2659582166013259
CAGGATGCAGGTTACC-2,18.0,0.0,0.0,0.0,1.0,0.0,0.0
TCGTTATTCGTTTCCA-2,15.0,0.25404889456095253,0.0,0.0,0.3994002521455771,0.19749238598555172,0.14905846730791872
TCTTGACGTGCTCACC-3,17.0,1.0,0.0,0.0,0.0,0.0,0.0
CGTGACATCGAGGTGG-3,16.0,0.0,0.0,0.0,0.0,1.0,0.0
TAATGGACACATAGCC-3,18.0,0.23638071763888321,,,0.28964209218552694,0.2590708442645409,0.21490634591104896
CCTGTAACACTATGGC-3,10.0,0.0,0.0,0.0,0.0,1.0,0.0
CAAACATGTATTCGTC-1,38.0,0.0,0.0,0.0,1.0,0.0,0.0
AGTAACCTCCAGGTTG-2,18.0,0.0,0.0,0.0,1.0,0.0,0.0
CTGTTAAAGTTAGTTG-1,29.0,1.0,0.0,0.0,0.0,0.0,0.0
AGTTACTCATCATGTG-3,10.0,0.26490417044114983,,,0.1425309127782741,0.3402195170606928,0.2523453997198832
TTTAAGCCAGCATGGA-3,20.0,1.0,0.0,0.0,0.0,0.0,0.0
CTAGTAGGTGGACATC-3,29.0,0.31074906515307005,0.0,0.0,0.233016360882147,0.22003051032240445,0.2362040636423785
GGTCAGGAGCCGCAGT-3,5.0,1.0,0.0,0.0,0.0,0.0,0.0
CATCCTGGTCTAACCT-2,34.0,0.2936817673065708,0.0,0.0,0.0,0.29846331969889894,0.4078549129945302
TCTACTAGTTTAGCTC-2,10.0,1.0,0.0,0.0,0.0,0.0,0.0
TTACGTTTCATGCTAA-1,3.0,0.0,0.0,0.0,1.0,0.0,0.0
GAAGGCCCATAGACCC-2,25.0,0.0,0.0,0.0,0.0,0.0,1.0
AGAAGGTGTCTAACAG-3,31.0,0.24483511612846504,,,0.34550975661796685,0.2764681959007302,0.13318693135283804
GCTCACAAGGCTGGCT-2,24.0,0.0,0.0,0.0,1.0,0.0,0.0
CTTATGTTCGATATTG-3,3.0,0.0,0.0,0.0,0.0,1.0,0.0
AACCGCTCATTATGGT-2,30.0,0.2305508875130836,0.0,0.0,0.30015485066475694,0.2562706347632869,0.21302362705887254
AAGCGTTTCGATTTGA-2,8.0,0.0,0.0,0.0,0.0,0.0,1.0
CAGATTCAGGATAAAC-3,5.0,0.0,0.0,0.0,0.0,1.0,0.0
GTTCATTTCTTGCAGG-1,3.0,0.0,0.0,0.0,1.0,0.0,0.0
GCGTGCTAGTTAGTTG-3,11.0,0.26017380928088074,0.0,0.0,0.3107460265472086,0.2228172513789396,0.20626291279297101
CGAGGTGAGTCACCAG-3,26.0,0.3005755128437196,0.0,0.0,0.19364293997678975,0.3106467509625101,0.19513479621698074
AGGGTTGCACCGGCTA-2,17.0,1.0,0.0,0.0,0.0,0.0,0.0
CGTAGTTAGTTTGCGG-1,37.0,0.0,0.0,0.0,1.0,0.0,0.0
GAGAGGCGTCCTTTAA-3,11.0,1.0,0.0,0.0,0.0,0.0,0.0
GCGTAACGTTTATCGC-3,16.0,0.19281102196304184,,,0.24608965471250854,0.23107341591095565,0.33002590741349397
CTCACAACACCTCACC-1,15.0,0.0,0.0,0.0,1.0,0.0,0.0
TTCAACCGTGGATTGC-3,4.0,0.2789549502429366,0.0,0.0,0.1885732419812842,0.21961014244052887,0.31286166533525034
TCAAGTATCAATGTCA-2,35.0,1.0,0.0,0.0,0.0,0.0,0.0
GCATCCTTCGTAATCA-1,34.0,0.0,0.0,0.0,1.0,0.0,0.0
ATCAAGACACTAAGAA-2,31.0,0.0,0.0,0.0,1.0,0.0,0.0
CAACCCGCAGAGAGCC-2,10.0,0.0,0.0,0.0,0.0,1.0,0.0
GTTCGCGCATTAAGTC-1,21.0,0.0,0.0,0.0,1.0,0.0,0.0
TGATGAACATTGTGCA-1,17.0,0.0,0.0,0.0,1.0,0.0,0.0
CGGGCTTAGCGCAATT-3,16.0,1.0,0.0,0.0,0.0,0.0,0.0
CTCCTCACAAGACTCC-2,6.0,0.28619740144106137,0.0,0.0,0.20095345838278786,0.28595501190791156,0.2268941282682392
CGAAATGAGCTAATCA-1,15.0,0.0,0.0,0.0,1.0,0.0,0.0
CACCAACCAGTTTGGC-2,12.0,0.22393288850727908,0.0,0.0,0.21148179656914845,0.3491266157595441,0.21545869916402838
GCTGAGGAGACTATTG-1,32.0,0.0,0.0,0.0,1.0,0.0,0.0
TTGGATATCGCAATCG-3,25.0,0.0,0.0,0.0,0.0,1.0,0.0
CCTGAATAGGCTACAT-3,23.0,0.2890753295347951,,,0.21326803108883835,0.2250748294409998,0.2725818099353668
GCAGGTGAGTAAACCC-1,24.0,1.0,0.0,0.0,0.0,0.0,0.0
ATCGAGGCATTGTCCT-2,15.0,0.0,0.0,0.0,1.0,0.0,0.0
TTCAACCGTTACTTGC-1,7.0,0.0,0.0,0.0,0.0,0.0,1.0
TGTTGGCCACGTAATT-3,9.0,0.0,0.0,0.0,0.0,1.0,0.0
AGCTAGTTCTCAATTC-3,31.0,1.0,0.0,0.0,0.0,0.0,0.0
AATGCGCGTGAACAAA-2,11.0,0.26017380928088074,,,0.3107460265472086,0.2228172513789396,0.20626291279297101
ATTTAGCCACTCGCTC-3,21.0,1.0,0.0,0.0,0.0,0.0,0.0
AAGCTTGGTCCTTTAA-2,18.0,0.0,0.0,0.0,0.5740620133087924,0.0,0.42593798669120764
TGACTTCGTAGGATCC-2,14.0,0.0,0.0,0.0,0.0,0.0,1.0
GGCTCACAGCAAACCT-2,8.0,0.0,0.0,0.0,1.0,0.0,0.0
CAACCCGCAAGCTTAT-3,31.0,0.0,0.0,0.0,0.0,1.0,0.0
TGAAGCAAGCTGTAAC-2,30.0,0.0,0.0,0.0,1.0,0.0,0.0
GAAAGCCAGGTCTTGG-2,7.0,0.23707317196827163,,,0.3805360488007793,0.2041805565917011,0.17821022263924788
TTCCTTGAGCTCCTAC-2,37.0,0.15830411656991292,0.0,0.0,0.21353305020503288,0.2890839998065646,0.33907883341848966
TGATCAGGTGCGCGTA-2,30.0,0.0,0.0,0.0,0.0,1.0,0.0
CCCTCACCATAAGCAA-1,21.0,1.0,0.0,0.0,0.0,0.0,0.0
CTAAAGCTCAGAAACG-1,5.0,0.0,0.0,0.0,1.0,0.0,0.0
TTTGTGTTCCTAAGTA-2,20.0,1.0,0.0,0.0,0.0,0.0,0.0
CCTAGTTGTTAGCAGC-3,27.0,0.2659503422898086,,,0.3090767064839525,0.2252336567198111,0.1997392945064278
ATTACGTCAGCCTAAC-1,7.0,0.0,0.0,0.0,1.0,0.0,0.0
CATAGTCAGGCTGTCA-2,4.0,0.0,0.0,0.0,1.0,0.0,0.0
GACGTAAAGGTCCTGA-2,14.0,0.0,0.0,0.0,1.0,0.0,0.0
TGTTACTTCCAATTAG-2,11.0,0.26017380928088074,0.0,0.0,0.3107460265472086,0.2228172513789396,0.20626291279297101
CGCACACAGGTCTTGG-3,29.0,1.0,0.0,0.0,0.0,0.0,0.0
TAGTGTGGTCAATACG-2,12.0,0.0,0.0,0.0,0.0,1.0,0.0
CCTTCGTAGTCACCAG-3,3.0,0.2510908928836586,,,0.23769248350866462,0.29944475183729763,0.2117718717703792
ACCAAACTCGTTAACA-2,3.0,0.0,0.0,0.0,1.0,0.0,0.0
AGGATATAGTAGAGGC-1,4.0,0.0,0.0,0.0,1.0,0.0,0.0
CGCTACTTCGATAACC-2,9.0,0.0,0.0,0.0,1.0,0.0,0.0
AAGGTATAGTAAGTCC-3,37.0,0.15830411656991292,,,0.21353305020503288,0.2890839998065646,0.33907883341848966
ACGTCCTTCATTGCAA-1,3.0,0.0,0.0,0.0,1.0,0.0,0.0
CGGTGAACAGTTAGCC-2,31.0,1.0,0.0,0.0,0.0,0.0,0.0
GAACCAGCACCTGGTG-3,21.0,1.0,0.0,0.0,0.0,0.0,0.0
GGCGGTTTCCAACTGG-1,7.0,0.0,0.0,0.0,1.0,0.0,0.0
GTAAGGTCATTGTGGC-2,38.0,0.19027885726034566,0.0,0.0,0.23574107619489226,0.2789089395946002,0.2950711269501618
AGTATAGCACCATATG-3,17.0,0.28041555117654665,,,0.21377517180417943,0.21373583317818393,0.29207344384108996
GACCTGATCCTAAATG-2,36.0,0.2461747580345537,0.0,0.0,0.1850283944180879,0.27103139859455855,0.2977654489527998
GGCATTGTCATCCACC-2,5.0,0.25007613426230707,0.0,0.0,0.2764713286099489,0.24316603374735998,0.23028650338038426
CGTGCTGCACACCAAC-3,25.0,0.25294349983189635,,,0.22563202807869934,0.20762681900387653,0.31379765308552765
CGGGCTTAGCAAGACA-1,33.0,0.0,0.0,0.0,1.0,0.0,0.0
AAGAATCAGGCATTGT-3,30.0,0.0,0.0,0.0,0.0,1.0,0.0
CTTACTAGTGTCCAGG-3,12.0,1.0,0.0,0.0,0.0,0.0,0.0
TCACTGACACCTCAGG-3,9.0,0.25657805136510725,,,0.19608879238864382,0.26842478255731234,0.2789083736889367
GCCATGATCGCAGGCT-3,2.0,0.21079074246169519,,,0.3110256879333526,0.2245883274521365,0.25359524215281576
GAGTTGCGTAGTTGGC-3,25.0,1.0,0.0,0.0,0.0,0.0,0.0
CAACAATGTGTAATAC-2,37.0,0.0,0.0,0.0,0.0,0.0,1.0
AAATGGCCACTGGCTG-2,6.0,0.0,0.0,0.0,1.0,0.0,0.0
CGAAGAATCTTTAAGG-1,7.0,0.0,0.0,0.0,1.0,0.0,0.0
CTAGTAATCAATCATG-2,36.0,0.30206544172637545,0.0,0.0,0.0,0.332565449812248,0.36536910846137655
CGCCTCATCGATTATG-1,15.0,0.0,0.0,0.0,1.0,0.0,0.0
GCTTGACCATTGTGTG-3,6.0,0.28619740144106137,,,0.20095345838278786,0.28595501190791156,0.2268941282682392
GCTAGCGGTTACATCC-1,31.0,0.0,0.0,0.0,1.0,0.0,0.0
TATTAGCCATATAACC-1,18.0,0.0,0.0,0.0,1.0,0.0,0.0
CAGCATTAGTCATCCC-2,32.0,0.0,0.0,0.0,1.0,0.0,0.0
TTGGATATCACTCGCT-3,20.0,0.255116509861887,,,0.11378520411624034,0.3739473542312623,0.25715093179061016
CAGCCAATCAGCACGC-3,6.0,1.0,0.0,0.0,0.0,0.0,0.0
TGGTCATAGGTCTTGG-3,15.0,1.0,0.0,0.0,0.0,0.0,0.0
CATGCGCAGTCATTGA-2,17.0,0.0,0.0,0.0,0.4226070116481075,0.0,0.5773929883518925
CGCTCAGCATTCCTCG-2,9.0,0.0,0.0,0.0,0.0,0.0,1.0
TGATGATGTGCTCACC-3,28.0,0.24355764626440804,0.0,0.0,0.2713230524219713,0.21916108471229478,0.2659582166013259
TGAGGAGGTGGGAACA-3,22.0,0.22299113408910365,,,0.2286831626631811,0.3006206801642622,0.24770502308345307
ACAGCCGGTGTTTGTC-2,23.0,1.0,0.0,0.0,0.0,0.0,0.0
GTGCTGATCAAAGGCA-1,27.0,0.0,0.0,0.0,1.0,0.0,0.0
CGGTTATAGCTCCTTA-2,12.0,0.22393288850727908,,,0.21148179656914845,0.3491266157595441,0.21545869916402838
AATCCGTAGGGACTAA-3,25.0,0.25294349983189635,,,0.22563202807869934,0.20762681900387653,0.31379765308552765
CACTTTGTCCGCATGA-2,2.0,0.21079074246169519,,,0.3110256879333526,0.2245883274521365,0.25359524215281576
ATTGCAGGTTGGATCA-3,10.0,0.26490417044114983,,,0.1425309127782741,0.3402195170606928,0.2523453997198832
TACGTACAGGTACCGC-1,21.0,1.0,0.0,0.0,0.0,0.0,0.0
TTCCTCAAGTGTTGCG-3,29.0,0.31074906515307005,,,0.233016360882147,0.22003051032240445,0.2362040636423785
CAAAGTGAGTATGTGC-1,11.0,0.0,0.0,0.0,1.0,0.0,0.0
GCCAATTAGGACCGCT-1,5.0,1.0,0.0,0.0,0.0,0.0,0.0
GTCATCACATCCAGGT-3,8.0,1.0,0.0,0.0,0.0,0.0,0.0
TTTATGGAGTGAGAGC-3,2.0,0.0,0.0,0.0,0.0,1.0,0.0
GCCAATTAGCTCAAAC-2,6.0,1.0,0.0,0.0,0.0,0.0,0.0
TGGCCATCAGGCGAGT-3,19.0,1.0,0.0,0.0,0.0,0.0,0.0
TTGTCAAAGCCAAATC-1,32.0,0.0,0.0,0.0,1.0,0.0,0.0
TAAGCTGGTTATTGCC-1,31.0,0.0,0.0,0.0,1.0,0.0,0.0
TGGTTCCTCGATATTG-1,9.0,0.0,0.0,0.0,1.0,0.0,0.0
TAAGTGCTCATGTGGT-3,15.0,1.0,0.0,0.0,0.0,0.0,0.0
TTGTTTGGTGCATCGG-1,23.0,0.0,0.0,0.0,1.0,0.0,0.0
GGCTATGTCAAACACC-2,14.0,1.0,0.0,0.0,0.0,0.0,0.0
TTGGAGGCAGTATGTT-2,26.0,0.3727573400734753,0.0,0.0,0.0,0.38524713971446883,0.2419955202120558
CTCACTCAGCTATGAC-3,3.0,0.32938268015426625,0.0,0.0,0.0,0.3928135894757391,0.2778037303699947
GTCGCAATCACTTCAT-2,36.0,1.0,0.0,0.0,0.0,0.0,0.0
CGAGGCAAGGTCGATT-1,13.0,0.0,0.0,0.0,1.0,0.0,0.0
AGTTGCGTCCAGGTTG-3,19.0,0.28880190709864184,,,0.19477936981053914,0.2980900086334725,0.21832871445734645
AATTACCCAGGACACA-1,2.0,0.0,0.0,0.0,1.0,0.0,0.0
CGATTGAGTCACCTAT-3,21.0,0.36496857686394185,,,0.2425919314203312,0.14718681699163197,0.24525267472409484
TCTAACCGTCGTTACT-2,27.0,0.0,0.0,0.0,0.0,0.0,1.0
AGTTGTCAGTATTGCA-1,37.0,0.0,0.0,0.0,1.0,0.0,0.0
ACAGGCTGTACAATGT-3,2.0,0.21079074246169519,0.0,0.0,0.3110256879333526,0.2245883274521365,0.25359524215281576
ATTACTGAGGACTTAC-1,15.0,0.0,0.0,0.0,0.0,0.0,1.0
CAAGTAACAAACTAAG-3,1.0,0.2431277739439729,,,0.27520525106868904,0.22514867316661977,0.2565183018207184
GTTGCGGGTTGTGATG-1,23.0,0.0,0.0,0.0,1.0,0.0,0.0
ACGTACCCAAGGTACG-1,31.0,0.0,0.0,0.0,1.0,0.0,0.0
ACTTTGTTCCTAAATG-3,18.0,0.0,0.0,0.0,0.0,1.0,0.0
AGCGCTCAGGATTTGC-3,2.0,0.21079074246169519,,,0.3110256879333526,0.2245883274521365,0.25359524215281576
GTTTGTAAGTCATCCC-3,19.0,1.0,0.0,0.0,0.0,0.0,0.0
ACACTTAAGCCTAACG-1,36.0,0.0,0.0,0.0,1.0,0.0,0.0
ATTACGTCATGGCCCA-2,17.0,1.0,0.0,0.0,0.0,0.0,0.0
TGCTTCATCAGCATTA-2,23.0,0.0,0.0,0.0,1.0,0.0,0.0
TTGGCTGAGCCACAAT-2,31.0,0.0,0.0,0.0,1.0,0.0,0.0
AACATAGCATGCTATG-1,28.0,0.0,0.0,0.0,0.0,0.0,1.0
TGTTGTTTCCTGATTT-1,13.0,0.0,0.0,0.0,1.0,0.0,0.0
AGAACCGCAAGACTCC-3,3.0,1.0,0.0,0.0,0.0,0.0,0.0
GCTCGATCACGTAATT-2,34.0,0.0,0.0,0.0,1.0,0.0,0.0
TGGTTGAGTGTTGCTT-1,7.0,1.0,0.0,0.0,0.0,0.0,0.0
CAGGGCTTCATTGTCT-1,23.0,0.0,0.0,0.0,1.0,0.0,0.0
GTTGTGAGTTGCAATG-1,12.0,0.0,0.0,0.0,1.0,0.0,0.0
GTAAGCAAGCCTGGTA-1,13.0,0.0,0.0,0.0,1.0,0.0,0.0
CTTGACGAGTTTGAGC-1,37.0,0.0,0.0,0.0,1.0,0.0,0.0
GTTACGTAGTATTGCA-2,1.0,0.0,0.0,0.0,1.0,0.0,0.0
CTTCAATTCTTGACCC-2,14.0,1.0,0.0,0.0,0.0,0.0,0.0
TGGACGGAGTTAGGCT-1,3.0,0.0,0.0,0.0,0.0,0.0,1.0
TGTGCGGGTTAGTACG-3,13.0,0.2379245460670892,,,0.33034621848395457,0.2084468038321267,0.22328243161682945
GTGCAAGCATCCATCT-3,32.0,0.23501474983514806,0.0,0.0,0.36169219852304807,0.23220664506324848,0.1710864065785554
AGCAACAAGCGATACT-1,8.0,0.0,0.0,0.0,1.0,0.0,0.0
CGCTAATAGTAGCCAT-3,10.0,0.26490417044114983,,,0.1425309127782741,0.3402195170606928,0.2523453997198832
ATGACAACACCAACCG-1,4.0,0.0,0.0,0.0,0.0,0.0,1.0
CCTCAGTTCCTAAGAC-2,33.0,1.0,0.0,0.0,0.0,0.0,0.0
CTTGAACAGTAATCCA-2,30.0,0.0,0.0,0.0,0.0,1.0,0.0
GGTGATTTCACGTTAA-3,18.0,0.23638071763888321,,,0.28964209218552694,0.2590708442645409,0.21490634591104896
CCTGTAACACTAAATC-3,32.0,0.23501474983514806,0.0,0.0,0.36169219852304807,0.23220664506324848,0.1710864065785554
TACAGGTTCGAAGTGA-2,28.0,0.0,0.0,0.0,0.0,1.0,0.0
AGGATGCAGGTGAAGC-3,32.0,0.23501474983514806,,,0.36169219852304807,0.23220664506324848,0.1710864065785554
GCAGGATAGTTATCTC-1,5.0,0.0,0.0,0.0,1.0,0.0,0.0
GTTTGTTTCGATTTAG-2,5.0,0.0,0.0,0.0,0.0,0.0,1.0
TGATCGAGTATTCGTC-3,10.0,0.0,0.0,0.0,0.0,1.0,0.0
CAAGACAAGGAAGCAC-3,1.0,0.0,0.0,0.0,0.0,1.0,0.0
GGGTTTGTCGATTTAG-3,9.0,0.25657805136510725,,,0.19608879238864382,0.26842478255731234,0.2789083736889367
CTATGTTTCGATATTG-3,4.0,1.0,0.0,0.0,0.0,0.0,0.0
CCGCTAGCATTAAAGG-1,35.0,0.0,0.0,0.0,1.0,0.0,0.0
CGAGGTGAGCACGATT-1,12.0,0.0,0.0,0.0,1.0,0.0,0.0
AAGGATGTCTTTAAGG-2,22.0,0.0,0.0,0.0,0.0,1.0,0.0
CTTCAGGAGGAGGTTA-3,3.0,0.2510908928836586,0.0,0.0,0.23769248350866462,0.29944475183729763,0.2117718717703792
CATAATCCAACCCTAA-2,2.0,0.0,0.0,0.0,0.0,0.0,1.0
GTGTTACAGGTTTGCG-1,13.0,0.0,0.0,0.0,0.0,0.0,1.0
TCACTGACACGGTACT-1,24.0,0.0,0.0,0.0,1.0,0.0,0.0
TTGCAACAGTTGTCAA-1,9.0,1.0,0.0,0.0,0.0,0.0,0.0
TCTTAGTTCTCACAAA-1,6.0,1.0,0.0,0.0,0.0,0.0,0.0
GGCTGAGAGTTATCCT-3,5.0,1.0,0.0,0.0,0.0,0.0,0.0
GTTTAGCAGGTGAAGC-3,35.0,0.0,0.0,0.0,0.0,1.0,0.0
GCTGTACCAGCAAGTG-1,5.0,0.0,0.0,0.0,1.0,0.0,0.0
GAACGAATCATCCTCA-3,7.0,0.23707317196827163,,,0.3805360488007793,0.2041805565917011,0.17821022263924788
GCTGACATCGCGACAC-3,18.0,1.0,0.0,0.0,0.0,0.0,0.0
CAAAGGATCCTAAGGT-1,34.0,0.0,0.0,0.0,1.0,0.0,0.0
GTCAAACTCGAGCAAA-3,23.0,1.0,0.0,0.0,0.0,0.0,0.0
TACCTTTAGGAGTCGG-3,5.0,1.0,0.0,0.0,0.0,0.0,0.0
GGAATCTTCTAATCAG-2,4.0,0.0,0.0,0.0,0.0,0.0,1.0
AGCTTTAAGGTCAAAG-3,24.0,0.21845905187174444,,,0.2480843926368116,0.19755649681913243,0.33590005867231154
GGCCTTCGTTTACCGT-1,27.0,0.0,0.0,0.0,1.0,0.0,0.0
AGCTACGTCAAGCTAC-3,35.0,0.2399263636153897,,,0.17564806529159285,0.22166609309080135,0.362759478002216
TTCAGCACAAGATTCT-2,17.0,0.0,0.0,0.0,0.0,0.0,1.0
GCTATTGCACCCTCAC-3,6.0,0.28619740144106137,,,0.20095345838278786,0.28595501190791156,0.2268941282682392
ATGGTGCGTGGGAACA-3,10.0,1.0,0.0,0.0,0.0,0.0,0.0
GCAGGATAGTGCTGTG-2,30.0,0.2305508875130836,0.0,0.0,0.30015485066475694,0.2562706347632869,0.21302362705887254
GTGTCCAAGTAGCGCC-2,32.0,0.0,0.0,0.0,1.0,0.0,0.0
AGAGAAGCATAAGGAC-1,21.0,0.0,0.0,0.0,1.0,0.0,0.0
AGACCCGGTCAACAAT-1,37.0,0.0,0.0,0.0,1.0,0.0,0.0
AGCTAGTTCGTTTCGC-1,11.0,0.0,0.0,0.0,1.0,0.0,0.0
TTCATTCAGCTTTGGG-2,9.0,0.0,0.0,0.0,1.0,0.0,0.0
GCCTTAACATCCTAGA-3,15.0,1.0,0.0,0.0,0.0,0.0,0.0
AAAGGAGCAGCCTAAC-3,19.0,0.28880190709864184,,,0.19477936981053914,0.2980900086334725,0.21832871445734645
ACGACAAAGCCGCAGT-3,26.0,1.0,0.0,0.0,0.0,0.0,0.0
CATTATGAGGATCCGC-1,11.0,0.0,0.0,0.0,1.0,0.0,0.0
GATTGTTCACAGAACG-1,36.0,0.0,0.0,0.0,1.0,0.0,0.0
ATGAATGCATTAGGTT-2,10.0,1.0,0.0,0.0,0.0,0.0,0.0
TTTGTGTTCGTTTCTG-1,32.0,0.0,0.0,0.0,1.0,0.0,0.0
AATTTGCCAAGTGTTT-3,1.0,0.0,0.0,0.0,0.0,1.0,0.0
TAAAGCCTCCTTGTTG-3,25.0,0.25294349983189635,,,0.22563202807869934,0.20762681900387653,0.31379765308552765
TTTGGTAAGGACCTGC-2,4.0,0.0,0.0,0.0,1.0,0.0,0.0
AACATTGTCGCTAGTG-2,30.0,0.2305508875130836,0.0,0.0,0.30015485066475694,0.2562706347632869,0.21302362705887254
AGTCGCATCACTCGCT-3,11.0,0.0,0.0,0.0,0.0,1.0,0.0
TTAGACTCAAATGCCC-1,33.0,0.0,0.0,0.0,1.0,0.0,0.0
ACCACATAGCCACATG-3,12.0,0.22393288850727908,,,0.21148179656914845,0.3491266157595441,0.21545869916402838
TATTTGCTCATGCGTG-3,31.0,1.0,0.0,0.0,0.0,0.0,0.0
TAAAGCCTCGCGCTAA-2,25.0,0.0,0.0,0.0,0.0,0.0,1.0
GGCATGGAGCAAGACA-3,28.0,0.24355764626440804,,,0.2713230524219713,0.21916108471229478,0.2659582166013259
TCAGCCTTCACAGGAA-2,29.0,0.0,0.0,0.0,0.0,0.0,1.0
TAGACCAGTTTCGCCA-2,25.0,0.0,0.0,0.0,0.4182788525683789,0.0,0.5817211474316211
TCGATTAAGAGGGACT-2,34.0,0.0,0.0,0.0,0.0,0.0,1.0
AGCAATTGTAGGATTT-3,3.0,1.0,0.0,0.0,0.0,0.0,0.0
GTTTATCTCTCACTAT-1,3.0,0.0,0.0,0.0,1.0,0.0,0.0
GATTGCGTCAGTATTG-3,1.0,0.2431277739439729,0.0,0.0,0.27520525106868904,0.22514867316661977,0.2565183018207184
CCATAAATCTTGAGGT-3,11.0,0.26017380928088074,,,0.3107460265472086,0.2228172513789396,0.20626291279297101
GAGGTGAGTACCCACC-1,13.0,1.0,0.0,0.0,0.0,0.0,0.0
AAGTGCAAGTGTTGCG-1,24.0,0.0,0.0,0.0,0.0,0.0,1.0
AGCAATTGTTGCGCGA-3,1.0,0.2431277739439729,,,0.27520525106868904,0.22514867316661977,0.2565183018207184
GACCTAGTCTAACCAA-1,11.0,0.0,0.0,0.0,1.0,0.0,0.0
GCATCCTTCGTTACTT-3,22.0,0.22299113408910365,,,0.2286831626631811,0.3006206801642622,0.24770502308345307
CCAGCTAAGCGGGCAA-2,33.0,0.0,0.0,0.0,1.0,0.0,0.0
GTCCATTGTGCTGGTG-2,16.0,1.0,0.0,0.0,0.0,0.0,0.0
GCATTGCCACCTGGTG-2,35.0,0.2399263636153897,0.0,0.0,0.17564806529159285,0.22166609309080135,0.362759478002216
ATGAGCCGTAGCTAAT-2,1.0,0.0,0.0,0.0,1.0,0.0,0.0
TATGACTCACAAAGAC-2,34.0,0.0,0.0,0.0,1.0,0.0,0.0
TGGAACAAGTCATGCG-3,5.0,0.25007613426230707,,,0.2764713286099489,0.24316603374735998,0.23028650338038426
CATTTGTTCATCAGTA-1,21.0,0.0,0.0,0.0,1.0,0.0,0.0
AATCCATCAAGGATTA-1,3.0,0.0,0.0,0.0,1.0,0.0,0.0
TTGCGAGTCCGGTTAG-1,3.0,0.0,0.0,0.0,0.0,0.0,1.0
CCTAGTTGTTCGGTAA-2,16.0,1.0,0.0,0.0,0.0,0.0,0.0
TTTCTCACAATATACC-1,37.0,0.0,0.0,0.0,1.0,0.0,0.0
GCTAAGTTCAGGCTAT-2,14.0,1.0,0.0,0.0,0.0,0.0,0.0
GGTCTTTGTAACGGGA-1,1.0,0.0,0.0,0.0,1.0,0.0,0.0
AAGTTTGTCGGTCATG-3,15.0,0.25404889456095253,,,0.3994002521455771,0.19749238598555172,0.14905846730791872
TGGTCATAGCAAGGTA-3,2.0,0.21079074246169519,0.0,0.0,0.3110256879333526,0.2245883274521365,0.25359524215281576
GTTTACCGTATGGTGC-3,4.0,1.0,0.0,0.0,0.0,0.0,0.0
CGATTGAGTGCTCCAC-2,11.0,0.0,0.0,0.0,0.0,1.0,0.0
GGTGCTGGTACTTCAC-3,3.0,0.0,0.0,0.0,0.0,0.0,1.0
ATGGCTAGTAACCACA-3,7.0,0.23707317196827163,,,0.3805360488007793,0.2041805565917011,0.17821022263924788
CTTGAATCAGCATTAT-3,9.0,0.25657805136510725,,,0.19608879238864382,0.26842478255731234,0.2789083736889367
CGCTACTTCTCACTCA-3,15.0,0.25404889456095253,,,0.3994002521455771,0.19749238598555172,0.14905846730791872
CTAATCGCAAACAACA-3,15.0,0.0,0.0,0.0,0.0,1.0,0.0
CGTAACCCAACCTGGT-2,19.0,0.3586618328826094,0.0,0.0,0.0,0.37019668579943704,0.2711414813179535
ACGGGAAGTGCTGGTG-3,15.0,0.25404889456095253,0.0,0.0,0.3994002521455771,0.19749238598555172,0.14905846730791872
GCACGGTTCTAACCTT-1,36.0,0.0,0.0,0.0,1.0,0.0,0.0
TTTAACGAGGATCCGC-3,26.0,1.0,0.0,0.0,0.0,0.0,0.0
CAGCAAGCAAGCCAGA-2,31.0,0.24483511612846504,,,0.34550975661796685,0.2764681959007302,0.13318693135283804
ATGTCAATCATGGCTG-3,1.0,0.2431277739439729,,,0.27520525106868904,0.22514867316661977,0.2565183018207184
CAGGTTTAGGTCGATT-3,19.0,0.28880190709864184,,,0.19477936981053914,0.2980900086334725,0.21832871445734645
GTTTATCTCCATTACT-3,25.0,0.25294349983189635,,,0.22563202807869934,0.20762681900387653,0.31379765308552765
TTTACGCGTGTTTGAG-1,31.0,0.0,0.0,0.0,1.0,0.0,0.0
ATGAAGTAGGTTTACA-3,30.0,0.0,0.0,0.0,0.0,1.0,0.0
TAGTTTGAGGTTTACA-1,1.0,0.0,0.0,0.0,1.0,0.0,0.0
ACCTGTTGTGCTCCGT-3,4.0,1.0,0.0,0.0,0.0,0.0,0.0
AACGACAAGCTTATGA-2,4.0,0.2789549502429366,0.0,0.0,0.1885732419812842,0.21961014244052887,0.31286166533525034
TCCGGTAAGCATCCAG-3,9.0,1.0,0.0,0.0,0.0,0.0,0.0
AGGTTTGGTTGGTGAC-1,14.0,0.0,0.0,0.0,1.0,0.0,0.0
TACCTTTAGGCTTAGT-3,31.0,0.24483511612846504,,,0.34550975661796685,0.2764681959007302,0.13318693135283804
GGTTTCCTCAATGAGG-1,13.0,0.0,0.0,0.0,1.0,0.0,0.0
AAATGCCTCATCAGTA-2,38.0,0.0,0.0,0.0,0.0,1.0,0.0
CTTGTTCCAAGATTCT-3,9.0,0.25657805136510725,,,0.19608879238864382,0.26842478255731234,0.2789083736889367
TATTCGTTCACAAGCT-3,10.0,0.26490417044114983,,,0.1425309127782741,0.3402195170606928,0.2523453997198832
CCCGTAAAGCTTTGGG-3,14.0,0.25490642483705084,,,0.203860627012991,0.27543380527416844,0.2657991428757897
CCTAAGCCAAGGACCA-3,3.0,0.2510908928836586,,,0.23769248350866462,0.29944475183729763,0.2117718717703792
CCTATATTCGCCTGTT-2,35.0,0.0,0.0,0.0,0.0,0.0,1.0
GAGATAAGTTGTTGGA-2,24.0,0.0,0.0,0.0,0.0,0.0,1.0
GTCTATGCATTAAAGG-2,1.0,0.2431277739439729,0.0,0.0,0.27520525106868904,0.22514867316661977,0.2565183018207184
ACAGGATCAGTTAAAG-3,20.0,0.0,0.0,0.0,0.0,0.0,1.0
GCCTGACAGCCGCTTT-3,4.0,1.0,0.0,0.0,0.0,0.0,0.0
CTCTCACAGAAGGTGC-3,11.0,0.26017380928088074,,,0.3107460265472086,0.2228172513789396,0.20626291279297101
ATTGGTTCACAGAACG-3,9.0,0.25657805136510725,,,0.19608879238864382,0.26842478255731234,0.2789083736889367
TACGCACCATGTCGCG-2,31.0,0.24483511612846504,,,0.34550975661796685,0.2764681959007302,0.13318693135283804
CTCTATGTCGATAACC-2,12.0,0.0,0.0,0.0,0.0,0.0,1.0
GGGAATATCCTAAGAC-3,12.0,1.0,0.0,0.0,0.0,0.0,0.0
ATTACGTCAGGCGATA-2,2.0,0.21079074246169519,0.0,0.0,0.3110256879333526,0.2245883274521365,0.25359524215281576
GAATTTGTCCTTAGGG-1,12.0,0.0,0.0,0.0,1.0,0.0,0.0
TTTCCACCATCAGCAC-3,5.0,0.25007613426230707,,,0.2764713286099489,0.24316603374735998,0.23028650338038426
AACAAGCCAGTAAAGC-1,8.0,0.0,0.0,0.0,1.0,0.0,0.0
GAGTAATAGTGAGAGC-3,32.0,0.23501474983514806,,,0.36169219852304807,0.23220664506324848,0.1710864065785554
AAACCAACAGTTAAAG-1,34.0,0.0,0.0,0.0,1.0,0.0,0.0
GGTAATTGTCACAGAC-2,8.0,0.22347106138460127,0.0,0.0,0.25914442347718897,0.16517053432406306,0.3522139808141467
CCGTTACTCAATCTAG-2,2.0,0.0,0.0,0.0,0.5508575246863168,0.0,0.4491424753136833
GTGTTCCTCCCTGGAA-2,19.0,0.0,0.0,0.0,0.47149735681336075,0.0,0.5285026431866393
AATCAGGAGGAACGCG-3,5.0,0.0,0.0,0.0,0.0,1.0,0.0
AGGCCCAGTTAGTTGG-2,2.0,0.0,0.0,0.0,0.0,0.0,1.0
GATTGCGTCGTTTCCA-2,17.0,0.28041555117654665,,,0.21377517180417943,0.21373583317818393,0.29207344384108996
CTTCACTCAGAGGGAG-1,33.0,0.0,0.0,0.0,0.0,0.0,1.0
GCTATAGGTAGGTGTC-2,26.0,0.0,0.0,0.0,0.0,0.0,1.0
TAGACCAGTTAATGCG-3,9.0,0.0,0.0,0.0,0.0,0.0,1.0
GGAGTGAGTTCAAGCA-2,15.0,0.0,0.0,0.0,1.0,0.0,0.0
CTCCTCACAAACGGGC-3,14.0,0.0,0.0,0.0,0.0,1.0,0.0
TAGCATATCTAATCTC-2,30.0,0.2305508875130836,0.0,0.0,0.30015485066475694,0.2562706347632869,0.21302362705887254
ATTAGCGGTTTAGCGA-2,3.0,0.0,0.0,0.0,1.0,0.0,0.0
GTAAAGCCATTATGCG-3,27.0,0.2659503422898086,,,0.3090767064839525,0.2252336567198111,0.1997392945064278
CTAAAGCTCAGGAACA-2,19.0,0.28880190709864184,,,0.19477936981053914,0.2980900086334725,0.21832871445734645
CTATGACAGCTGAGGG-3,21.0,0.36496857686394185,0.0,0.0,0.2425919314203312,0.14718681699163197,0.24525267472409484
CGCAATAGTTATCCGT-2,15.0,1.0,0.0,0.0,0.0,0.0,0.0
GAGTTACTCCGGGACT-1,25.0,0.0,0.0,0.0,1.0,0.0,0.0
GCCTACTTCCTAAGTA-2,14.0,0.25490642483705084,,,0.203860627012991,0.27543380527416844,0.2657991428757897
GCCATTACAACAGGTG-2,7.0,1.0,0.0,0.0,0.0,0.0,0.0
ATGAAGCCACAATACT-2,5.0,0.34563403518185115,0.0,0.0,0.0,0.33608347998177696,0.31828248483637184
GAAAGGCTCGCACAAT-1,18.0,0.0,0.0,0.0,1.0,0.0,0.0
CTCACAACATATAACC-2,17.0,0.0,0.0,0.0,0.4226070116481075,0.0,0.5773929883518925
CTGCAATAGCACGTTG-3,30.0,0.2305508875130836,,,0.30015485066475694,0.2562706347632869,0.21302362705887254
TAGCTAGGTTCAAGAT-3,9.0,1.0,0.0,0.0,0.0,0.0,0.0
AGGTAACCAGCGCTTG-3,9.0,0.25657805136510725,,,0.19608879238864382,0.26842478255731234,0.2789083736889367
CCTATAGCATCGCTCC-1,9.0,0.0,0.0,0.0,1.0,0.0,0.0
GATAACGAGTAACGGA-1,15.0,0.0,0.0,0.0,1.0,0.0,0.0
GTTAGACTCATGACCG-3,14.0,1.0,0.0,0.0,0.0,0.0,0.0
GTCAAACTCTCACATT-2,31.0,1.0,0.0,0.0,0.0,0.0,0.0
AACTCACAGGAGTCTT-2,1.0,0.0,0.0,0.0,1.0,0.0,0.0
CGCTTACTCCAGGAAA-3,10.0,0.26490417044114983,,,0.1425309127782741,0.3402195170606928,0.2523453997198832
GAGGCTACACGAACAG-2,9.0,0.0,0.0,0.0,1.0,0.0,0.0
CTTCAAGCATTGCGAC-3,15.0,1.0,0.0,0.0,0.0,0.0,0.0
TTGGCTGAGCTTACTT-3,14.0,0.0,0.0,0.0,0.0,1.0,0.0
CGAATATGTTTATCTG-3,4.0,0.2789549502429366,,,0.1885732419812842,0.21961014244052887,0.31286166533525034
ATTAGCTCACGAATCC-1,2.0,0.0,0.0,0.0,1.0,0.0,0.0
GGTAAACCAGCCGCTA-2,37.0,0.0,0.0,0.0,0.0,0.0,1.0
GTGCTTCTCATCCACC-2,28.0,0.24355764626440804,0.0,0.0,0.2713230524219713,0.21916108471229478,0.2659582166013259
ATGTCAATCGTTACAA-3,1.0,0.2431277739439729,,,0.27520525106868904,0.22514867316661977,0.2565183018207184
AAGGATCCACCTGTAA-2,33.0,0.25254537146409556,0.0,0.0,0.23028304051452006,0.2665285948922042,0.25064299312918015
GTTCATTTCAGTGAAG-2,10.0,0.0,0.0,0.0,0.0,0.0,1.0
TGCATTAAGCCTTAAA-1,17.0,0.0,0.0,0.0,1.0,0.0,0.0
ACTTGCACAGGTCCTG-1,11.0,0.0,0.0,0.0,1.0,0.0,0.0
AGCCGGTTCCCGCAAA-1,12.0,0.0,0.0,0.0,1.0,0.0,0.0
GCACCTAAGTTCCTCA-3,18.0,0.23638071763888321,,,0.28964209218552694,0.2590708442645409,0.21490634591104896
AACAGGATCTTGAGCG-1,4.0,0.0,0.0,0.0,1.0,0.0,0.0
TCCGCCATCGGGACTC-3,23.0,1.0,0.0,0.0,0.0,0.0,0.0
ATGCGATTCGATAACC-1,15.0,0.0,0.0,0.0,0.0,0.0,1.0
GGTTGCTCACCTATAG-3,22.0,0.22299113408910365,,,0.2286831626631811,0.3006206801642622,0.24770502308345307
CGCTTACTCGGGCCAT-2,24.0,0.0,0.0,0.0,0.0,1.0,0.0
TACAATGTCGGTTACG-1,31.0,0.0,0.0,0.0,1.0,0.0,0.0
GGGTCAACAATAAGCA-1,21.0,0.0,0.0,0.0,1.0,0.0,0.0
GAGGTTAAGGCGCATC-2,24.0,0.21845905187174444,,,0.2480843926368116,0.19755649681913243,0.33590005867231154
GCACATTAGTGCACGC-3,13.0,1.0,0.0,0.0,0.0,0.0,0.0
TGTGATCAGAGCCGCT-2,3.0,0.0,0.0,0.0,1.0,0.0,0.0
CGCAATTAGAGGGACT-2,14.0,0.0,0.0,0.0,0.43406022845275183,0.0,0.5659397715472482
GAAGGCTAGCTTAGCG-2,31.0,0.0,0.0,0.0,1.0,0.0,0.0
TCTAATCTCTTGCTAT-3,2.0,0.21079074246169519,,,0.3110256879333526,0.2245883274521365,0.25359524215281576
TGTGTGAGTTAAGCCA-3,11.0,0.0,0.0,0.0,0.0,1.0,0.0
GCAGGACCAATCATGT-2,8.0,0.0,0.0,0.0,1.0,0.0,0.0
GACCGAACAACTAACT-3,2.0,0.21079074246169519,,,0.3110256879333526,0.2245883274521365,0.25359524215281576
TCATAACCACAACCTA-3,6.0,0.28619740144106137,,,0.20095345838278786,0.28595501190791156,0.2268941282682392
ATTCACTTCATGAAGG-2,26.0,0.0,0.0,0.0,1.0,0.0,0.0
GCTGTAAGTCAAGTGC-3,19.0,0.0,0.0,0.0,0.0,1.0,0.0
TTGGGCCAGTGAGCGG-1,17.0,0.0,0.0,0.0,1.0,0.0,0.0
AGTTATGTCTTTAAGG-1,2.0,0.0,0.0,0.0,1.0,0.0,0.0
ACCCAACCATAGCAGG-2,33.0,0.0,0.0,0.0,1.0,0.0,0.0
GGCTCACAGCCTGAGC-3,6.0,0.28619740144106137,,,0.20095345838278786,0.28595501190791156,0.2268941282682392
CCGTTAACAATATAGG-3,15.0,1.0,0.0,0.0,0.0,0.0,0.0
AATTGGGAGTCCTTCA-1,14.0,0.0,0.0,0.0,1.0,0.0,0.0
TTGGGTTAGACAACAG-1,13.0,0.0,0.0,0.0,1.0,0.0,0.0
GAAGTGATCCCGTTTA-3,29.0,0.0,0.0,0.0,0.0,0.0,1.0
CTTGAACAGGTGTCCA-3,6.0,0.28619740144106137,,,0.20095345838278786,0.28595501190791156,0.2268941282682392
ACTTAGGGTGTTAAAC-2,3.0,0.0,0.0,0.0,0.0,0.0,1.0
TTTGTCTAGACAACGA-3,8.0,0.22347106138460127,,,0.25914442347718897,0.16517053432406306,0.3522139808141467
CCGTTAACAAGGTCCT-2,16.0,0.19281102196304184,0.0,0.0,0.24608965471250854,0.23107341591095565,0.33002590741349397
ATTGCGCCAGGAACCA-3,34.0,0.23141187017972628,,,0.21203187960198364,0.23517958103089368,0.32137666918739655
TTTGCATTCGTGCTTC-3,33.0,0.25254537146409556,0.0,0.0,0.23028304051452006,0.2665285948922042,0.25064299312918015
GACCTTTGTTTAGCGA-3,24.0,0.0,0.0,0.0,0.0,1.0,0.0
AGCGCTCAGGACCTGC-1,1.0,0.0,0.0,0.0,1.0,0.0,0.0
ATTGCAGGTTTAACGG-3,21.0,0.36496857686394185,,,0.2425919314203312,0.14718681699163197,0.24525267472409484
TTTAAGCCAAGGACCA-1,15.0,0.0,0.0,0.0,1.0,0.0,0.0
CCTTCGTAGCGCCTAA-3,13.0,0.2379245460670892,0.0,0.0,0.33034621848395457,0.2084468038321267,0.22328243161682945
CCTGGATCAACCCTCC-3,30.0,1.0,0.0,0.0,0.0,0.0,0.0
AATGCAACATTAAACC-2,3.0,1.0,0.0,0.0,0.0,0.0,0.0
CACAAGCGTCTCAGCC-3,23.0,0.2890753295347951,,,0.21326803108883835,0.2250748294409998,0.2725818099353668
ATGGTCTAGCCTAACG-3,35.0,1.0,0.0,0.0,0.0,0.0,0.0
CGAACCGGTAGCTGCG-3,15.0,0.25404889456095253,,,0.3994002521455771,0.19749238598555172,0.14905846730791872
AACTAGTGTCATTGTC-3,12.0,0.22393288850727908,,,0.21148179656914845,0.3491266157595441,0.21545869916402838
CGCAAATTCTTGCTAT-3,3.0,0.2510908928836586,,,0.23769248350866462,0.29944475183729763,0.2117718717703792
ATTGGTTCAAGCGATG-3,14.0,0.0,0.0,0.0,0.0,1.0,0.0
ACCAGGGAGGCGAATA-3,30.0,0.2305508875130836,,,0.30015485066475694,0.2562706347632869,0.21302362705887254
GGATGGCCACCTATAG-3,19.0,0.28880190709864184,,,0.19477936981053914,0.2980900086334725,0.21832871445734645
ACATTAGTCCCGTTTA-3,29.0,0.31074906515307005,,,0.233016360882147,0.22003051032240445,0.2362040636423785
CCTAATAAGCAGCTCA-2,18.0,0.0,0.0,0.0,1.0,0.0,0.0
TAGCAGGCAATAGTCT-3,27.0,0.0,0.0,0.0,0.0,1.0,0.0
CGCTCCATCTTGGATA-3,11.0,1.0,0.0,0.0,0.0,0.0,0.0
GTAGGTGCACCTCAGG-2,25.0,0.25294349983189635,0.0,0.0,0.22563202807869934,0.20762681900387653,0.31379765308552765
TGTGTGAGTCCCGGAA-2,14.0,0.25490642483705084,0.0,0.0,0.203860627012991,0.27543380527416844,0.2657991428757897
TATCCGGAGTTATCTC-1,15.0,0.0,0.0,0.0,1.0,0.0,0.0
CGCTTAACAGCAGGTA-3,25.0,1.0,0.0,0.0,0.0,0.0,0.0
ACCTTCATCTGCAAGT-1,34.0,0.0,0.0,0.0,1.0,0.0,0.0
GTGCTGGGTTGCAATG-1,11.0,0.0,0.0,0.0,1.0,0.0,0.0
AGTCCTGAGGGTGAGT-2,5.0,0.0,0.0,0.0,0.0,0.0,1.0
CTCCTGAGTAGGATCC-1,2.0,1.0,0.0,0.0,0.0,0.0,0.0
AGTTGTCAGGGACTAA-2,1.0,0.0,0.0,0.0,0.5175720533220929,0.0,0.48242794667790717
ATTCGTTTCAGGAAGC-3,7.0,1.0,0.0,0.0,0.0,0.0,0.0
GCTAGCCAGGTCAAAG-1,4.0,0.0,0.0,0.0,1.0,0.0,0.0
TTTGCGACAGGATTAA-2,5.0,0.25007613426230707,,,0.2764713286099489,0.24316603374735998,0.23028650338038426
TTTGACTTCAGGCTAT-2,3.0,0.2510908928836586,,,0.23769248350866462,0.29944475183729763,0.2117718717703792
TAGTAAGCATGTGGGA-2,5.0,0.25007613426230707,0.0,0.0,0.2764713286099489,0.24316603374735998,0.23028650338038426
TAGGCTAGTTGCCTCA-2,15.0,0.25404889456095253,,,0.3994002521455771,0.19749238598555172,0.14905846730791872
AGCGCTCAGCAGCTAT-3,16.0,1.0,0.0,0.0,0.0,0.0,0.0
GAGTATCTCCTAAATG-1,15.0,0.0,0.0,0.0,1.0,0.0,0.0
CTGCTATGTCTTGCAT-2,15.0,0.0,0.0,0.0,1.0,0.0,0.0
CTTTAGTTCCAGGAAA-3,10.0,1.0,0.0,0.0,0.0,0.0,0.0
TTGAGGCGTAGTTGGC-2,7.0,0.0,0.0,0.0,1.0,0.0,0.0
TTACAGCAGTATCGCG-2,9.0,0.0,0.0,0.0,0.0,0.0,1.0
TAAGCTATCCAACTGG-3,4.0,0.2789549502429366,0.0,0.0,0.1885732419812842,0.21961014244052887,0.31286166533525034
AGTAACCTCATCCTCA-3,23.0,1.0,0.0,0.0,0.0,0.0,0.0
GCGTTTCTCTAGCGTG-2,4.0,0.0,0.0,0.0,0.37606724069221203,0.0,0.623932759307788
GTAGGCGAGCTTAACA-2,8.0,0.22347106138460127,0.0,0.0,0.25914442347718897,0.16517053432406306,0.3522139808141467
TTGTGTGCAGACAAAC-2,37.0,0.0,0.0,0.0,0.0,0.0,1.0
AATGGCGCATTCAGCA-1,31.0,0.0,0.0,0.0,1.0,0.0,0.0
GCGCTTAAGCTCATAA-1,16.0,0.0,0.0,0.0,1.0,0.0,0.0
GTTTATCTCATTAGTG-3,1.0,1.0,0.0,0.0,0.0,0.0,0.0
GTGCTGGGTGATGGCT-1,6.0,0.0,0.0,0.0,1.0,0.0,0.0
CGAATATGTCCAAGAC-3,20.0,0.255116509861887,,,0.11378520411624034,0.3739473542312623,0.25715093179061016
GAAGGCTAGCATTATG-2,28.0,0.0,0.0,0.0,0.0,0.0,1.0
CTAATCCGTGAGACTC-1,26.0,0.0,0.0,0.0,1.0,0.0,0.0
GAGGCTTGTCACACCC-3,2.0,1.0,0.0,0.0,0.0,0.0,0.0
GAGCAAATCGGTCAAT-3,34.0,0.23141187017972628,0.0,0.0,0.21203187960198364,0.23517958103089368,0.32137666918739655
TGTGTTAAGATGGACA-2,6.0,0.28619740144106137,,,0.20095345838278786,0.28595501190791156,0.2268941282682392
TGGTGATTCATCCTCA-3,36.0,0.0,0.0,0.0,0.0,1.0,0.0
TATGACTCAGTAAAGC-2,4.0,0.0,0.0,0.0,0.37606724069221203,0.0,0.623932759307788
CTATGAGGTCATCATC-3,29.0,1.0,0.0,0.0,0.0,0.0,0.0
TGATCGAGTAGGATTT-3,4.0,0.2789549502429366,,,0.1885732419812842,0.21961014244052887,0.31286166533525034
GTCCATTGTAATTAGC-2,25.0,1.0,0.0,0.0,0.0,0.0,0.0
CCAGACTCATTATGGT-2,5.0,0.0,0.0,0.0,1.0,0.0,0.0
ACGCTTGAGCTATTGA-2,14.0,0.0,0.0,0.0,0.0,0.0,1.0
GTCATCACACCAAAGG-1,9.0,0.0,0.0,0.0,1.0,0.0,0.0
ACAAAGGTCCATAATG-2,12.0,1.0,0.0,0.0,0.0,0.0,0.0
ACGCCTAAGTTTCCGC-2,30.0,0.0,0.0,0.0,1.0,0.0,0.0
ACCCAACCATGTTGTG-3,1.0,0.2431277739439729,,,0.27520525106868904,0.22514867316661977,0.2565183018207184
CGTACGGGTCATTGTC-3,22.0,0.0,0.0,0.0,0.0,1.0,0.0
CAGCTAAGTGGATGTC-2,34.0,0.0,0.0,0.0,0.0,0.0,1.0
AGAAGGTGTCAAGTAT-1,7.0,0.0,0.0,0.0,1.0,0.0,0.0
ATGCCTGAGGTCTTGG-1,15.0,1.0,0.0,0.0,0.0,0.0,0.0
ATGTCCACACTCAACA-3,22.0,0.0,0.0,0.0,0.0,1.0,0.0
GAACCAAAGGGTGAGT-3,10.0,1.0,0.0,0.0,0.0,0.0,0.0
CACTTTGTCCTTGCGT-3,37.0,1.0,0.0,0.0,0.0,0.0,0.0
AGCACTTAGTAGCGGG-1,8.0,0.0,0.0,0.0,1.0,0.0,0.0
AACTCACAGTGATTCA-3,3.0,0.2510908928836586,,,0.23769248350866462,0.29944475183729763,0.2117718717703792
GACACCGGTTGGCCGA-3,17.0,0.28041555117654665,0.0,0.0,0.21377517180417943,0.21373583317818393,0.29207344384108996
AACCTAATCTTTGAGA-3,33.0,0.25254537146409556,,,0.23028304051452006,0.2665285948922042,0.25064299312918015
CGAACAAAGTTAGACC-3,5.0,0.25007613426230707,,,0.2764713286099489,0.24316603374735998,0.23028650338038426
ACGAATCTCGAGCTAT-1,15.0,0.0,0.0,0.0,1.0,0.0,0.0
ATAGGTACACCATATG-3,25.0,0.25294349983189635,,,0.22563202807869934,0.20762681900387653,0.31379765308552765
GATTAGTGTCCGGTTC-3,5.0,0.0,0.0,0.0,0.0,1.0,0.0
TAATGCATCATGTCAA-2,2.0,0.21079074246169519,,,0.3110256879333526,0.2245883274521365,0.25359524215281576
ATTAACCCAAATGCCC-3,26.0,0.3005755128437196,,,0.19364293997678975,0.3106467509625101,0.19513479621698074
GCAGGCTTCTTTGTAC-3,2.0,0.21079074246169519,,,0.3110256879333526,0.2245883274521365,0.25359524215281576
AAGTTTGTCGTAACGT-1,37.0,0.0,0.0,0.0,0.0,0.0,1.0
CGTTGCGCACCTACTT-2,14.0,0.0,0.0,0.0,0.0,1.0,0.0
AACGACAAGTCATTTC-1,18.0,0.0,0.0,0.0,1.0,0.0,0.0
ACCAATATCGGTACGC-3,38.0,1.0,0.0,0.0,0.0,0.0,0.0
TCCTGTTCACACTAAT-1,4.0,1.0,0.0,0.0,0.0,0.0,0.0
AGAAGGTGTAGTTAAC-3,21.0,0.36496857686394185,,,0.2425919314203312,0.14718681699163197,0.24525267472409484
TGTGTTAAGGTTTACA-3,17.0,0.28041555117654665,,,0.21377517180417943,0.21373583317818393,0.29207344384108996
CATAATGTCAGGAACA-3,10.0,1.0,0.0,0.0,0.0,0.0,0.0
ACACTTGCACCCTCAC-3,15.0,0.25404889456095253,,,0.3994002521455771,0.19749238598555172,0.14905846730791872
TGTGCGGGTGTGAGAG-3,31.0,0.24483511612846504,,,0.34550975661796685,0.2764681959007302,0.13318693135283804
CTTTAGTTCATGCGTG-3,10.0,0.26490417044114983,,,0.1425309127782741,0.3402195170606928,0.2523453997198832
GTTGGAGCATGTCAAT-2,4.0,0.0,0.0,0.0,1.0,0.0,0.0
TACCGAAGTTGCAATG-2,10.0,0.0,0.0,0.0,1.0,0.0,0.0
CTAATGTCATGCAACC-2,31.0,1.0,0.0,0.0,0.0,0.0,0.0
CAATCTAAGGACCTGC-2,15.0,1.0,0.0,0.0,0.0,0.0,0.0
TCAGGTCCATTGCGTA-3,9.0,0.25657805136510725,,,0.19608879238864382,0.26842478255731234,0.2789083736889367
CTCACAACAACTAACT-3,15.0,0.25404889456095253,,,0.3994002521455771,0.19749238598555172,0.14905846730791872
GTACTTAAGCATTATG-1,33.0,0.0,0.0,0.0,1.0,0.0,0.0
AAGAATCAGTGTTGCG-2,30.0,0.0,0.0,0.0,0.0,0.0,1.0
TTCATTCAGTGTTGTA-3,1.0,0.2431277739439729,,,0.27520525106868904,0.22514867316661977,0.2565183018207184
GAGGCTTGTGATCATG-3,1.0,0.2431277739439729,,,0.27520525106868904,0.22514867316661977,0.2565183018207184
GAGCTAGCAGGCGATA-1,15.0,0.0,0.0,0.0,1.0,0.0,0.0
TTTGTCTAGTAAACCC-2,23.0,0.0,0.0,0.0,0.4389587339151013,0.0,0.5610412660848987
CAATGACTCATGTTTC-2,29.0,0.0,0.0,0.0,0.0,0.0,1.0
CACAATATCCATAATG-1,5.0,0.0,0.0,0.0,1.0,0.0,0.0
AGTCAGGCACCAACCG-3,16.0,0.0,0.0,0.0,0.0,1.0,0.0
GGTTGGTGTGCGCATG-2,12.0,0.22393288850727908,0.0,0.0,0.21148179656914845,0.3491266157595441,0.21545869916402838
CCTAAGCCAATTGCGC-1,4.0,0.0,0.0,0.0,1.0,0.0,0.0
CCCAAACCACAAACTT-3,19.0,0.28880190709864184,,,0.19477936981053914,0.2980900086334725,0.21832871445734645
GAAGTATAGGTTTGAC-1,15.0,1.0,0.0,0.0,0.0,0.0,0.0
CGACTAAGTGACATGC-2,22.0,0.0,0.0,0.0,0.0,1.0,0.0
GCAATCTAGTATTGGC-2,10.0,0.0,0.0,0.0,0.0,0.0,1.0
ACACCTTGTCAACAAT-2,16.0,0.19281102196304184,,,0.24608965471250854,0.23107341591095565,0.33002590741349397
ACCAAGCGTGGTTCTT-2,14.0,0.25490642483705084,0.0,0.0,0.203860627012991,0.27543380527416844,0.2657991428757897
GGTTACCCACAAAGGT-2,11.0,0.26017380928088074,0.0,0.0,0.3107460265472086,0.2228172513789396,0.20626291279297101
ATAGGTACAAAGGTAC-2,20.0,0.255116509861887,0.0,0.0,0.11378520411624034,0.3739473542312623,0.25715093179061016
TCCTCTAAGTTGGCCA-1,12.0,0.0,0.0,0.0,1.0,0.0,0.0
CTTTATGGTACAAAGA-2,4.0,1.0,0.0,0.0,0.0,0.0,0.0
TTAAGTGTCCCGCATT-2,5.0,1.0,0.0,0.0,0.0,0.0,0.0
GCTAGCTCATATAACC-3,16.0,1.0,0.0,0.0,0.0,0.0,0.0
ACCAATATCTAATTGG-1,26.0,0.0,0.0,0.0,1.0,0.0,0.0
AATTAGGCAGGATGGC-1,19.0,0.0,0.0,0.0,1.0,0.0,0.0
ACCAAACTCACTCGCT-3,2.0,1.0,0.0,0.0,0.0,0.0,0.0
AAAGCACCAATGAATG-3,21.0,1.0,0.0,0.0,0.0,0.0,0.0
GGTCTTTGTTCGGGAT-2,17.0,1.0,0.0,0.0,0.0,0.0,0.0
AAAGGAGCAGGCTAGA-3,21.0,0.36496857686394185,,,0.2425919314203312,0.14718681699163197,0.24525267472409484
TAGTAACGTCAAGTGC-3,15.0,0.25404889456095253,,,0.3994002521455771,0.19749238598555172,0.14905846730791872
TAGCTTGCAATATACC-3,3.0,0.2510908928836586,0.0,0.0,0.23769248350866462,0.29944475183729763,0.2117718717703792
GACGCCTAGCACCACA-2,6.0,1.0,0.0,0.0,0.0,0.0,0.0
TTAGACTCAATTTAGC-2,8.0,0.0,0.0,0.0,1.0,0.0,0.0
TTAAGGTGTTACAACG-1,17.0,0.0,0.0,0.0,1.0,0.0,0.0
GACCTGCAGGTTAGCT-2,15.0,0.0,0.0,0.0,1.0,0.0,0.0
GGTCAGGAGTAGGCGG-3,9.0,0.0,0.0,0.0,0.0,1.0,0.0
TGTGCTGAGTCCTTCA-1,11.0,0.0,0.0,0.0,1.0,0.0,0.0
TCGTTAAAGTTATGTG-2,38.0,0.19027885726034566,,,0.23574107619489226,0.2789089395946002,0.2950711269501618
CTTTGTCCATCGTTCT-1,11.0,0.0,0.0,0.0,1.0,0.0,0.0
AGAATCGAGGACTTAC-3,38.0,0.19027885726034566,,,0.23574107619489226,0.2789089395946002,0.2950711269501618
TGTTGTGCATAATCCG-3,9.0,0.25657805136510725,,,0.19608879238864382,0.26842478255731234,0.2789083736889367
TCCGGTAAGTTTCCGC-1,12.0,0.0,0.0,0.0,1.0,0.0,0.0
ATTCCGGAGCTGTAAC-3,12.0,1.0,0.0,0.0,0.0,0.0,0.0
CCATCACTCACATTGA-3,21.0,1.0,0.0,0.0,0.0,0.0,0.0
ATCCCGCGTCACAAAT-2,14.0,0.0,0.0,0.0,1.0,0.0,0.0
TTAGGCCCATGGCCCA-1,4.0,0.0,0.0,0.0,1.0,0.0,0.0
GCCTATTGTTCTTTAG-3,19.0,1.0,0.0,0.0,0.0,0.0,0.0
CGCATGATCTAGCGTG-3,11.0,0.26017380928088074,,,0.3107460265472086,0.2228172513789396,0.20626291279297101
CTTGAATCATCAATCG-3,19.0,1.0,0.0,0.0,0.0,0.0,0.0
TTTAGGATCCCTCAGT-2,23.0,1.0,0.0,0.0,0.0,0.0,0.0
ACAGGATCACTTCATC-1,37.0,0.0,0.0,0.0,1.0,0.0,0.0
GGCATTAGTTAGCAGC-1,22.0,0.0,0.0,0.0,1.0,0.0,0.0
GCAATATGTACCGTTT-3,15.0,0.25404889456095253,,,0.3994002521455771,0.19749238598555172,0.14905846730791872
CAATGTGGTAGTTAAC-1,5.0,0.0,0.0,0.0,1.0,0.0,0.0
CGCAATCCATATTGAC-3,11.0,0.26017380928088074,,,0.3107460265472086,0.2228172513789396,0.20626291279297101
TTCCCGCCAGGTCCTG-1,11.0,0.0,0.0,0.0,1.0,0.0,0.0
TTACCTGTCGCTAGTG-2,14.0,0.0,0.0,0.0,1.0,0.0,0.0
TCCATAAAGGCTGTCA-3,28.0,0.24355764626440804,,,0.2713230524219713,0.21916108471229478,0.2659582166013259
ACAGGAATCTGTGAGT-2,33.0,0.0,0.0,0.0,0.0,0.0,1.0
CCTATATTCGCATTAA-2,12.0,0.0,0.0,0.0,0.0,0.0,1.0
GCAACAGCAAGTGTTT-3,31.0,1.0,0.0,0.0,0.0,0.0,0.0
CGTAACTAGGGATGAC-1,16.0,0.0,0.0,0.0,1.0,0.0,0.0
TTAACTGAGTCAATCA-1,1.0,1.0,0.0,0.0,0.0,0.0,0.0
TCTCAATTCCACCTTA-1,3.0,1.0,0.0,0.0,0.0,0.0,0.0
GACACCGGTTACCTGT-2,15.0,0.0,0.0,0.0,1.0,0.0,0.0
GTCGCAATCCTTGAGG-2,16.0,0.0,0.0,0.0,0.0,0.0,1.0
ACACTTAAGCTCCTTA-1,6.0,0.0,0.0,0.0,1.0,0.0,0.0
TGCAATATCAGGCCTA-3,5.0,0.25007613426230707,,,0.2764713286099489,0.24316603374735998,0.23028650338038426
GCCATGATCGTGCCTT-3,22.0,1.0,0.0,0.0,0.0,0.0,0.0
GCTGACCAGTTAACCA-3,1.0,0.2431277739439729,,,0.27520525106868904,0.22514867316661977,0.2565183018207184
TCCTCTAAGGGACCTC-3,18.0,0.23638071763888321,,,0.28964209218552694,0.2590708442645409,0.21490634591104896
GAAGGCCCACCTCACC-3,9.0,1.0,0.0,0.0,0.0,0.0,0.0
CCTTCAGGTCCTTAGT-1,8.0,0.0,0.0,0.0,1.0,0.0,0.0
GACCGTTCATGCTTAG-3,18.0,1.0,0.0,0.0,0.0,0.0,0.0
TGAGAACCAATTAACC-3,14.0,0.25490642483705084,,,0.203860627012991,0.27543380527416844,0.2657991428757897
ATCCGTGAGGCATGTT-2,4.0,0.0,0.0,0.0,0.0,0.0,1.0
AATTAGGCAAATTGCT-1,20.0,0.0,0.0,0.0,1.0,0.0,0.0
TATAACCCACAGGAAT-3,35.0,0.2399263636153897,,,0.17564806529159285,0.22166609309080135,0.362759478002216
GACGTAAAGGATGATG-3,9.0,1.0,0.0,0.0,0.0,0.0,0.0
GGTTTGTAGTGAGCGG-3,4.0,0.2789549502429366,0.0,0.0,0.1885732419812842,0.21961014244052887,0.31286166533525034
TTATTGCTCCTACCTA-2,19.0,0.0,0.0,0.0,1.0,0.0,0.0
ATGTTCAAGCGGTTAT-2,4.0,0.2789549502429366,0.0,0.0,0.1885732419812842,0.21961014244052887,0.31286166533525034
CGATATTCAGGCATGA-3,14.0,0.0,0.0,0.0,0.0,1.0,0.0
ACTCACCTCGGGACCT-3,1.0,0.0,0.0,0.0,0.0,1.0,0.0
TGCTTGCTCTGGTCCT-2,11.0,0.0,0.0,0.0,0.6010457516339869,0.0,0.39895424836601306
ATGACCAGTGTGAGAG-2,38.0,0.19027885726034566,,,0.23574107619489226,0.2789089395946002,0.2950711269501618
TCGTTATTCCGGCTAA-3,12.0,0.0,0.0,0.0,0.0,1.0,0.0
ATTCCTAGTGCGCATG-1,27.0,0.0,0.0,0.0,1.0,0.0,0.0
AAAGCACCATCCATCT-3,9.0,0.25657805136510725,,,0.19608879238864382,0.26842478255731234,0.2789083736889367
GGTAGGAGTTGGTGAC-2,14.0,1.0,0.0,0.0,0.0,0.0,0.0
ATAACGACAGCCTGCA-3,5.0,0.25007613426230707,0.0,0.0,0.2764713286099489,0.24316603374735998,0.23028650338038426
ATTGGTTCAACACCTA-2,38.0,0.19027885726034566,,,0.23574107619489226,0.2789089395946002,0.2950711269501618
TAGTTGTCAACCGCCA-3,12.0,0.22393288850727908,,,0.21148179656914845,0.3491266157595441,0.21545869916402838
CTTGAATCAGATAGAC-2,4.0,0.0,0.0,0.0,1.0,0.0,0.0
TCCATCATCGCAGGCT-1,13.0,0.0,0.0,0.0,1.0,0.0,0.0
GCCTTTATCATAGACC-3,2.0,0.21079074246169519,,,0.3110256879333526,0.2245883274521365,0.25359524215281576
GTATGTTCATCTAGCA-1,7.0,0.0,0.0,0.0,1.0,0.0,0.0
AGGCTAAAGCAAACCT-3,5.0,0.25007613426230707,,,0.2764713286099489,0.24316603374735998,0.23028650338038426
CGAAGTAAGTGGACAA-3,15.0,0.25404889456095253,0.0,0.0,0.3994002521455771,0.19749238598555172,0.14905846730791872
TATGCATCAAGGTATA-3,3.0,1.0,0.0,0.0,0.0,0.0,0.0
GGTAAACCAACTAACT-3,21.0,0.36496857686394185,,,0.2425919314203312,0.14718681699163197,0.24525267472409484
TCACTGACAATAATCC-2,19.0,0.0,0.0,0.0,0.0,0.0,1.0
AGTGCACGTTTATTCG-2,29.0,1.0,0.0,0.0,0.0,0.0,0.0
CAGGGCTTCCGTTATT-2,1.0,0.0,0.0,0.0,1.0,0.0,0.0
AGCGGACCACATTAAC-1,13.0,0.0,0.0,0.0,1.0,0.0,0.0
GTCGGTTCAACCTGGT-2,35.0,1.0,0.0,0.0,0.0,0.0,0.0
ATGTCAATCTCCTCTT-3,4.0,0.2789549502429366,0.0,0.0,0.1885732419812842,0.21961014244052887,0.31286166533525034
TCCATAAAGATGGACA-3,24.0,0.0,0.0,0.0,0.0,1.0,0.0
GACCTAAGTACCCACC-2,36.0,1.0,0.0,0.0,0.0,0.0,0.0
CTTGAATCAACAGGAT-2,9.0,0.25657805136510725,0.0,0.0,0.19608879238864382,0.26842478255731234,0.2789083736889367
ACATTAGTCATGGCCA-1,13.0,0.0,0.0,0.0,1.0,0.0,0.0
AATGCAACAGTATGTT-3,19.0,0.28880190709864184,,,0.19477936981053914,0.2980900086334725,0.21832871445734645
TGGCGGTTCGTTACAA-3,6.0,1.0,0.0,0.0,0.0,0.0,0.0
AGTCAGGCACCTCACC-2,9.0,0.0,0.0,0.0,1.0,0.0,0.0
CAGCTCAAGGTTAGAG-3,29.0,0.31074906515307005,,,0.233016360882147,0.22003051032240445,0.2362040636423785
GAGTATCTCCTCACAC-3,8.0,0.22347106138460127,,,0.25914442347718897,0.16517053432406306,0.3522139808141467
CGGACCTAGCCTGAGC-2,29.0,1.0,0.0,0.0,0.0,0.0,0.0
GAGTAATAGCCTGTGA-3,27.0,1.0,0.0,0.0,0.0,0.0,0.0
CTTTGAGCATTAGGTT-1,13.0,0.0,0.0,0.0,1.0,0.0,0.0
GTTTGTAAGACTTATG-2,22.0,1.0,0.0,0.0,0.0,0.0,0.0
AAGAACAGTTGCACAA-2,15.0,0.0,0.0,0.0,1.0,0.0,0.0
TTTCATCAGGTCCAAT-3,3.0,0.2510908928836586,,,0.23769248350866462,0.29944475183729763,0.2117718717703792
AGTCGCATCCGCCAAA-2,25.0,0.0,0.0,0.0,0.4182788525683789,0.0,0.5817211474316211
GGGTTATTCTTGAGCG-3,36.0,1.0,0.0,0.0,0.0,0.0,0.0
GAACCAAAGCAGGCCT-3,24.0,0.0,0.0,0.0,0.0,1.0,0.0
CGGATTAGTATGGTGC-2,2.0,0.21079074246169519,,,0.3110256879333526,0.2245883274521365,0.25359524215281576
AGTAGCTTCGTTAGTA-1,23.0,0.0,0.0,0.0,1.0,0.0,0.0
CGGTTCCGTTAGCAGC-2,4.0,0.0,0.0,0.0,0.37606724069221203,0.0,0.623932759307788
GGACGGATCATGTCAA-3,31.0,0.24483511612846504,,,0.34550975661796685,0.2764681959007302,0.13318693135283804
TTGATGTCACAACCTA-3,14.0,0.0,0.0,0.0,0.0,1.0,0.0
GCTGATCCAGCATGGA-3,24.0,0.0,0.0,0.0,0.0,1.0,0.0
GGTAGGAGTTTCCTCC-2,14.0,0.0,0.0,0.0,0.0,1.0,0.0
AGACTATGTGGCTTCC-1,36.0,0.0,0.0,0.0,1.0,0.0,0.0
TCCATATTCTACCTGC-2,22.0,1.0,0.0,0.0,0.0,0.0,0.0
ACGTACCCAGTAGCCT-1,10.0,0.0,0.0,0.0,1.0,0.0,0.0
ATGGCCCAGAAGCTAG-3,25.0,0.25294349983189635,,,0.22563202807869934,0.20762681900387653,0.31379765308552765
TTTGTGTTCTCAATTC-3,2.0,0.21079074246169519,,,0.3110256879333526,0.2245883274521365,0.25359524215281576
TTTGTGGCACACCAAC-3,18.0,0.23638071763888321,,,0.28964209218552694,0.2590708442645409,0.21490634591104896
GCTTTACGTAAATTGC-3,11.0,1.0,0.0,0.0,0.0,0.0,0.0
TGTTGTTTCAGTGAAG-3,33.0,1.0,0.0,0.0,0.0,0.0,0.0
GCAATGTTCTGTTCAT-3,21.0,0.36496857686394185,,,0.2425919314203312,0.14718681699163197,0.24525267472409484
AATAACCGTAACGAGG-1,6.0,0.0,0.0,0.0,1.0,0.0,0.0
GAGGAGGCATAGACTT-3,19.0,1.0,0.0,0.0,0.0,0.0,0.0
CGTGAGGAGGAGTCGG-3,19.0,1.0,0.0,0.0,0.0,0.0,0.0
GTGTAACTCGTTAAGC-1,15.0,1.0,0.0,0.0,0.0,0.0,0.0
GAGTTACTCCGGTATG-1,16.0,0.0,0.0,0.0,1.0,0.0,0.0
CAACAATGTCCTAATC-2,33.0,0.25254537146409556,0.0,0.0,0.23028304051452006,0.2665285948922042,0.25064299312918015
AATCATGTCATGGCTG-3,24.0,1.0,0.0,0.0,0.0,0.0,0.0
AAGCGAGGTTTGACCT-3,32.0,0.36818404740057686,0.0,0.0,0.0,0.3637847516918263,0.26803120090759697
AACTAGTGTGCTGGTG-3,33.0,0.25254537146409556,,,0.23028304051452006,0.2665285948922042,0.25064299312918015
CCTTGTTCAATCTCTC-2,11.0,1.0,0.0,0.0,0.0,0.0,0.0
GCGATTTAGCTAAAGG-2,25.0,0.0,0.0,0.0,1.0,0.0,0.0
CAAGGGAGTGCATCGG-2,1.0,0.0,0.0,0.0,0.5175720533220929,0.0,0.48242794667790717
CGATTTGCACTAAGAA-2,15.0,0.0,0.0,0.0,1.0,0.0,0.0
GGTGATTTCTGTAATG-3,11.0,0.26017380928088074,,,0.3107460265472086,0.2228172513789396,0.20626291279297101
AATCATCCATGGCCCA-1,9.0,0.0,0.0,0.0,0.0,0.0,1.0
AATGCATGTTCCATTA-3,13.0,0.2379245460670892,,,0.33034621848395457,0.2084468038321267,0.22328243161682945
GACACCGGTTTAGCTC-2,30.0,0.0,0.0,0.0,0.0,0.0,1.0
CCGTTATGTTTCCGGC-1,15.0,1.0,0.0,0.0,0.0,0.0,0.0
AGTGTTTCAGTATGTT-1,7.0,0.0,0.0,0.0,1.0,0.0,0.0
GCCTCAAAGGCATTAC-2,18.0,0.23638071763888321,0.0,0.0,0.28964209218552694,0.2590708442645409,0.21490634591104896
TCTTGTCCAGGCCAAA-1,14.0,0.0,0.0,0.0,1.0,0.0,0.0
TTCCTTGAGGCATTAC-3,17.0,0.0,0.0,0.0,0.0,1.0,0.0
GTTCCCAGTGATGAAA-1,13.0,0.0,0.0,0.0,1.0,0.0,0.0
CAAAGTGAGTCACTAA-1,12.0,0.0,0.0,0.0,1.0,0.0,0.0
TACTTCGTCCCGAACA-3,30.0,1.0,0.0,0.0,0.0,0.0,0.0
AAACGGATCATCACTT-1,24.0,0.0,0.0,0.0,1.0,0.0,0.0
AGAATCGAGCTCAAAC-2,10.0,0.26490417044114983,,,0.1425309127782741,0.3402195170606928,0.2523453997198832
CTAGCTTGTGAAGCCT-3,9.0,0.25657805136510725,,,0.19608879238864382,0.26842478255731234,0.2789083736889367
ACGTCCTTCACCATTT-3,18.0,0.23638071763888321,,,0.28964209218552694,0.2590708442645409,0.21490634591104896
ATGAAGCCAGGCTTCG-2,25.0,0.0,0.0,0.0,1.0,0.0,0.0
CACTAAGGTGTGTGGT-2,14.0,0.0,0.0,0.0,0.0,0.0,1.0
CATAGTCAGGCGGATG-3,15.0,1.0,0.0,0.0,0.0,0.0,0.0
GTGCACGGTGCGCAAT-2,5.0,0.0,0.0,0.0,0.0,1.0,0.0
GTAATAGCACAATGTT-2,8.0,1.0,0.0,0.0,0.0,0.0,0.0
TTAAGGACAGTCTAGC-3,7.0,0.23707317196827163,,,0.3805360488007793,0.2041805565917011,0.17821022263924788
TTAGGAACAGGAACTG-3,1.0,0.2431277739439729,,,0.27520525106868904,0.22514867316661977,0.2565183018207184
GCCCGTTGTTGGCCGA-3,9.0,1.0,0.0,0.0,0.0,0.0,0.0
TCGTTACGTTGCGGAT-3,29.0,0.31074906515307005,,,0.233016360882147,0.22003051032240445,0.2362040636423785
GAGCAAATCCCTTGCG-3,30.0,1.0,0.0,0.0,0.0,0.0,0.0
GGATACTTCCCGTTAC-2,6.0,0.3581736313654754,0.0,0.0,0.0,0.3578702829113801,0.28395608572314446
GTCATGAGTCCAAATG-2,4.0,0.34378327740148595,0.0,0.0,0.0,0.2706469071549443,0.3855698154435696
GGTGAGTAGCACGATT-2,11.0,0.0,0.0,0.0,0.0,0.0,1.0
CTGCTACTCATTTAGG-2,10.0,0.0,0.0,0.0,1.0,0.0,0.0
CATTCATTCCATAATG-3,4.0,1.0,0.0,0.0,0.0,0.0,0.0
CGATCCTTCCGCTAGA-2,24.0,1.0,0.0,0.0,0.0,0.0,0.0
ATGTCCACAACAACAA-2,24.0,0.0,0.0,0.0,0.0,0.0,1.0
TGTTACTTCAATCATG-2,17.0,0.28041555117654665,0.0,0.0,0.21377517180417943,0.21373583317818393,0.29207344384108996
AAGAATCAGCTAATTG-3,33.0,0.25254537146409556,,,0.23028304051452006,0.2665285948922042,0.25064299312918015
TACCCGGCAGCAACCT-2,24.0,0.0,0.0,0.0,1.0,0.0,0.0
TTAGGCCCAAGTGTTT-2,6.0,0.3581736313654754,0.0,0.0,0.0,0.3578702829113801,0.28395608572314446
CGCTTAACAAATGCCC-3,2.0,0.21079074246169519,,,0.3110256879333526,0.2245883274521365,0.25359524215281576
CTATGACAGTAAGTCC-3,31.0,0.24483511612846504,,,0.34550975661796685,0.2764681959007302,0.13318693135283804
GCAAACAAGTTATCTC-3,33.0,0.25254537146409556,,,0.23028304051452006,0.2665285948922042,0.25064299312918015
GTGCGCAGTTCAAGAT-2,12.0,0.22393288850727908,,,0.21148179656914845,0.3491266157595441,0.21545869916402838
CTCACACTCCTCATGC-3,15.0,0.25404889456095253,0.0,0.0,0.3994002521455771,0.19749238598555172,0.14905846730791872
GCAATCTAGGAAGCTA-3,4.0,1.0,0.0,0.0,0.0,0.0,0.0
AATTGGGAGATGCCTG-3,9.0,1.0,0.0,0.0,0.0,0.0,0.0
TGTAAAGCAGCATGAG-3,9.0,0.25657805136510725,,,0.19608879238864382,0.26842478255731234,0.2789083736889367
GAGTTACTCCTAGTTT-2,3.0,0.2510908928836586,0.0,0.0,0.23769248350866462,0.29944475183729763,0.2117718717703792
TGAAGTGAGCTGTCAG-1,8.0,0.0,0.0,0.0,1.0,0.0,0.0
CTCTCACAGGGTTATC-2,19.0,0.0,0.0,0.0,0.0,0.0,1.0
CAAGAACCACGTTACA-1,31.0,0.0,0.0,0.0,1.0,0.0,0.0
CTACTAAAGCGGATTT-2,23.0,0.0,0.0,0.0,1.0,0.0,0.0
GACCGTTCAAGGACCA-2,34.0,0.0,0.0,0.0,0.0,0.0,1.0
GAGGCAAGTTGAGGTC-1,9.0,0.0,0.0,0.0,1.0,0.0,0.0
GCATTAGGTTGGTGAC-3,22.0,1.0,0.0,0.0,0.0,0.0,0.0
TTCGGTACATAGGCGA-2,37.0,0.0,0.0,0.0,0.0,0.0,1.0
TTGCAATCACATGCTA-2,15.0,0.0,0.0,0.0,0.0,0.0,1.0
GTAGCGCTCACGCATG-2,4.0,0.0,0.0,0.0,0.37606724069221203,0.0,0.623932759307788
AAGCATGAGATGCCTG-3,11.0,0.26017380928088074,0.0,0.0,0.3107460265472086,0.2228172513789396,0.20626291279297101
TCAAACCAGTTCCCGT-2,2.0,0.0,0.0,0.0,1.0,0.0,0.0
CCTATATTCCTCATCA-3,14.0,1.0,0.0,0.0,0.0,0.0,0.0
TTAACTGAGTTTAACG-2,9.0,0.0,0.0,0.0,1.0,0.0,0.0
TACCTCATCATGCTAA-2,1.0,0.0,0.0,0.0,1.0,0.0,0.0
GTCTAATCACCCTCAC-1,21.0,0.0,0.0,0.0,1.0,0.0,0.0
AAACATGCAGCATGAG-2,28.0,1.0,0.0,0.0,0.0,0.0,0.0
GTAATAGCATGGCCTG-3,5.0,1.0,0.0,0.0,0.0,0.0,0.0
TGTGGCCAGGGACTAA-3,3.0,0.32938268015426625,0.0,0.0,0.0,0.3928135894757391,0.2778037303699947
GAGCTTAGTATTGTCC-3,27.0,0.2659503422898086,,,0.3090767064839525,0.2252336567198111,0.1997392945064278
GAACACAAGGTGTCCA-3,2.0,0.21079074246169519,0.0,0.0,0.3110256879333526,0.2245883274521365,0.25359524215281576
CATCGCTTCAAGTGTC-3,9.0,0.25657805136510725,,,0.19608879238864382,0.26842478255731234,0.2789083736889367
CCAACATAGTGAGAGC-3,28.0,0.24355764626440804,,,0.2713230524219713,0.21916108471229478,0.2659582166013259
TCTAACCGTGCGCATG-3,12.0,0.22393288850727908,0.0,0.0,0.21148179656914845,0.3491266157595441,0.21545869916402838
CGGTAACGTTGTAAAC-1,27.0,0.0,0.0,0.0,1.0,0.0,0.0
TGGACAAAGGATCACT-2,6.0,0.28619740144106137,0.0,0.0,0.20095345838278786,0.28595501190791156,0.2268941282682392
CATTGCGAGACAGGTA-3,21.0,1.0,0.0,0.0,0.0,0.0,0.0
TACCTTTAGGCATGAA-1,18.0,0.0,0.0,0.0,1.0,0.0,0.0
GAGAACCAGTTCCCGT-1,16.0,0.0,0.0,0.0,1.0,0.0,0.0
CCGTTATGTTAGCTGA-1,15.0,0.0,0.0,0.0,0.0,0.0,1.0
ATTTGCAAGAAAGGAA-1,33.0,0.0,0.0,0.0,0.0,0.0,1.0
CAGAATCTCTGTAAGC-2,23.0,0.2890753295347951,0.0,0.0,0.21326803108883835,0.2250748294409998,0.2725818099353668
CAGGTTAGTTCAAGCA-2,21.0,0.0,0.0,0.0,0.0,0.0,1.0
TCAGCGATCAGCACGC-3,17.0,1.0,0.0,0.0,0.0,0.0,0.0
ATTAACCCAGAGGGAG-3,34.0,0.23141187017972628,,,0.21203187960198364,0.23517958103089368,0.32137666918739655
TGGATTCAGGTCATTA-3,7.0,0.23707317196827163,,,0.3805360488007793,0.2041805565917011,0.17821022263924788
TTGTCCCAGTGAGCGG-3,11.0,0.0,0.0,0.0,0.0,0.0,1.0
ATGGACAAGTTAGACC-3,25.0,0.25294349983189635,,,0.22563202807869934,0.20762681900387653,0.31379765308552765
GGTGAGTAGCGGATTT-3,18.0,0.23638071763888321,,,0.28964209218552694,0.2590708442645409,0.21490634591104896
ATCATGTCAGTATGTT-1,24.0,0.0,0.0,0.0,1.0,0.0,0.0
TGCTTGTGTTTGGGCG-1,3.0,0.0,0.0,0.0,1.0,0.0,0.0
ATGTAACGTTCACTGT-3,8.0,0.22347106138460127,,,0.25914442347718897,0.16517053432406306,0.3522139808141467
TGGACCGGTGGGTACT-1,9.0,0.0,0.0,0.0,1.0,0.0,0.0
GGTAATTGTTAGAGGG-3,6.0,1.0,0.0,0.0,0.0,0.0,0.0
TCCGGAATCGCGCTAA-3,4.0,1.0,0.0,0.0,0.0,0.0,0.0
GGCTAGTGTAATGACT-3,19.0,0.28880190709864184,,,0.19477936981053914,0.2980900086334725,0.21832871445734645
CAGCAAGCAAGGAATC-3,20.0,1.0,0.0,0.0,0.0,0.0,0.0
TGCGATTAGTGTTGCG-3,20.0,1.0,0.0,0.0,0.0,0.0,0.0
CTCCGTCCATTGTGCA-3,6.0,0.28619740144106137,0.0,0.0,0.20095345838278786,0.28595501190791156,0.2268941282682392
AGACAATAGCATGCAT-1,30.0,0.0,0.0,0.0,1.0,0.0,0.0
CAACCCTTCATTTGCT-3,23.0,1.0,0.0,0.0,0.0,0.0,0.0
ATTAGCGGTGTCCAAA-2,36.0,0.0,0.0,0.0,0.0,1.0,0.0
CAATAAGCATAAGTCT-2,6.0,0.0,0.0,0.0,0.46968468364108146,0.0,0.5303153163589185
AAACCGCGTAAATTGC-3,2.0,0.21079074246169519,,,0.3110256879333526,0.2245883274521365,0.25359524215281576
TGCTTTAGTGCTGTAA-3,22.0,0.22299113408910365,,,0.2286831626631811,0.3006206801642622,0.24770502308345307
AGCAAGGGTCACTCGC-3,26.0,1.0,0.0,0.0,0.0,0.0,0.0
CTCCTAATCATCCTGC-2,22.0,0.22299113408910365,0.0,0.0,0.2286831626631811,0.3006206801642622,0.24770502308345307
AATAGCTGTTACCGGG-2,38.0,0.19027885726034566,0.0,0.0,0.23574107619489226,0.2789089395946002,0.2950711269501618
GGTTTAATCACAGCCA-1,8.0,0.0,0.0,0.0,1.0,0.0,0.0
TCTATGTTCAAAGGCA-2,11.0,0.0,0.0,0.0,0.6010457516339869,0.0,0.39895424836601306
GCTATTGCACACAATT-1,25.0,0.0,0.0,0.0,1.0,0.0,0.0
TACGCACCATGCATAT-2,26.0,0.0,0.0,0.0,1.0,0.0,0.0
TAGTAAGCACCTGGTG-2,4.0,0.2789549502429366,0.0,0.0,0.1885732419812842,0.21961014244052887,0.31286166533525034
GTAGGCGAGCCGCAAC-1,8.0,1.0,0.0,0.0,0.0,0.0,0.0
ACACTAATCATTGACA-2,8.0,0.22347106138460127,0.0,0.0,0.25914442347718897,0.16517053432406306,0.3522139808141467
AAGGTATAGCCTCTGT-3,2.0,1.0,0.0,0.0,0.0,0.0,0.0
TCTCGCCCACAACCTA-1,31.0,1.0,0.0,0.0,0.0,0.0,0.0
CACCTGTTCGTACCGA-3,4.0,0.2789549502429366,,,0.1885732419812842,0.21961014244052887,0.31286166533525034
TTGCAGCCACAATACT-1,15.0,0.0,0.0,0.0,1.0,0.0,0.0
AAGGATTAGTTAGGCT-3,25.0,1.0,0.0,0.0,0.0,0.0,0.0
TATAGCTCATTAAGTC-2,8.0,0.22347106138460127,,,0.25914442347718897,0.16517053432406306,0.3522139808141467
GGTTCTTGTGACATGC-3,13.0,0.2379245460670892,,,0.33034621848395457,0.2084468038321267,0.22328243161682945
TCCTCTAAGCGTGCGT-1,7.0,0.0,0.0,0.0,1.0,0.0,0.0
ACTTGTAAGGCGGATG-3,11.0,0.26017380928088074,,,0.3107460265472086,0.2228172513789396,0.20626291279297101
GCAAACAAGCTCGCTT-2,31.0,0.24483511612846504,,,0.34550975661796685,0.2764681959007302,0.13318693135283804
CGTTAAATCCAACTGG-2,35.0,0.0,0.0,0.0,0.0,0.0,1.0
TAGGAGGGTGCTGTAA-2,4.0,0.0,0.0,0.0,0.0,1.0,0.0
ACTTACTTCATTTGTC-2,26.0,0.3005755128437196,0.0,0.0,0.19364293997678975,0.3106467509625101,0.19513479621698074
TTTAACGAGCAATAGG-3,19.0,1.0,0.0,0.0,0.0,0.0,0.0
TAAGGCTTCGCACACA-2,4.0,0.0,0.0,0.0,0.0,0.0,1.0
CTGTTCATCCCTGTTA-1,11.0,0.0,0.0,0.0,1.0,0.0,0.0
CCCTTAATCGCTCCAT-2,26.0,0.0,0.0,0.0,1.0,0.0,0.0
CTATTGAAGGCTTAAC-1,15.0,0.0,0.0,0.0,1.0,0.0,0.0
CGTCAATAGTCATGCG-2,20.0,0.0,0.0,0.0,0.0,0.0,1.0
ATCACACAGGCCTTAG-2,37.0,1.0,0.0,0.0,0.0,0.0,0.0
CCCTCACCAAGACTCC-2,18.0,0.23638071763888321,0.0,0.0,0.28964209218552694,0.2590708442645409,0.21490634591104896
GAAGGAACAGCTTACA-3,25.0,1.0,0.0,0.0,0.0,0.0,0.0
CAGGTGGAGCTGCACA-2,7.0,0.0,0.0,0.0,1.0,0.0,0.0
CGTTATCGTAATCGCA-2,7.0,0.23707317196827163,0.0,0.0,0.3805360488007793,0.2041805565917011,0.17821022263924788
TCCATGCTCATGCGTG-1,5.0,0.0,0.0,0.0,0.0,0.0,1.0
GCCAATTAGTTAGCTA-3,4.0,0.2789549502429366,,,0.1885732419812842,0.21961014244052887,0.31286166533525034
AAGGATGTCTATCGCC-3,15.0,0.25404889456095253,0.0,0.0,0.3994002521455771,0.19749238598555172,0.14905846730791872
ACTAACGGTGAGCACT-2,25.0,0.0,0.0,0.0,1.0,0.0,0.0
TCTACCTCACTGGCCA-1,36.0,0.0,0.0,0.0,0.0,0.0,1.0
TTTGTGAAGTAAGTCC-3,1.0,0.2431277739439729,,,0.27520525106868904,0.22514867316661977,0.2565183018207184
CCTTCGTAGGCCAATT-1,37.0,0.0,0.0,0.0,1.0,0.0,0.0
AGGATGCAGAAGGTGC-3,23.0,0.0,0.0,0.0,0.0,1.0,0.0
ACAAAGGTCCTCATCA-1,16.0,0.0,0.0,0.0,1.0,0.0,0.0
GGTCCGTAGGCTGTGC-2,27.0,1.0,0.0,0.0,0.0,0.0,0.0
AGAAAGGCAAGCGAGC-3,31.0,0.24483511612846504,,,0.34550975661796685,0.2764681959007302,0.13318693135283804
AGCTATATCCCTGTTA-3,6.0,0.0,0.0,0.0,0.0,1.0,0.0
ACAGGTAAGGCGAATA-3,26.0,0.3005755128437196,,,0.19364293997678975,0.3106467509625101,0.19513479621698074
CAATGACTCAGGTCCA-1,26.0,1.0,0.0,0.0,0.0,0.0,0.0
ATGAAGTAGTGCACGC-3,12.0,0.22393288850727908,,,0.21148179656914845,0.3491266157595441,0.21545869916402838
TCACTGACAACACTTG-3,17.0,0.0,0.0,0.0,0.0,1.0,0.0
CTATGGCCACTTACAG-2,3.0,0.0,0.0,0.0,0.0,1.0,0.0
ATTGCGCCAGGAACCA-2,35.0,0.0,0.0,0.0,1.0,0.0,0.0
TTGCAGCCAAGGATTA-3,26.0,1.0,0.0,0.0,0.0,0.0,0.0
ACCGAAGCATCAATCG-2,21.0,0.0,0.0,0.0,0.0,0.0,1.0
GCTGACCAGCCATCAG-1,7.0,0.0,0.0,0.0,1.0,0.0,0.0
CTGGTCAAGCCAAATC-1,1.0,1.0,0.0,0.0,0.0,0.0,0.0
AGTGTGGCAAGGTACG-2,6.0,0.0,0.0,0.0,1.0,0.0,0.0
TCCAGGTCAGCAAGAT-1,9.0,0.0,0.0,0.0,1.0,0.0,0.0
TACCTCATCGAAGTAG-1,25.0,0.0,0.0,0.0,1.0,0.0,0.0
TCTATGTTCCTGATTT-3,31.0,0.24483511612846504,,,0.34550975661796685,0.2764681959007302,0.13318693135283804
TTGCAGCCAGCTACGT-3,11.0,0.26017380928088074,,,0.3107460265472086,0.2228172513789396,0.20626291279297101
CTTTGGGAGTTCCCGT-1,7.0,0.0,0.0,0.0,1.0,0.0,0.0
AGTGAACCATCGTTCT-2,15.0,0.0,0.0,0.0,1.0,0.0,0.0
GTTGGCGGTGGATTAT-2,31.0,0.0,0.0,0.0,0.0,0.0,1.0
CGTGACATCAGAAACG-3,5.0,1.0,0.0,0.0,0.0,0.0,0.0
CTAATCCGTACCGAAC-3,3.0,0.0,0.0,0.0,0.0,1.0,0.0
ACAACAGAGTATCGCG-1,15.0,0.0,0.0,0.0,1.0,0.0,0.0
GGTATTGGTCCGCTGT-3,16.0,0.19281102196304184,,,0.24608965471250854,0.23107341591095565,0.33002590741349397
AAACGCGCACCAACCG-2,9.0,0.25657805136510725,,,0.19608879238864382,0.26842478255731234,0.2789083736889367
ACTTCGCTCTAATCTC-1,27.0,0.0,0.0,0.0,1.0,0.0,0.0
ATTGACTCAAATACCT-3,15.0,0.25404889456095253,,,0.3994002521455771,0.19749238598555172,0.14905846730791872
TCGTTACGTCAAGTGC-2,18.0,0.0,0.0,0.0,1.0,0.0,0.0
CGCAATCCAGGTCCTG-1,31.0,0.0,0.0,0.0,1.0,0.0,0.0
CCTTAACGTCCTAAGA-2,5.0,0.25007613426230707,0.0,0.0,0.2764713286099489,0.24316603374735998,0.23028650338038426
GCAGCAACATTGACAT-1,1.0,0.0,0.0,0.0,1.0,0.0,0.0
GCTTCGCGTTTGTGGA-1,27.0,0.0,0.0,0.0,1.0,0.0,0.0
CTGTTCATCCCTCAGT-2,5.0,0.0,0.0,0.0,0.5455689308719414,0.0,0.4544310691280588
GTACTTCGTTGCTGGG-3,21.0,0.36496857686394185,0.0,0.0,0.2425919314203312,0.14718681699163197,0.24525267472409484
CGTAGCGGTCGACTAA-3,30.0,0.0,0.0,0.0,0.0,0.0,1.0
CTATTCAGTGGTTATG-2,15.0,0.0,0.0,0.0,1.0,0.0,0.0
TCACCTGGTTACAAAC-3,5.0,1.0,0.0,0.0,0.0,0.0,0.0
CTAACCCTCGCTTGCT-2,26.0,0.3005755128437196,0.0,0.0,0.19364293997678975,0.3106467509625101,0.19513479621698074
AGTTTGATCCGCCTAT-3,1.0,0.2431277739439729,,,0.27520525106868904,0.22514867316661977,0.2565183018207184
CTGATCACAGGCTTCG-2,9.0,0.0,0.0,0.0,1.0,0.0,0.0
GCAAACTTCAGGGCCT-3,9.0,0.25657805136510725,,,0.19608879238864382,0.26842478255731234,0.2789083736889367
GCTCGATCACAATACT-3,25.0,1.0,0.0,0.0,0.0,0.0,0.0
AATATCCCAGCCGCTA-1,10.0,0.0,0.0,0.0,0.0,0.0,1.0
ATCATCAAGTAAGGGC-3,5.0,0.25007613426230707,0.0,0.0,0.2764713286099489,0.24316603374735998,0.23028650338038426
AAAGCACCACTAGCGT-3,6.0,0.28619740144106137,,,0.20095345838278786,0.28595501190791156,0.2268941282682392
GTATTCAAGTGGCGGA-3,12.0,0.22393288850727908,,,0.21148179656914845,0.3491266157595441,0.21545869916402838
GTGTGTTAGTAGGCGG-3,3.0,1.0,0.0,0.0,0.0,0.0,0.0
GGAGCGATCTGTGCCT-2,26.0,0.3727573400734753,0.0,0.0,0.0,0.38524713971446883,0.2419955202120558
GGTTGCTCAGGCCTTG-2,10.0,0.0,0.0,0.0,0.0,0.0,1.0
CTTACCGGTGAGCGAA-2,8.0,0.22347106138460127,0.0,0.0,0.25914442347718897,0.16517053432406306,0.3522139808141467
GCCACACAGACAAGTG-3,17.0,0.28041555117654665,,,0.21377517180417943,0.21373583317818393,0.29207344384108996
AGCATTTCAACAACAA-2,37.0,1.0,0.0,0.0,0.0,0.0,0.0
TCGATTAAGCAGGCCT-2,19.0,0.0,0.0,0.0,0.0,0.0,1.0
GAAGGATGTTTATCTG-3,2.0,0.0,0.0,0.0,0.0,1.0,0.0
ATGCCTGAGCGAAGTA-2,31.0,0.0,0.0,0.0,1.0,0.0,0.0
GCCTTGCGTAAACAAG-3,23.0,0.0,0.0,0.0,0.0,1.0,0.0
CAGGTTAGTCCGCTGT-2,3.0,0.0,0.0,0.0,1.0,0.0,0.0
TTAGCTGCATTGCGTA-2,8.0,0.0,0.0,0.0,0.0,0.0,1.0
CGCCACACAATAGCCC-1,26.0,0.0,0.0,0.0,1.0,0.0,0.0
CTGAATATCTAATCTC-3,38.0,0.19027885726034566,,,0.23574107619489226,0.2789089395946002,0.2950711269501618
CAGCTATAGCTATTGA-3,23.0,0.2890753295347951,,,0.21326803108883835,0.2250748294409998,0.2725818099353668
GGATAACCATGCAACC-2,18.0,0.3327628439671283,0.0,0.0,0.0,0.3647046670622881,0.30253248897058366
AATTCGTCAAACGCGA-2,9.0,0.0,0.0,0.0,0.0,0.0,1.0
TTTGGCTGTGTTTGAG-1,27.0,0.0,0.0,0.0,0.0,0.0,1.0
ATGCGATTCGGCTATG-3,8.0,1.0,0.0,0.0,0.0,0.0,0.0
CTTCAAGCACTAAGAA-1,2.0,0.0,0.0,0.0,1.0,0.0,0.0
CATAATGTCACTAATG-3,14.0,0.25490642483705084,0.0,0.0,0.203860627012991,0.27543380527416844,0.2657991428757897
ATTCCGGAGCCTGTGA-1,12.0,0.0,0.0,0.0,1.0,0.0,0.0
ATTTGTGAGGAAGCAC-2,6.0,0.28619740144106137,0.0,0.0,0.20095345838278786,0.28595501190791156,0.2268941282682392
CCGATGCAGGTAAGGC-2,23.0,0.0,0.0,0.0,1.0,0.0,0.0
ATTGAAGCATTCCTGT-3,32.0,0.23501474983514806,,,0.36169219852304807,0.23220664506324848,0.1710864065785554
TGTGTGAGTGCGCGTA-2,6.0,0.0,0.0,0.0,0.0,0.0,1.0
TGCACTTGTTGACTTC-2,30.0,0.0,0.0,0.0,1.0,0.0,0.0
GCTAATATCATAATCG-1,2.0,0.0,0.0,0.0,1.0,0.0,0.0
AGTTATGTCGGTCAAT-1,2.0,0.0,0.0,0.0,1.0,0.0,0.0
CCACAATAGATGGACA-1,17.0,0.0,0.0,0.0,1.0,0.0,0.0
ACTCAGTAGCCTGGTA-2,15.0,0.0,0.0,0.0,0.0,1.0,0.0
CATAAGCTCATTACTC-3,2.0,0.21079074246169519,,,0.3110256879333526,0.2245883274521365,0.25359524215281576
GGCAAGCCATCACAGC-3,35.0,0.0,0.0,0.0,0.0,1.0,0.0
CATCCTCAGTAGAGGC-1,37.0,1.0,0.0,0.0,0.0,0.0,0.0
ATGAAGTAGGACTTAC-1,12.0,0.0,0.0,0.0,1.0,0.0,0.0
GGACCGAAGTAACAGG-1,18.0,0.0,0.0,0.0,1.0,0.0,0.0
CGTCCTAGTGGATTCA-3,4.0,0.2789549502429366,,,0.1885732419812842,0.21961014244052887,0.31286166533525034
TGCCTGTTCGCAATCG-2,19.0,0.28880190709864184,0.0,0.0,0.19477936981053914,0.2980900086334725,0.21832871445734645
TGTCAATCACAATTAC-3,10.0,1.0,0.0,0.0,0.0,0.0,0.0
AGTCCTGAGCATTAGC-2,15.0,0.0,0.0,0.0,1.0,0.0,0.0
GCATTGCCAGCAACAG-2,15.0,0.0,0.0,0.0,1.0,0.0,0.0
CATCCTCAGAAGGTGC-1,8.0,0.0,0.0,0.0,1.0,0.0,0.0
TTAAGCCAGCTGGCTA-1,14.0,0.0,0.0,0.0,0.0,0.0,1.0
TACTAAGTCATCAGTA-2,36.0,1.0,0.0,0.0,0.0,0.0,0.0
AGTCGCATCGGTCAAT-1,24.0,0.0,0.0,0.0,1.0,0.0,0.0
TGTTAGCAGGCCTTAG-2,12.0,0.0,0.0,0.0,1.0,0.0,0.0
TGCTCAACACGTGCTG-2,4.0,0.0,0.0,0.0,0.0,0.0,1.0
GTCCTCAGTTGCTGGG-2,28.0,0.0,0.0,0.0,1.0,0.0,0.0
GTTCTTAGTGCTCCGT-2,1.0,0.0,0.0,0.0,1.0,0.0,0.0
GTTACTAAGATGGAGC-2,29.0,1.0,0.0,0.0,0.0,0.0,0.0
GGAGGTTAGCGAGCGA-2,11.0,0.0,0.0,0.0,1.0,0.0,0.0
CCTGCTCCAAGGACCA-1,5.0,0.0,0.0,0.0,1.0,0.0,0.0
TGAGCACGTCGTAAAT-2,21.0,0.36496857686394185,0.0,0.0,0.2425919314203312,0.14718681699163197,0.24525267472409484
CAGCATTAGGCCCAGT-3,10.0,1.0,0.0,0.0,0.0,0.0,0.0
AAGGTCAAGACTATTG-1,12.0,0.0,0.0,0.0,1.0,0.0,0.0
GCGAGTGAGCGATAGA-1,16.0,0.0,0.0,0.0,0.0,0.0,1.0
ACAACACTCCTCAGTC-3,15.0,0.25404889456095253,,,0.3994002521455771,0.19749238598555172,0.14905846730791872
AGGCTAGCAAACGGGC-2,5.0,0.0,0.0,0.0,1.0,0.0,0.0
GTTGGCGGTTGTCATC-2,25.0,0.0,0.0,0.0,0.4182788525683789,0.0,0.5817211474316211
GTCCTCAGTGCAATGC-2,23.0,0.0,0.0,0.0,1.0,0.0,0.0
TCCAGCAAGCTGTACG-1,37.0,0.0,0.0,0.0,1.0,0.0,0.0
TTGGTGAGTACCAGGT-2,10.0,0.26490417044114983,,,0.1425309127782741,0.3402195170606928,0.2523453997198832
GCCACAATCGCTCACT-1,4.0,0.0,0.0,0.0,1.0,0.0,0.0
ATATGCATCTAAGTCA-2,1.0,0.0,0.0,0.0,0.0,0.0,1.0
CAATCCCTCCGTGACA-1,1.0,0.0,0.0,0.0,1.0,0.0,0.0
TCATACTTCGCCTAAG-3,8.0,0.301639170259685,0.0,0.0,0.0,0.22294565844977138,0.47541517129054367
TTATAGCCATTCAGCA-1,4.0,1.0,0.0,0.0,0.0,0.0,0.0
ACGGGAAGTAACCACA-2,9.0,0.0,0.0,0.0,0.0,1.0,0.0
TGAGGGAGTGCTTAGA-3,7.0,0.23707317196827163,,,0.3805360488007793,0.2041805565917011,0.17821022263924788
ACAGTATGTTGTTCAC-1,13.0,0.0,0.0,0.0,1.0,0.0,0.0
AGTAACCTCAGTGAAG-3,10.0,0.26490417044114983,,,0.1425309127782741,0.3402195170606928,0.2523453997198832
CGCAATAGTTGGATAT-3,15.0,0.0,0.0,0.0,0.0,1.0,0.0
CTAGGACGTGGGTACT-1,11.0,0.0,0.0,0.0,1.0,0.0,0.0
GCTGAGGAGCTACTGG-3,33.0,0.0,0.0,0.0,0.0,1.0,0.0
GTGATCAGTGGTTCTT-1,11.0,0.0,0.0,0.0,1.0,0.0,0.0
ATATGTCCATAAGGAC-2,9.0,0.0,0.0,0.0,0.0,0.0,1.0
TCCTGGTTCGGTCAAT-1,16.0,0.0,0.0,0.0,1.0,0.0,0.0
AAGCCTGTCCTCAGTC-2,20.0,0.255116509861887,0.0,0.0,0.11378520411624034,0.3739473542312623,0.25715093179061016
ACTCCTCAGGCGAAAC-3,15.0,0.25404889456095253,,,0.3994002521455771,0.19749238598555172,0.14905846730791872
GGTTGCATCACGAATC-2,4.0,0.0,0.0,0.0,0.37606724069221203,0.0,0.623932759307788
GATCAGGCAATAACCT-3,4.0,0.2789549502429366,,,0.1885732419812842,0.21961014244052887,0.31286166533525034
GCGTGCTAGCTTACTT-2,3.0,0.0,0.0,0.0,0.5288350026357407,0.0,0.4711649973642594
TTAAGCCAGTAAGTGG-3,23.0,0.2890753295347951,0.0,0.0,0.21326803108883835,0.2250748294409998,0.2725818099353668
TGAGGCACACCTACGG-3,3.0,0.2510908928836586,,,0.23769248350866462,0.29944475183729763,0.2117718717703792
CATGCAAGTTGCGCGA-2,20.0,0.0,0.0,0.0,0.0,0.0,1.0
ATAGGTACACTAAGCC-3,3.0,1.0,0.0,0.0,0.0,0.0,0.0
TCCGGTAAGGCAGGTG-2,13.0,0.0,0.0,0.0,1.0,0.0,0.0
AGTACGCGTGTGCACG-1,16.0,0.0,0.0,0.0,1.0,0.0,0.0
GAGGAGGCAGTCTAGC-2,9.0,0.0,0.0,0.0,0.0,0.0,1.0
TACCAGGTCCTAATTC-3,10.0,1.0,0.0,0.0,0.0,0.0,0.0
CTGTTGGAGCTAATTG-3,4.0,0.2789549502429366,,,0.1885732419812842,0.21961014244052887,0.31286166533525034
TCAAGACTCATTACGA-1,23.0,0.0,0.0,0.0,1.0,0.0,0.0
ACAACAGAGCACTTGG-3,16.0,0.19281102196304184,,,0.24608965471250854,0.23107341591095565,0.33002590741349397
ACCAAACTCAACCAAC-3,11.0,0.26017380928088074,,,0.3107460265472086,0.2228172513789396,0.20626291279297101
ACACGGACAAAGCTCC-2,14.0,1.0,0.0,0.0,0.0,0.0,0.0
TGTGATCAGTGAGAGC-2,4.0,0.0,0.0,0.0,0.37606724069221203,0.0,0.623932759307788
CATTGTGCAGCACGTT-3,9.0,0.25657805136510725,,,0.19608879238864382,0.26842478255731234,0.2789083736889367
GTTGCCCGTCTCACTG-2,10.0,0.0,0.0,0.0,0.0,0.0,1.0
CGCTTACTCGGTCAAT-3,23.0,0.0,0.0,0.0,0.0,1.0,0.0
GGTGATTTCGGTTACG-1,8.0,1.0,0.0,0.0,0.0,0.0,0.0
ATCATGTCAAGGAATC-1,4.0,0.0,0.0,0.0,1.0,0.0,0.0
TCCCTGGTCGTTATAG-1,26.0,0.0,0.0,0.0,1.0,0.0,0.0
GTAAGGTCAATTGAGA-1,2.0,0.0,0.0,0.0,1.0,0.0,0.0
ACGGTTTAGGATTGAG-3,33.0,0.25254537146409556,,,0.23028304051452006,0.2665285948922042,0.25064299312918015
CTATGACAGTTAGCCG-1,15.0,0.0,0.0,0.0,1.0,0.0,0.0
GCATATATCCTAAGAC-3,1.0,1.0,0.0,0.0,0.0,0.0,0.0
AAGAACAGTTAAGTGT-3,33.0,0.0,0.0,0.0,0.0,1.0,0.0
AAACCAACAAGGTGCA-2,21.0,0.0,0.0,0.0,0.0,0.0,1.0
TTCAGCACATATAACC-1,8.0,0.0,0.0,0.0,1.0,0.0,0.0
GCTTCGCGTTTAGTCC-3,11.0,0.26017380928088074,,,0.3107460265472086,0.2228172513789396,0.20626291279297101
CTAATCCGTATTTGGG-3,25.0,0.25294349983189635,,,0.22563202807869934,0.20762681900387653,0.31379765308552765
GAGGACTAGCTTTGGG-3,14.0,0.25490642483705084,,,0.203860627012991,0.27543380527416844,0.2657991428757897
CAAGTATGTTGGTGAC-2,22.0,0.0,0.0,0.0,1.0,0.0,0.0
GTAGGCGAGGCATTAC-2,12.0,0.0,0.0,0.0,0.0,0.0,1.0
AACCTTGCAATTGACT-3,29.0,0.31074906515307005,,,0.233016360882147,0.22003051032240445,0.2362040636423785
GCTTTACGTTTACTTG-1,24.0,0.0,0.0,0.0,1.0,0.0,0.0
CATCCTCAGGTGTTAC-1,11.0,0.0,0.0,0.0,1.0,0.0,0.0
CCGCTAGCATGCTCCC-3,6.0,0.28619740144106137,,,0.20095345838278786,0.28595501190791156,0.2268941282682392
CAATGTGGTAGGTGTC-1,3.0,0.0,0.0,0.0,1.0,0.0,0.0
AGCAAGGGTCCTTCTC-3,23.0,0.2890753295347951,,,0.21326803108883835,0.2250748294409998,0.2725818099353668
ATTCCTCCAAATTGCT-2,15.0,0.25404889456095253,0.0,0.0,0.3994002521455771,0.19749238598555172,0.14905846730791872
TGCTTGCTCGGTTACG-3,24.0,0.21845905187174444,,,0.2480843926368116,0.19755649681913243,0.33590005867231154
CGCTAATAGGAGTCGG-3,34.0,0.23141187017972628,,,0.21203187960198364,0.23517958103089368,0.32137666918739655
CGGCCATAGACTATTG-2,32.0,0.23501474983514806,0.0,0.0,0.36169219852304807,0.23220664506324848,0.1710864065785554
CCCATAACATTAGGCC-3,28.0,0.24355764626440804,,,0.2713230524219713,0.21916108471229478,0.2659582166013259
GACCGTTCAGGTCCTG-2,24.0,0.0,0.0,0.0,0.42481335261697223,0.0,0.5751866473830277
CATAAGCTCGCTAGCA-3,37.0,0.15830411656991292,,,0.21353305020503288,0.2890839998065646,0.33907883341848966
TGCTTCCAGCTCGCTT-3,24.0,0.21845905187174444,,,0.2480843926368116,0.19755649681913243,0.33590005867231154
TATATCCTCGCAACAT-2,1.0,0.0,0.0,0.0,0.5175720533220929,0.0,0.48242794667790717
CGTGGTTCAGAGAGCC-2,29.0,0.31074906515307005,0.0,0.0,0.233016360882147,0.22003051032240445,0.2362040636423785
TGGTCAAGTTGCGCGA-3,29.0,0.31074906515307005,,,0.233016360882147,0.22003051032240445,0.2362040636423785
ACTATCCGTTCACTGT-1,26.0,0.0,0.0,0.0,1.0,0.0,0.0
TTAGGCGTCTAGCTTT-3,3.0,0.2510908928836586,0.0,0.0,0.23769248350866462,0.29944475183729763,0.2117718717703792
TTTCAGTTCCCAGTAG-3,33.0,0.25254537146409556,,,0.23028304051452006,0.2665285948922042,0.25064299312918015
TTCACTGTCATGGTTA-3,4.0,1.0,0.0,0.0,0.0,0.0,0.0
GGCCTTAAGGTTTACA-3,28.0,0.24355764626440804,,,0.2713230524219713,0.21916108471229478,0.2659582166013259
GTGCTTACAAGCCAGA-3,34.0,0.23141187017972628,,,0.21203187960198364,0.23517958103089368,0.32137666918739655
GTAGCGCTCGCTAAAC-3,10.0,0.26490417044114983,,,0.1425309127782741,0.3402195170606928,0.2523453997198832
GCCTACTTCCCGTTAC-1,9.0,0.0,0.0,0.0,1.0,0.0,0.0
AGGGCCTTCCAGGGAG-2,30.0,1.0,0.0,0.0,0.0,0.0,0.0
CCTATATTCGAAGTGA-1,2.0,0.0,0.0,0.0,1.0,0.0,0.0
ATTGCTCGTTGAGGTC-3,19.0,0.3586618328826094,0.0,0.0,0.0,0.37019668579943704,0.2711414813179535
TGATGACTCTAAGTCA-2,20.0,1.0,0.0,0.0,0.0,0.0,0.0
CTGTACCTCCTAGTCC-1,35.0,0.0,0.0,0.0,1.0,0.0,0.0
CACCAACCAGGGAGCT-2,15.0,0.25404889456095253,,,0.3994002521455771,0.19749238598555172,0.14905846730791872
CTCATGACAATTAACC-1,12.0,0.0,0.0,0.0,1.0,0.0,0.0
CGTAGTTAGGTGCTGC-1,2.0,0.0,0.0,0.0,1.0,0.0,0.0
TAGCATATCTTTGAGA-2,19.0,1.0,0.0,0.0,0.0,0.0,0.0
ATCACAATCCCATAGG-1,3.0,0.0,0.0,0.0,1.0,0.0,0.0
CTATTGAAGCTCCCTG-3,4.0,0.0,0.0,0.0,0.0,0.0,1.0
GGTTTCCTCATGCGTG-2,3.0,0.2510908928836586,,,0.23769248350866462,0.29944475183729763,0.2117718717703792
TAACCAGGTATGGTGC-3,10.0,1.0,0.0,0.0,0.0,0.0,0.0
AGTAATGCACCTCAGG-2,30.0,0.0,0.0,0.0,0.0,0.0,1.0
AATCTCAAGTATTGGC-3,9.0,0.25657805136510725,,,0.19608879238864382,0.26842478255731234,0.2789083736889367
CCTAAGTAGGACCGCT-3,18.0,0.0,0.0,0.0,0.0,1.0,0.0
TAGCTTAAGCCTGAGC-2,6.0,0.28619740144106137,0.0,0.0,0.20095345838278786,0.28595501190791156,0.2268941282682392
AGGCGGATCCTCACAC-1,4.0,0.0,0.0,0.0,1.0,0.0,0.0
TGGCCTGCAAGGTAAC-3,18.0,0.23638071763888321,,,0.28964209218552694,0.2590708442645409,0.21490634591104896
CTAATAGTCCAAACAC-1,34.0,0.0,0.0,0.0,1.0,0.0,0.0
GTGCATTAGGATCCGC-2,22.0,0.22299113408910365,0.0,0.0,0.2286831626631811,0.3006206801642622,0.24770502308345307
TGTTGTGCATTAAGTC-2,7.0,0.0,0.0,0.0,1.0,0.0,0.0
CTTGCTCAGTATTGCA-1,29.0,0.0,0.0,0.0,1.0,0.0,0.0
GAACCGCTCCTAAGAC-1,5.0,0.0,0.0,0.0,1.0,0.0,0.0
GAGAGGCGTCCGGTTC-1,37.0,0.0,0.0,0.0,1.0,0.0,0.0
TAAGCCTAGAGAGCCG-1,2.0,0.0,0.0,0.0,1.0,0.0,0.0
ATGGTCTAGCTATATG-2,32.0,0.0,0.0,0.0,1.0,0.0,0.0
ATCCGTGAGTCAATCA-1,30.0,0.0,0.0,0.0,1.0,0.0,0.0
GAGGTAGGTTGGCCGA-1,18.0,1.0,0.0,0.0,0.0,0.0,0.0
GCTAAGCGTGAGGTGA-1,11.0,1.0,0.0,0.0,0.0,0.0,0.0
CCTTAACGTATTACCC-2,17.0,0.28041555117654665,,,0.21377517180417943,0.21373583317818393,0.29207344384108996
CGGAGTCTCAGGATGA-1,30.0,0.0,0.0,0.0,1.0,0.0,0.0
ACGTCCAAGTAGCGGG-3,6.0,0.28619740144106137,0.0,0.0,0.20095345838278786,0.28595501190791156,0.2268941282682392
CGGCTAATCATGAGCT-3,18.0,1.0,0.0,0.0,0.0,0.0,0.0
TTCATCCCATAATGTC-3,15.0,0.25404889456095253,,,0.3994002521455771,0.19749238598555172,0.14905846730791872
ACATCATCACGAATTT-2,37.0,0.0,0.0,0.0,1.0,0.0,0.0
TGACCTTGTGGATTAT-1,3.0,0.0,0.0,0.0,1.0,0.0,0.0
GTAGGTGCACATAACT-3,9.0,1.0,0.0,0.0,0.0,0.0,0.0
ACGAATCTCTTAATGG-2,3.0,0.2510908928836586,,,0.23769248350866462,0.29944475183729763,0.2117718717703792
CTCACTCAGCTTATGA-1,21.0,0.0,0.0,0.0,1.0,0.0,0.0
AATCCATCATGAATCT-1,19.0,1.0,0.0,0.0,0.0,0.0,0.0
CCTTGCGTCATGGTTA-3,31.0,0.24483511612846504,,,0.34550975661796685,0.2764681959007302,0.13318693135283804
ATCAAGCTCTGCAAGT-3,3.0,1.0,0.0,0.0,0.0,0.0,0.0
TACTCAAAGTCAATCA-3,11.0,0.26017380928088074,0.0,0.0,0.3107460265472086,0.2228172513789396,0.20626291279297101
CAACAATGTCGCGCAA-1,15.0,0.0,0.0,0.0,1.0,0.0,0.0
TCCATATTCCATTACT-3,10.0,0.0,0.0,0.0,0.0,0.0,1.0
TACAATGTCGTAACGT-2,13.0,1.0,0.0,0.0,0.0,0.0,0.0
ACGCAAGCACCTACGG-3,21.0,1.0,0.0,0.0,0.0,0.0,0.0
GAAAGGCTCACTCAAA-1,11.0,0.0,0.0,0.0,1.0,0.0,0.0
TAATCCGCAATAACGA-2,20.0,1.0,0.0,0.0,0.0,0.0,0.0
TGGACTAGTGGAAACG-1,2.0,0.0,0.0,0.0,1.0,0.0,0.0
TTACAGCAGCAGGCCT-2,38.0,0.0,0.0,0.0,1.0,0.0,0.0
TAGCCGGGTCAGGCCA-1,3.0,0.0,0.0,0.0,1.0,0.0,0.0
GTTACCTGTAGGTTAT-1,14.0,0.0,0.0,0.0,1.0,0.0,0.0
GAACCAGCAGTCTAAT-2,27.0,0.0,0.0,0.0,1.0,0.0,0.0
ATGCTTAAGTAAACCC-3,19.0,0.28880190709864184,0.0,0.0,0.19477936981053914,0.2980900086334725,0.21832871445734645
AGCACAGCAAGGTAAC-1,30.0,0.0,0.0,0.0,1.0,0.0,0.0
TTCATCCCAATCCCTT-3,14.0,1.0,0.0,0.0,0.0,0.0,0.0
CCACAATAGGCCGGAA-3,35.0,0.2399263636153897,0.0,0.0,0.17564806529159285,0.22166609309080135,0.362759478002216
TTGACATCAGGCTAAG-1,22.0,0.0,0.0,0.0,1.0,0.0,0.0
TCCATTGTCCAAGTTA-1,17.0,1.0,0.0,0.0,0.0,0.0,0.0
TGGCCAATCGCTCACT-3,4.0,0.34378327740148595,0.0,0.0,0.0,0.2706469071549443,0.3855698154435696
GTATGTTCACGGTTTA-2,30.0,0.2305508875130836,,,0.30015485066475694,0.2562706347632869,0.21302362705887254
GGAAGTATCTTTGACT-1,18.0,0.0,0.0,0.0,1.0,0.0,0.0
ATTCATGAGTATTGTG-3,5.0,0.25007613426230707,,,0.2764713286099489,0.24316603374735998,0.23028650338038426
CTGTACCTCCCTCATA-2,38.0,0.0,0.0,0.0,1.0,0.0,0.0
GGAACTAAGCCTAATA-3,14.0,0.25490642483705084,,,0.203860627012991,0.27543380527416844,0.2657991428757897
ACCGAAGCATCATGTG-1,26.0,0.0,0.0,0.0,1.0,0.0,0.0
TCAATCGCATAATCAC-2,4.0,0.34378327740148595,0.0,0.0,0.0,0.2706469071549443,0.3855698154435696
AGAGAGGAGGACAACA-3,10.0,0.26490417044114983,0.0,0.0,0.1425309127782741,0.3402195170606928,0.2523453997198832
CAGAACCGTAATGACT-3,4.0,1.0,0.0,0.0,0.0,0.0,0.0
AGGTCTTAGCCACATG-2,16.0,1.0,0.0,0.0,0.0,0.0,0.0
AAGCGGGTCGTTCACC-2,14.0,0.0,0.0,0.0,0.0,0.0,1.0
CCCAAACCATGTCAGC-3,34.0,0.23141187017972628,,,0.21203187960198364,0.23517958103089368,0.32137666918739655
CTGTACCTCTTAGTCT-1,11.0,0.0,0.0,0.0,1.0,0.0,0.0
AGTTACATCGAAGTGA-1,27.0,1.0,0.0,0.0,0.0,0.0,0.0
CAGCTATAGGTGAAAT-2,21.0,0.0,0.0,0.0,0.0,0.0,1.0
TCCTCTAAGGATTGCT-3,9.0,0.0,0.0,0.0,0.0,1.0,0.0
TCGTTATTCATGGCTG-1,33.0,0.0,0.0,0.0,1.0,0.0,0.0
CGGAGTCTCAATCATG-2,13.0,0.2379245460670892,0.0,0.0,0.33034621848395457,0.2084468038321267,0.22328243161682945
TGCTCTCAGGAGCATA-3,6.0,0.28619740144106137,,,0.20095345838278786,0.28595501190791156,0.2268941282682392
TATAGCTCAAATGCCC-1,21.0,0.0,0.0,0.0,1.0,0.0,0.0
AAGCGAGGTGAACAAA-3,15.0,0.25404889456095253,,,0.3994002521455771,0.19749238598555172,0.14905846730791872
TTAACCAAGTTAGAGG-3,21.0,1.0,0.0,0.0,0.0,0.0,0.0
GAAGGAACAAACTGTT-2,28.0,0.24355764626440804,,,0.2713230524219713,0.21916108471229478,0.2659582166013259
CGTGTTACAAGCTACC-1,10.0,0.0,0.0,0.0,0.0,0.0,1.0
GAGTAATAGGTAAGGC-3,10.0,0.0,0.0,0.0,0.0,1.0,0.0
TCTTGTCCAGTTGCGT-2,14.0,0.0,0.0,0.0,0.0,1.0,0.0
ACCTACCTCGGTTAGT-1,13.0,0.0,0.0,0.0,1.0,0.0,0.0
GTTGGCGGTTTCAGGA-1,18.0,0.0,0.0,0.0,1.0,0.0,0.0
GGCTGTCAGAGGGACT-3,11.0,0.26017380928088074,,,0.3107460265472086,0.2228172513789396,0.20626291279297101
AGTAGGATCTTAATGG-3,4.0,1.0,0.0,0.0,0.0,0.0,0.0
GGTACTTAGGCATTAC-3,36.0,0.2461747580345537,,,0.1850283944180879,0.27103139859455855,0.2977654489527998
GGGCCTAGTTGGTGAC-2,37.0,1.0,0.0,0.0,0.0,0.0,0.0
ATTACTGAGTAACGGA-1,1.0,0.0,0.0,0.0,1.0,0.0,0.0
AGGTCTTAGCTATTAG-3,27.0,1.0,0.0,0.0,0.0,0.0,0.0
GTTCTCATCTAATTGG-2,38.0,0.0,0.0,0.0,1.0,0.0,0.0
CCAAATCAGCTTCTCA-3,37.0,0.20128514823309865,0.0,0.0,0.0,0.36757297923571886,0.4311418725311825
GCCATTACACCAAAGG-2,15.0,0.0,0.0,0.0,1.0,0.0,0.0
CTTCAAGCACCAGCAT-3,23.0,0.2890753295347951,,,0.21326803108883835,0.2250748294409998,0.2725818099353668
TCGGTTACAAGTGTTT-2,5.0,0.0,0.0,0.0,1.0,0.0,0.0
GAGGGAGCAGCATTAT-2,15.0,0.0,0.0,0.0,1.0,0.0,0.0
GTTCTCATCACGTTAA-3,21.0,0.36496857686394185,,,0.2425919314203312,0.14718681699163197,0.24525267472409484
GTGAACAAGACTCGCA-1,31.0,0.0,0.0,0.0,1.0,0.0,0.0
GAGAACCAGCAAGGGT-1,3.0,0.0,0.0,0.0,1.0,0.0,0.0
ACACTTGCAGGAACTG-2,3.0,0.0,0.0,0.0,1.0,0.0,0.0
CGCCAAATCATGCTCC-2,27.0,0.2659503422898086,0.0,0.0,0.3090767064839525,0.2252336567198111,0.1997392945064278
ACTAACTCACTAAGCC-2,34.0,0.0,0.0,0.0,1.0,0.0,0.0
ATTCATGAGGAACCGG-2,12.0,0.0,0.0,0.0,0.0,0.0,1.0
GCCTCGACATGGTTAT-1,11.0,0.0,0.0,0.0,1.0,0.0,0.0
GGTCCGTAGGCGAATA-3,22.0,0.22299113408910365,,,0.2286831626631811,0.3006206801642622,0.24770502308345307
CCAACATAGCGCATTG-2,29.0,0.0,0.0,0.0,0.0,0.0,1.0
TTATGACCATAAGCAA-2,33.0,0.0,0.0,0.0,0.4788325530431318,0.0,0.5211674469568682
CTTCTCAAGCATTAGC-1,1.0,0.0,0.0,0.0,1.0,0.0,0.0
GATGAGGGTGTTGCAA-2,24.0,0.0,0.0,0.0,0.0,0.0,1.0
CTCACAACAGGAACCA-2,35.0,1.0,0.0,0.0,0.0,0.0,0.0
GAGGCTACAGTTTACG-2,19.0,0.0,0.0,0.0,1.0,0.0,0.0
GCTAGCCAGGCATTGT-3,10.0,1.0,0.0,0.0,0.0,0.0,0.0
AGTGTTTCAGCTTACA-3,2.0,0.0,0.0,0.0,0.0,1.0,0.0
CCCTCACCATGCTTAG-3,9.0,0.25657805136510725,,,0.19608879238864382,0.26842478255731234,0.2789083736889367
TGTCATAAGTCACTAA-3,11.0,0.26017380928088074,,,0.3107460265472086,0.2228172513789396,0.20626291279297101
CGCTTCTAGCACTTGG-1,32.0,0.0,0.0,0.0,1.0,0.0,0.0
GGGCAATAGGGCTTAT-1,13.0,0.0,0.0,0.0,1.0,0.0,0.0
GGTGTTGTCGGCCAGT-2,10.0,1.0,0.0,0.0,0.0,0.0,0.0
CGCAATAGTTGGTTCT-2,27.0,0.0,0.0,0.0,1.0,0.0,0.0
GCGCTTGCAGCAAGTG-1,15.0,0.0,0.0,0.0,1.0,0.0,0.0
GTATTGCAGCTATTGA-3,33.0,0.25254537146409556,,,0.23028304051452006,0.2665285948922042,0.25064299312918015
CGCTAACCAACCCTCC-3,15.0,1.0,0.0,0.0,0.0,0.0,0.0
GCCATTACAGGCTACT-3,24.0,0.0,0.0,0.0,0.0,1.0,0.0
GATTAGCTCGGCCAGT-2,13.0,0.2379245460670892,,,0.33034621848395457,0.2084468038321267,0.22328243161682945
CGAAGGCCATTAAGTC-1,34.0,0.0,0.0,0.0,1.0,0.0,0.0
GTCTAACAGCTAAGTC-1,23.0,0.0,0.0,0.0,1.0,0.0,0.0
CGCTTGCGTTAACGAT-1,14.0,0.0,0.0,0.0,1.0,0.0,0.0
GTTGCCCGTTCCTGTG-1,14.0,0.0,0.0,0.0,1.0,0.0,0.0
GTTTGTTTCGAGCAAA-3,28.0,0.0,0.0,0.0,0.0,1.0,0.0
TGTGGCGGTCAGGCCA-3,4.0,0.0,0.0,0.0,0.0,1.0,0.0
CCGCTAGCATGTTGGC-3,10.0,0.26490417044114983,,,0.1425309127782741,0.3402195170606928,0.2523453997198832
ACCACATAGACTATTG-2,15.0,0.0,0.0,0.0,1.0,0.0,0.0
GATGCGACACTAAGAA-2,13.0,0.0,0.0,0.0,1.0,0.0,0.0
ACCGAAGCATTGTGTG-3,22.0,0.22299113408910365,,,0.2286831626631811,0.3006206801642622,0.24770502308345307
TGGAACAAGGAGGGTT-1,6.0,0.0,0.0,0.0,0.0,0.0,1.0
CTTGGACCAACCGCCA-3,21.0,1.0,0.0,0.0,0.0,0.0,0.0
GCTTAAATCTCATCAT-3,12.0,0.22393288850727908,,,0.21148179656914845,0.3491266157595441,0.21545869916402838
TAATGCATCCCTCTAA-3,18.0,1.0,0.0,0.0,0.0,0.0,0.0
ATCACTAAGGCTACAT-3,33.0,0.25254537146409556,,,0.23028304051452006,0.2665285948922042,0.25064299312918015
CTCGCTCCAGCCGCTA-2,1.0,0.0,0.0,0.0,1.0,0.0,0.0
CATGCGGGTGTGAGGA-3,10.0,0.0,0.0,0.0,0.0,0.0,1.0
CTGCTATGTGCTTAGA-3,6.0,1.0,0.0,0.0,0.0,0.0,0.0
TTTGAGTCAGAACCGA-3,35.0,0.2399263636153897,,,0.17564806529159285,0.22166609309080135,0.362759478002216
GTTTCAGCACTTGTTC-2,32.0,0.36818404740057686,0.0,0.0,0.0,0.3637847516918263,0.26803120090759697
CATTGTAAGGTGCTGC-3,18.0,1.0,0.0,0.0,0.0,0.0,0.0
TGTGGCCAGTCACTAA-2,5.0,1.0,0.0,0.0,0.0,0.0,0.0
TTCCTTCTCGGCCAGT-1,19.0,0.0,0.0,0.0,1.0,0.0,0.0
CCTTACTCAATTTAGC-1,9.0,0.0,0.0,0.0,0.0,0.0,1.0
TGAGCAAAGCGATACT-3,2.0,0.21079074246169519,,,0.3110256879333526,0.2245883274521365,0.25359524215281576
CAACCCTTCCGGGACT-3,35.0,0.2399263636153897,,,0.17564806529159285,0.22166609309080135,0.362759478002216
ATTACCCGTAAACAAG-2,28.0,0.0,0.0,0.0,1.0,0.0,0.0
ATTGGCTAGCCTGTTC-1,28.0,0.0,0.0,0.0,1.0,0.0,0.0
CACGCAATCCCGAACA-3,29.0,1.0,0.0,0.0,0.0,0.0,0.0
GCTCAACCAACATAAG-2,15.0,0.0,0.0,0.0,0.0,0.0,1.0
CTCATTTAGCGAGTAA-1,32.0,0.0,0.0,0.0,1.0,0.0,0.0
AAGTTAGCAATTGACT-3,15.0,0.25404889456095253,,,0.3994002521455771,0.19749238598555172,0.14905846730791872
TCTTAGCGTTAACACG-2,18.0,0.0,0.0,0.0,0.0,0.0,1.0
AAGACAAGTCTTTGAC-3,15.0,0.25404889456095253,,,0.3994002521455771,0.19749238598555172,0.14905846730791872
CAAACACTCATTGACA-1,3.0,0.0,0.0,0.0,1.0,0.0,0.0
GCAAACAAGCTTAACA-2,17.0,0.0,0.0,0.0,1.0,0.0,0.0
GTCATCACAGCCGCTA-2,22.0,0.22299113408910365,0.0,0.0,0.2286831626631811,0.3006206801642622,0.24770502308345307
CCGGTTAAGGATAAAC-3,27.0,1.0,0.0,0.0,0.0,0.0,0.0
TCCAGGTCACGAATCC-2,1.0,1.0,0.0,0.0,0.0,0.0,0.0
CATTCATTCCTCAGTC-3,17.0,0.0,0.0,0.0,0.0,1.0,0.0
ACCAGGCTCAGCAAGA-3,26.0,0.3005755128437196,,,0.19364293997678975,0.3106467509625101,0.19513479621698074
AGCTACGTCGTTACAA-3,19.0,0.28880190709864184,,,0.19477936981053914,0.2980900086334725,0.21832871445734645
ACGAAGTCAGCACGAA-3,19.0,0.0,0.0,0.0,0.0,1.0,0.0
CTTAATGAGTCAATTG-3,3.0,0.2510908928836586,,,0.23769248350866462,0.29944475183729763,0.2117718717703792
TCCTTTACAAGCCAGA-1,4.0,0.0,0.0,0.0,1.0,0.0,0.0
GTCTAACAGCGCCTAA-1,5.0,0.0,0.0,0.0,0.0,0.0,1.0
ACGCCTTTCTCACTAT-1,15.0,0.0,0.0,0.0,1.0,0.0,0.0
TGGACCGGTTGTAAAC-3,26.0,0.3005755128437196,,,0.19364293997678975,0.3106467509625101,0.19513479621698074
AAGTGAAGTCAGGCAT-3,15.0,0.25404889456095253,,,0.3994002521455771,0.19749238598555172,0.14905846730791872
GGCGGTAAGTTGCGTG-3,20.0,0.0,0.0,0.0,0.0,1.0,0.0
CGGATAAAGGGTTAGA-3,2.0,0.21079074246169519,,,0.3110256879333526,0.2245883274521365,0.25359524215281576
TTGCCCGTCTTAGCGG-3,6.0,0.28619740144106137,,,0.20095345838278786,0.28595501190791156,0.2268941282682392
AAGTGAAGTTGGCCGA-2,27.0,0.2659503422898086,,,0.3090767064839525,0.2252336567198111,0.1997392945064278
AGGTTGCGTGAATCGC-3,6.0,0.28619740144106137,,,0.20095345838278786,0.28595501190791156,0.2268941282682392
CTCTCACAGTCACTCC-1,14.0,0.0,0.0,0.0,0.0,0.0,1.0
TTAAAGGCACTTACAG-3,23.0,0.2890753295347951,,,0.21326803108883835,0.2250748294409998,0.2725818099353668
TTCTTAGGTTTGAGGC-3,11.0,0.26017380928088074,,,0.3107460265472086,0.2228172513789396,0.20626291279297101
GCTAGCGGTATTCGCT-1,28.0,0.0,0.0,0.0,1.0,0.0,0.0
CACATACAGTCTCACC-2,4.0,0.0,0.0,0.0,0.0,0.0,1.0
TATCACAAGGAAGTAT-2,19.0,1.0,0.0,0.0,0.0,0.0,0.0
GATGCATTCATAACCA-3,6.0,0.28619740144106137,,,0.20095345838278786,0.28595501190791156,0.2268941282682392
TTGTCAAAGAGGATAT-3,27.0,1.0,0.0,0.0,0.0,0.0,0.0
GATGGACAGAATCGCT-1,30.0,0.0,0.0,0.0,1.0,0.0,0.0
TAGACCAGTTCCGCAC-3,1.0,0.2431277739439729,,,0.27520525106868904,0.22514867316661977,0.2565183018207184
GTTCATTTCGTTTCGC-1,38.0,0.0,0.0,0.0,0.0,0.0,1.0
TCTCCTCGTTGGCCGA-2,33.0,1.0,0.0,0.0,0.0,0.0,0.0
TACGGATTCATTAGGC-1,29.0,0.0,0.0,0.0,1.0,0.0,0.0
GCCATGATCCATAAGC-2,21.0,0.36496857686394185,,,0.2425919314203312,0.14718681699163197,0.24525267472409484
AAGACAAGTATACTGG-1,9.0,1.0,0.0,0.0,0.0,0.0,0.0
AAGGCCCTCCATCAGG-3,21.0,1.0,0.0,0.0,0.0,0.0,0.0
GGCTATTAGTTACCGG-1,12.0,0.0,0.0,0.0,1.0,0.0,0.0
TTTAGCTTCGACAAAG-1,11.0,0.0,0.0,0.0,1.0,0.0,0.0
GTTGCCCGTTGCGCGA-2,5.0,0.0,0.0,0.0,0.0,0.0,1.0
AATGAAGGTGCATTAG-3,31.0,1.0,0.0,0.0,0.0,0.0,0.0
GGAATCTTCATTTGCT-3,31.0,0.24483511612846504,,,0.34550975661796685,0.2764681959007302,0.13318693135283804
AACTAGCTCCTAAGGT-2,33.0,0.0,0.0,0.0,1.0,0.0,0.0
CGTGTGTCAAGCTTTG-3,5.0,0.25007613426230707,,,0.2764713286099489,0.24316603374735998,0.23028650338038426
GCTCCTTAGCTTAACA-2,17.0,0.0,0.0,0.0,1.0,0.0,0.0
ATGCATTCAGCTTACA-3,30.0,0.2305508875130836,0.0,0.0,0.30015485066475694,0.2562706347632869,0.21302362705887254
ACTTAGGGTCTCACTG-3,6.0,0.28619740144106137,,,0.20095345838278786,0.28595501190791156,0.2268941282682392
ATCAGGTTCAAGCTTA-3,5.0,0.25007613426230707,,,0.2764713286099489,0.24316603374735998,0.23028650338038426
TAGCATATCGTGCTTC-2,30.0,1.0,0.0,0.0,0.0,0.0,0.0
GACCTCAAGTTAGAGG-3,33.0,0.25254537146409556,,,0.23028304051452006,0.2665285948922042,0.25064299312918015
TAATGCATCGCGCTAA-3,10.0,0.26490417044114983,,,0.1425309127782741,0.3402195170606928,0.2523453997198832
TTTCACCCATGTCAGC-1,24.0,0.0,0.0,0.0,1.0,0.0,0.0
CTATTACTCCGCACAA-1,15.0,0.0,0.0,0.0,1.0,0.0,0.0
TAACAAGCAACTAGCC-3,21.0,0.36496857686394185,,,0.2425919314203312,0.14718681699163197,0.24525267472409484
ATGTCATCATTAGGCC-3,10.0,0.26490417044114983,,,0.1425309127782741,0.3402195170606928,0.2523453997198832
ACAACAGAGGTACCGC-3,15.0,0.25404889456095253,0.0,0.0,0.3994002521455771,0.19749238598555172,0.14905846730791872
ATCCTGACATGGAGGC-3,6.0,0.28619740144106137,,,0.20095345838278786,0.28595501190791156,0.2268941282682392
ACTTGCACATGTTTGG-3,33.0,0.25254537146409556,,,0.23028304051452006,0.2665285948922042,0.25064299312918015
GCGATATTCTACTAAG-2,9.0,0.25657805136510725,,,0.19608879238864382,0.26842478255731234,0.2789083736889367
ACCGCAATCGCATTAA-3,16.0,0.19281102196304184,,,0.24608965471250854,0.23107341591095565,0.33002590741349397
AGCAGGTAGTCAGTAC-3,36.0,1.0,0.0,0.0,0.0,0.0,0.0
CCGCAAATCAAGACTC-2,34.0,0.0,0.0,0.0,1.0,0.0,0.0
TGCTCAACATGCAACC-1,2.0,0.0,0.0,0.0,1.0,0.0,0.0
GTACAATGTTACGCAA-2,11.0,0.0,0.0,0.0,0.0,0.0,1.0
GAGTAATAGTTAGAGG-2,29.0,0.31074906515307005,,,0.233016360882147,0.22003051032240445,0.2362040636423785
ACACTTGCAAGGTCGA-2,7.0,0.0,0.0,0.0,0.0,0.0,1.0
TATGGCCCATAGTCAT-3,9.0,0.0,0.0,0.0,0.0,1.0,0.0
ACGTACCCATTGTCAG-1,11.0,0.0,0.0,0.0,1.0,0.0,0.0
AAGCTAGAGTTAACCA-3,4.0,0.34378327740148595,0.0,0.0,0.0,0.2706469071549443,0.3855698154435696
TTAGCAATCTATTGTC-1,15.0,0.0,0.0,0.0,1.0,0.0,0.0
GATCAAGAGGTAAGCA-3,8.0,0.22347106138460127,,,0.25914442347718897,0.16517053432406306,0.3522139808141467
CGAATATGTAGCTAGC-3,7.0,0.0,0.0,0.0,0.0,1.0,0.0
AGAATCTGTACCGAAC-1,10.0,0.0,0.0,0.0,1.0,0.0,0.0
TGAACAGAGGATAAAC-1,8.0,0.0,0.0,0.0,1.0,0.0,0.0
CAGGGCTTCGCAATCG-1,4.0,0.0,0.0,0.0,1.0,0.0,0.0
GCTAACCCAGGCCTTG-3,14.0,1.0,0.0,0.0,0.0,0.0,0.0
TCTCACCAGGAGTCGG-2,9.0,1.0,0.0,0.0,0.0,0.0,0.0
TTTGTGGCATTGGGAG-3,37.0,0.15830411656991292,,,0.21353305020503288,0.2890839998065646,0.33907883341848966
ACATCATCATCATGTG-2,9.0,0.0,0.0,0.0,0.0,0.0,1.0
AACCGCTCAGGAACTG-2,2.0,0.0,0.0,0.0,1.0,0.0,0.0
TAGTAAGCACCTAAGC-3,20.0,0.255116509861887,,,0.11378520411624034,0.3739473542312623,0.25715093179061016
GACCGAACAGGCTTGT-1,37.0,0.0,0.0,0.0,1.0,0.0,0.0
AGTTACATCCAACTGG-2,10.0,0.26490417044114983,0.0,0.0,0.1425309127782741,0.3402195170606928,0.2523453997198832
TCAAGTATCAAGACTC-1,14.0,0.0,0.0,0.0,1.0,0.0,0.0
GACTTACAGGTAAGGC-1,11.0,0.0,0.0,0.0,1.0,0.0,0.0
AGCTATATCGGCTATG-1,20.0,0.0,0.0,0.0,0.0,0.0,1.0
TTGTAAGTCATAGCCG-3,12.0,1.0,0.0,0.0,0.0,0.0,0.0
ATGGCTGTCATTACTC-2,21.0,0.36496857686394185,0.0,0.0,0.2425919314203312,0.14718681699163197,0.24525267472409484
CCCTGGACAAACATAG-2,3.0,0.2510908928836586,0.0,0.0,0.23769248350866462,0.29944475183729763,0.2117718717703792
GTACAATGTACTGAAT-1,16.0,0.0,0.0,0.0,0.0,0.0,1.0
GATTAAGCAGAGGGAG-3,14.0,0.25490642483705084,,,0.203860627012991,0.27543380527416844,0.2657991428757897
GTTTGTCGTTTCCGGC-3,14.0,0.25490642483705084,,,0.203860627012991,0.27543380527416844,0.2657991428757897
CTAACCACATCCTAGA-3,3.0,0.2510908928836586,,,0.23769248350866462,0.29944475183729763,0.2117718717703792
TCGTAATCACTTAGGC-3,23.0,0.2890753295347951,,,0.21326803108883835,0.2250748294409998,0.2725818099353668
GTAGTTTCAATGCCTA-1,4.0,0.0,0.0,0.0,1.0,0.0,0.0
TCTAAGGGTGTTGTAG-2,9.0,0.0,0.0,0.0,1.0,0.0,0.0
TATCCGGAGGTCCACA-2,1.0,0.0,0.0,0.0,1.0,0.0,0.0
CTGTTTAGTGAACAAA-3,17.0,0.28041555117654665,,,0.21377517180417943,0.21373583317818393,0.29207344384108996
TAGTTGTCATTATGCG-3,15.0,1.0,0.0,0.0,0.0,0.0,0.0
AAACCGAAGTTAGCTA-3,26.0,1.0,0.0,0.0,0.0,0.0,0.0
TGCTGGATCTCTAGCC-1,16.0,0.0,0.0,0.0,1.0,0.0,0.0
AGCCTGGGTTGGCGTG-2,3.0,1.0,0.0,0.0,0.0,0.0,0.0
CCAAACCCACGAATTT-2,32.0,0.23501474983514806,,,0.36169219852304807,0.23220664506324848,0.1710864065785554
CTGGATGTCAGGAACA-2,9.0,0.0,0.0,0.0,0.0,0.0,1.0
GGATGTAAGTTCCTCA-2,38.0,0.19027885726034566,,,0.23574107619489226,0.2789089395946002,0.2950711269501618
TGCTTCCAGCTTAGTA-1,17.0,0.0,0.0,0.0,1.0,0.0,0.0
TTTAGGATCAGTATTG-1,13.0,0.0,0.0,0.0,1.0,0.0,0.0
CCCGTAAAGTTATGTG-2,32.0,1.0,0.0,0.0,0.0,0.0,0.0
AATTGGACATAGACTT-1,24.0,1.0,0.0,0.0,0.0,0.0,0.0
CTTCTCAAGGGACGCA-3,31.0,0.0,0.0,0.0,0.0,1.0,0.0
CCACAATAGGGTGAAC-3,4.0,1.0,0.0,0.0,0.0,0.0,0.0
CTTCAATTCAGGATGA-3,30.0,0.2305508875130836,0.0,0.0,0.30015485066475694,0.2562706347632869,0.21302362705887254
CTTCATCCAAGGTACG-3,27.0,0.2659503422898086,,,0.3090767064839525,0.2252336567198111,0.1997392945064278
CCGTTTGGTTTGGCTT-2,6.0,0.28619740144106137,0.0,0.0,0.20095345838278786,0.28595501190791156,0.2268941282682392
TAAGCCAGTTAGAGGG-3,21.0,1.0,0.0,0.0,0.0,0.0,0.0
ATTCAACCAATCCCTT-3,31.0,1.0,0.0,0.0,0.0,0.0,0.0
GCGGTTGGTTTGCGCC-2,1.0,0.0,0.0,0.0,0.0,1.0,0.0
TGGTCATAGCATTAGC-3,15.0,0.25404889456095253,,,0.3994002521455771,0.19749238598555172,0.14905846730791872
AAGCGGGTCGTTCACC-3,14.0,0.0,0.0,0.0,0.0,1.0,0.0
AGCTTAATCCTCACTA-3,11.0,0.26017380928088074,,,0.3107460265472086,0.2228172513789396,0.20626291279297101
GTTTGTTTCAGTGAAG-2,29.0,0.0,0.0,0.0,1.0,0.0,0.0
CATCAATCATAAGTTC-2,37.0,0.15830411656991292,0.0,0.0,0.21353305020503288,0.2890839998065646,0.33907883341848966
TCACATAAGCTAATCA-1,15.0,0.0,0.0,0.0,1.0,0.0,0.0
TATTCGTTCTTTAAGG-1,9.0,0.0,0.0,0.0,1.0,0.0,0.0
TCCTCAATCCTTGCGT-2,15.0,0.0,0.0,0.0,0.7282229965156795,0.0,0.27177700348432055
TTGCACACATAAGTCT-2,28.0,0.0,0.0,0.0,0.0,0.0,1.0
TATGACTCACAACAGG-2,12.0,1.0,0.0,0.0,0.0,0.0,0.0
TCAGCAAGTGGTTCTT-2,1.0,0.2431277739439729,0.0,0.0,0.27520525106868904,0.22514867316661977,0.2565183018207184
GCACGCTAGGTTACGT-1,32.0,0.0,0.0,0.0,1.0,0.0,0.0
AACAAGCCATTGACAT-3,1.0,1.0,0.0,0.0,0.0,0.0,0.0
GATCGCTCATTCCTCG-3,8.0,0.22347106138460127,,,0.25914442347718897,0.16517053432406306,0.3522139808141467
GTTCCTTCACTTACAG-3,38.0,0.0,0.0,0.0,0.0,1.0,0.0
CACCTGTTCTCCTCAA-3,35.0,0.2399263636153897,,,0.17564806529159285,0.22166609309080135,0.362759478002216
ATGCATTCAGTTAAAG-1,3.0,0.0,0.0,0.0,1.0,0.0,0.0
TGGTTCCTCTTGTTCG-2,21.0,0.36496857686394185,,,0.2425919314203312,0.14718681699163197,0.24525267472409484
CAACAGGCACTGACTA-3,22.0,0.22299113408910365,0.0,0.0,0.2286831626631811,0.3006206801642622,0.24770502308345307
CAAGGCTGTATTGAGT-2,33.0,0.25254537146409556,0.0,0.0,0.23028304051452006,0.2665285948922042,0.25064299312918015
GGATTATGTTTGAGGC-1,27.0,0.0,0.0,0.0,1.0,0.0,0.0
AGGTTACTCCGGTTGA-2,25.0,0.0,0.0,0.0,0.0,0.0,1.0
GCGAAGCCAATTTAGC-2,4.0,1.0,0.0,0.0,0.0,0.0,0.0
AGCAGGTAGCTGTCAG-2,5.0,0.0,0.0,0.0,1.0,0.0,0.0
TTGACTAAGAAGCTAG-2,10.0,0.0,0.0,0.0,1.0,0.0,0.0
TCATAACCACAATTAC-2,25.0,0.25294349983189635,0.0,0.0,0.22563202807869934,0.20762681900387653,0.31379765308552765
CTACGAAGTCATCCTG-3,13.0,0.2379245460670892,,,0.33034621848395457,0.2084468038321267,0.22328243161682945
GTCCTAGAGTTCCTGC-1,35.0,0.0,0.0,0.0,1.0,0.0,0.0
GCAAGTCGTTGAGGTC-1,26.0,0.0,0.0,0.0,1.0,0.0,0.0
TGCACTTGTAGGATCC-1,1.0,0.0,0.0,0.0,1.0,0.0,0.0
CGCATGATCCCTGGAA-2,27.0,0.0,0.0,0.0,1.0,0.0,0.0
AGGATGCAGCCACATG-1,1.0,0.0,0.0,0.0,1.0,0.0,0.0
TTGGGTTAGTAACGAG-1,16.0,0.0,0.0,0.0,1.0,0.0,0.0
GATTAAGCATATAACC-3,36.0,0.0,0.0,0.0,0.0,1.0,0.0
GGTCCTGCATAATGTC-2,7.0,0.23707317196827163,0.0,0.0,0.3805360488007793,0.2041805565917011,0.17821022263924788
ACAGGCTGTTGTCATC-3,22.0,0.0,0.0,0.0,0.0,1.0,0.0
CTTCAGGAGACAACAG-1,6.0,0.0,0.0,0.0,1.0,0.0,0.0
GTAGTTTCAGTGAACG-2,15.0,0.0,0.0,0.0,1.0,0.0,0.0
AATCGCCCAGTTATGT-2,2.0,0.30594862358424835,0.0,0.0,0.0,0.32597489270457897,0.3680764837111727
CACTAGCCACTGACCG-1,6.0,0.0,0.0,0.0,1.0,0.0,0.0
GGCAGGATCAGGAACA-3,4.0,0.2789549502429366,,,0.1885732419812842,0.21961014244052887,0.31286166533525034
GTTAAGCTCATGTCAA-3,23.0,0.2890753295347951,,,0.21326803108883835,0.2250748294409998,0.2725818099353668
GAGTGATCAACTAGGG-3,16.0,0.19281102196304184,,,0.24608965471250854,0.23107341591095565,0.33002590741349397
AAGCCTTAGTAATCCA-1,29.0,0.0,0.0,0.0,1.0,0.0,0.0
GCTAAGAAGTAGGATG-2,37.0,0.0,0.0,0.0,0.0,1.0,0.0
GGCTAGTGTGCTCCAC-3,31.0,0.24483511612846504,,,0.34550975661796685,0.2764681959007302,0.13318693135283804
ATTACGTCAGTTTCTC-3,4.0,0.0,0.0,0.0,0.0,1.0,0.0
ATCACTAAGCGATACT-2,11.0,0.26017380928088074,0.0,0.0,0.3107460265472086,0.2228172513789396,0.20626291279297101
TGCTCACTCCCTCAGT-3,1.0,0.2431277739439729,,,0.27520525106868904,0.22514867316661977,0.2565183018207184
GAGGTGAGTCCGGTTC-2,10.0,1.0,0.0,0.0,0.0,0.0,0.0
TCGGTTACATTGCGTA-1,24.0,0.0,0.0,0.0,1.0,0.0,0.0
AGTATAGCATAGGCGA-2,14.0,0.25490642483705084,0.0,0.0,0.203860627012991,0.27543380527416844,0.2657991428757897
TTGTCCGGTACGGTAC-2,5.0,0.0,0.0,0.0,1.0,0.0,0.0
AAGCTTGGTCATAAGT-1,5.0,0.0,0.0,0.0,1.0,0.0,0.0
CTTCTAAGTGGACATC-1,15.0,0.0,0.0,0.0,1.0,0.0,0.0
AATTCGTCAGTTTCTC-2,11.0,1.0,0.0,0.0,0.0,0.0,0.0
GAGGTTAAGTCTCACC-3,21.0,0.36496857686394185,,,0.2425919314203312,0.14718681699163197,0.24525267472409484
CCTCCTGAGCAAGGGT-2,25.0,0.0,0.0,0.0,0.4182788525683789,0.0,0.5817211474316211
TACCCGGCAGGACCTT-1,15.0,0.0,0.0,0.0,1.0,0.0,0.0
TGACTCCTCATGCTCC-1,1.0,0.0,0.0,0.0,1.0,0.0,0.0
GGGTTTGTCTGCAAGT-1,5.0,0.0,0.0,0.0,1.0,0.0,0.0
TCGTTTCCACCTAATG-1,1.0,0.0,0.0,0.0,1.0,0.0,0.0
CGTGCTTTCCTGATTT-3,38.0,0.19027885726034566,,,0.23574107619489226,0.2789089395946002,0.2950711269501618
CAGGCTGGTATTCGTC-1,11.0,0.0,0.0,0.0,1.0,0.0,0.0
GGTTTAATCTAGCTAA-1,12.0,0.0,0.0,0.0,1.0,0.0,0.0
ATTACGTCAGAGGCTA-1,7.0,0.0,0.0,0.0,1.0,0.0,0.0
CCCTCATAGGATTGCT-3,16.0,0.19281102196304184,,,0.24608965471250854,0.23107341591095565,0.33002590741349397
TTACCTGTCAAGTGTC-1,15.0,0.0,0.0,0.0,1.0,0.0,0.0
CAGCCAATCGAGGAAC-2,12.0,1.0,0.0,0.0,0.0,0.0,0.0
TACAGGTTCACACAGT-3,18.0,0.23638071763888321,,,0.28964209218552694,0.2590708442645409,0.21490634591104896
GTGCTCAAGTAAGTCC-1,16.0,0.0,0.0,0.0,1.0,0.0,0.0
TGTGAAACAGTTATGT-3,15.0,0.25404889456095253,,,0.3994002521455771,0.19749238598555172,0.14905846730791872
TTGCGAGTCCTAATTC-2,37.0,0.0,0.0,0.0,0.0,0.0,1.0
TACTAAGTCCCTCGCA-1,1.0,0.0,0.0,0.0,1.0,0.0,0.0
ATAGCATGTGGACCTG-2,12.0,0.22393288850727908,,,0.21148179656914845,0.3491266157595441,0.21545869916402838
CTTGCATGTTTCGCCA-2,11.0,0.0,0.0,0.0,0.0,0.0,1.0
TGCGGTTCACTGACTA-1,2.0,1.0,0.0,0.0,0.0,0.0,0.0
ATTGCAGGTCAAGTAT-3,1.0,0.0,0.0,0.0,0.0,1.0,0.0
TTGCATTTCCTCAGCT-1,23.0,0.0,0.0,0.0,1.0,0.0,0.0
CTATGAGGTGATTACG-2,35.0,0.2399263636153897,,,0.17564806529159285,0.22166609309080135,0.362759478002216
GGAACTAAGCCTGTGA-2,16.0,0.0,0.0,0.0,0.0,0.0,1.0
TAGGAGGGTGCCTCAC-1,15.0,0.0,0.0,0.0,1.0,0.0,0.0
AGCGTGCTCGCCTGTT-2,28.0,0.0,0.0,0.0,0.0,0.0,1.0
GATCGCTCACGTGCTG-2,35.0,0.0,0.0,0.0,0.0,0.0,1.0
ACGCAAGCAATAGCCC-3,1.0,0.2431277739439729,,,0.27520525106868904,0.22514867316661977,0.2565183018207184
CTGCTCCCAAACAACA-3,2.0,0.21079074246169519,,,0.3110256879333526,0.2245883274521365,0.25359524215281576
CAGGGTGAGATGGAGC-2,19.0,0.28880190709864184,,,0.19477936981053914,0.2980900086334725,0.21832871445734645
CGTAACCCAGCTACGT-3,25.0,0.25294349983189635,,,0.22563202807869934,0.20762681900387653,0.31379765308552765
CTAGTAATCACACAGT-2,19.0,0.28880190709864184,0.0,0.0,0.19477936981053914,0.2980900086334725,0.21832871445734645
CAGCATGTCTTGCATT-3,12.0,0.0,0.0,0.0,0.0,1.0,0.0
AATTGGGAGGCCGGAA-3,33.0,0.25254537146409556,0.0,0.0,0.23028304051452006,0.2665285948922042,0.25064299312918015
GTCCATTGTATTCGTC-3,8.0,0.22347106138460127,,,0.25914442347718897,0.16517053432406306,0.3522139808141467
GATTAGCTCGGTCAAT-1,19.0,0.0,0.0,0.0,1.0,0.0,0.0
CAATGTCAGTTTAACG-3,6.0,1.0,0.0,0.0,0.0,0.0,0.0
GTGCTTACAAATGCCC-3,1.0,1.0,0.0,0.0,0.0,0.0,0.0
TTCAACCGTCATTAGG-3,16.0,0.19281102196304184,,,0.24608965471250854,0.23107341591095565,0.33002590741349397
ATGTCAATCAAGCTTA-2,15.0,0.0,0.0,0.0,1.0,0.0,0.0
TCCGGTTTCACCATTT-3,28.0,0.24355764626440804,,,0.2713230524219713,0.21916108471229478,0.2659582166013259
TCGGTTACAAATACCT-2,10.0,0.0,0.0,0.0,0.0,1.0,0.0
AAACGGATCTTTAAGG-1,4.0,0.0,0.0,0.0,0.0,0.0,1.0
GCGGATACATTTGCTC-2,36.0,0.2461747580345537,,,0.1850283944180879,0.27103139859455855,0.2977654489527998
CTTAGTTTCCGGTTGA-3,17.0,0.0,0.0,0.0,0.0,1.0,0.0
GAACCAAAGGAATAAC-1,6.0,0.0,0.0,0.0,1.0,0.0,0.0
GGTGAGGTCCTAATTC-2,18.0,0.0,0.0,0.0,0.0,1.0,0.0
GTATCGCCAAGATTCT-2,4.0,0.0,0.0,0.0,1.0,0.0,0.0
GACTCACCAAGGGTTG-1,2.0,0.0,0.0,0.0,1.0,0.0,0.0
CTTAATGAGGTAACGA-3,32.0,0.0,0.0,0.0,0.0,1.0,0.0
AACATAGCACTGGCTG-2,9.0,0.25657805136510725,0.0,0.0,0.19608879238864382,0.26842478255731234,0.2789083736889367
GATTGGTTCGTCCTTA-2,15.0,0.25404889456095253,0.0,0.0,0.3994002521455771,0.19749238598555172,0.14905846730791872
GTGGATGCAACAACAA-2,3.0,0.2510908928836586,,,0.23769248350866462,0.29944475183729763,0.2117718717703792
GGAACGGTCATTGTTC-1,4.0,1.0,0.0,0.0,0.0,0.0,0.0
TGGGCCTAGCATTATG-2,33.0,0.0,0.0,0.0,1.0,0.0,0.0
CACGCTAAGGTTTACA-1,15.0,1.0,0.0,0.0,0.0,0.0,0.0
AGAACCAAGAGGAGGA-1,3.0,1.0,0.0,0.0,0.0,0.0,0.0
AGGTCTTAGAATGACG-2,15.0,0.0,0.0,0.0,1.0,0.0,0.0
TGTGTGAGTAATGACT-2,7.0,0.23707317196827163,,,0.3805360488007793,0.2041805565917011,0.17821022263924788
TATCACAAGTTAGCCG-2,3.0,0.0,0.0,0.0,1.0,0.0,0.0
CTTACCGGTTTAAAGC-2,21.0,0.0,0.0,0.0,1.0,0.0,0.0
AGTTACTCAGTCTATG-1,24.0,1.0,0.0,0.0,0.0,0.0,0.0
TTTGTGGCATAGCAGG-3,28.0,0.24355764626440804,,,0.2713230524219713,0.21916108471229478,0.2659582166013259
GCTCTGGCATTAAGCT-2,12.0,0.22393288850727908,0.0,0.0,0.21148179656914845,0.3491266157595441,0.21545869916402838
TACCCGGCACATAACT-1,1.0,0.0,0.0,0.0,1.0,0.0,0.0
TAGCGGACATGAATCT-3,37.0,0.0,0.0,0.0,0.0,1.0,0.0
GCTAACCCAGTTTCTC-1,16.0,0.0,0.0,0.0,1.0,0.0,0.0
CGTACGGGTCATGCAA-3,31.0,1.0,0.0,0.0,0.0,0.0,0.0
TGGCTATAGGTCCAAT-1,8.0,0.0,0.0,0.0,0.0,0.0,1.0
TAGTTTGAGTATTGGC-3,22.0,0.22299113408910365,0.0,0.0,0.2286831626631811,0.3006206801642622,0.24770502308345307
AAGACCAAGCTATTGA-1,27.0,0.0,0.0,0.0,0.0,0.0,1.0
GTTGTGAGTGGAAGGC-3,33.0,1.0,0.0,0.0,0.0,0.0,0.0
TACTTCGTCCTTTACG-1,16.0,0.0,0.0,0.0,1.0,0.0,0.0
CCTCAGTTCAGTGAAG-2,4.0,0.0,0.0,0.0,1.0,0.0,0.0
TGAGGTGCACAACCTA-1,27.0,0.0,0.0,0.0,1.0,0.0,0.0
GCGGATACAAGACTCC-1,28.0,0.0,0.0,0.0,1.0,0.0,0.0
ATTTGTGAGAGGAGTC-2,16.0,0.19281102196304184,0.0,0.0,0.24608965471250854,0.23107341591095565,0.33002590741349397
TTCGTGCTCAAGGACA-3,21.0,1.0,0.0,0.0,0.0,0.0,0.0
AAGACCAAGGCGAAAC-2,10.0,1.0,0.0,0.0,0.0,0.0,0.0
ACAAAGGTCCTTAGTT-2,17.0,0.0,0.0,0.0,1.0,0.0,0.0
GCTTAAATCCATAATG-2,19.0,0.0,0.0,0.0,0.0,0.0,1.0
ACCCAACCAGCATGAG-1,15.0,0.0,0.0,0.0,1.0,0.0,0.0
AAGCAAGTCTTGTTCG-3,6.0,0.28619740144106137,,,0.20095345838278786,0.28595501190791156,0.2268941282682392
TTGCAAGGTAGTTGGC-2,31.0,1.0,0.0,0.0,0.0,0.0,0.0
AGCTACTAGTCAGGCC-2,15.0,0.0,0.0,0.0,1.0,0.0,0.0
CCGTTATGTAATGGAA-3,35.0,1.0,0.0,0.0,0.0,0.0,0.0
GCGCAAACATAGCGGA-2,11.0,1.0,0.0,0.0,0.0,0.0,0.0
GGTACCGGTGATGATT-1,14.0,0.0,0.0,0.0,1.0,0.0,0.0
AAATGGCCAGCCAGTT-3,4.0,0.2789549502429366,,,0.1885732419812842,0.21961014244052887,0.31286166533525034
CATTATCTCAGCAAGA-2,33.0,0.0,0.0,0.0,1.0,0.0,0.0
GCTAACAGTTAGTTGG-3,28.0,1.0,0.0,0.0,0.0,0.0,0.0
TCTTGACGTCTTGCAT-1,8.0,0.0,0.0,0.0,0.0,0.0,1.0
GTATGTGGTTGCTTCG-3,14.0,1.0,0.0,0.0,0.0,0.0,0.0
GAAGTGATCGGCCAGT-3,31.0,1.0,0.0,0.0,0.0,0.0,0.0
ATGTCAATCTGTTGCC-3,8.0,0.22347106138460127,0.0,0.0,0.25914442347718897,0.16517053432406306,0.3522139808141467
TGTATCGCATGAGTTT-1,12.0,0.0,0.0,0.0,0.0,0.0,1.0
GTTGGCCAGTAAGGGC-1,5.0,0.0,0.0,0.0,1.0,0.0,0.0
GTAATAGCACAGCCAT-1,32.0,0.0,0.0,0.0,1.0,0.0,0.0
CAGCATGTCAATCATG-3,20.0,0.255116509861887,,,0.11378520411624034,0.3739473542312623,0.25715093179061016
GGACATAAGTAGCTTA-3,32.0,0.23501474983514806,,,0.36169219852304807,0.23220664506324848,0.1710864065785554
AGCAAGGGTTTAGCTC-3,5.0,1.0,0.0,0.0,0.0,0.0,0.0
CTCTGTTCACCGGCTA-3,27.0,0.2659503422898086,,,0.3090767064839525,0.2252336567198111,0.1997392945064278
CCTGGATCATGTTGTG-2,27.0,0.2659503422898086,,,0.3090767064839525,0.2252336567198111,0.1997392945064278
CGTAATGGTTAACAGT-2,14.0,0.0,0.0,0.0,1.0,0.0,0.0
GCCACAATCCTAGTCC-2,13.0,0.2379245460670892,0.0,0.0,0.33034621848395457,0.2084468038321267,0.22328243161682945
TATAGCTCATCGCTTT-3,36.0,1.0,0.0,0.0,0.0,0.0,0.0
GGGCGAATCGTTAAGC-1,15.0,1.0,0.0,0.0,0.0,0.0,0.0
ACCATTAAGAGGAAGG-3,20.0,1.0,0.0,0.0,0.0,0.0,0.0
TCCCGTTAGGAAACTG-2,9.0,0.25657805136510725,0.0,0.0,0.19608879238864382,0.26842478255731234,0.2789083736889367
CGTTAAATCCTTAATC-1,19.0,0.0,0.0,0.0,1.0,0.0,0.0
AAACGTACAATTAAGG-1,3.0,0.0,0.0,0.0,0.0,0.0,1.0
AGTGAACCAGTTGCGT-2,13.0,0.2379245460670892,0.0,0.0,0.33034621848395457,0.2084468038321267,0.22328243161682945
GACGTAAAGCTGGACC-3,17.0,0.28041555117654665,,,0.21377517180417943,0.21373583317818393,0.29207344384108996
TGATGAACAGGACACA-1,6.0,0.0,0.0,0.0,1.0,0.0,0.0
ACTTATCTCATAACCA-1,30.0,0.0,0.0,0.0,1.0,0.0,0.0
TATTAGCCAGGCCTTG-2,37.0,0.0,0.0,0.0,0.0,0.0,1.0
GATTGGCGTTCCTGAT-1,31.0,1.0,0.0,0.0,0.0,0.0,0.0
AAAGGCTCAGGGAGGA-3,21.0,0.0,0.0,0.0,0.0,0.0,1.0
CGACTAAGTTGAAGCC-3,16.0,0.0,0.0,0.0,0.0,1.0,0.0
TTTGTGAAGGTCGATT-1,25.0,1.0,0.0,0.0,0.0,0.0,0.0
TTTCCGGGTATGGTGC-3,15.0,0.25404889456095253,,,0.3994002521455771,0.19749238598555172,0.14905846730791872
GATAAAGGTTGCAATG-3,32.0,1.0,0.0,0.0,0.0,0.0,0.0
CTTACCGGTACTGAAT-1,11.0,0.0,0.0,0.0,1.0,0.0,0.0
TCCACAACAGTAGCCT-2,2.0,0.21079074246169519,,,0.3110256879333526,0.2245883274521365,0.25359524215281576
CGGTTGGGTGATGAGG-1,29.0,0.0,0.0,0.0,1.0,0.0,0.0
AGAGAAGCAATAGCAA-3,16.0,0.25574794558564723,0.0,0.0,0.0,0.3064998608327089,0.43775219358164397
TTAACCAAGCAGCTCA-1,26.0,1.0,0.0,0.0,0.0,0.0,0.0
TTATGCGCATTAAGCT-2,1.0,0.0,0.0,0.0,1.0,0.0,0.0
TCGTTAAAGTTCCTGC-2,12.0,1.0,0.0,0.0,0.0,0.0,0.0
TTAACCAAGCTTATGA-2,33.0,1.0,0.0,0.0,0.0,0.0,0.0
GCGATTTAGCGATAAG-3,34.0,0.0,0.0,0.0,0.0,0.0,1.0
CTAATTGAGCCGGTAC-1,25.0,0.0,0.0,0.0,0.0,0.0,1.0
CATCACACAGTGAACG-2,27.0,0.0,0.0,0.0,1.0,0.0,0.0
GCGCTTAAGCTCCCTG-3,30.0,0.0,0.0,0.0,0.0,1.0,0.0
AGCCGCTAGTCAATCA-2,29.0,0.0,0.0,0.0,0.0,0.0,1.0
GTCAGGCTCATAAGCC-1,3.0,0.0,0.0,0.0,1.0,0.0,0.0
AGCAATTGTTATCCTA-3,36.0,0.2461747580345537,,,0.1850283944180879,0.27103139859455855,0.2977654489527998
GAGTGAGGTCGTTACT-3,24.0,1.0,0.0,0.0,0.0,0.0,0.0
GTCTTTAGTGTGCAAC-2,15.0,0.25404889456095253,0.0,0.0,0.3994002521455771,0.19749238598555172,0.14905846730791872
GTCCATTGTTCCAGGG-1,16.0,0.0,0.0,0.0,1.0,0.0,0.0
GGATTCAGTTTATCGC-1,3.0,0.0,0.0,0.0,1.0,0.0,0.0
GCTTTGTGTTAGGCTA-3,3.0,0.32938268015426625,0.0,0.0,0.0,0.3928135894757391,0.2778037303699947
TAAGGACCAAACAACA-3,23.0,0.2890753295347951,,,0.21326803108883835,0.2250748294409998,0.2725818099353668
AACCTCCTCATCCTCA-3,37.0,1.0,0.0,0.0,0.0,0.0,0.0
ATAGCATGTGAGCGAA-3,6.0,0.0,0.0,0.0,0.0,1.0,0.0
CTATAACCATAAAGCA-3,10.0,0.26490417044114983,0.0,0.0,0.1425309127782741,0.3402195170606928,0.2523453997198832
TTGTTTGGTTTACCGT-1,11.0,1.0,0.0,0.0,0.0,0.0,0.0
TTGCTTAGTAGGATTT-3,22.0,1.0,0.0,0.0,0.0,0.0,0.0
TTGCGTCTCCGGTTAG-3,14.0,0.25490642483705084,0.0,0.0,0.203860627012991,0.27543380527416844,0.2657991428757897
CTACTAAAGTCACCAG-3,9.0,0.0,0.0,0.0,0.0,1.0,0.0
ACGCCTTTCTAATCAG-3,31.0,0.24483511612846504,,,0.34550975661796685,0.2764681959007302,0.13318693135283804
CCCATAACAGAAATTG-1,14.0,0.0,0.0,0.0,1.0,0.0,0.0
ATTGTCCGTGTTTCAC-1,1.0,0.0,0.0,0.0,1.0,0.0,0.0
AATGGCGCACATACTG-1,19.0,0.0,0.0,0.0,1.0,0.0,0.0
TTGGCTTGTTTAGCTC-1,4.0,0.0,0.0,0.0,0.0,0.0,1.0
TCGCATTGTTCCGGCT-3,25.0,1.0,0.0,0.0,0.0,0.0,0.0
TTGTTCCCAAAGGTAC-1,11.0,1.0,0.0,0.0,0.0,0.0,0.0
AACCGCTCAGCTAACC-3,6.0,1.0,0.0,0.0,0.0,0.0,0.0
CTGCTATGTTCAAGCA-1,29.0,0.0,0.0,0.0,1.0,0.0,0.0
GCTAAGTTCCAACTGG-3,26.0,1.0,0.0,0.0,0.0,0.0,0.0
TTTGTTGGTAGCTGGT-3,18.0,0.23638071763888321,,,0.28964209218552694,0.2590708442645409,0.21490634591104896
GCGCAATGTGGATTAT-1,26.0,0.0,0.0,0.0,1.0,0.0,0.0
TGAAGGATCTTGCTAT-3,9.0,0.25657805136510725,,,0.19608879238864382,0.26842478255731234,0.2789083736889367
CTAACCTGTGATGGCT-3,5.0,0.25007613426230707,,,0.2764713286099489,0.24316603374735998,0.23028650338038426
TGAACAACAATGCCTA-2,13.0,0.0,0.0,0.0,1.0,0.0,0.0
AATGAAGGTCATGCCC-3,6.0,0.28619740144106137,,,0.20095345838278786,0.28595501190791156,0.2268941282682392
TACAATGTCATGCTCC-3,11.0,0.26017380928088074,,,0.3107460265472086,0.2228172513789396,0.20626291279297101
CCTAAAGGTGTGAGGA-2,6.0,0.0,0.0,0.0,1.0,0.0,0.0
CTTGTCCAGCATGGTT-2,3.0,0.0,0.0,0.0,0.0,0.0,1.0
ACGTTACAGCTCAATA-2,14.0,0.25490642483705084,0.0,0.0,0.203860627012991,0.27543380527416844,0.2657991428757897
CTTTCTTGTAGGTGTC-3,2.0,1.0,0.0,0.0,0.0,0.0,0.0
TCGCTAACAGCGCTTG-3,7.0,0.23707317196827163,,,0.3805360488007793,0.2041805565917011,0.17821022263924788
CCTCAGTTCATGCAAC-2,38.0,0.0,0.0,0.0,1.0,0.0,0.0
CTATTCAGTTGGTTCT-3,13.0,0.2379245460670892,,,0.33034621848395457,0.2084468038321267,0.22328243161682945
AGGATTGAGGCTAGAA-3,14.0,0.0,0.0,0.0,0.0,1.0,0.0
CCAGCCTGTAGTTAAC-1,2.0,0.0,0.0,0.0,1.0,0.0,0.0
GCAATAGAGCGTGCGT-1,34.0,0.0,0.0,0.0,1.0,0.0,0.0
AGTAAACAGTAGCCAT-3,23.0,0.2890753295347951,,,0.21326803108883835,0.2250748294409998,0.2725818099353668
CGATCCTTCAACCAAC-1,5.0,0.0,0.0,0.0,0.0,0.0,1.0
TAGTTTGAGGCAAGTA-2,17.0,0.0,0.0,0.0,0.0,0.0,1.0
CAAGAACCAATTAGGA-3,7.0,0.23707317196827163,,,0.3805360488007793,0.2041805565917011,0.17821022263924788
CAAACGCGTCGTTACT-3,2.0,0.0,0.0,0.0,0.0,0.0,1.0
CATGAGGCACTAAGAA-1,24.0,0.0,0.0,0.0,1.0,0.0,0.0
AGAGGAACAACTAGAA-3,13.0,0.0,0.0,0.0,0.0,1.0,0.0
CATCGCTTCGTTTCCA-3,14.0,0.25490642483705084,0.0,0.0,0.203860627012991,0.27543380527416844,0.2657991428757897
GGTTGCGGTTCCGGGA-3,1.0,0.2431277739439729,,,0.27520525106868904,0.22514867316661977,0.2565183018207184
GAAGTAAGTTAGGACC-1,1.0,0.0,0.0,0.0,1.0,0.0,0.0
GTTTCTAGTAAAGCGG-2,3.0,0.2510908928836586,0.0,0.0,0.23769248350866462,0.29944475183729763,0.2117718717703792
GATTATGTCCTAATTC-3,38.0,1.0,0.0,0.0,0.0,0.0,0.0
CGCTTACTCTCACTCA-2,27.0,0.0,0.0,0.0,0.0,0.0,1.0
CGATTCCTCCATTACT-3,23.0,1.0,0.0,0.0,0.0,0.0,0.0
TCATGCCTCGGCTAGC-1,33.0,0.0,0.0,0.0,1.0,0.0,0.0
CGGTGAACAATTGACT-2,2.0,0.0,0.0,0.0,0.0,0.0,1.0
TGAGGAGGTCACAGAC-2,19.0,0.28880190709864184,0.0,0.0,0.19477936981053914,0.2980900086334725,0.21832871445734645
ACTTGTCGTTAGCTGA-3,1.0,0.2431277739439729,,,0.27520525106868904,0.22514867316661977,0.2565183018207184
CGTAACCCAGCCTGCA-3,2.0,0.0,0.0,0.0,0.0,1.0,0.0
TCGTTATTCATGCGTG-2,4.0,0.2789549502429366,0.0,0.0,0.1885732419812842,0.21961014244052887,0.31286166533525034
TGGTCCTTCACAGACT-2,1.0,0.2431277739439729,0.0,0.0,0.27520525106868904,0.22514867316661977,0.2565183018207184
ACAGGTAAGAGCCGGA-2,4.0,0.0,0.0,0.0,1.0,0.0,0.0
GCTTTATTCATTACGA-3,14.0,1.0,0.0,0.0,0.0,0.0,0.0
CTGACATAGACAGGTA-3,3.0,0.0,0.0,0.0,0.0,1.0,0.0
GCCTCAAAGACAAGTG-3,29.0,0.31074906515307005,,,0.233016360882147,0.22003051032240445,0.2362040636423785
CGAAATGAGCTGTACG-2,7.0,0.0,0.0,0.0,1.0,0.0,0.0
AGTTGTCAGACAACGA-3,31.0,1.0,0.0,0.0,0.0,0.0,0.0
GCTGTGATCACTTTAC-2,23.0,0.0,0.0,0.0,0.0,0.0,1.0
CTGTATTTCCTAATGA-3,13.0,0.2379245460670892,,,0.33034621848395457,0.2084468038321267,0.22328243161682945
TTGCCCGTCCCGTTTA-3,19.0,0.0,0.0,0.0,0.0,1.0,0.0
AGAGAGGAGAGGATAT-2,37.0,0.0,0.0,0.0,1.0,0.0,0.0
TGGCGGTTCGCTTGCT-3,25.0,0.25294349983189635,,,0.22563202807869934,0.20762681900387653,0.31379765308552765
TGTAATGTCCTTTACG-3,2.0,0.21079074246169519,0.0,0.0,0.3110256879333526,0.2245883274521365,0.25359524215281576
TCAGGAGCATAGCGAG-1,23.0,0.0,0.0,0.0,1.0,0.0,0.0
GGGTTACGTCGTTACT-1,17.0,0.0,0.0,0.0,1.0,0.0,0.0
GTTGCCCGTGGTGAGA-3,4.0,0.2789549502429366,,,0.1885732419812842,0.21961014244052887,0.31286166533525034
AGTGCACGTTTGGCGG-1,24.0,0.0,0.0,0.0,1.0,0.0,0.0
TTCCACGGTTAGCGTA-1,28.0,1.0,0.0,0.0,0.0,0.0,0.0
ACCCGCTGTTCAAGCA-1,25.0,0.0,0.0,0.0,1.0,0.0,0.0
CAGGGCTTCATGGCCA-3,31.0,0.24483511612846504,,,0.34550975661796685,0.2764681959007302,0.13318693135283804
ACTTCGCTCACAGGAA-1,2.0,1.0,0.0,0.0,0.0,0.0,0.0
TGTTCCTCACTGACCG-2,34.0,1.0,0.0,0.0,0.0,0.0,0.0
ATTGGTTCAGACAAAC-1,23.0,1.0,0.0,0.0,0.0,0.0,0.0
CCAGGAACAAGTGTTT-2,1.0,0.2431277739439729,,,0.27520525106868904,0.22514867316661977,0.2565183018207184
GAGGCTTGTAGGTTTG-3,25.0,0.25294349983189635,,,0.22563202807869934,0.20762681900387653,0.31379765308552765
ATTGCACAGCTTCTCA-1,5.0,0.0,0.0,0.0,1.0,0.0,0.0
CGGAGTCTCACAGGAA-2,23.0,0.0,0.0,0.0,0.0,1.0,0.0
CCTGAGTCAAGCCAGA-1,14.0,0.0,0.0,0.0,1.0,0.0,0.0
TGTTATGAGTGGCGGA-2,24.0,0.21845905187174444,0.0,0.0,0.2480843926368116,0.19755649681913243,0.33590005867231154
CGCACAATCAACAAGG-2,14.0,0.0,0.0,0.0,0.0,0.0,1.0
AAGTAGCCATGTCAAT-2,18.0,1.0,0.0,0.0,0.0,0.0,0.0
GGTTGGTGTAGCCTCC-2,6.0,1.0,0.0,0.0,0.0,0.0,0.0
TACCTTAGTCCTTCTC-3,25.0,0.25294349983189635,,,0.22563202807869934,0.20762681900387653,0.31379765308552765
TTTGTGTTCCAAGTTA-3,35.0,0.0,0.0,0.0,0.0,0.0,1.0
TTAACCAAGTAACGAG-3,14.0,1.0,0.0,0.0,0.0,0.0,0.0
ACGAAGTCAGTTTCTC-3,6.0,1.0,0.0,0.0,0.0,0.0,0.0
TTTCTCACAAACCTAT-3,1.0,1.0,0.0,0.0,0.0,0.0,0.0
CTTATTGGTTAGCAGC-3,6.0,0.28619740144106137,0.0,0.0,0.20095345838278786,0.28595501190791156,0.2268941282682392
TGAGGGCCAGGCCAAA-1,15.0,0.0,0.0,0.0,1.0,0.0,0.0
GGATGGCCATTATGAC-1,14.0,0.0,0.0,0.0,1.0,0.0,0.0
AACTTAGTCGTAATCA-3,17.0,0.28041555117654665,,,0.21377517180417943,0.21373583317818393,0.29207344384108996
GCTAAGTTCATCCTAT-3,6.0,0.28619740144106137,,,0.20095345838278786,0.28595501190791156,0.2268941282682392
ATCAGGTTCGTACCGA-2,5.0,1.0,0.0,0.0,0.0,0.0,0.0
ATCAGGTTCGATTTAG-3,22.0,0.0,0.0,0.0,0.0,1.0,0.0
CTTTGGGAGTCACTCC-3,20.0,0.255116509861887,,,0.11378520411624034,0.3739473542312623,0.25715093179061016
GGAATCTTCTTGTCTG-2,7.0,1.0,0.0,0.0,0.0,0.0,0.0
TCGATTAAGCGGATAA-3,18.0,0.23638071763888321,,,0.28964209218552694,0.2590708442645409,0.21490634591104896
GATTAGCTCTAAATCG-2,10.0,0.26490417044114983,,,0.1425309127782741,0.3402195170606928,0.2523453997198832
TTTACGAAGCTTATGA-1,32.0,0.0,0.0,0.0,1.0,0.0,0.0
GAGAAACGTTTAGTCC-3,4.0,0.0,0.0,0.0,0.0,0.0,1.0
GAGAAACGTTTAACGG-2,33.0,0.25254537146409556,0.0,0.0,0.23028304051452006,0.2665285948922042,0.25064299312918015
TTTCACCCAATGAATG-2,15.0,0.0,0.0,0.0,1.0,0.0,0.0
CCGTTGCGTGAAGCCT-3,33.0,0.25254537146409556,,,0.23028304051452006,0.2665285948922042,0.25064299312918015
CCTGCTCCAGGTCCTG-1,11.0,0.0,0.0,0.0,0.0,0.0,1.0
CTAGCTTGTCTAACCT-3,8.0,0.0,0.0,0.0,0.0,0.0,1.0
AGCTAACTCGTTCACC-2,23.0,1.0,0.0,0.0,0.0,0.0,0.0
AATGCGCGTACCGAAC-1,16.0,0.0,0.0,0.0,1.0,0.0,0.0
ACTCCTCAGTCACGAT-3,15.0,0.25404889456095253,0.0,0.0,0.3994002521455771,0.19749238598555172,0.14905846730791872
AACAGATAGCACCACA-3,12.0,0.0,0.0,0.0,0.0,1.0,0.0
CGTTTGGAGCCGCTAA-1,15.0,0.0,0.0,0.0,1.0,0.0,0.0
TTGTGCGAGCCAGTAT-1,7.0,0.0,0.0,0.0,1.0,0.0,0.0
GAGGCAAGTTGTAACG-1,9.0,1.0,0.0,0.0,0.0,0.0,0.0
CGGGTATGTATTGGAT-2,3.0,0.0,0.0,0.0,1.0,0.0,0.0
TCATTACTCCTCAGCT-1,15.0,0.0,0.0,0.0,1.0,0.0,0.0
ATACCGGTCAGCATTA-1,28.0,1.0,0.0,0.0,0.0,0.0,0.0
GCTATTGCAACAGGAT-3,7.0,0.23707317196827163,,,0.3805360488007793,0.2041805565917011,0.17821022263924788
TGAGGCACAAGGCCAA-3,19.0,1.0,0.0,0.0,0.0,0.0,0.0
CCATTGTGTTGTAACG-1,4.0,1.0,0.0,0.0,0.0,0.0,0.0
CAGCTCAAGTTGGCCA-3,8.0,0.22347106138460127,,,0.25914442347718897,0.16517053432406306,0.3522139808141467
AAATCCGGTGCTGGTG-1,18.0,0.0,0.0,0.0,1.0,0.0,0.0
TAGCCGGGTTGTTGGA-1,9.0,1.0,0.0,0.0,0.0,0.0,0.0
GAAGGATGTTAGGTTG-2,8.0,1.0,0.0,0.0,0.0,0.0,0.0
AATTAGGCAGAATGAC-3,21.0,1.0,0.0,0.0,0.0,0.0,0.0
ACGCAAGCATAGCAGG-2,35.0,1.0,0.0,0.0,0.0,0.0,0.0
GTGCGCAGTGAAACAA-1,9.0,1.0,0.0,0.0,0.0,0.0,0.0
AAGGTATAGGCTTAAC-1,31.0,0.0,0.0,0.0,1.0,0.0,0.0
TCTGGCTTCAAGCTTA-2,19.0,0.0,0.0,0.0,0.0,0.0,1.0
TAGGTGCGTTTGGCTT-3,15.0,0.25404889456095253,,,0.3994002521455771,0.19749238598555172,0.14905846730791872
AAAGCTTGTATTGTGG-2,2.0,1.0,0.0,0.0,0.0,0.0,0.0
TGAGCAAAGTTAGACC-2,1.0,0.0,0.0,0.0,1.0,0.0,0.0
TGGGCCTAGCTGTAAC-1,6.0,0.0,0.0,0.0,1.0,0.0,0.0
ATAAGTCGTGCTCCAC-2,4.0,0.2789549502429366,0.0,0.0,0.1885732419812842,0.21961014244052887,0.31286166533525034
ACTCGCGCATCTTGAG-3,4.0,0.0,0.0,0.0,0.0,1.0,0.0
TTGCACACAGGTTCAC-3,21.0,1.0,0.0,0.0,0.0,0.0,0.0
TGGTTCTGTTGCATCT-1,31.0,0.0,0.0,0.0,1.0,0.0,0.0
TTCCTCAAGCACCACA-3,30.0,1.0,0.0,0.0,0.0,0.0,0.0
AGCGCTCAGTCTTGAA-3,18.0,0.23638071763888321,,,0.28964209218552694,0.2590708442645409,0.21490634591104896
TGCTTCCAGGCTGGCT-2,28.0,1.0,0.0,0.0,0.0,0.0,0.0
TAGGTGCGTTGGCCGA-2,1.0,0.2431277739439729,,,0.27520525106868904,0.22514867316661977,0.2565183018207184
GCATGAGCATGTTGCA-2,31.0,0.0,0.0,0.0,1.0,0.0,0.0
CGGGACAAGGGTCCAC-2,10.0,0.26490417044114983,,,0.1425309127782741,0.3402195170606928,0.2523453997198832
TTAGAAGCAAGGTCCT-2,7.0,0.23707317196827163,,,0.3805360488007793,0.2041805565917011,0.17821022263924788
ACTTGAATCTGTGCAG-1,12.0,0.0,0.0,0.0,1.0,0.0,0.0
AATGCATGTCCTTTAA-1,12.0,0.0,0.0,0.0,1.0,0.0,0.0
GGGTTACGTAGCTGGT-1,2.0,0.0,0.0,0.0,1.0,0.0,0.0
ATCCCGCGTTGTGATG-3,23.0,0.0,0.0,0.0,0.0,1.0,0.0
CAATGAACAATGAATG-2,16.0,0.19281102196304184,,,0.24608965471250854,0.23107341591095565,0.33002590741349397
TCGCCCATCTGGCATG-2,5.0,0.0,0.0,0.0,1.0,0.0,0.0
GATTGCAGTTCCATTA-3,4.0,1.0,0.0,0.0,0.0,0.0,0.0
AAACCGAAGCCTGAGC-2,16.0,0.19281102196304184,,,0.24608965471250854,0.23107341591095565,0.33002590741349397
CCTGAGTCATCAATCG-2,23.0,0.0,0.0,0.0,1.0,0.0,0.0
TGCAGGCTCTTAGCGG-2,10.0,1.0,0.0,0.0,0.0,0.0,0.0
GTTCTTAGTGATTACG-3,6.0,0.28619740144106137,,,0.20095345838278786,0.28595501190791156,0.2268941282682392
ATGCAGGCAGATAGAC-1,34.0,0.0,0.0,0.0,1.0,0.0,0.0
GGTCGGTTCGAGGTGG-2,37.0,0.0,0.0,0.0,0.0,1.0,0.0
CATGAGGCAGGGAGGA-1,1.0,0.0,0.0,0.0,1.0,0.0,0.0
ACGCCACAGAGAGGAG-3,13.0,0.2379245460670892,,,0.33034621848395457,0.2084468038321267,0.22328243161682945
GCGGTTGGTTTGCGCC-3,17.0,0.28041555117654665,,,0.21377517180417943,0.21373583317818393,0.29207344384108996
GTTACGCCAGGGAGGA-3,18.0,0.0,0.0,0.0,0.0,1.0,0.0
AACTGTTCAATGAATG-2,4.0,0.2789549502429366,0.0,0.0,0.1885732419812842,0.21961014244052887,0.31286166533525034
TGGTGCATCGCGACAC-1,25.0,0.0,0.0,0.0,1.0,0.0,0.0
GTCGGTTCACAAAGGT-2,1.0,0.0,0.0,0.0,0.0,1.0,0.0
TGCTCCGTCCACAATA-2,25.0,1.0,0.0,0.0,0.0,0.0,0.0
GAAGTATAGCGAAGTA-3,26.0,1.0,0.0,0.0,0.0,0.0,0.0
AATTGACGTTTACTTG-3,2.0,0.21079074246169519,,,0.3110256879333526,0.2245883274521365,0.25359524215281576
TTGCAATCAGCAACAG-3,12.0,1.0,0.0,0.0,0.0,0.0,0.0
GCAAACTTCATGGTTA-2,18.0,0.23638071763888321,,,0.28964209218552694,0.2590708442645409,0.21490634591104896
TTCAGTTTCTACTAAG-2,15.0,0.0,0.0,0.0,1.0,0.0,0.0
GTTCACCTCATGCATA-3,35.0,0.2399263636153897,,,0.17564806529159285,0.22166609309080135,0.362759478002216
CGATCCTTCATTGCGG-1,11.0,1.0,0.0,0.0,0.0,0.0,0.0
TGCAATATCATAAGCC-1,32.0,0.0,0.0,0.0,1.0,0.0,0.0
TCCAGGTCAGGGAGCT-1,7.0,1.0,0.0,0.0,0.0,0.0,0.0
GGTGAGTAGCATGTTA-2,14.0,0.0,0.0,0.0,0.0,0.0,1.0
ACCTCACTCAGGCCTA-1,15.0,0.0,0.0,0.0,0.0,0.0,1.0
TTCATTCAGCCTGATG-3,26.0,0.3005755128437196,,,0.19364293997678975,0.3106467509625101,0.19513479621698074
TATAGGTGTTTGGGCG-2,29.0,0.0,0.0,0.0,1.0,0.0,0.0
GCCTGTGCAGCCTGCA-3,17.0,0.0,0.0,0.0,0.0,0.0,1.0
CTTAATGAGGGACGCA-2,10.0,0.0,0.0,0.0,0.36095077943916737,0.0,0.6390492205608327
TCAGTGAGTCAGGCAT-1,1.0,0.0,0.0,0.0,1.0,0.0,0.0
CCTAAGCCAGAAACGT-2,31.0,0.24483511612846504,,,0.34550975661796685,0.2764681959007302,0.13318693135283804
GCTTTCATCCCGTTTA-2,4.0,0.0,0.0,0.0,0.0,0.0,1.0
TGTGCGCAGTAACGGA-1,36.0,0.0,0.0,0.0,1.0,0.0,0.0
CTATTCAGTCATCAAG-1,27.0,0.0,0.0,0.0,1.0,0.0,0.0
TAGGTGCGTTGTTGCT-3,24.0,0.21845905187174444,0.0,0.0,0.2480843926368116,0.19755649681913243,0.33590005867231154
ATGGTTATCGCTAGTG-3,2.0,0.21079074246169519,0.0,0.0,0.3110256879333526,0.2245883274521365,0.25359524215281576
GGTACTTAGTCACCAG-3,20.0,0.255116509861887,,,0.11378520411624034,0.3739473542312623,0.25715093179061016
ATGAGCCGTTACCTGT-2,18.0,1.0,0.0,0.0,0.0,0.0,0.0
CCGTTATGTTGCACAA-2,16.0,0.19281102196304184,0.0,0.0,0.24608965471250854,0.23107341591095565,0.33002590741349397
ACCAAGTTCAATAGCC-2,35.0,0.0,0.0,0.0,0.32623626373626374,0.0,0.6737637362637363
ACTTGTAAGCTCCTAC-2,33.0,0.3281016071581825,0.0,0.0,0.0,0.34626831539526715,0.3256300774465504
TTAAGCCAGTATTGGC-2,6.0,0.28619740144106137,,,0.20095345838278786,0.28595501190791156,0.2268941282682392
AACAGGATCCGTTAAA-1,32.0,0.0,0.0,0.0,1.0,0.0,0.0
ACTAGGCGTAAGCTCA-2,24.0,0.21845905187174444,,,0.2480843926368116,0.19755649681913243,0.33590005867231154
GGAATCTTCAAGCGCC-3,12.0,1.0,0.0,0.0,0.0,0.0,0.0
CTTCAATTCTAGCGTG-1,38.0,0.0,0.0,0.0,1.0,0.0,0.0
AGGATGCAGTAACGGA-3,5.0,0.0,0.0,0.0,0.0,1.0,0.0
CCATAATCAAAGCGCA-3,32.0,1.0,0.0,0.0,0.0,0.0,0.0
TCCTTAGTCAGGAACA-3,6.0,1.0,0.0,0.0,0.0,0.0,0.0
CCTACTGGTAATGGCC-2,5.0,0.0,0.0,0.0,1.0,0.0,0.0
GACGTAAAGGTTACAC-2,32.0,0.0,0.0,0.0,1.0,0.0,0.0
GGTTATATCATCACTT-1,5.0,0.0,0.0,0.0,1.0,0.0,0.0
ACGGGAAGTAGGTGTC-1,4.0,0.0,0.0,0.0,1.0,0.0,0.0
CATAGGTTCACGTTAA-2,25.0,0.25294349983189635,0.0,0.0,0.22563202807869934,0.20762681900387653,0.31379765308552765
GTATTGCAGCTAAAGG-2,7.0,0.23707317196827163,0.0,0.0,0.3805360488007793,0.2041805565917011,0.17821022263924788
GATCAAGAGCTTATGA-2,18.0,0.0,0.0,0.0,1.0,0.0,0.0
TCCTGGTTCCGGTATG-3,16.0,0.19281102196304184,,,0.24608965471250854,0.23107341591095565,0.33002590741349397
ACTATGTCACCCACAG-3,34.0,0.0,0.0,0.0,0.0,1.0,0.0
CTTATTGGTGCTTTAC-2,22.0,0.0,0.0,0.0,1.0,0.0,0.0
GTTTCTAGTTTACGTC-3,15.0,0.25404889456095253,,,0.3994002521455771,0.19749238598555172,0.14905846730791872
CGGGTATGTTTAACGG-2,25.0,0.0,0.0,0.0,0.0,1.0,0.0
TGCTGGATCTCACTAT-3,37.0,0.0,0.0,0.0,0.0,1.0,0.0
TACCTCATCTACTAAG-2,8.0,0.22347106138460127,0.0,0.0,0.25914442347718897,0.16517053432406306,0.3522139808141467
GCGATATTCTGTGAGT-2,17.0,0.0,0.0,0.0,0.0,0.0,1.0
GTTACGCCAACGTGCT-2,20.0,0.255116509861887,,,0.11378520411624034,0.3739473542312623,0.25715093179061016
CTCATCATCAAGGACA-3,11.0,0.26017380928088074,,,0.3107460265472086,0.2228172513789396,0.20626291279297101
GGCCTTAAGGCGCATC-2,23.0,1.0,0.0,0.0,0.0,0.0,0.0
CTCTAAGCAGGAACAT-3,8.0,1.0,0.0,0.0,0.0,0.0,0.0
GCCCGTTGTCGTAAAT-2,37.0,1.0,0.0,0.0,0.0,0.0,0.0
TCAGCCTTCCTAAGGT-3,3.0,0.2510908928836586,0.0,0.0,0.23769248350866462,0.29944475183729763,0.2117718717703792
TAGTAACGTCGCAATA-2,7.0,1.0,0.0,0.0,0.0,0.0,0.0
CTATGAGGTATTGTCC-2,11.0,0.26017380928088074,,,0.3107460265472086,0.2228172513789396,0.20626291279297101
CATTATGAGGCTACTG-3,12.0,0.0,0.0,0.0,0.0,1.0,0.0
TATGGTCAGTGTGATC-1,22.0,0.0,0.0,0.0,1.0,0.0,0.0
ACGAAGTCAGTGAACG-2,3.0,1.0,0.0,0.0,0.0,0.0,0.0
TGACTCCTCTTAGTCT-2,18.0,0.0,0.0,0.0,1.0,0.0,0.0
TATTTGCTCCATTACT-3,14.0,1.0,0.0,0.0,0.0,0.0,0.0
TTTCCTGAGATGGACA-2,27.0,0.2659503422898086,0.0,0.0,0.3090767064839525,0.2252336567198111,0.1997392945064278
CTAAAGCTCGGCTATG-3,2.0,0.21079074246169519,,,0.3110256879333526,0.2245883274521365,0.25359524215281576
CTCTATGTCCTTGCGT-1,16.0,0.0,0.0,0.0,1.0,0.0,0.0
GATCAGTTCATTGACA-2,20.0,0.255116509861887,,,0.11378520411624034,0.3739473542312623,0.25715093179061016
ACCCAGGGTTTATCTG-1,13.0,1.0,0.0,0.0,0.0,0.0,0.0
TTCGGTACACCTATAG-1,12.0,0.0,0.0,0.0,1.0,0.0,0.0
ATTGGCTAGGTAGCTT-2,21.0,0.36496857686394185,,,0.2425919314203312,0.14718681699163197,0.24525267472409484
CCGACAGGTCATAACG-2,7.0,0.0,0.0,0.0,1.0,0.0,0.0
TCGGTTCTCACAGGAA-1,15.0,0.0,0.0,0.0,1.0,0.0,0.0
GCGCAAACAGGACACA-3,6.0,0.28619740144106137,,,0.20095345838278786,0.28595501190791156,0.2268941282682392
TTAAGTGTCAGTTCCC-1,1.0,0.0,0.0,0.0,1.0,0.0,0.0
CAAACATGTGTTTGCT-2,4.0,0.2789549502429366,0.0,0.0,0.1885732419812842,0.21961014244052887,0.31286166533525034
GGTTACTAGCTCCCTG-3,35.0,0.0,0.0,0.0,0.0,0.0,1.0
TATCACGCAGCAGGTA-1,10.0,0.0,0.0,0.0,1.0,0.0,0.0
AAACGGATCTAGCTTT-2,5.0,0.0,0.0,0.0,0.0,0.0,1.0
GCTAAGAAGGAGCACG-3,4.0,0.2789549502429366,,,0.1885732419812842,0.21961014244052887,0.31286166533525034
GCTGTGCAGTAACAGG-3,23.0,0.2890753295347951,0.0,0.0,0.21326803108883835,0.2250748294409998,0.2725818099353668
TACGCACCAGATTCAT-3,8.0,0.22347106138460127,,,0.25914442347718897,0.16517053432406306,0.3522139808141467
CACCTGTTCAATGTCA-2,25.0,0.0,0.0,0.0,1.0,0.0,0.0
TGCTCAACAGGAACTG-2,9.0,0.0,0.0,0.0,0.0,0.0,1.0
TTCGTTAGTTAATGAC-1,31.0,1.0,0.0,0.0,0.0,0.0,0.0
GAGTGTTTCGGTTACG-3,9.0,1.0,0.0,0.0,0.0,0.0,0.0
GCCTCGACAACAGCCT-2,4.0,0.0,0.0,0.0,0.0,0.0,1.0
CAATCCTGTTGTTGTC-3,13.0,0.2379245460670892,,,0.33034621848395457,0.2084468038321267,0.22328243161682945
CGTCATTGTCGTTACT-1,19.0,1.0,0.0,0.0,0.0,0.0,0.0
TAGCCTTGTCAGGCAT-1,4.0,0.0,0.0,0.0,1.0,0.0,0.0
AATCAGGAGCGGGCAA-2,26.0,0.0,0.0,0.0,0.0,0.0,1.0
CCAACCCGTTTATCTG-3,28.0,0.0,0.0,0.0,0.0,1.0,0.0
TTGTCCCAGTGTTGTA-3,7.0,1.0,0.0,0.0,0.0,0.0,0.0
TTGATGTCAGCCGCTA-1,3.0,0.0,0.0,0.0,1.0,0.0,0.0
ATTCCTCCATGCTTAG-2,17.0,0.28041555117654665,,,0.21377517180417943,0.21373583317818393,0.29207344384108996
CAAAGTGAGCGAGGTG-2,28.0,0.0,0.0,0.0,1.0,0.0,0.0
CTTAAGATCTTGATGA-1,26.0,0.0,0.0,0.0,1.0,0.0,0.0
CAAGGCCTCGTACCGA-3,25.0,1.0,0.0,0.0,0.0,0.0,0.0
TGCTCTCAGTTTGTCT-1,3.0,1.0,0.0,0.0,0.0,0.0,0.0
ATTCATGAGGCTAGAA-2,24.0,0.21845905187174444,,,0.2480843926368116,0.19755649681913243,0.33590005867231154
CGTTATCGTAACCTAG-2,19.0,0.28880190709864184,0.0,0.0,0.19477936981053914,0.2980900086334725,0.21832871445734645
CTTAAGATCGGTTACG-2,24.0,0.0,0.0,0.0,0.42481335261697223,0.0,0.5751866473830277
TGTTGTGCAATGAGGT-1,18.0,0.0,0.0,0.0,1.0,0.0,0.0
AGCTTAATCCTTAGGG-3,12.0,0.0,0.0,0.0,0.0,1.0,0.0
GAAGCTAAGCCTCTGT-3,23.0,1.0,0.0,0.0,0.0,0.0,0.0
GCCTTACTCCACCCTG-2,6.0,0.0,0.0,0.0,1.0,0.0,0.0
AGCCGGTTCTCAATTC-1,1.0,0.0,0.0,0.0,1.0,0.0,0.0
AAACGGATCCGCACAA-3,1.0,0.2431277739439729,,,0.27520525106868904,0.22514867316661977,0.2565183018207184
CTTTCTTGTAAACAAG-2,18.0,0.0,0.0,0.0,0.0,0.0,1.0
CATATCGCACAAGCCT-3,29.0,0.31074906515307005,,,0.233016360882147,0.22003051032240445,0.2362040636423785
AGTTGGCGTCATCCTG-2,14.0,1.0,0.0,0.0,0.0,0.0,0.0
CGACTAAGTTAACACG-1,9.0,0.0,0.0,0.0,1.0,0.0,0.0
CGTTTGGAGCCTCTCG-3,9.0,0.25657805136510725,,,0.19608879238864382,0.26842478255731234,0.2789083736889367
TTGCCCGTCATAACCA-2,7.0,0.23707317196827163,,,0.3805360488007793,0.2041805565917011,0.17821022263924788
CATAGGTTCAGCCAAT-3,16.0,1.0,0.0,0.0,0.0,0.0,0.0
GGGTTATTCCTTGCGT-1,21.0,0.0,0.0,0.0,1.0,0.0,0.0
AGCGCTCAGGGATGCG-2,15.0,0.0,0.0,0.0,1.0,0.0,0.0
GCTGCATCATAGTCAT-3,23.0,0.0,0.0,0.0,0.0,1.0,0.0
CAAGACAAGCTTAGTA-1,25.0,0.0,0.0,0.0,1.0,0.0,0.0
GGACGAAGTTTCGCGC-1,3.0,0.0,0.0,0.0,1.0,0.0,0.0
CATTATCTCGTTAGCG-3,6.0,1.0,0.0,0.0,0.0,0.0,0.0
ATGTCATCAGGCGATA-2,33.0,0.0,0.0,0.0,1.0,0.0,0.0
TCATTTGGTTAGTGAT-2,32.0,0.0,0.0,0.0,1.0,0.0,0.0
ACATTAGTCCTAAGAC-1,36.0,0.0,0.0,0.0,0.0,0.0,1.0
CAAGGTTTCTGTGCAG-3,15.0,0.0,0.0,0.0,0.0,1.0,0.0
GGTTATATCCAGCACA-1,12.0,0.0,0.0,0.0,1.0,0.0,0.0
TTGCAAGGTGCATTTC-3,11.0,0.3774716132248756,0.0,0.0,0.0,0.32327307489102325,0.2992553118841011
AGCATCCCACCAAAGG-1,38.0,0.0,0.0,0.0,1.0,0.0,0.0
AATTTGGTCAGTGAAG-2,23.0,0.0,0.0,0.0,0.0,1.0,0.0
GTTAAGCTCTTGCATT-3,3.0,0.2510908928836586,,,0.23769248350866462,0.29944475183729763,0.2117718717703792
TTCATTCAGTCATCCC-3,12.0,0.22393288850727908,,,0.21148179656914845,0.3491266157595441,0.21545869916402838
AATCCCTGTCCGCTGT-3,29.0,1.0,0.0,0.0,0.0,0.0,0.0
AGTGCACGTAGTAAGA-2,18.0,0.0,0.0,0.0,1.0,0.0,0.0
CTTGCGCGTTTGCAGA-3,17.0,0.28041555117654665,,,0.21377517180417943,0.21373583317818393,0.29207344384108996
CATAATGTCTAGCTTT-2,14.0,0.0,0.0,0.0,0.0,1.0,0.0
AATTACCCATCTAGCA-3,4.0,1.0,0.0,0.0,0.0,0.0,0.0
CTTAGTTTCCTGTTCA-2,3.0,0.32938268015426625,0.0,0.0,0.0,0.3928135894757391,0.2778037303699947
AGGTACGCACCAACCG-3,11.0,0.26017380928088074,,,0.3107460265472086,0.2228172513789396,0.20626291279297101
GCATGAGCAAGTGTTT-1,4.0,0.0,0.0,0.0,1.0,0.0,0.0
GTTTGTTTCTTAGCGG-3,6.0,0.0,0.0,0.0,0.0,1.0,0.0
GTTTGTAAGTGCTGTG-3,27.0,0.0,0.0,0.0,0.0,1.0,0.0
CCTTATGTCTTGCTAT-1,3.0,0.0,0.0,0.0,1.0,0.0,0.0
TCAAGGTTCCTCCCTC-2,21.0,1.0,0.0,0.0,0.0,0.0,0.0
CTTGAATCAATATACC-3,5.0,0.25007613426230707,,,0.2764713286099489,0.24316603374735998,0.23028650338038426
GATTGCAGTATCTGGA-3,21.0,1.0,0.0,0.0,0.0,0.0,0.0
TGCAGGCTCTAATCTC-2,33.0,0.25254537146409556,0.0,0.0,0.23028304051452006,0.2665285948922042,0.25064299312918015
AAGCGAGGTTTCGCGC-3,9.0,1.0,0.0,0.0,0.0,0.0,0.0
GTAAGCGCATGAGTTT-3,3.0,0.0,0.0,0.0,0.0,1.0,0.0
TATCACGCACATAACT-3,23.0,1.0,0.0,0.0,0.0,0.0,0.0
ACTAACTCAGCAACAG-2,33.0,1.0,0.0,0.0,0.0,0.0,0.0
TACGCACCAGGCTTCG-1,6.0,0.0,0.0,0.0,1.0,0.0,0.0
TTGATGTCATAAGTCT-1,12.0,0.0,0.0,0.0,1.0,0.0,0.0
TGGACTAGTGCATCGG-3,24.0,0.21845905187174444,,,0.2480843926368116,0.19755649681913243,0.33590005867231154
CTAGCTGAGCGATAGA-1,1.0,0.0,0.0,0.0,1.0,0.0,0.0
GTCTAACAGGTGTCCA-2,38.0,0.19027885726034566,,,0.23574107619489226,0.2789089395946002,0.2950711269501618
TGATTCAAGTCCTGAG-2,28.0,0.0,0.0,0.0,0.5049925766353235,0.0,0.4950074233646764
ATAGGTACAGGAACTG-3,1.0,1.0,0.0,0.0,0.0,0.0,0.0
CGAGGAAGTGCAATGC-2,17.0,0.28041555117654665,0.0,0.0,0.21377517180417943,0.21373583317818393,0.29207344384108996
AGTAGGATCATTAGTG-2,27.0,0.0,0.0,0.0,0.6074429771908764,0.0,0.3925570228091237
ACCAAGCGTGCATTTC-2,13.0,0.0,0.0,0.0,1.0,0.0,0.0
GAGTGTTTCCCTTGCG-3,23.0,0.36743813771146966,0.0,0.0,0.0,0.28608832275178003,0.3464735395367503
ACACGGACATTGGGAG-2,35.0,0.0,0.0,0.0,0.0,0.0,1.0
ACACCTTGTTGTCATC-1,10.0,0.0,0.0,0.0,1.0,0.0,0.0
TTAATCGAGGCCTGGT-1,31.0,0.0,0.0,0.0,1.0,0.0,0.0
CTGGTCAAGGGCCATC-2,34.0,0.0,0.0,0.0,1.0,0.0,0.0
CCACACAAGTGACCTG-3,10.0,1.0,0.0,0.0,0.0,0.0,0.0
GAGCGGTCACTTAACG-3,29.0,0.0,0.0,0.0,0.0,1.0,0.0
GTTTCTAGTTTCCTCC-3,7.0,0.0,0.0,0.0,0.0,1.0,0.0
CTAAAGCTCCCGCCTA-3,13.0,0.0,0.0,0.0,0.0,1.0,0.0
TCACCGGCAGAAATTG-1,15.0,0.0,0.0,0.0,1.0,0.0,0.0
CTCCTCACATTAAGTC-2,13.0,0.0,0.0,0.0,1.0,0.0,0.0
ACTTAGGGTCACGAAC-2,31.0,0.24483511612846504,0.0,0.0,0.34550975661796685,0.2764681959007302,0.13318693135283804
AACAGGATCACGTTAA-3,19.0,1.0,0.0,0.0,0.0,0.0,0.0
TCGTGCTTCAATGAGG-1,31.0,1.0,0.0,0.0,0.0,0.0,0.0
CCGCTAAAGGGTGGAT-3,10.0,0.26490417044114983,,,0.1425309127782741,0.3402195170606928,0.2523453997198832
ATAACGACACTTAGGC-1,26.0,0.0,0.0,0.0,1.0,0.0,0.0
GGCGGTAAGTTGTCAA-2,9.0,0.0,0.0,0.0,1.0,0.0,0.0
TGGCTATAGGTGCTGC-3,7.0,0.23707317196827163,,,0.3805360488007793,0.2041805565917011,0.17821022263924788
GGGTTTGTCCGCATGA-2,31.0,0.0,0.0,0.0,1.0,0.0,0.0
GCAGGTGAGATAGACG-2,3.0,0.2510908928836586,,,0.23769248350866462,0.29944475183729763,0.2117718717703792
TGACTTAAGTTAGAGG-3,8.0,0.0,0.0,0.0,0.0,1.0,0.0
CCGCAAATCACTCAAA-3,32.0,0.23501474983514806,,,0.36169219852304807,0.23220664506324848,0.1710864065785554
GGCCTAATCTTGAGCG-2,25.0,0.25294349983189635,0.0,0.0,0.22563202807869934,0.20762681900387653,0.31379765308552765
TATCACGCAATAGCAA-3,31.0,0.24483511612846504,,,0.34550975661796685,0.2764681959007302,0.13318693135283804
CGACCTGCATGCAACC-3,19.0,1.0,0.0,0.0,0.0,0.0,0.0
CTAACCTGTTAGCGTA-3,10.0,0.26490417044114983,,,0.1425309127782741,0.3402195170606928,0.2523453997198832
CTAGGCGGTGCTCCAC-1,19.0,0.0,0.0,0.0,1.0,0.0,0.0
TTACACCGTTAGGACC-1,5.0,0.0,0.0,0.0,1.0,0.0,0.0
CTCGCTAGTCAAGACC-2,32.0,1.0,0.0,0.0,0.0,0.0,0.0
CGGCTAATCAGCAAGA-1,15.0,0.0,0.0,0.0,1.0,0.0,0.0
GGTACCGGTTGTTGGA-2,12.0,0.0,0.0,0.0,1.0,0.0,0.0
AATGCGCGTACAAAGA-3,33.0,0.25254537146409556,,,0.23028304051452006,0.2665285948922042,0.25064299312918015
GGTGAGCCACTAGGTC-3,33.0,0.25254537146409556,,,0.23028304051452006,0.2665285948922042,0.25064299312918015
ACTAAAGCAGTACCGT-2,22.0,0.0,0.0,0.0,1.0,0.0,0.0
CGTAACCCAATGAATG-2,4.0,0.0,0.0,0.0,1.0,0.0,0.0
TATCACGCACGTTACA-1,15.0,0.0,0.0,0.0,1.0,0.0,0.0
ACTTATCTCGCAAACT-3,13.0,0.2379245460670892,,,0.33034621848395457,0.2084468038321267,0.22328243161682945
CGTGTGTCAGAGGCTA-1,33.0,0.0,0.0,0.0,0.0,0.0,1.0
TCCTCAATCTAGCGTG-1,37.0,1.0,0.0,0.0,0.0,0.0,0.0
GCAACAGCACATGCTA-1,5.0,0.0,0.0,0.0,0.0,0.0,1.0
GAGAACCAGAGAGCCG-3,14.0,0.25490642483705084,,,0.203860627012991,0.27543380527416844,0.2657991428757897
TTGCAATCAATGAGGT-2,16.0,0.0,0.0,0.0,0.0,1.0,0.0
CTCTAAGCATTATGAC-1,7.0,0.0,0.0,0.0,1.0,0.0,0.0
AGGCTAAAGGGTCCAC-3,13.0,1.0,0.0,0.0,0.0,0.0,0.0
TCATGAGGTACCAGGT-3,12.0,0.22393288850727908,0.0,0.0,0.21148179656914845,0.3491266157595441,0.21545869916402838
CGAAGGCCATGACTAT-3,22.0,0.22299113408910365,,,0.2286831626631811,0.3006206801642622,0.24770502308345307
ATGTTTGAGCCTGAGC-1,32.0,1.0,0.0,0.0,0.0,0.0,0.0
TCTAACCGTCCGTAGG-3,24.0,0.21845905187174444,,,0.2480843926368116,0.19755649681913243,0.33590005867231154
GCACCTAAGCTCCTTA-1,2.0,0.0,0.0,0.0,1.0,0.0,0.0
GCTAATATCGTGCCTT-2,36.0,1.0,0.0,0.0,0.0,0.0,0.0
CGCCTGTGTTGTGACA-2,30.0,0.0,0.0,0.0,0.0,0.0,1.0
TACAGGTTCCTTAAGA-2,17.0,0.28041555117654665,,,0.21377517180417943,0.21373583317818393,0.29207344384108996
AACAGGATCATTAGGC-3,10.0,0.0,0.0,0.0,0.0,1.0,0.0
AGGGCTACAACCGCCA-1,5.0,0.0,0.0,0.0,1.0,0.0,0.0
CAGGGTGAGGCGCATC-3,10.0,0.26490417044114983,,,0.1425309127782741,0.3402195170606928,0.2523453997198832
GCTTGTTGTACAAAGA-3,2.0,0.30594862358424835,0.0,0.0,0.0,0.32597489270457897,0.3680764837111727
AGGAGCTAGCTGTAAC-3,28.0,0.24355764626440804,,,0.2713230524219713,0.21916108471229478,0.2659582166013259
CCTAAATCATCCTGAA-2,14.0,0.0,0.0,0.0,0.0,0.0,1.0
GATGGACAGCCGCTTT-3,15.0,1.0,0.0,0.0,0.0,0.0,0.0
AAGCCTGTCACTTTAC-2,36.0,0.2461747580345537,,,0.1850283944180879,0.27103139859455855,0.2977654489527998
GATCCGTCATTGCAGC-3,4.0,1.0,0.0,0.0,0.0,0.0,0.0
GTACTAGGTGTGTGGT-3,8.0,0.22347106138460127,,,0.25914442347718897,0.16517053432406306,0.3522139808141467
CGAAGGCCAAATATCC-3,37.0,0.0,0.0,0.0,0.0,1.0,0.0
CTTCAGGAGGTGTTAC-3,8.0,0.22347106138460127,,,0.25914442347718897,0.16517053432406306,0.3522139808141467
GCTTAGTAGGTAACGA-2,18.0,0.0,0.0,0.0,1.0,0.0,0.0
CCTTGCGTCTTGAGCG-3,8.0,0.22347106138460127,,,0.25914442347718897,0.16517053432406306,0.3522139808141467
AACAAGCCATTGTGAT-2,20.0,1.0,0.0,0.0,0.0,0.0,0.0
CATAATGTCCGTAAAC-1,28.0,0.0,0.0,0.0,1.0,0.0,0.0
AGCAATACATTGTGAT-2,5.0,1.0,0.0,0.0,0.0,0.0,0.0
GGTGAGTAGGGATGCG-2,26.0,0.0,0.0,0.0,0.4980813507290867,0.0,0.5019186492709132
GTTACGCCAAACGGGC-1,22.0,0.0,0.0,0.0,1.0,0.0,0.0
ATATGGTGTGCGCAAT-1,27.0,0.0,0.0,0.0,1.0,0.0,0.0
TGAGCCGGTTGTGATG-2,21.0,0.36496857686394185,0.0,0.0,0.2425919314203312,0.14718681699163197,0.24525267472409484
ACCAAGCGTTACTTCA-3,3.0,0.2510908928836586,,,0.23769248350866462,0.29944475183729763,0.2117718717703792
CGCTTACTCGTTATAG-1,23.0,0.0,0.0,0.0,1.0,0.0,0.0
GTTTGTAAGATGGACA-3,4.0,0.2789549502429366,,,0.1885732419812842,0.21961014244052887,0.31286166533525034
CTTAGGAGTGCAACTA-3,24.0,0.21845905187174444,0.0,0.0,0.2480843926368116,0.19755649681913243,0.33590005867231154
AGTAACACATTAAGCT-1,35.0,1.0,0.0,0.0,0.0,0.0,0.0
TGTTACTTCGACAAAG-2,13.0,0.0,0.0,0.0,0.0,0.0,1.0
CATTGTGCATTGACAT-1,5.0,0.0,0.0,0.0,1.0,0.0,0.0
GATCGATTCATCCTCA-2,32.0,1.0,0.0,0.0,0.0,0.0,0.0
CCAGGATGTCAAGTAT-1,17.0,0.0,0.0,0.0,0.0,0.0,1.0
TATCACGCAGAGGCTA-1,36.0,0.0,0.0,0.0,1.0,0.0,0.0
TCCAGGATCGGTCAGC-3,4.0,1.0,0.0,0.0,0.0,0.0,0.0
CCAGCCTGTAACGGGA-2,33.0,0.25254537146409556,,,0.23028304051452006,0.2665285948922042,0.25064299312918015
CTTAAGATCAGGTCCA-3,5.0,0.34563403518185115,0.0,0.0,0.0,0.33608347998177696,0.31828248483637184
CGAATCTAGGCTACAT-2,6.0,1.0,0.0,0.0,0.0,0.0,0.0
ACTCAGTAGCACCACA-3,12.0,1.0,0.0,0.0,0.0,0.0,0.0
AATCCTAAGGCGCACT-2,4.0,0.0,0.0,0.0,0.0,0.0,1.0
ATTCACTTCCGGTTGA-1,21.0,0.0,0.0,0.0,1.0,0.0,0.0
TACGTACAGTCATGCG-1,4.0,0.0,0.0,0.0,0.0,0.0,1.0
TGTATCCGTTTAAAGC-3,33.0,1.0,0.0,0.0,0.0,0.0,0.0
ATTCACTTCATGTTTC-1,21.0,0.0,0.0,0.0,0.0,0.0,1.0
TAAAGCCTCGCTTGCT-1,15.0,0.0,0.0,0.0,1.0,0.0,0.0
TATGGATGTCCTCCAA-1,17.0,0.0,0.0,0.0,1.0,0.0,0.0
ACCAAACTCGCTAAAC-3,11.0,0.26017380928088074,,,0.3107460265472086,0.2228172513789396,0.20626291279297101
TACCTGCTCCTCCTAA-1,31.0,0.0,0.0,0.0,1.0,0.0,0.0
TAAGTAGCAGGCCAAA-1,30.0,1.0,0.0,0.0,0.0,0.0,0.0
TTCTTAGGTAGGTTAT-1,28.0,0.0,0.0,0.0,1.0,0.0,0.0
CGAGCGAAGCTGAGGG-2,6.0,0.28619740144106137,0.0,0.0,0.20095345838278786,0.28595501190791156,0.2268941282682392
CGGCTAATCTCATCAT-3,24.0,0.21845905187174444,,,0.2480843926368116,0.19755649681913243,0.33590005867231154
ATATGCATCTCCTCTT-2,14.0,0.0,0.0,0.0,1.0,0.0,0.0
TACGTACAGGGCTTAT-1,12.0,1.0,0.0,0.0,0.0,0.0,0.0
TAGGGTTTCAGGCCTA-1,15.0,1.0,0.0,0.0,0.0,0.0,0.0
GAAGGAACAACTAACT-2,1.0,0.0,0.0,0.0,0.0,0.0,1.0
ACCTTGTGTTCCAGGG-1,3.0,0.0,0.0,0.0,0.0,0.0,1.0
AAATGCCTCCCTGGTT-3,8.0,0.22347106138460127,,,0.25914442347718897,0.16517053432406306,0.3522139808141467
CCTGTATGTTTCCACG-3,22.0,0.22299113408910365,0.0,0.0,0.2286831626631811,0.3006206801642622,0.24770502308345307
AGGATGCAGATAACCC-1,7.0,0.0,0.0,0.0,1.0,0.0,0.0
CCTTAACGTGTTGTAG-1,18.0,0.0,0.0,0.0,1.0,0.0,0.0
AATACCGGTGAATCGC-2,12.0,0.22393288850727908,0.0,0.0,0.21148179656914845,0.3491266157595441,0.21545869916402838
ACATCATCACCAGGTT-2,36.0,1.0,0.0,0.0,0.0,0.0,0.0
AGTTATGTCCTCACAC-1,1.0,0.0,0.0,0.0,1.0,0.0,0.0
CCTGATGAGCGAGGTG-3,31.0,0.0,0.0,0.0,0.0,1.0,0.0
AGTTGCAGTCATCATC-3,8.0,0.22347106138460127,,,0.25914442347718897,0.16517053432406306,0.3522139808141467
AGGTTTATCCGCACAA-3,34.0,0.23141187017972628,,,0.21203187960198364,0.23517958103089368,0.32137666918739655
TATTGACCAGCAGGTA-1,8.0,0.0,0.0,0.0,1.0,0.0,0.0
TAGCTAGGTTAGGCGT-1,4.0,0.0,0.0,0.0,1.0,0.0,0.0
CCCGCAACAAAGGTAC-3,18.0,0.0,0.0,0.0,0.0,1.0,0.0
TTAGGCCCAGCACGAA-3,34.0,0.0,0.0,0.0,0.0,1.0,0.0
TAATCCGCAATTAACC-1,4.0,0.0,0.0,0.0,1.0,0.0,0.0
TTACACCGTGAGACTC-1,14.0,0.0,0.0,0.0,1.0,0.0,0.0
CCTTAGTGTCATGCCC-3,26.0,1.0,0.0,0.0,0.0,0.0,0.0
TAATCACCATAAACCT-1,7.0,0.0,0.0,0.0,1.0,0.0,0.0
TTGGATTCAGACAAAC-2,37.0,1.0,0.0,0.0,0.0,0.0,0.0
AAATGGCCAAGACTCC-1,16.0,0.0,0.0,0.0,1.0,0.0,0.0
ACTTCGCTCGCTATAA-2,11.0,0.0,0.0,0.0,1.0,0.0,0.0
CGGTGAGAGCCGCTAA-2,5.0,0.25007613426230707,,,0.2764713286099489,0.24316603374735998,0.23028650338038426
GACTAATGTTAGGCTA-1,4.0,0.0,0.0,0.0,1.0,0.0,0.0
TTTCTCACATGACTAT-1,8.0,0.0,0.0,0.0,1.0,0.0,0.0
CAGCTAAGTTTGACCT-3,14.0,0.0,0.0,0.0,0.0,0.0,1.0
TTTGTGAAGTTTCCGC-1,33.0,0.0,0.0,0.0,1.0,0.0,0.0
TTCGTTAGTTACGCGG-3,12.0,1.0,0.0,0.0,0.0,0.0,0.0
GCAAACTTCCACCTGT-3,4.0,0.2789549502429366,0.0,0.0,0.1885732419812842,0.21961014244052887,0.31286166533525034
GGCAAATCATGGAGGC-3,27.0,1.0,0.0,0.0,0.0,0.0,0.0
AGGTTACTCTTAGTCT-3,1.0,1.0,0.0,0.0,0.0,0.0,0.0
CTAGCTGAGAATGACG-2,20.0,0.0,0.0,0.0,0.0,0.0,1.0
CGCTCCATCGTGCCTT-2,7.0,0.0,0.0,0.0,1.0,0.0,0.0
GTCCTCCCAGGAACAT-1,31.0,0.0,0.0,0.0,1.0,0.0,0.0
CAACTAATCCCGTTGT-1,1.0,0.0,0.0,0.0,1.0,0.0,0.0
AGGATCCGTGTTTGTC-2,8.0,0.0,0.0,0.0,1.0,0.0,0.0
AAACCGGCACACCAAC-1,37.0,0.0,0.0,0.0,1.0,0.0,0.0
GGCTATTAGATTCCTT-2,20.0,0.255116509861887,0.0,0.0,0.11378520411624034,0.3739473542312623,0.25715093179061016
ATGTCATCATTGTGAT-1,9.0,0.0,0.0,0.0,1.0,0.0,0.0
CGTGTTACAATTAAGG-3,19.0,0.28880190709864184,0.0,0.0,0.19477936981053914,0.2980900086334725,0.21832871445734645
TCACGGATCTTGACCC-2,9.0,1.0,0.0,0.0,0.0,0.0,0.0
AAGCAAGTCAATGAGG-3,4.0,1.0,0.0,0.0,0.0,0.0,0.0
TACCGCAAGACTCGCA-3,12.0,0.22393288850727908,,,0.21148179656914845,0.3491266157595441,0.21545869916402838
AATTTGGTCAAGCTAC-2,27.0,0.2659503422898086,0.0,0.0,0.3090767064839525,0.2252336567198111,0.1997392945064278
TAATGGTGTGAAGCCT-1,13.0,0.0,0.0,0.0,1.0,0.0,0.0
GCTGATCCACCTCACC-2,16.0,0.19281102196304184,0.0,0.0,0.24608965471250854,0.23107341591095565,0.33002590741349397
TTCCACGGTTGGCGTG-3,15.0,0.0,0.0,0.0,0.0,1.0,0.0
TTTACGAAGAGAAGGG-1,3.0,0.0,0.0,0.0,1.0,0.0,0.0
GATCCGTCAACTAACT-3,33.0,0.0,0.0,0.0,0.0,1.0,0.0
TGTGAAACAAACTAAG-2,32.0,1.0,0.0,0.0,0.0,0.0,0.0
CGCCTGTGTTCAAGAT-3,5.0,1.0,0.0,0.0,0.0,0.0,0.0
TCCATAAAGGGTTAGA-2,16.0,0.0,0.0,0.0,1.0,0.0,0.0
AACGACAAGGAACGGT-2,5.0,0.25007613426230707,,,0.2764713286099489,0.24316603374735998,0.23028650338038426
ACCAGGACACCAGGTT-2,30.0,0.0,0.0,0.0,1.0,0.0,0.0
TATGCATCATAATCAC-3,1.0,1.0,0.0,0.0,0.0,0.0,0.0
TGCCGGTAGCAGGCCT-3,4.0,1.0,0.0,0.0,0.0,0.0,0.0
GCTTGACCATTATGCG-2,16.0,0.0,0.0,0.0,1.0,0.0,0.0
GAGGCAAGTAGGTTAT-3,28.0,0.24355764626440804,,,0.2713230524219713,0.21916108471229478,0.2659582166013259
TTCGGTACAATCTCTC-3,35.0,0.0,0.0,0.0,0.0,1.0,0.0
CAATAAGCATTGTGGC-1,4.0,0.0,0.0,0.0,0.0,0.0,1.0
CTCCTGAGTCATGAGC-2,21.0,0.0,0.0,0.0,1.0,0.0,0.0
GATAACGAGGCTACAT-1,4.0,0.0,0.0,0.0,1.0,0.0,0.0
CTTAAGATCAATGTCA-2,15.0,0.0,0.0,0.0,1.0,0.0,0.0
CCAAGGCTCATGCAAC-1,3.0,0.0,0.0,0.0,1.0,0.0,0.0
TGTGCAAGTAACCACA-3,1.0,1.0,0.0,0.0,0.0,0.0,0.0
AGTGTTTCATAAGTCT-3,9.0,0.0,0.0,0.0,0.0,1.0,0.0
CCTGACTTCGTGCTTC-1,6.0,0.0,0.0,0.0,1.0,0.0,0.0
CCTTAACGTTAACACG-1,7.0,0.0,0.0,0.0,1.0,0.0,0.0
TTTGACTTCCTTGCAC-1,27.0,0.0,0.0,0.0,1.0,0.0,0.0
GTTCTTAGTGCTGGTG-1,36.0,0.0,0.0,0.0,1.0,0.0,0.0
CGTTAGTAGCTCGCTT-2,15.0,1.0,0.0,0.0,0.0,0.0,0.0
TCCTGGTTCCGCCTCA-1,37.0,0.0,0.0,0.0,1.0,0.0,0.0
CTTGTTCCACCTGCTC-2,29.0,0.0,0.0,0.0,1.0,0.0,0.0
CAAAGGATCTTAGTCT-3,31.0,0.24483511612846504,,,0.34550975661796685,0.2764681959007302,0.13318693135283804
TGTGCGCAGTCAATTG-3,19.0,0.28880190709864184,,,0.19477936981053914,0.2980900086334725,0.21832871445734645
AACCTCACAGTTATGT-2,9.0,1.0,0.0,0.0,0.0,0.0,0.0
CCCAAATAGCCTAATA-2,1.0,0.2431277739439729,0.0,0.0,0.27520525106868904,0.22514867316661977,0.2565183018207184
AAATCCGGTTAATGCG-3,5.0,0.25007613426230707,,,0.2764713286099489,0.24316603374735998,0.23028650338038426
TATAGCTCACTGACTA-3,25.0,1.0,0.0,0.0,0.0,0.0,0.0
GATTGGCGTGACATGC-1,4.0,0.0,0.0,0.0,0.0,0.0,1.0
GCAGGCTTCGGCTATG-3,7.0,0.38270697029152634,0.0,0.0,0.0,0.32960845614410306,0.28768457356437066
TCAAACCAGCGGATAA-2,4.0,0.0,0.0,0.0,1.0,0.0,0.0
CTGGACCAGCATCCAG-2,14.0,0.25490642483705084,0.0,0.0,0.203860627012991,0.27543380527416844,0.2657991428757897
GACCTGCAGCTATTAG-2,2.0,0.0,0.0,0.0,1.0,0.0,0.0
TGAGCTTAGCGGATAA-1,11.0,0.0,0.0,0.0,0.0,0.0,1.0
CGTAACCCAAACTAAG-3,22.0,0.22299113408910365,,,0.2286831626631811,0.3006206801642622,0.24770502308345307
GAACCAGCACCTAATG-1,14.0,1.0,0.0,0.0,0.0,0.0,0.0
TTTCATCAGCTATGAC-3,14.0,0.25490642483705084,,,0.203860627012991,0.27543380527416844,0.2657991428757897
GAAAGCCAGCAAGGAC-1,9.0,0.0,0.0,0.0,1.0,0.0,0.0
CCTAATCGTTATCGAG-1,4.0,0.0,0.0,0.0,1.0,0.0,0.0
TGGTTAATCAGGTCCA-2,25.0,0.0,0.0,0.0,0.0,0.0,1.0
TGGTGATTCGCAGGCT-3,11.0,0.26017380928088074,0.0,0.0,0.3107460265472086,0.2228172513789396,0.20626291279297101
ATCGAGGCACGTGCTG-3,14.0,0.25490642483705084,,,0.203860627012991,0.27543380527416844,0.2657991428757897
GCCTTAACACAGACTC-3,36.0,0.30206544172637545,0.0,0.0,0.0,0.332565449812248,0.36536910846137655
TCCATAAAGGGCTTTG-2,37.0,0.15830411656991292,0.0,0.0,0.21353305020503288,0.2890839998065646,0.33907883341848966
CCGTGCTGTGTAATAC-1,13.0,0.0,0.0,0.0,1.0,0.0,0.0
TGGATTCAGCAACATC-3,1.0,1.0,0.0,0.0,0.0,0.0,0.0
AGCTTTAAGCACAGAA-3,3.0,0.2510908928836586,,,0.23769248350866462,0.29944475183729763,0.2117718717703792
GTGTCCAAGCGTGCGT-2,4.0,0.0,0.0,0.0,0.0,0.0,1.0
CGGAGTCTCGAGCAAA-2,13.0,0.2379245460670892,0.0,0.0,0.33034621848395457,0.2084468038321267,0.22328243161682945
CGGCCATAGCCAAATC-2,10.0,0.26490417044114983,0.0,0.0,0.1425309127782741,0.3402195170606928,0.2523453997198832
CAAACATGTTTGGCGG-3,38.0,0.19027885726034566,,,0.23574107619489226,0.2789089395946002,0.2950711269501618
AAGGTATAGAGGCTAA-2,30.0,0.0,0.0,0.0,1.0,0.0,0.0
CAAACGCGTTTACGTC-1,1.0,0.0,0.0,0.0,1.0,0.0,0.0
GACATTATCTCGCCTG-2,15.0,0.0,0.0,0.0,1.0,0.0,0.0
ACAGGAATCCTGGTCT-3,6.0,0.28619740144106137,,,0.20095345838278786,0.28595501190791156,0.2268941282682392
GTGCTTCTCCCATAGG-1,38.0,1.0,0.0,0.0,0.0,0.0,0.0
CTGGTAAGTTAGCTGA-2,15.0,0.0,0.0,0.0,1.0,0.0,0.0
AGGGCCTTCAGTGAAG-1,28.0,0.0,0.0,0.0,1.0,0.0,0.0
CTATTCAGTGACCTGG-3,10.0,1.0,0.0,0.0,0.0,0.0,0.0
ACTGAATGTACAATGT-3,10.0,0.26490417044114983,,,0.1425309127782741,0.3402195170606928,0.2523453997198832
AGCGGACCATCCTAGA-3,20.0,0.0,0.0,0.0,0.0,1.0,0.0
ATCCGTGAGTGAGAGC-1,15.0,0.0,0.0,0.0,1.0,0.0,0.0
TTCAGTTTCTTAGTCT-1,15.0,0.0,0.0,0.0,1.0,0.0,0.0
GATGCGACAGGAAGCC-2,15.0,0.0,0.0,0.0,0.0,0.0,1.0
GTGTGCGGTAGTTGGC-3,15.0,1.0,0.0,0.0,0.0,0.0,0.0
TAGGAGTCAAGACTCC-3,15.0,0.25404889456095253,,,0.3994002521455771,0.19749238598555172,0.14905846730791872
AAAGCGGGTTTGAGGC-3,25.0,0.0,0.0,0.0,0.0,1.0,0.0
CTAGTGAGTACGTTTC-3,9.0,1.0,0.0,0.0,0.0,0.0,0.0
TGAACAGAGTTAGGCT-2,11.0,0.0,0.0,0.0,1.0,0.0,0.0
AGGATCCGTGGCTTCC-3,2.0,0.21079074246169519,,,0.3110256879333526,0.2245883274521365,0.25359524215281576
CAGCCAATCAATGTCA-1,33.0,0.0,0.0,0.0,0.0,0.0,1.0
ATTACCGCAAGCTTAT-2,5.0,0.0,0.0,0.0,1.0,0.0,0.0
CTCCTCACAGGATGGC-1,5.0,0.0,0.0,0.0,1.0,0.0,0.0
ATTCGTTTCGGGACTC-2,36.0,1.0,0.0,0.0,0.0,0.0,0.0
GAACCAAAGCATGAAG-1,15.0,0.0,0.0,0.0,0.0,0.0,1.0
CAATGCCCAATGAAGC-3,4.0,1.0,0.0,0.0,0.0,0.0,0.0
AGCCTCCGTCATTGAG-1,2.0,0.0,0.0,0.0,1.0,0.0,0.0
AATGTCATCGCTAAGT-2,24.0,0.0,0.0,0.0,1.0,0.0,0.0
TATGTGATCACAGCCA-2,3.0,0.2510908928836586,0.0,0.0,0.23769248350866462,0.29944475183729763,0.2117718717703792
AGGCAATCAGGCGATA-2,37.0,0.15830411656991292,0.0,0.0,0.21353305020503288,0.2890839998065646,0.33907883341848966
CAGAATCTCAGGAACA-2,5.0,0.25007613426230707,,,0.2764713286099489,0.24316603374735998,0.23028650338038426
CCCTCATAGGCATGAA-2,9.0,0.25657805136510725,0.0,0.0,0.19608879238864382,0.26842478255731234,0.2789083736889367
CATGGATTCGGTTTGG-3,10.0,0.0,0.0,0.0,0.0,1.0,0.0
GAGCTTGTCTAATTGG-1,24.0,1.0,0.0,0.0,0.0,0.0,0.0
AATTGCTCAAGGTAAC-1,14.0,1.0,0.0,0.0,0.0,0.0,0.0
ACCCTGTTCCTGGTGA-1,27.0,0.0,0.0,0.0,1.0,0.0,0.0
CGCTCCATCCACCTTA-3,12.0,0.22393288850727908,,,0.21148179656914845,0.3491266157595441,0.21545869916402838
TTGCACACAAGGTAAC-1,18.0,0.0,0.0,0.0,1.0,0.0,0.0
TGATCAGGTTCAAGCA-2,5.0,0.0,0.0,0.0,0.0,1.0,0.0
GGAGTGAGTTACCGGG-2,10.0,1.0,0.0,0.0,0.0,0.0,0.0
CTAGTCGAGACACTTA-3,22.0,0.22299113408910365,,,0.2286831626631811,0.3006206801642622,0.24770502308345307
AATCCGTAGCACAGCC-1,16.0,0.0,0.0,0.0,1.0,0.0,0.0
CTCCAACTCAGGATGA-3,2.0,0.21079074246169519,,,0.3110256879333526,0.2245883274521365,0.25359524215281576
CTGGTAAGTCATGCAA-2,13.0,0.2379245460670892,,,0.33034621848395457,0.2084468038321267,0.22328243161682945
GGGCCTAGTAACCACA-1,31.0,0.0,0.0,0.0,1.0,0.0,0.0
CGTTTGGAGGTTTGCG-1,5.0,0.0,0.0,0.0,1.0,0.0,0.0
GCAACAGCATTGACAT-3,8.0,0.22347106138460127,,,0.25914442347718897,0.16517053432406306,0.3522139808141467
GACCTTTGTGGGTGAA-3,8.0,0.0,0.0,0.0,0.0,0.0,1.0
ACATTGCAGACAGGTA-2,18.0,0.0,0.0,0.0,0.0,1.0,0.0
GTCCTAGAGCTGTCAG-1,15.0,0.0,0.0,0.0,1.0,0.0,0.0
CGTCAATAGTAACGAG-1,14.0,0.0,0.0,0.0,1.0,0.0,0.0
CCATAAGGTAATGGCC-2,38.0,1.0,0.0,0.0,0.0,0.0,0.0
GGCCTTCGTAAGCTCA-3,31.0,0.24483511612846504,,,0.34550975661796685,0.2764681959007302,0.13318693135283804
TAGGTTGGTCATCAAG-3,5.0,0.0,0.0,0.0,0.0,1.0,0.0
CGAAGTAAGTAGGATG-3,6.0,1.0,0.0,0.0,0.0,0.0,0.0
CTGTTGGAGCATGTCG-3,22.0,0.22299113408910365,,,0.2286831626631811,0.3006206801642622,0.24770502308345307
GTCATCACACCTCGCT-2,37.0,0.0,0.0,0.0,0.0,0.0,1.0
GCTAACAGTGCACGCA-3,29.0,0.31074906515307005,,,0.233016360882147,0.22003051032240445,0.2362040636423785
TCAGTAATCCACCCTG-3,9.0,1.0,0.0,0.0,0.0,0.0,0.0
CGGGTATGTTTGCAGA-3,1.0,0.2431277739439729,0.0,0.0,0.27520525106868904,0.22514867316661977,0.2565183018207184
AGCTAAACACGTAAGG-3,9.0,0.0,0.0,0.0,0.0,1.0,0.0
ACAGGCTGTTTCCGGC-3,32.0,0.0,0.0,0.0,0.0,1.0,0.0
AAAGCCCGTATTCGTC-2,32.0,0.23501474983514806,0.0,0.0,0.36169219852304807,0.23220664506324848,0.1710864065785554
TCGACAAGTACAAAGA-2,30.0,0.0,0.0,0.0,0.0,0.0,1.0
CAATCCTGTGATGATT-2,26.0,0.3005755128437196,0.0,0.0,0.19364293997678975,0.3106467509625101,0.19513479621698074
ATGAAGCCAGCTTACA-1,2.0,0.0,0.0,0.0,1.0,0.0,0.0
GCTCTGTTCGACAAAG-3,24.0,1.0,0.0,0.0,0.0,0.0,0.0
GAGTTACTCAATCTCT-3,9.0,0.0,0.0,0.0,0.0,1.0,0.0
CTGTTTAGTGCTTAGA-3,31.0,1.0,0.0,0.0,0.0,0.0,0.0
TCCTTAGTCCCTCACG-1,23.0,0.0,0.0,0.0,1.0,0.0,0.0
TTACCGTGTTCGCTTG-3,4.0,1.0,0.0,0.0,0.0,0.0,0.0
TATGCATCAAGGACCA-2,12.0,0.22393288850727908,0.0,0.0,0.21148179656914845,0.3491266157595441,0.21545869916402838
ATGGACAAGGAGGGTT-1,21.0,0.0,0.0,0.0,1.0,0.0,0.0
GATAAGCCAAGGACCA-1,15.0,0.0,0.0,0.0,1.0,0.0,0.0
TCATGAGGTAAGCTCA-1,21.0,0.0,0.0,0.0,0.0,0.0,1.0
CTACTTAGTCATTACC-1,30.0,0.0,0.0,0.0,1.0,0.0,0.0
CCTAATAAGGTACCGC-1,29.0,0.0,0.0,0.0,1.0,0.0,0.0
AAGCGCTGTGGGAACA-2,19.0,0.0,0.0,0.0,1.0,0.0,0.0
AGTAGCTTCCAGGGAG-1,7.0,0.0,0.0,0.0,1.0,0.0,0.0
CCCTCAGTCTAACCTT-2,36.0,0.0,0.0,0.0,1.0,0.0,0.0
GGATTGCGTGTCACGG-3,7.0,0.23707317196827163,,,0.3805360488007793,0.2041805565917011,0.17821022263924788
GAGTTTGGTGGAGCAA-3,12.0,1.0,0.0,0.0,0.0,0.0,0.0
CTCTATGTCGCACACA-3,24.0,0.21845905187174444,,,0.2480843926368116,0.19755649681913243,0.33590005867231154
AATATCCCAGTTTCTC-2,13.0,0.0,0.0,0.0,0.0,1.0,0.0
CGGCAATGTAGGTTGC-1,15.0,0.0,0.0,0.0,1.0,0.0,0.0
GGGTTATTCGGTAACT-2,5.0,0.0,0.0,0.0,1.0,0.0,0.0
CAAACACTCAAAGGCA-3,2.0,0.21079074246169519,,,0.3110256879333526,0.2245883274521365,0.25359524215281576
AGGACGTAGAATCTCA-1,8.0,0.0,0.0,0.0,0.0,0.0,1.0
TCCATGCTCTTTGTAC-3,2.0,0.21079074246169519,,,0.3110256879333526,0.2245883274521365,0.25359524215281576
AGCTATATCCAAGTTA-3,12.0,0.22393288850727908,,,0.21148179656914845,0.3491266157595441,0.21545869916402838
ACCAGGCTCCCTGTTA-1,16.0,1.0,0.0,0.0,0.0,0.0,0.0
ACTTAGTCAACTGGGA-2,11.0,1.0,0.0,0.0,0.0,0.0,0.0
TACCAGGTCCCATAAA-3,25.0,0.32664509510163875,0.0,0.0,0.0,0.2681242336104492,0.40523067128791207
CTATAACCAAAGCTAA-3,23.0,0.0,0.0,0.0,0.0,1.0,0.0
CCTACTGGTTAGGTTG-2,5.0,0.0,0.0,0.0,0.0,0.0,1.0
CAGGGCTTCATTTGCT-3,35.0,0.2399263636153897,,,0.17564806529159285,0.22166609309080135,0.362759478002216
GTGCTCCGTATTGTGG-3,8.0,0.22347106138460127,0.0,0.0,0.25914442347718897,0.16517053432406306,0.3522139808141467
ACTATGTCAGCACGAA-3,13.0,0.2379245460670892,,,0.33034621848395457,0.2084468038321267,0.22328243161682945
AAGCATGAGGTTTGAC-1,15.0,0.0,0.0,0.0,1.0,0.0,0.0
AGTCAATGTTGGTTCT-1,8.0,0.0,0.0,0.0,0.0,0.0,1.0
AAGACAAGTTGCTGGG-3,1.0,0.2431277739439729,,,0.27520525106868904,0.22514867316661977,0.2565183018207184
CCAGGAACAACTAGCC-2,9.0,0.0,0.0,0.0,0.0,0.0,1.0
AACATAGCACCTCACC-1,7.0,0.0,0.0,0.0,1.0,0.0,0.0
CAATCCTGTCAAGTGC-2,5.0,0.0,0.0,0.0,1.0,0.0,0.0
GAAACTGAGTTATGTG-2,9.0,0.0,0.0,0.0,0.0,0.0,1.0
CACTTAAAGACTTATG-2,17.0,0.0,0.0,0.0,0.0,0.0,1.0
ACGTCAAGTAATAGCT-1,35.0,0.0,0.0,0.0,1.0,0.0,0.0
GGAATCTTCGTTTCCA-1,7.0,0.0,0.0,0.0,1.0,0.0,0.0
TGCCGGTAGTCACTAA-2,3.0,0.0,0.0,0.0,0.5288350026357407,0.0,0.4711649973642594
TGAGGTGCATAGGCGA-3,16.0,0.19281102196304184,,,0.24608965471250854,0.23107341591095565,0.33002590741349397
GTAGCCATCCTCACTA-3,18.0,0.0,0.0,0.0,0.0,1.0,0.0
AAGCTTGGTGGCTTCC-2,8.0,0.301639170259685,0.0,0.0,0.0,0.22294565844977138,0.47541517129054367
GTTCACCTCCTTAGTT-2,14.0,0.25490642483705084,0.0,0.0,0.203860627012991,0.27543380527416844,0.2657991428757897
CGATTCCTCCTTAATC-2,12.0,0.0,0.0,0.0,0.0,0.0,1.0
TGTCATAAGGGCTAAA-1,31.0,0.0,0.0,0.0,1.0,0.0,0.0
TTGGATTCACAAAGAC-2,19.0,0.28880190709864184,0.0,0.0,0.19477936981053914,0.2980900086334725,0.21832871445734645
GTACAATGTTAAATGC-2,17.0,0.28041555117654665,,,0.21377517180417943,0.21373583317818393,0.29207344384108996
TAAGCCAGTCAATAGT-3,17.0,1.0,0.0,0.0,0.0,0.0,0.0
AGTCCTTGTTAGAGCC-1,2.0,0.0,0.0,0.0,1.0,0.0,0.0
ACCAAGTTCGAGGAAC-3,1.0,0.2431277739439729,,,0.27520525106868904,0.22514867316661977,0.2565183018207184
GATTCCTGTAACAGGG-1,6.0,0.0,0.0,0.0,0.0,0.0,1.0
GGACATAAGCGCCTAA-3,22.0,0.22299113408910365,,,0.2286831626631811,0.3006206801642622,0.24770502308345307
GGTTTCCTCAATAGCC-3,3.0,1.0,0.0,0.0,0.0,0.0,0.0
AAACCGGCATCAGCAC-2,16.0,0.0,0.0,0.0,0.0,0.0,1.0
TTTCTCACAGGATGGC-2,29.0,1.0,0.0,0.0,0.0,0.0,0.0
TCACTGACACATAGCC-1,26.0,1.0,0.0,0.0,0.0,0.0,0.0
TCGTTATTCCTAAGAC-2,4.0,0.0,0.0,0.0,1.0,0.0,0.0
AGCTGCTCATAATTGC-3,15.0,0.25404889456095253,0.0,0.0,0.3994002521455771,0.19749238598555172,0.14905846730791872
TAATTGCCATGCATAT-2,28.0,0.0,0.0,0.0,0.0,0.0,1.0
CGCCACACAGGCGAGT-2,25.0,0.0,0.0,0.0,0.0,0.0,1.0
CGTTGCGCAATAAGCA-3,9.0,0.25657805136510725,,,0.19608879238864382,0.26842478255731234,0.2789083736889367
CCACATTGTAGGATTT-3,5.0,0.0,0.0,0.0,0.0,1.0,0.0
GAGCCACTCACAGGAA-1,9.0,0.0,0.0,0.0,1.0,0.0,0.0
GCGATTAGTCCTAATC-3,34.0,0.23141187017972628,,,0.21203187960198364,0.23517958103089368,0.32137666918739655
GCCTCAAAGTAACGGA-3,11.0,0.26017380928088074,,,0.3107460265472086,0.2228172513789396,0.20626291279297101
CTCTAGCTCCGGTTGA-2,14.0,0.25490642483705084,0.0,0.0,0.203860627012991,0.27543380527416844,0.2657991428757897
TGTTGTGCACGGTACT-1,6.0,0.0,0.0,0.0,1.0,0.0,0.0
ATTGGTTCAAGTTATC-1,38.0,0.0,0.0,0.0,1.0,0.0,0.0
AAGACCAAGGTGAAAT-3,17.0,0.28041555117654665,,,0.21377517180417943,0.21373583317818393,0.29207344384108996
AGTGGACAGCAGCTCA-1,1.0,0.0,0.0,0.0,1.0,0.0,0.0
GTATCGCCATTCAGCA-3,22.0,1.0,0.0,0.0,0.0,0.0,0.0
GCGGAACCAGCGCTTG-3,15.0,0.25404889456095253,,,0.3994002521455771,0.19749238598555172,0.14905846730791872
CTCGCTAGTTTGGGTA-2,13.0,0.2379245460670892,,,0.33034621848395457,0.2084468038321267,0.22328243161682945
TTGGATTCACACTAAT-2,1.0,0.0,0.0,0.0,0.0,0.0,1.0
CACCGGTAGGTCCTAG-3,26.0,1.0,0.0,0.0,0.0,0.0,0.0
CGACAAGCACCCTCAC-2,3.0,1.0,0.0,0.0,0.0,0.0,0.0
TTTGACTTCTCCTCAA-2,6.0,0.28619740144106137,,,0.20095345838278786,0.28595501190791156,0.2268941282682392
GCTCAACCAGGATGGC-3,18.0,0.23638071763888321,,,0.28964209218552694,0.2590708442645409,0.21490634591104896
GACAATACACAACAGG-1,29.0,0.0,0.0,0.0,1.0,0.0,0.0
ATGAAGTAGTGTTGTA-1,37.0,1.0,0.0,0.0,0.0,0.0,0.0
TCGTTAGCACAGAACG-1,5.0,0.0,0.0,0.0,1.0,0.0,0.0
CTTGCAACAATCCCTT-3,11.0,1.0,0.0,0.0,0.0,0.0,0.0
GCCACTAAGGACCTTG-3,27.0,1.0,0.0,0.0,0.0,0.0,0.0
GTATCGCCAAATGCCC-2,10.0,0.0,0.0,0.0,0.0,0.0,1.0
TGAAACTGTTTGTCTA-2,4.0,0.0,0.0,0.0,0.0,0.0,1.0
GGATTATGTTAACAGT-2,34.0,0.0,0.0,0.0,0.0,0.0,1.0
CGGTTATAGCGATACT-3,1.0,1.0,0.0,0.0,0.0,0.0,0.0
GCGAAGCCAGCATGGA-3,22.0,0.22299113408910365,,,0.2286831626631811,0.3006206801642622,0.24770502308345307
CGAGTCGGTGAACAAA-2,2.0,0.0,0.0,0.0,0.0,0.0,1.0
TAGTTGTCATTAGGCC-3,1.0,1.0,0.0,0.0,0.0,0.0,0.0
GGGTCACTCAATGTGC-3,34.0,1.0,0.0,0.0,0.0,0.0,0.0
GTAGTTATCATTTGCT-3,20.0,0.0,0.0,0.0,0.0,1.0,0.0
TCTCCTCGTTTGTTGC-2,9.0,0.0,0.0,0.0,1.0,0.0,0.0
CTGGATGTCTCACTAT-2,35.0,0.0,0.0,0.0,0.0,0.0,1.0
GTGGATGCATAGCGAG-3,12.0,1.0,0.0,0.0,0.0,0.0,0.0
GTAGGATCAAACGGGC-2,27.0,0.0,0.0,0.0,1.0,0.0,0.0
ATGACAACATGCTTAG-3,12.0,1.0,0.0,0.0,0.0,0.0,0.0
TTTCGTCCAGGCATCT-3,11.0,0.26017380928088074,,,0.3107460265472086,0.2228172513789396,0.20626291279297101
GTTAGACTCCTAGTAA-3,18.0,0.23638071763888321,,,0.28964209218552694,0.2590708442645409,0.21490634591104896
AGAGAAGCATTGTCAG-2,24.0,0.0,0.0,0.0,0.0,0.0,1.0
GGTAAGGGTGTGAGAG-2,12.0,0.22393288850727908,0.0,0.0,0.21148179656914845,0.3491266157595441,0.21545869916402838
TGGCCATCACTAGCGT-2,5.0,0.25007613426230707,0.0,0.0,0.2764713286099489,0.24316603374735998,0.23028650338038426
AGGTGAATCGGCCAGT-1,28.0,0.0,0.0,0.0,1.0,0.0,0.0
GGTGAGGTCCGGTATG-1,25.0,0.0,0.0,0.0,1.0,0.0,0.0
GCACGCTAGCACAGGG-2,25.0,0.0,0.0,0.0,1.0,0.0,0.0
CCAACCCGTTAATGAC-1,34.0,0.0,0.0,0.0,1.0,0.0,0.0
CCTACTGGTTTACTTG-1,9.0,1.0,0.0,0.0,0.0,0.0,0.0
GGTCCATCAGTAGGTG-2,14.0,1.0,0.0,0.0,0.0,0.0,0.0
AGCAAGGGTGTGCACG-2,20.0,1.0,0.0,0.0,0.0,0.0,0.0
GTCGAAGCATCCTGAA-2,15.0,0.0,0.0,0.0,0.0,0.0,1.0
CTGTTGGAGTAAGTCC-3,6.0,0.28619740144106137,,,0.20095345838278786,0.28595501190791156,0.2268941282682392
GTAGGCGAGTCACCAG-1,11.0,0.0,0.0,0.0,0.0,0.0,1.0
GTTCATTTCTTTAAGG-3,7.0,0.23707317196827163,,,0.3805360488007793,0.2041805565917011,0.17821022263924788
GCATTAGGTTCCAGGG-1,7.0,0.0,0.0,0.0,1.0,0.0,0.0
TATGGATGTTTGGCTT-1,15.0,1.0,0.0,0.0,0.0,0.0,0.0
TGATGATGTAACGGGA-2,27.0,1.0,0.0,0.0,0.0,0.0,0.0
CGGCTAATCCCGAAGC-2,18.0,0.0,0.0,0.0,0.0,0.0,1.0
CAAGCTAGTCACAGAC-3,8.0,0.22347106138460127,,,0.25914442347718897,0.16517053432406306,0.3522139808141467
CTAACCCTCACTTCAT-3,6.0,0.28619740144106137,,,0.20095345838278786,0.28595501190791156,0.2268941282682392
GCACATTAGTCACTAA-2,20.0,0.0,0.0,0.0,0.0,0.0,1.0
CACCTCAGTTTGTCTA-2,19.0,0.0,0.0,0.0,1.0,0.0,0.0
CGCACACAGTAGCCAT-3,24.0,0.21845905187174444,,,0.2480843926368116,0.19755649681913243,0.33590005867231154
AAGGTGCAGATAACCC-1,1.0,0.0,0.0,0.0,1.0,0.0,0.0
GGGCATTGTTGCAATG-1,9.0,0.0,0.0,0.0,1.0,0.0,0.0
CGATTTGCAGGCTAGA-3,2.0,1.0,0.0,0.0,0.0,0.0,0.0
GCTAGCGGTTCGGTAA-2,15.0,1.0,0.0,0.0,0.0,0.0,0.0
CGTAGCGGTACGTTTC-3,34.0,0.0,0.0,0.0,0.0,1.0,0.0
TCTTAGTTCTCGCCTG-2,7.0,0.23707317196827163,,,0.3805360488007793,0.2041805565917011,0.17821022263924788
GGCCTAATCCTAAGTA-3,11.0,0.26017380928088074,,,0.3107460265472086,0.2228172513789396,0.20626291279297101
ACCACATAGCGGATAA-3,5.0,1.0,0.0,0.0,0.0,0.0,0.0
AACTAGTGTTAGCAGC-3,12.0,0.22393288850727908,,,0.21148179656914845,0.3491266157595441,0.21545869916402838
ACACGGACAATCTCTC-3,8.0,0.22347106138460127,,,0.25914442347718897,0.16517053432406306,0.3522139808141467
ATGGCTTAGCCTGTGA-2,34.0,1.0,0.0,0.0,0.0,0.0,0.0
ACCGAAGCACTAGCGT-1,15.0,0.0,0.0,0.0,0.0,0.0,1.0
GGTAATTGTGTGTCCC-2,12.0,0.0,0.0,0.0,1.0,0.0,0.0
CCAATATCATGTTGTG-2,23.0,0.0,0.0,0.0,1.0,0.0,0.0
AAGCATGAGTTACCGG-1,2.0,0.0,0.0,0.0,1.0,0.0,0.0
AGTAACGAGACAGGCG-3,25.0,0.25294349983189635,,,0.22563202807869934,0.20762681900387653,0.31379765308552765
CGTCAATAGCCGCTTT-3,12.0,1.0,0.0,0.0,0.0,0.0,0.0
AGAAACCCAGCTTAAT-2,12.0,0.0,0.0,0.0,1.0,0.0,0.0
TTGCTTAGTTAGCAGC-2,21.0,1.0,0.0,0.0,0.0,0.0,0.0
CTTGTCCAGTAACGAG-1,8.0,0.0,0.0,0.0,1.0,0.0,0.0
TGCGGTTCACTCGCTC-1,12.0,0.0,0.0,0.0,1.0,0.0,0.0
CATTGTAAGGCTAAGA-3,6.0,0.28619740144106137,,,0.20095345838278786,0.28595501190791156,0.2268941282682392
GGTTTCTGTGGGAACA-3,14.0,1.0,0.0,0.0,0.0,0.0,0.0
GAACCTTAGCCGCTAA-3,9.0,0.0,0.0,0.0,0.0,1.0,0.0
GCAGCCAGTCTATCGT-2,2.0,1.0,0.0,0.0,0.0,0.0,0.0
AAAGCTTGTTGCACGG-1,9.0,0.0,0.0,0.0,1.0,0.0,0.0
TCATTTGGTACTGATG-2,4.0,1.0,0.0,0.0,0.0,0.0,0.0
GACTATTCAATAGTCT-2,5.0,1.0,0.0,0.0,0.0,0.0,0.0
CCCGCTTCACCATATG-2,19.0,0.0,0.0,0.0,0.47149735681336075,0.0,0.5285026431866393
TCTCCTCGTAATGACT-2,14.0,0.0,0.0,0.0,0.43406022845275183,0.0,0.5659397715472482
TCAAGGTTCGCATTAA-1,1.0,0.0,0.0,0.0,1.0,0.0,0.0
CTCGTTATCGCTATAA-2,23.0,0.0,0.0,0.0,1.0,0.0,0.0
GGCCTTCGTTAACGAT-3,8.0,0.22347106138460127,,,0.25914442347718897,0.16517053432406306,0.3522139808141467
CATTATGAGTGTGATC-3,16.0,0.19281102196304184,,,0.24608965471250854,0.23107341591095565,0.33002590741349397
TGTTACTTCGTTACTT-3,15.0,1.0,0.0,0.0,0.0,0.0,0.0
ATGCTTAAGGCTAAGA-2,30.0,0.2305508875130836,0.0,0.0,0.30015485066475694,0.2562706347632869,0.21302362705887254
CGCATATAGGGCCACT-1,12.0,0.0,0.0,0.0,1.0,0.0,0.0
GATTGGCGTAGGTTGC-3,27.0,0.2659503422898086,,,0.3090767064839525,0.2252336567198111,0.1997392945064278
AAATGGCCAGCTTAAT-3,10.0,0.26490417044114983,,,0.1425309127782741,0.3402195170606928,0.2523453997198832
CGAAGAATCCTTTACG-2,3.0,0.0,0.0,0.0,1.0,0.0,0.0
CGGCTCACAATCTCTC-3,3.0,0.2510908928836586,,,0.23769248350866462,0.29944475183729763,0.2117718717703792
GTCATGAGTCAAAGGG-1,1.0,0.0,0.0,0.0,1.0,0.0,0.0
TGCTATGCAGCAAGGC-1,27.0,0.0,0.0,0.0,1.0,0.0,0.0
GTTAATGTCTAATCTC-2,30.0,0.0,0.0,0.0,1.0,0.0,0.0
CGTGCTGCAAGGTCGA-1,14.0,0.0,0.0,0.0,1.0,0.0,0.0
ATTTGCAAGACAGGCG-3,1.0,1.0,0.0,0.0,0.0,0.0,0.0
CTTGTTCCAATTTAGC-3,21.0,0.36496857686394185,0.0,0.0,0.2425919314203312,0.14718681699163197,0.24525267472409484
TCATGAGGTCAGGCCA-3,10.0,1.0,0.0,0.0,0.0,0.0,0.0
AGGCAATCAGGACCAA-1,5.0,0.0,0.0,0.0,1.0,0.0,0.0
CAAGTGAAGGTCCGTA-1,29.0,0.0,0.0,0.0,1.0,0.0,0.0
AATCATCCAGTTATCG-2,11.0,1.0,0.0,0.0,0.0,0.0,0.0
GCGCAAACAGGAATCG-3,18.0,1.0,0.0,0.0,0.0,0.0,0.0
TTATAGCCAGGCTGTT-3,4.0,0.2789549502429366,,,0.1885732419812842,0.21961014244052887,0.31286166533525034
AGCGGACCATCACTTC-3,3.0,0.2510908928836586,,,0.23769248350866462,0.29944475183729763,0.2117718717703792
CGAGCTGGTAAAGCGG-3,37.0,1.0,0.0,0.0,0.0,0.0,0.0
ATTGTCCGTCTTGCTG-1,24.0,0.0,0.0,0.0,1.0,0.0,0.0
AGCCTAGTCACGAATC-2,6.0,0.0,0.0,0.0,0.0,0.0,1.0
GAGTGATCAAGCTAAA-2,33.0,0.25254537146409556,,,0.23028304051452006,0.2665285948922042,0.25064299312918015
AATCCCTGTTGCACAA-3,33.0,1.0,0.0,0.0,0.0,0.0,0.0
CTTAGGAGTGTCACGG-2,15.0,1.0,0.0,0.0,0.0,0.0,0.0
TAGCTTAAGGAAGCTA-3,28.0,0.24355764626440804,,,0.2713230524219713,0.21916108471229478,0.2659582166013259
AGTAACCTCCCGTTAC-1,10.0,1.0,0.0,0.0,0.0,0.0,0.0
CAACAATGTTAACGAT-1,8.0,0.0,0.0,0.0,1.0,0.0,0.0
AAGACATAGGGTGAAC-3,25.0,1.0,0.0,0.0,0.0,0.0,0.0
GGCTTCAAGCATGGTT-1,13.0,0.0,0.0,0.0,1.0,0.0,0.0
CCAGGAACAGGATTAA-1,8.0,0.0,0.0,0.0,1.0,0.0,0.0
AATGCGCGTCTAACCT-2,25.0,0.0,0.0,0.0,0.0,0.0,1.0
ACCTGGTCACTGACTA-3,9.0,0.25657805136510725,,,0.19608879238864382,0.26842478255731234,0.2789083736889367
CCCAACCGTTTCAGGA-2,24.0,0.0,0.0,0.0,1.0,0.0,0.0
GGTAACCGTTGGATAT-3,21.0,0.48186518206539586,0.0,0.0,0.0,0.19432961318677844,0.32380520474782576
TACCTTTAGGTTAGAG-1,22.0,0.0,0.0,0.0,1.0,0.0,0.0
GGTTTCCTCACATTGA-3,26.0,1.0,0.0,0.0,0.0,0.0,0.0
TCCATCATCGCGACAC-3,1.0,0.2431277739439729,,,0.27520525106868904,0.22514867316661977,0.2565183018207184
TAGCCTCTCTCCATGC-3,8.0,0.22347106138460127,,,0.25914442347718897,0.16517053432406306,0.3522139808141467
TTAGCAATCAATCTAG-1,11.0,0.0,0.0,0.0,1.0,0.0,0.0
GTCAATATCCGCTAGA-2,4.0,0.0,0.0,0.0,0.0,0.0,1.0
ACGTACCCAAACATAG-2,12.0,0.0,0.0,0.0,1.0,0.0,0.0
TCTACCTCACTCAACA-2,8.0,0.22347106138460127,,,0.25914442347718897,0.16517053432406306,0.3522139808141467
TGTGGCCAGCAAGATG-2,6.0,0.0,0.0,0.0,0.0,0.0,1.0
GCCTACTTCTGTGCAG-3,26.0,0.3005755128437196,,,0.19364293997678975,0.3106467509625101,0.19513479621698074
ATCAGGTTCACGAATC-1,4.0,0.0,0.0,0.0,1.0,0.0,0.0
GTTACGCCACATACTG-1,16.0,0.0,0.0,0.0,1.0,0.0,0.0
AAGCCTTAGTTTGAGC-2,1.0,0.0,0.0,0.0,0.0,0.0,1.0
CTGGTTACAGCCGCTA-3,2.0,1.0,0.0,0.0,0.0,0.0,0.0
AACGCCCAGCAAGGGT-2,13.0,0.2379245460670892,,,0.33034621848395457,0.2084468038321267,0.22328243161682945
CTGTTAAAGTTGTCCC-3,13.0,0.0,0.0,0.0,0.0,1.0,0.0
GCAGGCAAGCAAGACA-1,15.0,0.0,0.0,0.0,1.0,0.0,0.0
GCGCTAGGTGTGAGAG-3,33.0,1.0,0.0,0.0,0.0,0.0,0.0
TAAAGCCTCATTGCAA-3,23.0,0.2890753295347951,,,0.21326803108883835,0.2250748294409998,0.2725818099353668
GGCAGGATCTCACTAT-3,32.0,1.0,0.0,0.0,0.0,0.0,0.0
GTCATCCTCTGGCAAT-2,15.0,0.25404889456095253,,,0.3994002521455771,0.19749238598555172,0.14905846730791872
AGAACCAAGCTCCCTG-3,24.0,0.2905366635995692,0.0,0.0,0.0,0.26273759300185556,0.44672574339857524
TAGGCTGTCCAAATCA-2,33.0,1.0,0.0,0.0,0.0,0.0,0.0
CTGGTAAGTCCTTAGT-2,12.0,0.0,0.0,0.0,0.0,0.0,1.0
TCCATAAAGCTTAGTA-2,14.0,0.25490642483705084,,,0.203860627012991,0.27543380527416844,0.2657991428757897
CTTCTCAAGGGTCTAT-3,6.0,0.28619740144106137,,,0.20095345838278786,0.28595501190791156,0.2268941282682392
ATTTGTGAGTGCACGC-1,10.0,0.0,0.0,0.0,1.0,0.0,0.0
CCATAGCCAGCCTAAC-2,13.0,0.0,0.0,0.0,1.0,0.0,0.0
ATATGCATCTAGCGAT-2,11.0,1.0,0.0,0.0,0.0,0.0,0.0
GATCAGTTCATAAGCC-2,10.0,0.0,0.0,0.0,0.0,1.0,0.0
ACTAACCAGGACCGCT-2,21.0,0.0,0.0,0.0,1.0,0.0,0.0
ACCGAAGCAACCTAAT-3,19.0,0.28880190709864184,,,0.19477936981053914,0.2980900086334725,0.21832871445734645
CGATTGAGTTCCGGGA-3,25.0,0.0,0.0,0.0,0.0,1.0,0.0
CTAGTTGCAAACGCGA-2,32.0,0.23501474983514806,,,0.36169219852304807,0.23220664506324848,0.1710864065785554
AGCACTAGTAGCAGCT-1,12.0,0.0,0.0,0.0,1.0,0.0,0.0
CCTAAGTAGTAGCTTA-3,20.0,0.0,0.0,0.0,0.0,1.0,0.0
TATATCCTCATAACCA-1,24.0,0.0,0.0,0.0,0.0,0.0,1.0
AACCCGCAGGTGCGGA-2,35.0,0.2399263636153897,,,0.17564806529159285,0.22166609309080135,0.362759478002216
ACCAAGTTCTCACTAT-3,11.0,1.0,0.0,0.0,0.0,0.0,0.0
ACCTTCATCATTGCGG-3,4.0,0.0,0.0,0.0,0.0,1.0,0.0
GCCGTGAGTAGGATTT-2,5.0,0.25007613426230707,,,0.2764713286099489,0.24316603374735998,0.23028650338038426
CAGGATGCAACAGCCT-3,11.0,0.26017380928088074,,,0.3107460265472086,0.2228172513789396,0.20626291279297101
GATCCGTCAAGGAATC-2,11.0,0.26017380928088074,0.0,0.0,0.3107460265472086,0.2228172513789396,0.20626291279297101
AGAACCGCAATTTAGC-3,19.0,0.28880190709864184,0.0,0.0,0.19477936981053914,0.2980900086334725,0.21832871445734645
AGTGGACAGCAAACCT-1,1.0,0.0,0.0,0.0,1.0,0.0,0.0
TGGCTATAGTTAGTTG-1,7.0,0.0,0.0,0.0,1.0,0.0,0.0
TTGATGTCATATTGAC-3,26.0,0.0,0.0,0.0,0.0,1.0,0.0
TCGTAATCAAACTCAT-2,33.0,0.0,0.0,0.0,1.0,0.0,0.0
GTTGTTGCAAGTCGCT-2,10.0,0.0,0.0,0.0,0.0,0.0,1.0
AAGCTTGGTGCAACTA-3,29.0,0.31074906515307005,0.0,0.0,0.233016360882147,0.22003051032240445,0.2362040636423785
CTCCGGACACCTATAG-1,15.0,0.0,0.0,0.0,1.0,0.0,0.0
ACCTAAGGTTCTTTAG-3,16.0,1.0,0.0,0.0,0.0,0.0,0.0
CAGCATTAGGATAAAC-2,16.0,0.19281102196304184,0.0,0.0,0.24608965471250854,0.23107341591095565,0.33002590741349397
ACCAAGTTCTTAAGTG-2,1.0,0.2431277739439729,0.0,0.0,0.27520525106868904,0.22514867316661977,0.2565183018207184
GAAGCCTGTTGTGATG-2,24.0,1.0,0.0,0.0,0.0,0.0,0.0
AGACAATAGGGACCTC-1,15.0,0.0,0.0,0.0,1.0,0.0,0.0
TGCGATTAGCCGCAAC-2,9.0,0.25657805136510725,0.0,0.0,0.19608879238864382,0.26842478255731234,0.2789083736889367
CGCTTCTAGTCATGCG-2,21.0,0.36496857686394185,0.0,0.0,0.2425919314203312,0.14718681699163197,0.24525267472409484
GCCAATAGTTGACTTC-2,17.0,0.28041555117654665,,,0.21377517180417943,0.21373583317818393,0.29207344384108996
CTTCACTCATAAGGAC-3,4.0,0.0,0.0,0.0,0.0,0.0,1.0
CGAATCTAGCCACATG-2,15.0,0.0,0.0,0.0,0.0,1.0,0.0
TAATTGCCATCCAGGT-2,15.0,0.0,0.0,0.0,1.0,0.0,0.0
TCCATCATCGGCTATG-1,28.0,0.0,0.0,0.0,0.0,0.0,1.0
GACTTAGGTTACCTGT-2,25.0,0.25294349983189635,0.0,0.0,0.22563202807869934,0.20762681900387653,0.31379765308552765
GGGTCACTCGGCCATA-3,17.0,0.28041555117654665,,,0.21377517180417943,0.21373583317818393,0.29207344384108996
TGCTCAACAAGGTCCT-2,37.0,0.0,0.0,0.0,0.0,0.0,1.0
AAAGCACCAAGCCACT-2,19.0,0.0,0.0,0.0,1.0,0.0,0.0
TCAGCGATCATGCCTC-2,32.0,0.0,0.0,0.0,1.0,0.0,0.0
TAATCCGCAGGCGATA-2,3.0,0.2510908928836586,,,0.23769248350866462,0.29944475183729763,0.2117718717703792
GGAATCTTCTGTAATG-3,11.0,1.0,0.0,0.0,0.0,0.0,0.0
GGTCAGGAGACTCGCA-2,13.0,0.0,0.0,0.0,1.0,0.0,0.0
TATGAAGCACTTCATC-1,1.0,0.0,0.0,0.0,1.0,0.0,0.0
CTAATAGTCCTGCGAA-1,23.0,0.0,0.0,0.0,1.0,0.0,0.0
CACTTAAAGCTTAGCG-2,26.0,1.0,0.0,0.0,0.0,0.0,0.0
GTGTAACTCCGCAAAT-2,3.0,0.0,0.0,0.0,1.0,0.0,0.0
TGCGATTAGAGGGACT-2,2.0,0.0,0.0,0.0,1.0,0.0,0.0
TCTAATCTCCCTCAAC-1,6.0,0.0,0.0,0.0,1.0,0.0,0.0
CTGTTAAAGGTTTGCG-1,35.0,0.0,0.0,0.0,1.0,0.0,0.0
GCGCAAACATCCGTAA-1,15.0,1.0,0.0,0.0,0.0,0.0,0.0
CATAATCCAGGCTTCG-1,27.0,0.0,0.0,0.0,1.0,0.0,0.0
CCTAAGGTCGGTTTGG-2,17.0,0.0,0.0,0.0,0.0,0.0,1.0
TTGGTGAGTGCATTAG-2,20.0,0.0,0.0,0.0,1.0,0.0,0.0
GGAAGCTAGGAGGTTA-3,28.0,0.24355764626440804,,,0.2713230524219713,0.21916108471229478,0.2659582166013259
TTACGTTTCATGCGTG-3,13.0,0.2379245460670892,,,0.33034621848395457,0.2084468038321267,0.22328243161682945
TGGTCCTTCAAACCTA-2,9.0,0.25657805136510725,0.0,0.0,0.19608879238864382,0.26842478255731234,0.2789083736889367
GCTGCATCACAGACTC-3,7.0,0.23707317196827163,,,0.3805360488007793,0.2041805565917011,0.17821022263924788
GACCTAGTCCTTCTAG-2,28.0,0.0,0.0,0.0,1.0,0.0,0.0
GGTATTTCACATAGCC-3,29.0,1.0,0.0,0.0,0.0,0.0,0.0
GCTAGTGTCCCTGTTA-2,17.0,0.0,0.0,0.0,0.4226070116481075,0.0,0.5773929883518925
GTGCTTACACCTCGCT-3,23.0,1.0,0.0,0.0,0.0,0.0,0.0
GTGGTTAGTACCGAAC-1,27.0,0.0,0.0,0.0,1.0,0.0,0.0
CTCTCACAGTAACAGG-1,18.0,0.0,0.0,0.0,1.0,0.0,0.0
TTGACTAAGGCCTGGT-2,8.0,0.301639170259685,0.0,0.0,0.0,0.22294565844977138,0.47541517129054367
CTAGCTGAGTAACGGA-1,12.0,0.0,0.0,0.0,1.0,0.0,0.0
CGAACAAAGTCTGGGC-2,27.0,1.0,0.0,0.0,0.0,0.0,0.0
CTGTTGGAGCCGCAAC-2,9.0,0.0,0.0,0.0,1.0,0.0,0.0
AATCCATCATGGCCTG-2,5.0,0.0,0.0,0.0,0.0,1.0,0.0
CCTTAGTGTAAATTGC-1,28.0,0.0,0.0,0.0,1.0,0.0,0.0
CTAATGTCAAGGCCAA-3,1.0,0.2431277739439729,,,0.27520525106868904,0.22514867316661977,0.2565183018207184
GAACACAAGCTATGAC-3,14.0,1.0,0.0,0.0,0.0,0.0,0.0
CTAGTTGCATAATGTC-2,10.0,0.0,0.0,0.0,1.0,0.0,0.0
TATCCAGCAATAGTCT-3,2.0,0.21079074246169519,,,0.3110256879333526,0.2245883274521365,0.25359524215281576
ATCAATCCACATAACT-3,33.0,0.0,0.0,0.0,0.0,1.0,0.0
GCTAAGTTCATAGACC-3,25.0,1.0,0.0,0.0,0.0,0.0,0.0
CTGAATATCATGCATA-1,33.0,0.0,0.0,0.0,1.0,0.0,0.0
TCAAGGTTCGAGGAAC-3,32.0,0.23501474983514806,,,0.36169219852304807,0.23220664506324848,0.1710864065785554
CTTCAAGCAGGCTACT-2,2.0,0.0,0.0,0.0,1.0,0.0,0.0
AGGACGTAGCAACAAG-2,2.0,1.0,0.0,0.0,0.0,0.0,0.0
AAGTGCAAGCCTGTGA-2,17.0,1.0,0.0,0.0,0.0,0.0,0.0
CAACTAGGTGCCTCAC-3,34.0,1.0,0.0,0.0,0.0,0.0,0.0
TGAGTTTCAAAGCGGC-2,18.0,0.0,0.0,0.0,1.0,0.0,0.0
TCCTCTAAGTTGTCCC-3,2.0,1.0,0.0,0.0,0.0,0.0,0.0
CCGATGCAGATGCCTG-1,13.0,0.0,0.0,0.0,1.0,0.0,0.0
CCGACAGGTTGTGATG-3,19.0,0.28880190709864184,,,0.19477936981053914,0.2980900086334725,0.21832871445734645
TATGGCCCAATTGCGC-3,7.0,0.23707317196827163,,,0.3805360488007793,0.2041805565917011,0.17821022263924788
CGTTAAATCCTAAGTA-1,12.0,0.0,0.0,0.0,1.0,0.0,0.0
ACTTGAATCGGTACGC-2,4.0,0.2789549502429366,,,0.1885732419812842,0.21961014244052887,0.31286166533525034
CTAGCTGAGAAGCTAG-2,37.0,0.0,0.0,0.0,1.0,0.0,0.0
GTAAGCGCAGTTAAAG-2,11.0,0.26017380928088074,,,0.3107460265472086,0.2228172513789396,0.20626291279297101
CTGTATTTCGCTATAA-3,12.0,0.22393288850727908,,,0.21148179656914845,0.3491266157595441,0.21545869916402838
ATTCAACCAGGCATCT-3,1.0,0.0,0.0,0.0,0.0,1.0,0.0
TAGCTAATCTGCAAAC-3,17.0,0.28041555117654665,,,0.21377517180417943,0.21373583317818393,0.29207344384108996
AGCGGACCACCTCACC-2,23.0,0.2890753295347951,0.0,0.0,0.21326803108883835,0.2250748294409998,0.2725818099353668
TTGGGTTAGATTCCTT-1,23.0,0.0,0.0,0.0,1.0,0.0,0.0
AGGAACCAGGTTACGT-1,1.0,0.0,0.0,0.0,1.0,0.0,0.0
GTTAAGTGTCCGCTGT-2,12.0,0.22393288850727908,,,0.21148179656914845,0.3491266157595441,0.21545869916402838
GATCGATTCAGTGAAG-2,36.0,0.2461747580345537,,,0.1850283944180879,0.27103139859455855,0.2977654489527998
GCTGAGGAGGAGGCAT-2,1.0,0.0,0.0,0.0,0.0,0.0,1.0
CAAACCGTCCTTAGGG-2,3.0,0.0,0.0,0.0,1.0,0.0,0.0
GATCGCTCAAACTGTT-2,27.0,0.0,0.0,0.0,1.0,0.0,0.0
CTTAGTTTCGTTAGTA-1,14.0,0.0,0.0,0.0,0.0,0.0,1.0
GCCAGGTTCGGGCCAT-2,25.0,0.0,0.0,0.0,1.0,0.0,0.0
CTCGTTATCTGCAACG-3,7.0,0.23707317196827163,,,0.3805360488007793,0.2041805565917011,0.17821022263924788
GTCTAATCAACTAGAA-1,11.0,0.0,0.0,0.0,1.0,0.0,0.0
CCGCTAGCATGCTTAG-2,32.0,1.0,0.0,0.0,0.0,0.0,0.0
GTATCGCCATGCTTAG-3,17.0,1.0,0.0,0.0,0.0,0.0,0.0
ACGCTTGAGAGAGGCT-3,24.0,0.0,0.0,0.0,0.0,1.0,0.0
ACGCTTGAGAGCCGCT-1,6.0,0.0,0.0,0.0,1.0,0.0,0.0
CAATCCTGTGCTGTAA-3,12.0,0.22393288850727908,,,0.21148179656914845,0.3491266157595441,0.21545869916402838
TACCGCAAGGCGCTAC-3,15.0,0.25404889456095253,,,0.3994002521455771,0.19749238598555172,0.14905846730791872
GTGCATTAGCATTATG-2,21.0,0.36496857686394185,0.0,0.0,0.2425919314203312,0.14718681699163197,0.24525267472409484
GATCAAGAGACAACAG-3,4.0,0.2789549502429366,,,0.1885732419812842,0.21961014244052887,0.31286166533525034
AACCTTGCATCATGTG-1,38.0,0.0,0.0,0.0,1.0,0.0,0.0
GAAAGCCAGGCTGTCA-1,15.0,0.0,0.0,0.0,1.0,0.0,0.0
TTGTAAGTCTATCGCC-2,4.0,0.0,0.0,0.0,0.37606724069221203,0.0,0.623932759307788
CGATCCTTCGGCTATG-2,13.0,0.0,0.0,0.0,0.0,0.0,1.0
TGCCATTGTAAATTGC-3,33.0,1.0,0.0,0.0,0.0,0.0,0.0
TATAGCCAGCTTAACA-3,4.0,0.0,0.0,0.0,0.0,1.0,0.0
AGCAACAAGTCAATCA-2,4.0,0.0,0.0,0.0,0.37606724069221203,0.0,0.623932759307788
AGATGAAGTCTTTGAC-1,31.0,0.0,0.0,0.0,0.0,0.0,1.0
CATAGTCAGACCATAC-2,10.0,0.0,0.0,0.0,0.0,0.0,1.0
TGGTAAACACTCAACA-2,23.0,0.2890753295347951,,,0.21326803108883835,0.2250748294409998,0.2725818099353668
CATTATCTCAGGTTTA-2,37.0,0.15830411656991292,,,0.21353305020503288,0.2890839998065646,0.33907883341848966
TTAAGGTGTCATTGTC-3,23.0,0.2890753295347951,,,0.21326803108883835,0.2250748294409998,0.2725818099353668
TCAATCGCATAAGTCT-3,24.0,0.0,0.0,0.0,0.0,0.0,1.0
TAGTGGCGTGATTACG-3,34.0,0.23141187017972628,,,0.21203187960198364,0.23517958103089368,0.32137666918739655
AGTAGGATCTTAGCGG-3,1.0,0.2431277739439729,,,0.27520525106868904,0.22514867316661977,0.2565183018207184
TTAGGCTAGCTATTGA-1,17.0,1.0,0.0,0.0,0.0,0.0,0.0
GGGTTTCCATGAGTTT-2,13.0,0.0,0.0,0.0,0.0,0.0,1.0
AAGCGAATCCAAGTGT-3,35.0,1.0,0.0,0.0,0.0,0.0,0.0
GTTCTCATCCCTGATC-3,37.0,0.15830411656991292,,,0.21353305020503288,0.2890839998065646,0.33907883341848966
TGCGGTTCAAGGAATC-2,4.0,0.2789549502429366,,,0.1885732419812842,0.21961014244052887,0.31286166533525034
GCTGAGGAGGCCATCA-3,9.0,0.25657805136510725,0.0,0.0,0.19608879238864382,0.26842478255731234,0.2789083736889367
AGCACAGCAAACCCTA-1,38.0,1.0,0.0,0.0,0.0,0.0,0.0
TCCATATTCTTCAATC-1,11.0,0.0,0.0,0.0,0.0,0.0,1.0
GACCGTTCACCTCGCT-2,14.0,1.0,0.0,0.0,0.0,0.0,0.0
GTAATAGCAAGGTCCT-3,29.0,1.0,0.0,0.0,0.0,0.0,0.0
TTATGACCATTGTGAT-1,25.0,0.0,0.0,0.0,0.0,0.0,1.0
TAGGCTTAGTCCTTCA-1,11.0,0.0,0.0,0.0,1.0,0.0,0.0
CTAAGGTTCTTGGACG-2,36.0,0.2461747580345537,0.0,0.0,0.1850283944180879,0.27103139859455855,0.2977654489527998
GAAGCCTGTAAGCACC-3,9.0,0.25657805136510725,,,0.19608879238864382,0.26842478255731234,0.2789083736889367
AATTGACGTAAGGTCC-3,7.0,1.0,0.0,0.0,0.0,0.0,0.0
GGGCAATAGACTCGCA-3,26.0,0.3005755128437196,,,0.19364293997678975,0.3106467509625101,0.19513479621698074
GGTCATTAGACAAACG-3,14.0,0.25490642483705084,,,0.203860627012991,0.27543380527416844,0.2657991428757897
GGCGATACAAAGGTAC-3,8.0,0.22347106138460127,,,0.25914442347718897,0.16517053432406306,0.3522139808141467
CGTTAGTAGGTCTTGG-3,19.0,1.0,0.0,0.0,0.0,0.0,0.0
CGGAGTCTCCGCCTAT-3,19.0,0.28880190709864184,0.0,0.0,0.19477936981053914,0.2980900086334725,0.21832871445734645
GGAGTGAGTGTCACGG-2,19.0,0.28880190709864184,,,0.19477936981053914,0.2980900086334725,0.21832871445734645
CCTATAGCAGCTTACA-3,6.0,0.28619740144106137,,,0.20095345838278786,0.28595501190791156,0.2268941282682392
CTAACCCTCGTTAACA-2,2.0,0.0,0.0,0.0,1.0,0.0,0.0
CGCATGATCACGCCAA-2,20.0,0.0,0.0,0.0,0.0,0.0,1.0
CAGGTCCAGTTCCCGT-1,9.0,0.0,0.0,0.0,0.0,0.0,1.0
CCTTATGTCCTAATTC-1,37.0,0.0,0.0,0.0,1.0,0.0,0.0
TTAGGATGTGGATGTC-2,1.0,0.2431277739439729,,,0.27520525106868904,0.22514867316661977,0.2565183018207184
ACACGGACACAGACTC-3,21.0,0.36496857686394185,0.0,0.0,0.2425919314203312,0.14718681699163197,0.24525267472409484
GCCTCGACAAACTGCC-1,15.0,0.0,0.0,0.0,1.0,0.0,0.0
CCTGTAACATCACAGC-3,33.0,0.25254537146409556,,,0.23028304051452006,0.2665285948922042,0.25064299312918015
GTATTGTCACCCTCAC-1,5.0,1.0,0.0,0.0,0.0,0.0,0.0
GGACGAAGTGCGCATG-3,38.0,0.19027885726034566,,,0.23574107619489226,0.2789089395946002,0.2950711269501618
CCGTTGCGTTCCGGGA-2,17.0,0.0,0.0,0.0,0.0,1.0,0.0
GAGTGATCATAAGTCT-3,17.0,0.28041555117654665,0.0,0.0,0.21377517180417943,0.21373583317818393,0.29207344384108996
AAACGGATCAATTGGC-3,10.0,0.26490417044114983,,,0.1425309127782741,0.3402195170606928,0.2523453997198832
CCAGGAACATAATCAC-3,11.0,0.26017380928088074,,,0.3107460265472086,0.2228172513789396,0.20626291279297101
GTCATCACATAGCTTG-1,7.0,0.0,0.0,0.0,1.0,0.0,0.0
TTCAGTTTCATGCGTG-1,11.0,1.0,0.0,0.0,0.0,0.0,0.0
TAGTAGGAGCCTCTGT-2,38.0,0.0,0.0,0.0,0.44411389715257116,0.0,0.5558861028474288
GTAGCGCTCGTTAACA-2,28.0,0.0,0.0,0.0,0.0,0.0,1.0
ATGTAAGCACATAGCC-3,33.0,0.25254537146409556,0.0,0.0,0.23028304051452006,0.2665285948922042,0.25064299312918015
AGGGCTACATGAATAG-3,3.0,0.0,0.0,0.0,0.0,1.0,0.0
TGATGACTCTCAATGA-3,1.0,0.2431277739439729,,,0.27520525106868904,0.22514867316661977,0.2565183018207184
TTAAAGGCACAACAAA-1,22.0,0.0,0.0,0.0,0.0,0.0,1.0
GCTAAGTTCTGTGCAG-1,5.0,1.0,0.0,0.0,0.0,0.0,0.0
TTAGAAGCACCTACTT-3,9.0,0.0,0.0,0.0,0.0,1.0,0.0
TCTGTGACATAAACCT-2,19.0,0.0,0.0,0.0,1.0,0.0,0.0
CCCGTAAAGTGAGCAA-2,10.0,0.26490417044114983,0.0,0.0,0.1425309127782741,0.3402195170606928,0.2523453997198832
CCAACCAAGGAAGCTA-3,7.0,1.0,0.0,0.0,0.0,0.0,0.0
ACGCAAGCAATCCTGA-1,34.0,0.0,0.0,0.0,1.0,0.0,0.0
GTCTAGCCATGAAATG-3,14.0,1.0,0.0,0.0,0.0,0.0,0.0
TGAACAACATCCAGGT-2,35.0,0.0,0.0,0.0,0.0,0.0,1.0
GTTGCTGAGGTTACAC-3,4.0,0.2789549502429366,,,0.1885732419812842,0.21961014244052887,0.31286166533525034
CCCGTTGTCATGGTTA-3,15.0,0.25404889456095253,0.0,0.0,0.3994002521455771,0.19749238598555172,0.14905846730791872
CGGCTCACACAGAAAC-2,25.0,0.25294349983189635,0.0,0.0,0.22563202807869934,0.20762681900387653,0.31379765308552765
GTTACGTAGGACCTGC-3,6.0,0.28619740144106137,,,0.20095345838278786,0.28595501190791156,0.2268941282682392
GCTAAGTTCCGCAAAT-3,27.0,1.0,0.0,0.0,0.0,0.0,0.0
TCTACTAGTACTTCAC-3,1.0,0.2431277739439729,,,0.27520525106868904,0.22514867316661977,0.2565183018207184
TGTAAGCTCACGCGGT-3,16.0,0.19281102196304184,0.0,0.0,0.24608965471250854,0.23107341591095565,0.33002590741349397
ATGTTGTCATCTTGAG-2,30.0,0.2305508875130836,0.0,0.0,0.30015485066475694,0.2562706347632869,0.21302362705887254
GGATTATGTTATCCGT-2,16.0,0.0,0.0,0.0,0.4271532846715328,0.0,0.5728467153284671
AGAAGGTGTTCGGGAT-2,7.0,0.0,0.0,0.0,1.0,0.0,0.0
AGTCCTTGTTGGATCA-3,6.0,1.0,0.0,0.0,0.0,0.0,0.0
GCAATGTTCTTGAGGT-3,3.0,0.2510908928836586,,,0.23769248350866462,0.29944475183729763,0.2117718717703792
CATTTGTTCACCAATA-3,2.0,1.0,0.0,0.0,0.0,0.0,0.0
GGTACCGGTGGATTAT-3,17.0,0.28041555117654665,,,0.21377517180417943,0.21373583317818393,0.29207344384108996
CCTACTTCAGCATTAT-2,18.0,0.0,0.0,0.0,1.0,0.0,0.0
CGAATCTAGCCTCTCG-3,24.0,0.0,0.0,0.0,0.0,0.0,1.0
ATCATCAAGCCTGTTC-1,11.0,0.0,0.0,0.0,1.0,0.0,0.0
ATGTTCAAGTTCCTCA-3,20.0,0.0,0.0,0.0,0.0,1.0,0.0
AGCAAATAGCTTATGA-2,17.0,0.28041555117654665,0.0,0.0,0.21377517180417943,0.21373583317818393,0.29207344384108996
ACTGAAACATCCAGGT-3,18.0,0.23638071763888321,,,0.28964209218552694,0.2590708442645409,0.21490634591104896
AATCCCTGTTGCAATG-3,32.0,1.0,0.0,0.0,0.0,0.0,0.0
AAGCAAGTCAATTGGC-3,28.0,0.24355764626440804,,,0.2713230524219713,0.21916108471229478,0.2659582166013259
ACGCTTGAGTCATGCG-1,1.0,0.0,0.0,0.0,0.0,0.0,1.0
GGTAACTTCGCTAAGT-2,30.0,0.2305508875130836,,,0.30015485066475694,0.2562706347632869,0.21302362705887254
TTGCTTAGTGGTGAGA-3,8.0,1.0,0.0,0.0,0.0,0.0,0.0
GGATTTATCTAGCGAT-1,37.0,0.0,0.0,0.0,1.0,0.0,0.0
ATCTATGAGGACCTGC-3,36.0,0.0,0.0,0.0,0.0,1.0,0.0
ATTATCCTCATTATGG-1,4.0,0.0,0.0,0.0,1.0,0.0,0.0
ACCAGGACATCAGTAT-3,8.0,0.22347106138460127,,,0.25914442347718897,0.16517053432406306,0.3522139808141467
AAAGGACGTGTCCAAA-3,7.0,0.23707317196827163,0.0,0.0,0.3805360488007793,0.2041805565917011,0.17821022263924788
TGTCAATCAGGCGATA-2,30.0,0.3294312859524358,0.0,0.0,0.0,0.36618191182250653,0.3043868022250576
CCCTGGACAGGTCCTG-1,31.0,0.0,0.0,0.0,1.0,0.0,0.0
AACGGTAAGGCATGAA-1,5.0,1.0,0.0,0.0,0.0,0.0,0.0
TGCTATGCAATAGTCT-1,2.0,0.0,0.0,0.0,1.0,0.0,0.0
TACTTGTTCTTGAGCG-3,19.0,0.0,0.0,0.0,0.0,1.0,0.0
GATGCATTCCGTAAAC-3,10.0,0.26490417044114983,,,0.1425309127782741,0.3402195170606928,0.2523453997198832
GATGAGGGTTAACACG-2,2.0,0.21079074246169519,,,0.3110256879333526,0.2245883274521365,0.25359524215281576
CCGCTAGCAATTATGC-3,8.0,1.0,0.0,0.0,0.0,0.0,0.0
GAGCTTGTCGTTTCCA-1,28.0,0.0,0.0,0.0,1.0,0.0,0.0
GCTGTGCAGTAACAGG-1,4.0,0.0,0.0,0.0,1.0,0.0,0.0
TAGCCGGGTAGGTGTC-2,8.0,0.0,0.0,0.0,0.0,0.0,1.0
CGTTAACAGGAGTCTT-1,1.0,0.0,0.0,0.0,1.0,0.0,0.0
ACCACACCATAAACCT-2,33.0,0.0,0.0,0.0,1.0,0.0,0.0
GGTAAACCAGGATGGC-3,18.0,0.23638071763888321,,,0.28964209218552694,0.2590708442645409,0.21490634591104896
TGCAGGCTCCAAGTTA-3,37.0,0.0,0.0,0.0,0.0,1.0,0.0
GAAAGCCAGAATGACG-3,33.0,1.0,0.0,0.0,0.0,0.0,0.0
AGTCCTGAGCTGTACG-2,37.0,0.0,0.0,0.0,0.0,0.0,1.0
CATCACACATGTTTGG-1,16.0,0.0,0.0,0.0,1.0,0.0,0.0
ATGTCATCAGAAACGT-3,2.0,0.21079074246169519,,,0.3110256879333526,0.2245883274521365,0.25359524215281576
TATAACCCACCTCAGG-3,14.0,1.0,0.0,0.0,0.0,0.0,0.0
ATTCCGGAGGTCCAAT-1,23.0,0.0,0.0,0.0,1.0,0.0,0.0
AATGCATGTGAATCGC-3,24.0,0.21845905187174444,,,0.2480843926368116,0.19755649681913243,0.33590005867231154
TGGACTAGTTGCATCT-1,11.0,0.0,0.0,0.0,1.0,0.0,0.0
TTGACATCAAGGTGCA-1,12.0,1.0,0.0,0.0,0.0,0.0,0.0
GAACCGCTCCTTGTTG-1,15.0,0.0,0.0,0.0,1.0,0.0,0.0
AGCATCCCACAGAACG-2,4.0,1.0,0.0,0.0,0.0,0.0,0.0
AACAGCAAGCTACTGG-2,12.0,0.22393288850727908,0.0,0.0,0.21148179656914845,0.3491266157595441,0.21545869916402838
GCAATGAAGCTATATG-3,15.0,1.0,0.0,0.0,0.0,0.0,0.0
CAACCCTTCATGGTGT-3,10.0,0.0,0.0,0.0,0.0,1.0,0.0
CTTCAGGAGCAAGGTA-3,7.0,1.0,0.0,0.0,0.0,0.0,0.0
CATGCATAGACTAAGG-3,8.0,0.22347106138460127,,,0.25914442347718897,0.16517053432406306,0.3522139808141467
AAGCTTGGTCATAACG-2,21.0,1.0,0.0,0.0,0.0,0.0,0.0
CCTAATCGTCCTTAGT-3,18.0,0.23638071763888321,,,0.28964209218552694,0.2590708442645409,0.21490634591104896
CAAGTAACATTGCGTA-3,12.0,0.22393288850727908,,,0.21148179656914845,0.3491266157595441,0.21545869916402838
GACCTTTGTTGTGACA-1,11.0,0.0,0.0,0.0,1.0,0.0,0.0
AGATGAAGTGTTTCAC-3,35.0,0.2399263636153897,,,0.17564806529159285,0.22166609309080135,0.362759478002216
GGAGCGATCCGTAAAC-3,8.0,0.22347106138460127,,,0.25914442347718897,0.16517053432406306,0.3522139808141467
CGTTATCGTTGGTGAC-3,8.0,0.301639170259685,0.0,0.0,0.0,0.22294565844977138,0.47541517129054367
CGGGTATGTAATGGCC-2,13.0,0.0,0.0,0.0,1.0,0.0,0.0
AAGGTGCAGCTAATCA-2,19.0,0.28880190709864184,,,0.19477936981053914,0.2980900086334725,0.21832871445734645
AAGGATTAGACAAACG-3,14.0,0.25490642483705084,,,0.203860627012991,0.27543380527416844,0.2657991428757897
GCCTGTGCAAGGTCGA-2,13.0,0.0,0.0,0.0,0.0,0.0,1.0
TCTAACCGTCAAGACC-1,14.0,0.0,0.0,0.0,1.0,0.0,0.0
TCCAGGATCACTAAGC-3,9.0,0.25657805136510725,,,0.19608879238864382,0.26842478255731234,0.2789083736889367
CCATCACTCATCCTAT-2,1.0,0.0,0.0,0.0,0.0,0.0,1.0
TACCGTTGTTTAACGG-2,14.0,0.25490642483705084,0.0,0.0,0.203860627012991,0.27543380527416844,0.2657991428757897
TAGCGCGGTATTACCC-2,27.0,0.0,0.0,0.0,0.0,0.0,1.0
GGTTGGTGTTTGTCTA-1,3.0,0.0,0.0,0.0,1.0,0.0,0.0
TCATGAGGTGCAACTA-1,1.0,0.0,0.0,0.0,1.0,0.0,0.0
ATTGTCCGTTGCGGAT-2,30.0,0.2305508875130836,,,0.30015485066475694,0.2562706347632869,0.21302362705887254
ACGATTCAGCCTAACG-2,22.0,0.0,0.0,0.0,1.0,0.0,0.0
ATGTCAATCGGTTAGT-1,24.0,0.0,0.0,0.0,1.0,0.0,0.0
GTTGCGGGTAATCGTG-2,3.0,0.0,0.0,0.0,0.0,0.0,1.0
TATTCGTTCCGGTTAG-2,32.0,0.23501474983514806,,,0.36169219852304807,0.23220664506324848,0.1710864065785554
AATTAGCGTTCCGGCT-3,36.0,0.2461747580345537,,,0.1850283944180879,0.27103139859455855,0.2977654489527998
GGTACAAAGCCTGACA-3,17.0,0.28041555117654665,,,0.21377517180417943,0.21373583317818393,0.29207344384108996
CGTAGTTAGGTCCAAT-3,8.0,0.0,0.0,0.0,0.0,1.0,0.0
TTAGGAACATCCAGGT-2,7.0,0.0,0.0,0.0,1.0,0.0,0.0
AAGGTATAGGGACCTC-2,12.0,0.0,0.0,0.0,1.0,0.0,0.0
ACCGCAATCCAGGGAG-2,11.0,0.0,0.0,0.0,1.0,0.0,0.0
ACCTCACTCCTGGTCT-2,11.0,0.0,0.0,0.0,1.0,0.0,0.0
CTCTCACAGCCGCAGT-2,15.0,0.25404889456095253,0.0,0.0,0.3994002521455771,0.19749238598555172,0.14905846730791872
CAGGTTTAGCAGGTTT-3,1.0,0.2431277739439729,,,0.27520525106868904,0.22514867316661977,0.2565183018207184
AGTTACATCCAAATCA-1,9.0,0.0,0.0,0.0,1.0,0.0,0.0
CCCGCAACAAACATAG-1,2.0,0.0,0.0,0.0,1.0,0.0,0.0
CTCGCTAGTTAGCGTA-3,4.0,1.0,0.0,0.0,0.0,0.0,0.0
GTTGTTGCATAGCTTG-3,11.0,1.0,0.0,0.0,0.0,0.0,0.0
TGGGCATGTGACATGC-2,23.0,0.2890753295347951,0.0,0.0,0.21326803108883835,0.2250748294409998,0.2725818099353668
ACACTTGCACCGTTCC-3,8.0,0.22347106138460127,,,0.25914442347718897,0.16517053432406306,0.3522139808141467
AAAGCAAGTGAATCGC-1,33.0,0.0,0.0,0.0,1.0,0.0,0.0
ACCTTGCTCATAACCA-3,28.0,0.24355764626440804,0.0,0.0,0.2713230524219713,0.21916108471229478,0.2659582166013259
GGTTTGTAGCCTTAAA-1,8.0,0.0,0.0,0.0,0.0,0.0,1.0
AATTGACGTGATCAGC-3,19.0,0.28880190709864184,,,0.19477936981053914,0.2980900086334725,0.21832871445734645
AGGATATAGTTAGCTA-3,3.0,0.2510908928836586,,,0.23769248350866462,0.29944475183729763,0.2117718717703792
ACGTCAAGTGACCTGG-2,24.0,0.0,0.0,0.0,1.0,0.0,0.0
GCAAGTGCAGTAGGTG-2,31.0,1.0,0.0,0.0,0.0,0.0,0.0
CAATGCCCATGAGCAG-2,33.0,0.0,0.0,0.0,0.0,0.0,1.0
GTTAGGCGTATTTGCC-2,17.0,0.0,0.0,0.0,0.0,0.0,1.0
CGGTGAGAGACAGGTA-2,1.0,0.0,0.0,0.0,0.0,0.0,1.0
TATGTGATCGGTAACT-3,31.0,0.24483511612846504,,,0.34550975661796685,0.2764681959007302,0.13318693135283804
CAAGCTAGTCATGCAA-3,27.0,0.2659503422898086,,,0.3090767064839525,0.2252336567198111,0.1997392945064278
AAGCAAGTCACTTTAC-1,33.0,0.0,0.0,0.0,1.0,0.0,0.0
CGCAAATTCGTTAACA-2,20.0,0.255116509861887,0.0,0.0,0.11378520411624034,0.3739473542312623,0.25715093179061016
GTACTAGGTTGGCCGA-3,12.0,0.0,0.0,0.0,0.0,1.0,0.0
AGCTTGGTCGTTACTT-3,5.0,0.25007613426230707,,,0.2764713286099489,0.24316603374735998,0.23028650338038426
TCCTTGCAGTCAGGCC-3,24.0,0.21845905187174444,,,0.2480843926368116,0.19755649681913243,0.33590005867231154
ATCGAGGCACAACCTA-2,15.0,0.0,0.0,0.0,0.0,0.0,1.0
CCTATAGCAGAGAGCC-2,35.0,0.0,0.0,0.0,1.0,0.0,0.0
GTTGTGAGTTTGCTGT-2,35.0,0.2399263636153897,0.0,0.0,0.17564806529159285,0.22166609309080135,0.362759478002216
TGGAACAAGCTCCTAC-2,6.0,0.0,0.0,0.0,1.0,0.0,0.0
GGAGCATAGTTAACCA-1,1.0,0.0,0.0,0.0,0.0,0.0,1.0
GCTATAGGTCATCAAG-1,10.0,0.0,0.0,0.0,1.0,0.0,0.0
CTTCTAAGTTCAAGAT-2,12.0,0.0,0.0,0.0,0.0,0.0,1.0
GAAGCTAAGGGACCTC-3,12.0,0.22393288850727908,,,0.21148179656914845,0.3491266157595441,0.21545869916402838
AGACTATGTCGTTACT-1,24.0,0.0,0.0,0.0,1.0,0.0,0.0
CTCCGTCCAGGAACTG-1,1.0,0.0,0.0,0.0,1.0,0.0,0.0
ATGTTGTCAGGAACCA-2,5.0,0.0,0.0,0.0,1.0,0.0,0.0
GGTAAACCAGCCGCTA-3,9.0,0.25657805136510725,,,0.19608879238864382,0.26842478255731234,0.2789083736889367
GGATGGCCAGATTCAT-3,16.0,0.19281102196304184,0.0,0.0,0.24608965471250854,0.23107341591095565,0.33002590741349397
CCCAAACCAGAGGCTA-3,3.0,1.0,0.0,0.0,0.0,0.0,0.0
CTAAATGTCATGCTTT-3,35.0,1.0,0.0,0.0,0.0,0.0,0.0
CATTCCTCAGCTACGT-3,1.0,0.2431277739439729,,,0.27520525106868904,0.22514867316661977,0.2565183018207184
TTTCATCAGGAGTCGG-2,3.0,0.0,0.0,0.0,1.0,0.0,0.0
GATCAAGAGCAACATC-2,12.0,0.0,0.0,0.0,1.0,0.0,0.0
GCTTATCGTACCGGAT-3,16.0,0.0,0.0,0.0,0.0,1.0,0.0
TATAACCCACCTCGCT-1,20.0,0.0,0.0,0.0,0.0,0.0,1.0
TGAGGAGGTGTTTGCT-3,24.0,1.0,0.0,0.0,0.0,0.0,0.0
GATTCAATCAAACCTA-1,12.0,0.0,0.0,0.0,0.0,0.0,1.0
AGCGATTTCGCCTAAG-2,9.0,0.0,0.0,0.0,1.0,0.0,0.0
ATCACCCTCAGCATTA-3,19.0,1.0,0.0,0.0,0.0,0.0,0.0
GAACCAAAGGCAGGTG-3,4.0,0.2789549502429366,,,0.1885732419812842,0.21961014244052887,0.31286166533525034
AGCAATACAACAACAA-3,4.0,1.0,0.0,0.0,0.0,0.0,0.0
TGGACTAGTCCTTCTC-3,11.0,0.26017380928088074,,,0.3107460265472086,0.2228172513789396,0.20626291279297101
TTGTCCGGTTGGTTCT-3,4.0,0.2789549502429366,,,0.1885732419812842,0.21961014244052887,0.31286166533525034
ACCACATAGGCGAAAC-3,28.0,0.24355764626440804,,,0.2713230524219713,0.21916108471229478,0.2659582166013259
ATTAACCCAGGTCCTG-3,22.0,0.22299113408910365,,,0.2286831626631811,0.3006206801642622,0.24770502308345307
GCAATGTTCGATTTAG-3,5.0,1.0,0.0,0.0,0.0,0.0,0.0
TGTCAATCAGGATGGC-2,14.0,1.0,0.0,0.0,0.0,0.0,0.0
AGGTCAAAGTTATGGC-3,13.0,0.2379245460670892,,,0.33034621848395457,0.2084468038321267,0.22328243161682945
GGCTAGTGTTAAATGC-2,14.0,0.25490642483705084,0.0,0.0,0.203860627012991,0.27543380527416844,0.2657991428757897
CTACAACAGCATCCAG-2,13.0,0.0,0.0,0.0,0.0,0.0,1.0
GTGGACACACCGTTCC-3,17.0,0.28041555117654665,,,0.21377517180417943,0.21373583317818393,0.29207344384108996
CGCTTCTAGGCTTAAC-3,13.0,0.2379245460670892,,,0.33034621848395457,0.2084468038321267,0.22328243161682945
CGGGTCTAGCATGCAT-3,6.0,1.0,0.0,0.0,0.0,0.0,0.0
CCTATAGCACTCAACA-2,3.0,0.0,0.0,0.0,0.0,1.0,0.0
AAGAACAGTCCGGTTC-1,15.0,0.0,0.0,0.0,1.0,0.0,0.0
GAGCTTAGTTGGTTCT-2,24.0,0.0,0.0,0.0,0.42481335261697223,0.0,0.5751866473830277
TGCGGTTCAAGCGAGC-1,7.0,0.0,0.0,0.0,0.0,0.0,1.0
AAACAGCCAGGCATCT-2,3.0,1.0,0.0,0.0,0.0,0.0,0.0
GGTATTTCACCGTTCC-3,12.0,1.0,0.0,0.0,0.0,0.0,0.0
CTGCTACTCATGGTTA-2,30.0,0.2305508875130836,,,0.30015485066475694,0.2562706347632869,0.21302362705887254
GCCAACATCTGTGCAG-2,3.0,0.0,0.0,0.0,1.0,0.0,0.0
TTGGATCAGATGGAGC-3,9.0,1.0,0.0,0.0,0.0,0.0,0.0
GATAATCGTTGTGACA-3,6.0,0.28619740144106137,0.0,0.0,0.20095345838278786,0.28595501190791156,0.2268941282682392
ACCGAAGCATGTTTGG-3,1.0,1.0,0.0,0.0,0.0,0.0,0.0
TGAGGGCCATGGCCTG-1,14.0,0.0,0.0,0.0,1.0,0.0,0.0
TAGTGAGAGTAAAGGT-2,18.0,0.0,0.0,0.0,0.0,1.0,0.0
CAGTATGGTACCGTTT-3,17.0,0.28041555117654665,,,0.21377517180417943,0.21373583317818393,0.29207344384108996
AGTCGCATCAAACCTA-1,25.0,0.0,0.0,0.0,1.0,0.0,0.0
CCTATAGCAGGACCAA-2,37.0,1.0,0.0,0.0,0.0,0.0,0.0
TGGCCTGCAGGAAGCC-1,1.0,0.0,0.0,0.0,1.0,0.0,0.0
TCCTTTACAGTAATAG-3,38.0,1.0,0.0,0.0,0.0,0.0,0.0
TTGCTTTAGGCATTAC-3,16.0,0.19281102196304184,,,0.24608965471250854,0.23107341591095565,0.33002590741349397
GGCAAATCAAGCTACC-3,15.0,0.25404889456095253,,,0.3994002521455771,0.19749238598555172,0.14905846730791872
TTGTCAAAGCCTCTCG-3,14.0,0.25490642483705084,,,0.203860627012991,0.27543380527416844,0.2657991428757897
GGGTTTGTCGGCTATG-1,21.0,1.0,0.0,0.0,0.0,0.0,0.0
CATTGCGAGGCGCTAC-3,9.0,0.25657805136510725,,,0.19608879238864382,0.26842478255731234,0.2789083736889367
TAGCTAGGTTCACTGT-3,10.0,0.26490417044114983,,,0.1425309127782741,0.3402195170606928,0.2523453997198832
GTTTAGCAGTCGCTAG-3,29.0,1.0,0.0,0.0,0.0,0.0,0.0
TTAAGGACATTAGCGC-3,30.0,0.2305508875130836,,,0.30015485066475694,0.2562706347632869,0.21302362705887254
AGAACAAGTTTGGGTA-1,11.0,0.0,0.0,0.0,1.0,0.0,0.0
GGTTTAATCCCTGATC-2,10.0,0.26490417044114983,0.0,0.0,0.1425309127782741,0.3402195170606928,0.2523453997198832
GAAGTGATCTTGCAGG-1,12.0,0.0,0.0,0.0,1.0,0.0,0.0
AGAACCGCAACAGGTG-3,29.0,0.31074906515307005,,,0.233016360882147,0.22003051032240445,0.2362040636423785
CTAGCGGGTTGGATCA-1,1.0,0.0,0.0,0.0,0.0,0.0,1.0
TTATAGCCATCTTGAG-2,11.0,0.26017380928088074,0.0,0.0,0.3107460265472086,0.2228172513789396,0.20626291279297101
AAACGTACATGAATAG-3,38.0,0.19027885726034566,,,0.23574107619489226,0.2789089395946002,0.2950711269501618
TAGCCTGAGCCTGGTA-2,16.0,0.19281102196304184,0.0,0.0,0.24608965471250854,0.23107341591095565,0.33002590741349397
AGGTCAAAGTTTGCGG-1,9.0,0.0,0.0,0.0,0.0,0.0,1.0
GAGCGATAGCATGGTT-3,24.0,0.21845905187174444,0.0,0.0,0.2480843926368116,0.19755649681913243,0.33590005867231154
CGAACCGGTTTGCGAA-2,5.0,0.25007613426230707,0.0,0.0,0.2764713286099489,0.24316603374735998,0.23028650338038426
GCTTCGCGTTTACGTC-3,31.0,0.24483511612846504,,,0.34550975661796685,0.2764681959007302,0.13318693135283804
AGCGCCTAGGTCGAGG-3,24.0,0.21845905187174444,,,0.2480843926368116,0.19755649681913243,0.33590005867231154
CAGGTGGAGGCTGTGC-2,33.0,0.25254537146409556,0.0,0.0,0.23028304051452006,0.2665285948922042,0.25064299312918015
ATGGCTGTCGCTAAAC-2,28.0,1.0,0.0,0.0,0.0,0.0,0.0
GCACTTACAGTTTGTG-3,28.0,1.0,0.0,0.0,0.0,0.0,0.0
TAAGTGCTCCTGATTT-2,35.0,0.0,0.0,0.0,0.0,1.0,0.0
GATTATGTCACTAGGT-2,22.0,0.0,0.0,0.0,0.48003533568904594,0.0,0.5199646643109541
GCTAGCCAGCGAGGTG-1,17.0,0.0,0.0,0.0,1.0,0.0,0.0
GTGATGAAGGTCTTGG-3,15.0,0.25404889456095253,,,0.3994002521455771,0.19749238598555172,0.14905846730791872
CACAGGGAGTACCGCA-1,16.0,1.0,0.0,0.0,0.0,0.0,0.0
CTAAGTCAGTTTCCGC-1,36.0,0.0,0.0,0.0,1.0,0.0,0.0
TAACCAGGTGAGACTC-1,15.0,0.0,0.0,0.0,1.0,0.0,0.0
AGGTTGCGTAATGGCC-1,25.0,0.0,0.0,0.0,1.0,0.0,0.0
GCCTTAGAGGATGATG-1,1.0,0.0,0.0,0.0,1.0,0.0,0.0
AGGTTAGAGTTGTCAA-1,33.0,0.0,0.0,0.0,1.0,0.0,0.0
ATGTCCACAATTGAAG-1,25.0,0.0,0.0,0.0,1.0,0.0,0.0
AATATCCCAATATGGA-2,14.0,0.25490642483705084,,,0.203860627012991,0.27543380527416844,0.2657991428757897
AGTGCACGTTCGCTTG-1,19.0,0.0,0.0,0.0,1.0,0.0,0.0
CCGCCAACACAAACTT-3,13.0,1.0,0.0,0.0,0.0,0.0,0.0
CGGCTAATCCTCGATC-2,1.0,0.0,0.0,0.0,0.0,0.0,1.0
CGTAACTAGGTTTGAC-2,15.0,0.0,0.0,0.0,1.0,0.0,0.0
TTCCTTCTCAATGTCA-3,14.0,1.0,0.0,0.0,0.0,0.0,0.0
GGTCAATTCATTAGGC-3,24.0,0.0,0.0,0.0,0.0,1.0,0.0
AATATCCCAAGTCGCT-2,34.0,0.0,0.0,0.0,1.0,0.0,0.0
CCGTTATGTAAGCACC-3,11.0,0.26017380928088074,,,0.3107460265472086,0.2228172513789396,0.20626291279297101
AGCAATTGTTAAGCGC-2,35.0,1.0,0.0,0.0,0.0,0.0,0.0
ATAGGTACATCTTGAG-3,25.0,0.25294349983189635,,,0.22563202807869934,0.20762681900387653,0.31379765308552765
AGAGAAGCAGCATGGA-3,9.0,0.25657805136510725,,,0.19608879238864382,0.26842478255731234,0.2789083736889367
GTACTTCGTGGTTCTT-1,1.0,0.0,0.0,0.0,1.0,0.0,0.0
TGTGTGAGTTTGTGGA-2,10.0,0.26490417044114983,,,0.1425309127782741,0.3402195170606928,0.2523453997198832
AGCCAGTGTCACAAAT-1,15.0,1.0,0.0,0.0,0.0,0.0,0.0
GCTTTATTCAGGTTTA-3,15.0,0.25404889456095253,,,0.3994002521455771,0.19749238598555172,0.14905846730791872
AACTACTCAGGCAAGC-1,5.0,0.0,0.0,0.0,1.0,0.0,0.0
TCTCCTCGTTTGGCTT-3,3.0,0.2510908928836586,,,0.23769248350866462,0.29944475183729763,0.2117718717703792
CCTAATCGTCCCGAAG-3,1.0,0.2431277739439729,,,0.27520525106868904,0.22514867316661977,0.2565183018207184
CGTTAGTAGCGATACT-3,10.0,0.26490417044114983,,,0.1425309127782741,0.3402195170606928,0.2523453997198832
AACGGTAAGTGGACAA-3,28.0,0.0,0.0,0.0,0.0,1.0,0.0
GAAACTGAGGCGTAAA-2,15.0,0.25404889456095253,,,0.3994002521455771,0.19749238598555172,0.14905846730791872
GTGCCTTTCACAGCCA-3,31.0,1.0,0.0,0.0,0.0,0.0,0.0
GTGATGAAGTTAGTGC-3,25.0,1.0,0.0,0.0,0.0,0.0,0.0
TTTAACGAGGGTTAGA-3,7.0,0.23707317196827163,,,0.3805360488007793,0.2041805565917011,0.17821022263924788
CAGCCAATCATGGCTG-3,10.0,0.26490417044114983,,,0.1425309127782741,0.3402195170606928,0.2523453997198832
GCTTTCATCATGCTAA-3,30.0,1.0,0.0,0.0,0.0,0.0,0.0
AATCCTAAGCCTGAGC-3,30.0,1.0,0.0,0.0,0.0,0.0,0.0
CAAAGGATCTGTAAGC-2,24.0,0.0,0.0,0.0,0.42481335261697223,0.0,0.5751866473830277
GGTGATTTCCTAAGAC-1,32.0,0.0,0.0,0.0,1.0,0.0,0.0
AAACGCGCATAGACTT-2,32.0,0.0,0.0,0.0,0.6788789847408974,0.0,0.3211210152591026
ATTGCAGGTGGACATC-2,17.0,0.0,0.0,0.0,0.0,0.0,1.0
GAGTCATTCTTCAATC-1,12.0,0.0,0.0,0.0,0.0,0.0,1.0
TTTGCGGAGCACTAAC-1,37.0,0.0,0.0,0.0,1.0,0.0,0.0
CAAGTATGTTGTTGTC-1,7.0,0.0,0.0,0.0,1.0,0.0,0.0
GCTTTCATCTTAGTGA-2,12.0,1.0,0.0,0.0,0.0,0.0,0.0
AACTAGCTCCAGGTCA-1,38.0,0.0,0.0,0.0,1.0,0.0,0.0
GATGCAGCACATACTG-3,2.0,0.21079074246169519,,,0.3110256879333526,0.2245883274521365,0.25359524215281576
GATTTGCAGACAAACG-2,20.0,0.0,0.0,0.0,0.0,1.0,0.0
AAACCGAAGTGAACAG-2,36.0,0.0,0.0,0.0,1.0,0.0,0.0
GACCTCAAGGATCACT-1,2.0,0.0,0.0,0.0,1.0,0.0,0.0
AGTGCCGGTCAATACG-2,20.0,0.0,0.0,0.0,0.0,0.0,1.0
GATAATCGTTAGCCAA-1,1.0,1.0,0.0,0.0,0.0,0.0,0.0
GCCTTACTCTTAGTGA-1,2.0,0.0,0.0,0.0,1.0,0.0,0.0
TTGTCCATCCAGCACA-2,3.0,1.0,0.0,0.0,0.0,0.0,0.0
AGTGCACGTCAAAGAA-2,32.0,0.0,0.0,0.0,1.0,0.0,0.0
ACTTGCACATCACAGC-3,1.0,0.2431277739439729,,,0.27520525106868904,0.22514867316661977,0.2565183018207184
GATGCTTAGTCAATCA-3,16.0,0.19281102196304184,,,0.24608965471250854,0.23107341591095565,0.33002590741349397
TAGGCTAGTAGGTTTG-3,23.0,0.2890753295347951,,,0.21326803108883835,0.2250748294409998,0.2725818099353668
GCTTGACCATCCATCT-3,18.0,0.23638071763888321,,,0.28964209218552694,0.2590708442645409,0.21490634591104896
TAGGTGCGTGTAATAC-1,10.0,1.0,0.0,0.0,0.0,0.0,0.0
CCCAGCACACTTAACG-3,34.0,0.23141187017972628,,,0.21203187960198364,0.23517958103089368,0.32137666918739655
GTTCTTGTCCGTAAAC-1,4.0,0.0,0.0,0.0,1.0,0.0,0.0
TTGGCTTGTCGCAAAC-3,18.0,0.23638071763888321,,,0.28964209218552694,0.2590708442645409,0.21490634591104896
TCACCTGGTTCATCTA-3,25.0,0.25294349983189635,,,0.22563202807869934,0.20762681900387653,0.31379765308552765
ATAAGCCTCATGCATA-3,31.0,0.0,0.0,0.0,0.0,1.0,0.0
ACTAACTCACATACTG-2,10.0,0.0,0.0,0.0,0.0,0.0,1.0
AGGTTGCGTTCGCTCA-3,14.0,1.0,0.0,0.0,0.0,0.0,0.0
GACATAGAGTTTGTCT-1,20.0,0.0,0.0,0.0,1.0,0.0,0.0
CTACCTCAGGTCGATT-2,30.0,0.0,0.0,0.0,0.584893684544589,0.0,0.415106315455411
CTATGTTTCCTCACTA-1,16.0,0.0,0.0,0.0,1.0,0.0,0.0
TTACCGTGTGTTGTAG-2,12.0,0.0,0.0,0.0,1.0,0.0,0.0
GAGTGTTTCTAAGGTC-2,18.0,0.0,0.0,0.0,1.0,0.0,0.0
ATGCAAACATCATGGC-1,19.0,0.0,0.0,0.0,1.0,0.0,0.0
CCTTCAATCCGGTTGA-1,1.0,0.0,0.0,0.0,0.0,0.0,1.0
GTGCAAGCATCAATCG-3,1.0,0.0,0.0,0.0,0.0,1.0,0.0
AAAGGAGCAGGAATCG-3,25.0,1.0,0.0,0.0,0.0,0.0,0.0
CGAAGAATCCTGGTGA-2,10.0,1.0,0.0,0.0,0.0,0.0,0.0
CTGATCACATGGCCTG-2,9.0,0.0,0.0,0.0,1.0,0.0,0.0
CTGTATTTCGTGCTTC-2,22.0,0.0,0.0,0.0,0.0,0.0,1.0
TAGCTTGCACAAAGCG-1,11.0,0.0,0.0,0.0,1.0,0.0,0.0
ACTGAAACAATTAAGG-1,23.0,0.0,0.0,0.0,1.0,0.0,0.0
GTGCTTCTCCTAAGTA-3,9.0,0.25657805136510725,,,0.19608879238864382,0.26842478255731234,0.2789083736889367
CCTAAGCCATCATGGC-1,1.0,0.0,0.0,0.0,1.0,0.0,0.0
GCTGTAAGTGACATGC-2,18.0,0.23638071763888321,0.0,0.0,0.28964209218552694,0.2590708442645409,0.21490634591104896
TTACACCGTTTGCTGT-3,3.0,1.0,0.0,0.0,0.0,0.0,0.0
TTTCAGTTCCTTAGGG-3,20.0,0.255116509861887,,,0.11378520411624034,0.3739473542312623,0.25715093179061016
AATAGAGGTCGCGCAA-3,35.0,0.2399263636153897,,,0.17564806529159285,0.22166609309080135,0.362759478002216
CTTCAAGCATTAGGCC-1,11.0,0.0,0.0,0.0,1.0,0.0,0.0
ATGGTTATCACCGGTA-3,27.0,1.0,0.0,0.0,0.0,0.0,0.0
TCAGTAGGTAGTTAAC-3,33.0,0.25254537146409556,,,0.23028304051452006,0.2665285948922042,0.25064299312918015
TTGTGAGGTCAGGCCA-1,15.0,0.0,0.0,0.0,1.0,0.0,0.0
GGCTATGTCCGGCTAA-1,13.0,0.0,0.0,0.0,1.0,0.0,0.0
TGATTGCAGGGTCCAC-3,15.0,0.25404889456095253,0.0,0.0,0.3994002521455771,0.19749238598555172,0.14905846730791872
CGGCTAATCAGGAACA-1,27.0,0.0,0.0,0.0,1.0,0.0,0.0
TAAGTAGCACTATGGC-2,7.0,0.23707317196827163,0.0,0.0,0.3805360488007793,0.2041805565917011,0.17821022263924788
AAGAATCAGCATTAGC-2,28.0,0.24355764626440804,0.0,0.0,0.2713230524219713,0.21916108471229478,0.2659582166013259
AGTTACATCAGCAAGA-1,1.0,0.0,0.0,0.0,1.0,0.0,0.0
TCTGGCTTCAGCACGC-3,18.0,0.23638071763888321,,,0.28964209218552694,0.2590708442645409,0.21490634591104896
CAATAAGCAAGGCCAA-2,12.0,0.0,0.0,0.0,0.0,0.0,1.0
TAGCGGCTCACCATTT-3,33.0,0.25254537146409556,,,0.23028304051452006,0.2665285948922042,0.25064299312918015
CACCAACCAGCTTAGC-2,18.0,0.0,0.0,0.0,1.0,0.0,0.0
GGCCGTTAGACACTTA-3,3.0,0.2510908928836586,,,0.23769248350866462,0.29944475183729763,0.2117718717703792
GGTGTCCAGTTCCTCA-3,27.0,1.0,0.0,0.0,0.0,0.0,0.0
GTATTGCAGCGAGCGA-3,24.0,0.0,0.0,0.0,0.0,1.0,0.0
TGTGCGGGTAGTTGGC-3,1.0,0.2431277739439729,,,0.27520525106868904,0.22514867316661977,0.2565183018207184
GCGTGCTAGCTCCTAC-3,20.0,0.255116509861887,,,0.11378520411624034,0.3739473542312623,0.25715093179061016
AGGCTAGCAGTTATGT-2,1.0,0.0,0.0,0.0,0.0,0.0,1.0
AGAATCTGTCAGTAAT-3,13.0,1.0,0.0,0.0,0.0,0.0,0.0
GTTCCTTCAGCGCTTG-2,24.0,0.0,0.0,0.0,0.0,0.0,1.0
GTGCATTAGGAAACTG-3,31.0,0.24483511612846504,,,0.34550975661796685,0.2764681959007302,0.13318693135283804
CTAGCGGGTTGGTTAG-1,3.0,0.0,0.0,0.0,1.0,0.0,0.0
TGTAAAGCACGAACAG-1,6.0,0.0,0.0,0.0,1.0,0.0,0.0
CATAAGCTCAATGTCA-1,21.0,0.0,0.0,0.0,1.0,0.0,0.0
GCTAACCCAATTAGCT-2,26.0,1.0,0.0,0.0,0.0,0.0,0.0
TAGGGTTTCGCCTAAG-3,19.0,1.0,0.0,0.0,0.0,0.0,0.0
GTTGGCCAGCCTGACA-2,3.0,0.0,0.0,0.0,1.0,0.0,0.0
AAGCCACGTTCCGGGA-1,25.0,0.0,0.0,0.0,1.0,0.0,0.0
AATTCGTCAGCCAGTT-1,9.0,0.0,0.0,0.0,1.0,0.0,0.0
AAAGCTTGTATTGCAG-2,13.0,0.0,0.0,0.0,0.5966927803028572,0.0,0.4033072196971427
CAAGGTAAGCTTATGA-3,3.0,0.32938268015426625,0.0,0.0,0.0,0.3928135894757391,0.2778037303699947
TATGACATCGCTTCTA-3,2.0,1.0,0.0,0.0,0.0,0.0,0.0
TCTTCAAGTTCGCTTG-3,35.0,0.2399263636153897,,,0.17564806529159285,0.22166609309080135,0.362759478002216
ACGACTTAGCGGCTGT-3,12.0,0.22393288850727908,,,0.21148179656914845,0.3491266157595441,0.21545869916402838
GCTGTACCAATTGAGA-1,36.0,0.0,0.0,0.0,1.0,0.0,0.0
TAATGCATCTCGCCTG-2,13.0,0.0,0.0,0.0,0.0,0.0,1.0
GGTGAGGTCACAGCCA-3,30.0,1.0,0.0,0.0,0.0,0.0,0.0
GCACGAACAGCTACGT-3,31.0,0.0,0.0,0.0,0.0,1.0,0.0
GCATTAGGTATTTGCC-1,19.0,0.0,0.0,0.0,1.0,0.0,0.0
TTCAGGTAGTTTAACG-1,16.0,1.0,0.0,0.0,0.0,0.0,0.0
CATCAATCATTGCGAC-2,7.0,0.0,0.0,0.0,1.0,0.0,0.0
CCGCCAACATCATGTG-1,27.0,0.0,0.0,0.0,1.0,0.0,0.0
ATGCGATTCCCGAAGC-2,20.0,0.0,0.0,0.0,0.0,0.0,1.0
CATGCATAGCTTAGCG-2,3.0,1.0,0.0,0.0,0.0,0.0,0.0
AACGACAAGTCACGAT-3,3.0,0.2510908928836586,,,0.23769248350866462,0.29944475183729763,0.2117718717703792
TTTCTCACATCAGTAT-2,23.0,1.0,0.0,0.0,0.0,0.0,0.0
GTCCTCCCACATAACT-1,16.0,0.0,0.0,0.0,0.0,0.0,1.0
GGGTGTTGTCCTAATC-3,4.0,1.0,0.0,0.0,0.0,0.0,0.0
GGAGCAAGTCTAACCT-3,33.0,1.0,0.0,0.0,0.0,0.0,0.0
TGCTATGCAAACAACA-2,30.0,0.0,0.0,0.0,0.0,0.0,1.0
TGAGCTTAGCGCCTTT-3,10.0,1.0,0.0,0.0,0.0,0.0,0.0
GCAGGCTTCGCTCCAT-2,12.0,0.0,0.0,0.0,1.0,0.0,0.0
TACCCGGCATTAGCGC-3,2.0,0.0,0.0,0.0,0.0,1.0,0.0
TACAATGTCTGGCAAT-1,30.0,0.0,0.0,0.0,1.0,0.0,0.0
TGGCCTTTCACGAATC-1,12.0,0.0,0.0,0.0,1.0,0.0,0.0
AAGTCTATCAGCCAAT-2,10.0,0.0,0.0,0.0,1.0,0.0,0.0
ATTCCTCCATAGCTTG-2,8.0,0.0,0.0,0.0,1.0,0.0,0.0
CACCTCAGTAGCCTCC-3,21.0,0.36496857686394185,,,0.2425919314203312,0.14718681699163197,0.24525267472409484
TGTGATCAGTTATCTC-1,30.0,0.0,0.0,0.0,1.0,0.0,0.0
GCAATGTTCGATATTG-3,29.0,0.40515735838965017,0.0,0.0,0.0,0.28687771042348803,0.3079649311868619
CCATAAATCCGTTAAA-3,33.0,1.0,0.0,0.0,0.0,0.0,0.0
AAGCTATGTCGCAATA-3,12.0,0.0,0.0,0.0,0.0,1.0,0.0
GTACTAATCTTTGAGA-3,20.0,0.255116509861887,,,0.11378520411624034,0.3739473542312623,0.25715093179061016
CATCATAAGCTGAGGG-2,1.0,0.0,0.0,0.0,1.0,0.0,0.0
CGCTAATAGTAAGAAC-2,7.0,0.23707317196827163,,,0.3805360488007793,0.2041805565917011,0.17821022263924788
AATTGGGAGTATCGCG-2,26.0,1.0,0.0,0.0,0.0,0.0,0.0
ATCAAGACAATCCCTT-3,30.0,0.0,0.0,0.0,0.0,1.0,0.0
GGTTTCCTCATCAGTA-3,37.0,0.15830411656991292,,,0.21353305020503288,0.2890839998065646,0.33907883341848966
ACGAGTAAGGCATGAA-3,28.0,0.24355764626440804,0.0,0.0,0.2713230524219713,0.21916108471229478,0.2659582166013259
CAAGGGAGTGATGAGG-3,15.0,0.25404889456095253,,,0.3994002521455771,0.19749238598555172,0.14905846730791872
GAGGCAAGTGGACCTG-1,29.0,0.0,0.0,0.0,1.0,0.0,0.0
AGAAACTAGGTCGAGG-1,10.0,0.0,0.0,0.0,1.0,0.0,0.0
TGGTTCCTCCGTAAAC-3,8.0,0.22347106138460127,,,0.25914442347718897,0.16517053432406306,0.3522139808141467
CCTAAAGGTTACTTGC-3,11.0,0.26017380928088074,,,0.3107460265472086,0.2228172513789396,0.20626291279297101
TATTAGGTCCGCCTCA-2,3.0,0.0,0.0,0.0,0.5288350026357407,0.0,0.4711649973642594
GGGCTAACAGCAACAG-3,6.0,0.0,0.0,0.0,0.0,1.0,0.0
ATTATGGTCATGGTTA-3,27.0,0.0,0.0,0.0,0.0,1.0,0.0
ACAACAACAGTCTAAT-2,30.0,0.0,0.0,0.0,1.0,0.0,0.0
GCTATAGGTGGTTATG-3,11.0,0.0,0.0,0.0,0.0,1.0,0.0
TTTAGCAAGTACCGCA-3,17.0,0.28041555117654665,,,0.21377517180417943,0.21373583317818393,0.29207344384108996
ATGACCAGTTGAGGTC-1,35.0,0.0,0.0,0.0,1.0,0.0,0.0
ACTATGTCACAGGATG-1,27.0,0.0,0.0,0.0,1.0,0.0,0.0
TGTGGAGCACAACAAA-3,9.0,0.25657805136510725,0.0,0.0,0.19608879238864382,0.26842478255731234,0.2789083736889367
CATCGCTTCTACTAAG-3,25.0,0.25294349983189635,,,0.22563202807869934,0.20762681900387653,0.31379765308552765
CAGGGTGAGCCGCAGT-1,24.0,0.0,0.0,0.0,1.0,0.0,0.0
TAAGGACCAGAACCGA-1,15.0,0.0,0.0,0.0,1.0,0.0,0.0
GACCGAACAGAACCGA-3,20.0,1.0,0.0,0.0,0.0,0.0,0.0
AGTCGCATCGTGCCTT-3,9.0,0.25657805136510725,0.0,0.0,0.19608879238864382,0.26842478255731234,0.2789083736889367
GGCTGGTTCCTGGCTT-2,15.0,0.0,0.0,0.0,0.0,0.0,1.0
CGGGCTTAGGCTTAGT-3,30.0,1.0,0.0,0.0,0.0,0.0,0.0
CTTAAGGGTCTTTGAC-1,31.0,0.0,0.0,0.0,1.0,0.0,0.0
ACTCCTCAGTAGAGGC-1,31.0,0.0,0.0,0.0,1.0,0.0,0.0
AGCTATATCTAGCGAT-2,14.0,1.0,0.0,0.0,0.0,0.0,0.0
CATTATCTCATTACAG-2,15.0,0.25404889456095253,,,0.3994002521455771,0.19749238598555172,0.14905846730791872
CTCTAAGCATAGACCC-3,1.0,0.2431277739439729,,,0.27520525106868904,0.22514867316661977,0.2565183018207184
TTGTCCGGTTGTTCAC-1,12.0,0.0,0.0,0.0,1.0,0.0,0.0
CCGCAAATCATGAAGG-1,29.0,0.0,0.0,0.0,1.0,0.0,0.0
AATTTGCCATTAGGCC-3,18.0,0.23638071763888321,0.0,0.0,0.28964209218552694,0.2590708442645409,0.21490634591104896
CTGATCACAAACGGGC-1,9.0,0.0,0.0,0.0,0.0,0.0,1.0
ACTTGAATCGCTAGTG-3,35.0,0.2399263636153897,,,0.17564806529159285,0.22166609309080135,0.362759478002216
AACGGTAAGCAAGGGT-1,3.0,0.0,0.0,0.0,1.0,0.0,0.0
CGTTGCAAGCTCAAAC-3,19.0,0.28880190709864184,,,0.19477936981053914,0.2980900086334725,0.21832871445734645
GTCAATATCGCGCTAA-3,2.0,0.21079074246169519,,,0.3110256879333526,0.2245883274521365,0.25359524215281576
TTAAGCCAGCTAATCA-1,12.0,0.0,0.0,0.0,1.0,0.0,0.0
TAATCACCAACTAGGG-2,7.0,0.0,0.0,0.0,0.0,1.0,0.0
GCAACAGCAACGTGCT-3,34.0,0.23141187017972628,,,0.21203187960198364,0.23517958103089368,0.32137666918739655
GGTCTTTGTGAGCGAA-2,33.0,0.25254537146409556,0.0,0.0,0.23028304051452006,0.2665285948922042,0.25064299312918015
TACTGAGGTACAAAGA-2,1.0,0.0,0.0,0.0,0.0,0.0,1.0
GGTGATTTCAATGTGC-1,33.0,0.0,0.0,0.0,1.0,0.0,0.0
GGAATCTTCCCTCAGT-2,14.0,0.25490642483705084,,,0.203860627012991,0.27543380527416844,0.2657991428757897
GATCGCTCAGTCTATG-2,20.0,0.0,0.0,0.0,0.0,0.0,1.0
GGGCATGAGAGCCGCT-2,18.0,0.0,0.0,0.0,0.0,0.0,1.0
AAGCGCTGTGCTGGTG-3,28.0,0.24355764626440804,,,0.2713230524219713,0.21916108471229478,0.2659582166013259
AGCTAAACATGTCAGC-3,22.0,0.22299113408910365,,,0.2286831626631811,0.3006206801642622,0.24770502308345307
AGGATATAGTACTGGT-3,22.0,0.22299113408910365,,,0.2286831626631811,0.3006206801642622,0.24770502308345307
CTTCAGGAGTAGCCAT-1,16.0,0.0,0.0,0.0,0.0,0.0,1.0
TCAGTAATCACAGACT-2,4.0,1.0,0.0,0.0,0.0,0.0,0.0
GTGCTCAAGCCTCTCG-2,24.0,0.21845905187174444,,,0.2480843926368116,0.19755649681913243,0.33590005867231154
CCACTTGGTAATCCCT-3,13.0,0.2379245460670892,,,0.33034621848395457,0.2084468038321267,0.22328243161682945
GAACCTGTCTTGTCCA-2,30.0,0.0,0.0,0.0,0.0,0.0,1.0
GACTTAGGTAATCGTG-2,21.0,0.0,0.0,0.0,0.0,0.0,1.0
ATGAGCCGTTCATTTG-2,9.0,0.0,0.0,0.0,1.0,0.0,0.0
TATGTGATCCCTTGCG-2,33.0,0.0,0.0,0.0,1.0,0.0,0.0
GGATTATGTGGAAACG-3,1.0,0.2431277739439729,,,0.27520525106868904,0.22514867316661977,0.2565183018207184
CCTATAGCAAGCTTTG-1,1.0,0.0,0.0,0.0,1.0,0.0,0.0
AGACCCGGTTCACTGT-3,6.0,0.28619740144106137,,,0.20095345838278786,0.28595501190791156,0.2268941282682392
CGGTTGGGTCTTGCAT-3,17.0,0.0,0.0,0.0,0.0,1.0,0.0
TGTGGCTCAAGACTCC-3,10.0,0.0,0.0,0.0,0.0,1.0,0.0
GCCTGAGGTTTGGGTA-2,11.0,0.0,0.0,0.0,0.0,0.0,1.0
AGCAATACATTGTGGC-3,7.0,0.0,0.0,0.0,0.0,1.0,0.0
CATGAGGCAACCCTCC-2,22.0,0.0,0.0,0.0,0.0,0.0,1.0
CTAGGACGTGCCGCAA-3,26.0,1.0,0.0,0.0,0.0,0.0,0.0
CGAAGGCCAAACTAAG-3,12.0,0.22393288850727908,0.0,0.0,0.21148179656914845,0.3491266157595441,0.21545869916402838
TAGGGTTTCCGCCTCA-3,8.0,0.22347106138460127,,,0.25914442347718897,0.16517053432406306,0.3522139808141467
CGTTAGGTCTCGACCT-1,7.0,0.0,0.0,0.0,1.0,0.0,0.0
GCGCCTTGTTGCATCT-1,28.0,0.0,0.0,0.0,1.0,0.0,0.0
TTACCGTGTTCACCCA-1,3.0,0.0,0.0,0.0,1.0,0.0,0.0
AATGCATGTTAAGTGT-3,4.0,0.2789549502429366,,,0.1885732419812842,0.21961014244052887,0.31286166533525034
GTGCACGGTTAGGCTA-2,24.0,1.0,0.0,0.0,0.0,0.0,0.0
AGTGAACCACTATGGC-1,33.0,0.0,0.0,0.0,1.0,0.0,0.0
CCATAAGGTTGGCGTG-1,36.0,0.0,0.0,0.0,1.0,0.0,0.0
TAGGCTAGTCATCATC-3,2.0,0.21079074246169519,0.0,0.0,0.3110256879333526,0.2245883274521365,0.25359524215281576
TTCCCGCCAAAGGCCA-3,3.0,0.2510908928836586,,,0.23769248350866462,0.29944475183729763,0.2117718717703792
GAGTCAAAGCAAGGAC-1,7.0,0.0,0.0,0.0,0.0,0.0,1.0
CTATGAGGTAGTAAGA-2,34.0,0.23141187017972628,0.0,0.0,0.21203187960198364,0.23517958103089368,0.32137666918739655
GGAGTCTGTGGCTTCC-1,31.0,0.0,0.0,0.0,1.0,0.0,0.0
GTCAATATCTTGCAAA-2,18.0,0.23638071763888321,0.0,0.0,0.28964209218552694,0.2590708442645409,0.21490634591104896
CTCATTGTCATGCTCC-1,4.0,0.0,0.0,0.0,1.0,0.0,0.0
CCTATATTCTGCAAAC-2,15.0,0.0,0.0,0.0,0.7282229965156795,0.0,0.27177700348432055
TGGTCAGTCAGGCTAT-2,12.0,0.0,0.0,0.0,0.0,1.0,0.0
TAGCTAGGTTGCACGG-3,14.0,0.0,0.0,0.0,0.0,1.0,0.0
GTCCAAGTCAATTACG-3,25.0,0.25294349983189635,,,0.22563202807869934,0.20762681900387653,0.31379765308552765
GGGTCACTCCGCCTAT-3,35.0,0.2399263636153897,,,0.17564806529159285,0.22166609309080135,0.362759478002216
TGGTTGAGTCCGTAGG-3,20.0,0.255116509861887,,,0.11378520411624034,0.3739473542312623,0.25715093179061016
CCCTCACCACCCACCT-3,27.0,0.2659503422898086,,,0.3090767064839525,0.2252336567198111,0.1997392945064278
AGCCTCCGTAGGTTAT-3,27.0,0.2659503422898086,,,0.3090767064839525,0.2252336567198111,0.1997392945064278
CCAAGGCTCAGTGAAG-3,4.0,0.0,0.0,0.0,0.0,1.0,0.0
CGACTAAGTGAGGTGA-2,27.0,0.0,0.0,0.0,0.6074429771908764,0.0,0.3925570228091237
GCTTATCGTGGGAACA-3,2.0,0.21079074246169519,,,0.3110256879333526,0.2245883274521365,0.25359524215281576
TGGCGGTTCCTAAGGT-3,12.0,0.22393288850727908,,,0.21148179656914845,0.3491266157595441,0.21545869916402838
AAACGCGCAATATGGA-2,8.0,0.22347106138460127,,,0.25914442347718897,0.16517053432406306,0.3522139808141467
GCTGTACCACGTGCTG-1,21.0,0.0,0.0,0.0,1.0,0.0,0.0
TCTACCTCATGAAATG-3,19.0,0.28880190709864184,0.0,0.0,0.19477936981053914,0.2980900086334725,0.21832871445734645
ATTGTCCGTTAGACCA-3,37.0,0.0,0.0,0.0,0.0,1.0,0.0
AGCTAAACATAATGTC-2,10.0,0.26490417044114983,0.0,0.0,0.1425309127782741,0.3402195170606928,0.2523453997198832
ATGTCATCAATAGTCT-2,36.0,1.0,0.0,0.0,0.0,0.0,0.0
CTCACAACATTGTTGG-3,14.0,1.0,0.0,0.0,0.0,0.0,0.0
GCAGGACCAAGCTTTG-1,23.0,0.0,0.0,0.0,1.0,0.0,0.0
AACAAAGGTAATCGCA-2,27.0,0.3849202144226616,0.0,0.0,0.0,0.3259893809247868,0.28909040465255154
AGGTCCGGTAAGGTTT-3,31.0,1.0,0.0,0.0,0.0,0.0,0.0
ACATTGCAGGCCTGGT-2,34.0,0.0,0.0,0.0,0.0,0.0,1.0
CCAACATAGGCGAAAC-1,11.0,0.0,0.0,0.0,1.0,0.0,0.0
TTGTAAGTCTGTAAGC-3,33.0,0.25254537146409556,,,0.23028304051452006,0.2665285948922042,0.25064299312918015
CGTCAATAGCGGCTGT-2,8.0,0.0,0.0,0.0,0.423882981992502,0.0,0.576117018007498
CTATTGAAGCTAAAGG-2,19.0,1.0,0.0,0.0,0.0,0.0,0.0
GAGGTACAGTGCACGC-1,24.0,0.0,0.0,0.0,1.0,0.0,0.0
ATGGCCGGTTTGCAGA-3,19.0,0.28880190709864184,,,0.19477936981053914,0.2980900086334725,0.21832871445734645
CAGCAAGCAAGATTCT-2,4.0,0.0,0.0,0.0,1.0,0.0,0.0
GTTGTGAGTAATCGGC-3,5.0,0.0,0.0,0.0,0.0,1.0,0.0
GATGGCTGTGAGACTC-2,29.0,0.0,0.0,0.0,1.0,0.0,0.0
GATCGATTCAACCAAC-1,33.0,0.0,0.0,0.0,1.0,0.0,0.0
AAGGATGTCCAGGGAG-3,2.0,0.21079074246169519,,,0.3110256879333526,0.2245883274521365,0.25359524215281576
GCCTACTTCCTCACAC-3,33.0,0.25254537146409556,0.0,0.0,0.23028304051452006,0.2665285948922042,0.25064299312918015
CGAATCTAGGAGGTTA-3,28.0,0.24355764626440804,,,0.2713230524219713,0.21916108471229478,0.2659582166013259
ATGCCTGAGTTCCCGT-3,34.0,0.23141187017972628,0.0,0.0,0.21203187960198364,0.23517958103089368,0.32137666918739655
TATTTGGAGACAGGCG-1,12.0,1.0,0.0,0.0,0.0,0.0,0.0
CCTCCTGAGCTGTAAC-2,16.0,1.0,0.0,0.0,0.0,0.0,0.0
CAATCGCCAAGTGTCC-1,28.0,0.0,0.0,0.0,1.0,0.0,0.0
GAGTATCTCCCTCGCA-2,11.0,1.0,0.0,0.0,0.0,0.0,0.0
GTGGCTTCAATAACCT-3,6.0,1.0,0.0,0.0,0.0,0.0,0.0
TTGGTGAGTCACCAAA-2,1.0,0.0,0.0,0.0,0.0,0.0,1.0
GGCCTTAAGCATTATG-3,14.0,0.0,0.0,0.0,0.0,1.0,0.0
TGCTTCATCGAGCTAT-3,11.0,0.0,0.0,0.0,0.0,1.0,0.0
ACTTAGGGTGGATGTC-3,16.0,0.19281102196304184,0.0,0.0,0.24608965471250854,0.23107341591095565,0.33002590741349397
ACCTTGCTCGGGATTT-3,3.0,0.2510908928836586,,,0.23769248350866462,0.29944475183729763,0.2117718717703792
AGGTACGCAGGCGAGT-3,28.0,1.0,0.0,0.0,0.0,0.0,0.0
TGCAATATCAGGAACA-1,5.0,0.0,0.0,0.0,1.0,0.0,0.0
GGCCTTCGTGAATCGC-3,4.0,0.2789549502429366,,,0.1885732419812842,0.21961014244052887,0.31286166533525034
ACGGTTAGTTGTAAAC-3,28.0,0.24355764626440804,,,0.2713230524219713,0.21916108471229478,0.2659582166013259
GTGTTACAGGAGTCTT-3,33.0,0.0,0.0,0.0,0.0,1.0,0.0
GCAGGTGAGCTCGCTT-2,21.0,0.0,0.0,0.0,1.0,0.0,0.0
ATCACACAGATAACCC-2,9.0,0.25657805136510725,,,0.19608879238864382,0.26842478255731234,0.2789083736889367
GTATTGCAGGCTGTGC-3,9.0,0.25657805136510725,,,0.19608879238864382,0.26842478255731234,0.2789083736889367
GTTTAACCATTAGGCC-2,22.0,0.28910445525737666,0.0,0.0,0.0,0.3897499258569757,0.3211456188856476
TCCGGAATCTAAGGAG-3,2.0,1.0,0.0,0.0,0.0,0.0,0.0
GACACCGGTTAACGAT-1,33.0,0.0,0.0,0.0,1.0,0.0,0.0
TGGACGGAGGACCTGC-3,26.0,0.0,0.0,0.0,0.0,1.0,0.0
CGGTTGGGTTTGAGGC-2,14.0,0.0,0.0,0.0,1.0,0.0,0.0
CCAGCCTGTGAGGTGA-3,17.0,1.0,0.0,0.0,0.0,0.0,0.0
CAATGTCAGCTAAAGG-2,5.0,1.0,0.0,0.0,0.0,0.0,0.0
TGTCAGTAGGTCCTAG-3,18.0,1.0,0.0,0.0,0.0,0.0,0.0
AAAGGCTCACTGACCG-1,2.0,0.0,0.0,0.0,1.0,0.0,0.0
AACGGTAAGTTCCCAC-3,8.0,0.22347106138460127,,,0.25914442347718897,0.16517053432406306,0.3522139808141467
GATCAAGAGGGATGAC-3,9.0,0.25657805136510725,,,0.19608879238864382,0.26842478255731234,0.2789083736889367
TGGCGGTTCACCGGTA-3,21.0,1.0,0.0,0.0,0.0,0.0,0.0
GCAGGACCACTTAACG-3,4.0,0.2789549502429366,,,0.1885732419812842,0.21961014244052887,0.31286166533525034
ACCAGGCTCGATTTAG-2,14.0,0.0,0.0,0.0,1.0,0.0,0.0
CGATCCTTCCTAGTCC-3,26.0,0.3005755128437196,,,0.19364293997678975,0.3106467509625101,0.19513479621698074
CAATCTAAGTCTCACC-2,23.0,0.0,0.0,0.0,0.0,0.0,1.0
CACTGACCATGTCAGC-2,13.0,0.0,0.0,0.0,1.0,0.0,0.0
CTGATCACAGCACGTT-1,5.0,0.0,0.0,0.0,1.0,0.0,0.0
GGCATTAGTGTGCAAC-3,31.0,1.0,0.0,0.0,0.0,0.0,0.0
TGAACAACATAGTCAT-2,20.0,0.0,0.0,0.0,1.0,0.0,0.0
TTTGTGGCATTGTGTG-2,30.0,0.2305508875130836,0.0,0.0,0.30015485066475694,0.2562706347632869,0.21302362705887254
GGATTCAGTGCATTTC-3,14.0,0.25490642483705084,,,0.203860627012991,0.27543380527416844,0.2657991428757897
GGACGAAGTATCTGGA-1,13.0,0.0,0.0,0.0,1.0,0.0,0.0
GAGGAGGCACAGGAAT-1,29.0,0.0,0.0,0.0,1.0,0.0,0.0
CCTTGCGTCTTAGCGG-2,36.0,0.0,0.0,0.0,0.0,0.0,1.0
AGCTTAATCCTTTACG-2,5.0,0.0,0.0,0.0,0.0,0.0,1.0
CGCATATAGCTATATG-3,4.0,0.0,0.0,0.0,0.0,1.0,0.0
CACAATATCGGTTAGT-3,12.0,1.0,0.0,0.0,0.0,0.0,0.0
TTACCGTGTTAGCTGA-2,3.0,0.0,0.0,0.0,1.0,0.0,0.0
TCTTCAAGTCGACTAA-3,2.0,0.21079074246169519,,,0.3110256879333526,0.2245883274521365,0.25359524215281576
CATAAGCTCCTCAGCT-2,18.0,0.23638071763888321,,,0.28964209218552694,0.2590708442645409,0.21490634591104896
TTGGCGGGTTAAGCGC-3,7.0,0.23707317196827163,,,0.3805360488007793,0.2041805565917011,0.17821022263924788
AGGGTTGCAACGTGCT-1,6.0,0.0,0.0,0.0,1.0,0.0,0.0
CGTAATGGTTCCTGAT-1,13.0,0.0,0.0,0.0,1.0,0.0,0.0
CTAGTGAGTTAGGACC-3,22.0,1.0,0.0,0.0,0.0,0.0,0.0
TAATGCATCGCATTAA-2,2.0,0.0,0.0,0.0,1.0,0.0,0.0
AGCTATATCCTCGATC-2,37.0,0.0,0.0,0.0,1.0,0.0,0.0
ACTAACCAGCTAATCA-3,15.0,0.25404889456095253,,,0.3994002521455771,0.19749238598555172,0.14905846730791872
CGTTAACAGGCGTAAA-3,16.0,0.19281102196304184,,,0.24608965471250854,0.23107341591095565,0.33002590741349397
TTTACGAAGCAGGTGG-3,14.0,0.25490642483705084,,,0.203860627012991,0.27543380527416844,0.2657991428757897
AACCTCACACATAGCC-1,15.0,0.0,0.0,0.0,1.0,0.0,0.0
GTAAAGCCAATATAGG-1,19.0,0.0,0.0,0.0,1.0,0.0,0.0
ATATGCATCTAAGTGC-3,21.0,0.36496857686394185,,,0.2425919314203312,0.14718681699163197,0.24525267472409484
TCATCCATCTATTGTC-3,21.0,0.36496857686394185,,,0.2425919314203312,0.14718681699163197,0.24525267472409484
CTGGTCAAGAAAGGAA-2,29.0,0.0,0.0,0.0,0.0,0.0,1.0
GCAGGACCAATTAAGG-3,3.0,0.2510908928836586,,,0.23769248350866462,0.29944475183729763,0.2117718717703792
TATTAGCCAAGTGTTT-1,29.0,0.0,0.0,0.0,1.0,0.0,0.0
CCCTGGACAAGCTTAT-3,17.0,1.0,0.0,0.0,0.0,0.0,0.0
CCAGACTCATCCGTAA-2,24.0,0.0,0.0,0.0,1.0,0.0,0.0
AAGCCTTAGGCATTAC-3,35.0,0.2399263636153897,,,0.17564806529159285,0.22166609309080135,0.362759478002216
TCGCCCATCCCGAAGC-3,10.0,0.0,0.0,0.0,0.0,0.0,1.0
GCCACACAGGCATGTT-2,14.0,0.0,0.0,0.0,0.0,0.0,1.0
TTACAGCAGGTGTCCA-1,32.0,0.0,0.0,0.0,1.0,0.0,0.0
CGAGCTGGTCATGAGC-3,9.0,1.0,0.0,0.0,0.0,0.0,0.0
AGGAGCTAGCAAGGAC-3,33.0,0.25254537146409556,,,0.23028304051452006,0.2665285948922042,0.25064299312918015
AGAGGAACACAAGCCT-2,36.0,0.0,0.0,0.0,1.0,0.0,0.0
CTCCAAACAAGGGTTG-3,20.0,0.255116509861887,,,0.11378520411624034,0.3739473542312623,0.25715093179061016
CTTAGTTTCTAAGTGC-2,13.0,0.0,0.0,0.0,1.0,0.0,0.0
CTGGCTAAGTTTGAGC-3,6.0,0.0,0.0,0.0,0.0,1.0,0.0
TCCATATTCGTAACGT-2,33.0,0.0,0.0,0.0,1.0,0.0,0.0
AACAGGATCGCTATAA-2,8.0,0.0,0.0,0.0,0.423882981992502,0.0,0.576117018007498
CGAAATGAGTGAAGTG-1,5.0,0.0,0.0,0.0,1.0,0.0,0.0
GGAATCTTCGTTTCTG-3,9.0,0.0,0.0,0.0,0.0,1.0,0.0
GTTTAACCAAGCTTTG-3,21.0,1.0,0.0,0.0,0.0,0.0,0.0
TGACCAAGTTTCGCGC-3,16.0,0.0,0.0,0.0,0.0,1.0,0.0
GTGCTGGGTCAATAGT-3,32.0,0.23501474983514806,,,0.36169219852304807,0.23220664506324848,0.1710864065785554
GGTGAGTAGCCTCTCG-1,7.0,0.0,0.0,0.0,1.0,0.0,0.0
AGGTTAACAATTAGGA-1,1.0,0.0,0.0,0.0,1.0,0.0,0.0
CGGTAACGTTTAGCTC-2,4.0,0.0,0.0,0.0,0.37606724069221203,0.0,0.623932759307788
AGGTTGCGTTACAAAC-3,17.0,1.0,0.0,0.0,0.0,0.0,0.0
TCCAGGATCTTAGCCC-2,11.0,1.0,0.0,0.0,0.0,0.0,0.0
GCATATATCTGCAACG-1,12.0,0.0,0.0,0.0,1.0,0.0,0.0
GGTTGCTCACCTGGTG-1,12.0,0.0,0.0,0.0,0.0,0.0,1.0
GGACCGAAGGAAGCTA-2,33.0,0.0,0.0,0.0,1.0,0.0,0.0
GTAAGGTCATAAGCAA-3,27.0,1.0,0.0,0.0,0.0,0.0,0.0
GTGTTACAGTTGGCCA-2,21.0,0.36496857686394185,0.0,0.0,0.2425919314203312,0.14718681699163197,0.24525267472409484
CACGCAATCAGCAAAG-3,3.0,0.2510908928836586,,,0.23769248350866462,0.29944475183729763,0.2117718717703792
GCTTTGTGTGGAGCAA-1,15.0,0.0,0.0,0.0,1.0,0.0,0.0
GTGTAACTCTTCAATC-3,31.0,0.0,0.0,0.0,0.0,1.0,0.0
ACGACAAAGGGTTATC-3,33.0,0.25254537146409556,0.0,0.0,0.23028304051452006,0.2665285948922042,0.25064299312918015
CCTAATAAGCGAGGTG-1,15.0,0.0,0.0,0.0,1.0,0.0,0.0
TGTCAGTAGCTCGCTT-2,31.0,0.24483511612846504,,,0.34550975661796685,0.2764681959007302,0.13318693135283804
ACATCAATCAAACCGT-2,11.0,0.26017380928088074,0.0,0.0,0.3107460265472086,0.2228172513789396,0.20626291279297101
CAAGGTAAGGCCCAGT-1,13.0,0.0,0.0,0.0,1.0,0.0,0.0
GCCAATAGTTCGCTTG-3,9.0,0.25657805136510725,,,0.19608879238864382,0.26842478255731234,0.2789083736889367
AGAATCGAGTCACGAT-3,11.0,0.26017380928088074,,,0.3107460265472086,0.2228172513789396,0.20626291279297101
GTACTAATCGCACAAT-2,25.0,0.0,0.0,0.0,1.0,0.0,0.0
AGCAGGTAGGAGGACT-3,10.0,1.0,0.0,0.0,0.0,0.0,0.0
TGGATTGGTCATGCCC-2,23.0,1.0,0.0,0.0,0.0,0.0,0.0
AGGTTAACACATAGCC-2,10.0,0.0,0.0,0.0,1.0,0.0,0.0
TAGGCTAGTTTACTTG-1,18.0,0.0,0.0,0.0,1.0,0.0,0.0
TTGGCTTGTGACCTGG-3,6.0,1.0,0.0,0.0,0.0,0.0,0.0
TCATACTTCATGGTGT-2,9.0,0.25657805136510725,,,0.19608879238864382,0.26842478255731234,0.2789083736889367
TTGGCTGAGAGGGACT-1,3.0,0.0,0.0,0.0,1.0,0.0,0.0
GCTGCACAGGAAACTG-2,25.0,0.0,0.0,0.0,0.0,1.0,0.0
AAGGATCCAGCATGTC-3,4.0,0.2789549502429366,,,0.1885732419812842,0.21961014244052887,0.31286166533525034
GTTTCAGCATGTCAAT-2,27.0,0.2659503422898086,0.0,0.0,0.3090767064839525,0.2252336567198111,0.1997392945064278
TATTAGGTCGTACCGA-3,17.0,1.0,0.0,0.0,0.0,0.0,0.0
GGTAACCGTAGTTAAC-3,24.0,0.21845905187174444,0.0,0.0,0.2480843926368116,0.19755649681913243,0.33590005867231154
GCGGAACCAATGAGGT-3,5.0,0.25007613426230707,,,0.2764713286099489,0.24316603374735998,0.23028650338038426
GCTAGCCAGCACCACA-1,11.0,0.0,0.0,0.0,0.0,0.0,1.0
TTTACGAAGTAACGGA-1,4.0,1.0,0.0,0.0,0.0,0.0,0.0
GGTTCTTGTCTCAGCC-1,4.0,0.0,0.0,0.0,0.0,0.0,1.0
TGAAGTGAGGCTAGAA-3,3.0,0.0,0.0,0.0,0.0,1.0,0.0
GGGCCTAGTTCACTGT-1,14.0,0.0,0.0,0.0,1.0,0.0,0.0
ACTTTGTTCACACAGT-3,13.0,1.0,0.0,0.0,0.0,0.0,0.0
GCCTGAGGTTCAAGCA-1,31.0,0.0,0.0,0.0,1.0,0.0,0.0
GATTATGTCAATGTCA-3,14.0,1.0,0.0,0.0,0.0,0.0,0.0
GCGATTAGTCTAACCT-3,16.0,0.19281102196304184,,,0.24608965471250854,0.23107341591095565,0.33002590741349397
CCTTCAGGTTGCAGTA-3,36.0,1.0,0.0,0.0,0.0,0.0,0.0
TGCTCCGTCCACCTGT-3,5.0,0.25007613426230707,,,0.2764713286099489,0.24316603374735998,0.23028650338038426
TCGTTAAAGTAAGTCC-1,2.0,0.0,0.0,0.0,1.0,0.0,0.0
CTCAATAAGTTTGTCT-3,26.0,1.0,0.0,0.0,0.0,0.0,0.0
GGATTTATCACCTGTC-2,16.0,0.19281102196304184,0.0,0.0,0.24608965471250854,0.23107341591095565,0.33002590741349397
CGTCAATAGGAAGCAC-1,1.0,0.0,0.0,0.0,1.0,0.0,0.0
TAAGTAGCATCCTGAA-3,26.0,1.0,0.0,0.0,0.0,0.0,0.0
GCTGACCAGCTGGACC-3,34.0,0.23141187017972628,,,0.21203187960198364,0.23517958103089368,0.32137666918739655
ACGCACGGTCGCGCAA-3,19.0,0.0,0.0,0.0,0.0,1.0,0.0
AGGATATAGTAGCGCC-2,16.0,1.0,0.0,0.0,0.0,0.0,0.0
GGCCTTCGTGCTGTAA-2,13.0,0.2379245460670892,,,0.33034621848395457,0.2084468038321267,0.22328243161682945
GATAATCGTTCACCCA-3,8.0,1.0,0.0,0.0,0.0,0.0,0.0
TGGTCCTTCAGTTCCC-3,32.0,0.23501474983514806,,,0.36169219852304807,0.23220664506324848,0.1710864065785554
CCCTCACCAATAGCCC-2,11.0,0.0,0.0,0.0,0.6010457516339869,0.0,0.39895424836601306
CGTGAGGAGATAGACG-3,14.0,0.25490642483705084,,,0.203860627012991,0.27543380527416844,0.2657991428757897
GTAATAGCATGACTAT-2,27.0,0.0,0.0,0.0,0.0,0.0,1.0
CCGTTATGTGGTTATG-3,30.0,0.2305508875130836,0.0,0.0,0.30015485066475694,0.2562706347632869,0.21302362705887254
GGTGTGACAGGCCATT-1,1.0,1.0,0.0,0.0,0.0,0.0,0.0
TTTGACTTCTTTGTAC-2,12.0,0.22393288850727908,,,0.21148179656914845,0.3491266157595441,0.21545869916402838
GTAGGAGGTTGCACGG-3,7.0,0.23707317196827163,,,0.3805360488007793,0.2041805565917011,0.17821022263924788
GGTAGGAGTGGCTTCC-3,2.0,0.21079074246169519,,,0.3110256879333526,0.2245883274521365,0.25359524215281576
ATCGCCCGTTCCGGGA-2,4.0,0.0,0.0,0.0,0.0,1.0,0.0
GAGTCATTCATAACCA-2,2.0,0.0,0.0,0.0,1.0,0.0,0.0
CCCTCAGTCCTAAGAC-1,15.0,0.0,0.0,0.0,1.0,0.0,0.0
CTCGTTATCGCGCTAA-2,18.0,0.0,0.0,0.0,0.0,0.0,1.0
AAACCGGCAAATTCGT-3,2.0,0.21079074246169519,,,0.3110256879333526,0.2245883274521365,0.25359524215281576
AAGGATGTCTTTGAGA-1,18.0,0.0,0.0,0.0,1.0,0.0,0.0
GACCTCAAGTTTGTCT-3,6.0,1.0,0.0,0.0,0.0,0.0,0.0
GGTTTCCTCCATCAGG-3,1.0,0.2431277739439729,,,0.27520525106868904,0.22514867316661977,0.2565183018207184
GCGTTTCTCTTAGGAC-2,28.0,0.0,0.0,0.0,0.0,0.0,1.0
GCTTTCATCACAAGCT-3,8.0,0.22347106138460127,,,0.25914442347718897,0.16517053432406306,0.3522139808141467
GGTAGGAGTTATCGAG-2,6.0,0.0,0.0,0.0,0.0,0.0,1.0
CTCCAAACAGTTAAAG-1,14.0,0.0,0.0,0.0,1.0,0.0,0.0
AAGCGCTGTTGGATCA-1,11.0,1.0,0.0,0.0,0.0,0.0,0.0
AGTAACACACGAATTT-1,17.0,0.0,0.0,0.0,1.0,0.0,0.0
GGGCGAATCATTACTC-1,27.0,0.0,0.0,0.0,1.0,0.0,0.0
AGTAAGTAGCTTCCCG-1,35.0,0.0,0.0,0.0,1.0,0.0,0.0
CGTCAATAGAAGCTAG-1,31.0,1.0,0.0,0.0,0.0,0.0,0.0
GTTGGCCAGGAAGCTA-3,19.0,1.0,0.0,0.0,0.0,0.0,0.0
TCGATTAAGGTCCTAG-1,4.0,0.0,0.0,0.0,1.0,0.0,0.0
CCTATAGCAGCACCAT-2,14.0,0.25490642483705084,,,0.203860627012991,0.27543380527416844,0.2657991428757897
ATCATCAAGGTGTTAC-3,7.0,0.23707317196827163,,,0.3805360488007793,0.2041805565917011,0.17821022263924788
AACTGTTCATTATGAC-2,15.0,0.25404889456095253,0.0,0.0,0.3994002521455771,0.19749238598555172,0.14905846730791872
TTAGCAATCGATATTG-2,1.0,0.0,0.0,0.0,1.0,0.0,0.0
TGATCAGGTTATAGCG-2,8.0,0.0,0.0,0.0,1.0,0.0,0.0
CCCAATTGTTTCCGGC-1,3.0,0.0,0.0,0.0,1.0,0.0,0.0
GGTTGCATCCGCAACA-1,31.0,0.0,0.0,0.0,1.0,0.0,0.0
GATTAGTGTGCCTCAC-2,14.0,0.0,0.0,0.0,1.0,0.0,0.0
TGCTAGCCACTAAGAA-3,2.0,0.21079074246169519,,,0.3110256879333526,0.2245883274521365,0.25359524215281576
TCAGCAAGTGAGCGAA-3,10.0,1.0,0.0,0.0,0.0,0.0,0.0
CACGCAATCAGGTCCA-1,11.0,0.0,0.0,0.0,1.0,0.0,0.0
TCTTAGCGTAGGTTAT-3,16.0,0.19281102196304184,,,0.24608965471250854,0.23107341591095565,0.33002590741349397
TGGTCCTTCCTTGAGG-3,3.0,0.2510908928836586,,,0.23769248350866462,0.29944475183729763,0.2117718717703792
ACAACAACAACTAACT-2,32.0,0.23501474983514806,0.0,0.0,0.36169219852304807,0.23220664506324848,0.1710864065785554
CTGTTCATCAGAAACG-2,22.0,0.0,0.0,0.0,1.0,0.0,0.0
AAGCGCTGTTTATCGC-1,1.0,1.0,0.0,0.0,0.0,0.0,0.0
AGTAACCTCCGCACAA-3,16.0,0.0,0.0,0.0,0.0,1.0,0.0
GACGCCTAGCCTAACG-1,22.0,0.0,0.0,0.0,1.0,0.0,0.0
AGCTTTAAGGTTTGCG-2,9.0,0.25657805136510725,0.0,0.0,0.19608879238864382,0.26842478255731234,0.2789083736889367
GTTCATTTCCCGTTTA-2,21.0,1.0,0.0,0.0,0.0,0.0,0.0
GCAATAGAGCGAGCGA-2,29.0,1.0,0.0,0.0,0.0,0.0,0.0
GGCCTCTGTAATCGCA-3,24.0,0.21845905187174444,,,0.2480843926368116,0.19755649681913243,0.33590005867231154
CTACGAAGTAAGTCGC-2,27.0,1.0,0.0,0.0,0.0,0.0,0.0
GTAGTTATCCGCACAA-2,15.0,0.0,0.0,0.0,1.0,0.0,0.0
TATGGGCGTTACGCGG-2,15.0,0.25404889456095253,,,0.3994002521455771,0.19749238598555172,0.14905846730791872
GGAACAATCTTCAATC-3,4.0,0.0,0.0,0.0,0.0,1.0,0.0
TTAAGGACAGAATGAC-2,22.0,0.0,0.0,0.0,0.0,0.0,1.0
TATGCATCATTATGGT-3,3.0,1.0,0.0,0.0,0.0,0.0,0.0
GCTGGATGTTGCGCGA-2,10.0,0.0,0.0,0.0,1.0,0.0,0.0
ACTTCGCTCGGTTTCC-1,5.0,0.0,0.0,0.0,1.0,0.0,0.0
CATCACACAGTCTAAT-3,32.0,0.23501474983514806,,,0.36169219852304807,0.23220664506324848,0.1710864065785554
AGTAGCTTCGTAATCA-1,9.0,0.0,0.0,0.0,0.0,0.0,1.0
CCAACATAGTATCGCG-1,27.0,0.0,0.0,0.0,1.0,0.0,0.0
ATGGTCTAGGTTTGAC-3,24.0,0.21845905187174444,,,0.2480843926368116,0.19755649681913243,0.33590005867231154
AAACGCGCATGAATCT-3,5.0,0.25007613426230707,,,0.2764713286099489,0.24316603374735998,0.23028650338038426
GTCGGTTCAGTTTCTC-3,20.0,1.0,0.0,0.0,0.0,0.0,0.0
TACTGGCCAGGCCATT-3,23.0,0.2890753295347951,,,0.21326803108883835,0.2250748294409998,0.2725818099353668
CCAAATCAGGTTAGCT-2,4.0,0.0,0.0,0.0,0.0,0.0,1.0
AAACCGAAGTGGCGGA-2,2.0,1.0,0.0,0.0,0.0,0.0,0.0
TTTAGCTTCAAACTCA-2,20.0,0.2878720949445188,0.0,0.0,0.0,0.4219601793697779,0.29016772568570315
TGTGATCAGGACCGCT-2,28.0,0.0,0.0,0.0,0.5049925766353235,0.0,0.4950074233646764
ACGAAGTCATGTTGTG-3,16.0,0.19281102196304184,,,0.24608965471250854,0.23107341591095565,0.33002590741349397
AGCAAATAGGCGCATC-3,26.0,0.3005755128437196,,,0.19364293997678975,0.3106467509625101,0.19513479621698074
AGTGCCGGTTCAAGAT-1,12.0,0.0,0.0,0.0,1.0,0.0,0.0
TAGGAGGGTTAGTGAT-3,21.0,1.0,0.0,0.0,0.0,0.0,0.0
CAGATTCAGGTCGATT-2,3.0,1.0,0.0,0.0,0.0,0.0,0.0
TCCATTGTCAATGTGC-1,30.0,0.0,0.0,0.0,1.0,0.0,0.0
CCTCAAACAGTTAAAG-1,6.0,0.0,0.0,0.0,1.0,0.0,0.0
GTAGGTGCACCTCAGG-3,16.0,0.19281102196304184,,,0.24608965471250854,0.23107341591095565,0.33002590741349397
GTCCGTAAGTTCCTCA-1,2.0,0.0,0.0,0.0,1.0,0.0,0.0
TCCCGGACAATAATCC-3,16.0,1.0,0.0,0.0,0.0,0.0,0.0
CACCGGTAGTTGGCCA-2,15.0,0.25404889456095253,0.0,0.0,0.3994002521455771,0.19749238598555172,0.14905846730791872
AGCCGGTTCCCTCGCA-3,12.0,0.22393288850727908,,,0.21148179656914845,0.3491266157595441,0.21545869916402838
CTGTTGGAGACTTATG-3,38.0,1.0,0.0,0.0,0.0,0.0,0.0
CAATGTGGTCATGAGC-1,5.0,0.0,0.0,0.0,1.0,0.0,0.0
TTGGAGGCAGAAATTG-2,14.0,0.0,0.0,0.0,1.0,0.0,0.0
CCGCTTAGTTAAATGC-3,2.0,0.21079074246169519,,,0.3110256879333526,0.2245883274521365,0.25359524215281576
TAGTGGCGTTAGTGAT-2,37.0,0.15830411656991292,0.0,0.0,0.21353305020503288,0.2890839998065646,0.33907883341848966
TATCGCGAGCTGGACC-2,21.0,0.0,0.0,0.0,1.0,0.0,0.0
ATGTAACGTGCCTCAC-3,15.0,0.25404889456095253,0.0,0.0,0.3994002521455771,0.19749238598555172,0.14905846730791872
CCACTTGGTGTCCAGG-3,14.0,1.0,0.0,0.0,0.0,0.0,0.0
TACTGACAGACAACAG-2,14.0,0.0,0.0,0.0,1.0,0.0,0.0
AGTTATGTCTTAGTCT-3,19.0,0.28880190709864184,,,0.19477936981053914,0.2980900086334725,0.21832871445734645
CACAAGCGTTCCGCAC-2,1.0,0.0,0.0,0.0,0.5175720533220929,0.0,0.48242794667790717
ACTATGTCAACTCGCG-3,12.0,0.22393288850727908,0.0,0.0,0.21148179656914845,0.3491266157595441,0.21545869916402838
CTCATTGTCGATTTGA-3,15.0,0.25404889456095253,,,0.3994002521455771,0.19749238598555172,0.14905846730791872
GGATTATGTTGCGCGA-1,15.0,1.0,0.0,0.0,0.0,0.0,0.0
AAGCTAGAGCGCAATT-1,33.0,0.0,0.0,0.0,1.0,0.0,0.0
CATTCATTCGGTAACT-1,15.0,0.0,0.0,0.0,1.0,0.0,0.0
AAAGGTTAGTACCGCA-2,14.0,0.25490642483705084,0.0,0.0,0.203860627012991,0.27543380527416844,0.2657991428757897
GGTTAATGTGAGGTGA-3,30.0,0.2305508875130836,,,0.30015485066475694,0.2562706347632869,0.21302362705887254
TGGACTAGTGTAATAC-1,1.0,0.0,0.0,0.0,0.0,0.0,1.0
TCTGTGACATAGCGGA-3,34.0,1.0,0.0,0.0,0.0,0.0,0.0
TGTTACTTCTCACTCA-1,4.0,0.0,0.0,0.0,1.0,0.0,0.0
GACAATACACGTGCTG-3,9.0,0.25657805136510725,0.0,0.0,0.19608879238864382,0.26842478255731234,0.2789083736889367
TGTTACTTCATTACGA-3,3.0,0.2510908928836586,,,0.23769248350866462,0.29944475183729763,0.2117718717703792
ATATGCTCATTATGCG-1,1.0,0.0,0.0,0.0,0.0,0.0,1.0
CGGTTGGGTTACTAGG-1,4.0,0.0,0.0,0.0,1.0,0.0,0.0
CGACCTGCATGGTTAT-3,9.0,0.25657805136510725,,,0.19608879238864382,0.26842478255731234,0.2789083736889367
AAAGGTTAGACTTATG-1,30.0,0.0,0.0,0.0,1.0,0.0,0.0
GGACCGAAGGTGAAAT-2,3.0,0.0,0.0,0.0,1.0,0.0,0.0
AGGGTTGCACCGGTAT-3,17.0,1.0,0.0,0.0,0.0,0.0,0.0
GCGCCTTGTTGCACAA-2,1.0,0.2431277739439729,,,0.27520525106868904,0.22514867316661977,0.2565183018207184
GGTGTTGTCTGTGCCT-2,14.0,0.0,0.0,0.0,0.43406022845275183,0.0,0.5659397715472482
GCTGACATCCAAGTTA-3,4.0,1.0,0.0,0.0,0.0,0.0,0.0
ACCTTGTGTTGCGCGA-2,20.0,0.255116509861887,0.0,0.0,0.11378520411624034,0.3739473542312623,0.25715093179061016
TACCCGGCAAGCTTTG-2,3.0,0.0,0.0,0.0,1.0,0.0,0.0
AAGCTATGTGGACCTG-2,10.0,0.26490417044114983,,,0.1425309127782741,0.3402195170606928,0.2523453997198832
CAGCAAGCAGCCTGCA-1,29.0,1.0,0.0,0.0,0.0,0.0,0.0
TGTGTTAAGGAGCATA-1,2.0,1.0,0.0,0.0,0.0,0.0,0.0
GCCCGTTGTTGCTGGG-2,22.0,0.22299113408910365,,,0.2286831626631811,0.3006206801642622,0.24770502308345307
AAGCGAATCACGTTAA-1,8.0,0.0,0.0,0.0,0.0,0.0,1.0
TTGTTGTTCAGAAACG-3,9.0,0.0,0.0,0.0,0.0,1.0,0.0
GTAGCTGTCACCAATA-3,18.0,1.0,0.0,0.0,0.0,0.0,0.0
AAGAATCAGGTCCTAG-3,22.0,0.22299113408910365,,,0.2286831626631811,0.3006206801642622,0.24770502308345307
CCCTCACCACCAGCAT-3,30.0,0.0,0.0,0.0,0.0,1.0,0.0
GCATATATCTGGCAAT-2,31.0,0.0,0.0,0.0,1.0,0.0,0.0
GAGCCACTCTAGCGAT-2,33.0,0.0,0.0,0.0,1.0,0.0,0.0
GTAGGAGGTCCAAGAC-1,26.0,0.0,0.0,0.0,1.0,0.0,0.0
GGTGAGGTCTACCTGC-3,10.0,0.26490417044114983,,,0.1425309127782741,0.3402195170606928,0.2523453997198832
CAATGACTCACCGGTA-3,7.0,0.23707317196827163,,,0.3805360488007793,0.2041805565917011,0.17821022263924788
CTTCAGGAGAGAGGAG-2,20.0,0.0,0.0,0.0,0.3067514677103718,0.0,0.6932485322896282
AGTCAAGAGGGACTAA-3,5.0,0.25007613426230707,,,0.2764713286099489,0.24316603374735998,0.23028650338038426
CAGCATTAGGTTAGAG-3,18.0,0.0,0.0,0.0,0.0,1.0,0.0
CACCAACCAGCACCAT-3,16.0,0.0,0.0,0.0,0.0,1.0,0.0
TACGTAATCTATGACA-2,22.0,0.22299113408910365,0.0,0.0,0.2286831626631811,0.3006206801642622,0.24770502308345307
CCGCTTAGTCTAACAG-1,24.0,0.0,0.0,0.0,1.0,0.0,0.0
TTCCCGCCACCTGCCT-1,18.0,1.0,0.0,0.0,0.0,0.0,0.0
GTGCTGATCCCGCAAA-2,7.0,1.0,0.0,0.0,0.0,0.0,0.0
TCAGCGATCCACCTGT-2,14.0,0.0,0.0,0.0,0.43406022845275183,0.0,0.5659397715472482
CGGCTAATCTATGACA-2,12.0,0.0,0.0,0.0,0.0,1.0,0.0
CATAGCTAGCTATGAC-3,3.0,0.2510908928836586,0.0,0.0,0.23769248350866462,0.29944475183729763,0.2117718717703792
ACTCAGTAGGTCGAGG-1,15.0,1.0,0.0,0.0,0.0,0.0,0.0
CCTAAGGTCTTAGCCC-1,4.0,0.0,0.0,0.0,1.0,0.0,0.0
GTCCTCAGTTAAGCCA-3,23.0,0.2890753295347951,,,0.21326803108883835,0.2250748294409998,0.2725818099353668
TTGCAAGGTACCGGAT-1,3.0,0.0,0.0,0.0,1.0,0.0,0.0
TAGTAAGCACTTCACT-1,10.0,0.0,0.0,0.0,1.0,0.0,0.0
CTTGGACCACCGGCTA-1,18.0,0.0,0.0,0.0,1.0,0.0,0.0
TGATGAACACTTACAG-1,31.0,0.0,0.0,0.0,1.0,0.0,0.0
AGGCAATCATGGCCTG-2,14.0,0.25490642483705084,,,0.203860627012991,0.27543380527416844,0.2657991428757897
CAGCTAAGTTTGGCGG-1,30.0,0.0,0.0,0.0,1.0,0.0,0.0
TACGGATTCATGCTCC-1,11.0,0.0,0.0,0.0,1.0,0.0,0.0
GCGCTTAAGTCATCCC-1,21.0,0.0,0.0,0.0,1.0,0.0,0.0
CTCATTGTCCAGGGAG-1,11.0,0.0,0.0,0.0,1.0,0.0,0.0
ACATCAATCTATGACA-3,6.0,1.0,0.0,0.0,0.0,0.0,0.0
CAATAAGCAATTGAGA-2,21.0,0.36496857686394185,0.0,0.0,0.2425919314203312,0.14718681699163197,0.24525267472409484
TGTGGCGGTACCCACC-3,26.0,1.0,0.0,0.0,0.0,0.0,0.0
TTTGCATTCGCTAAGT-1,11.0,0.0,0.0,0.0,1.0,0.0,0.0
TATTAGCCAATAGCCC-3,27.0,1.0,0.0,0.0,0.0,0.0,0.0
TGTGTGAGTTGAAGCC-2,31.0,0.0,0.0,0.0,0.7217717717717718,0.0,0.2782282282282282
AGCCTAGTCAATTGGC-3,5.0,1.0,0.0,0.0,0.0,0.0,0.0
CCACATTGTTAGGTTG-2,1.0,0.2431277739439729,0.0,0.0,0.27520525106868904,0.22514867316661977,0.2565183018207184
TAACCTAAGTTTGTCT-2,8.0,0.0,0.0,0.0,1.0,0.0,0.0
CCCGCAACAGCGCTTG-1,33.0,0.0,0.0,0.0,1.0,0.0,0.0
CCGTTGCGTTAGTTGG-1,15.0,1.0,0.0,0.0,0.0,0.0,0.0
AATGCAACAGGCAAGC-1,9.0,0.0,0.0,0.0,1.0,0.0,0.0
CCAGCTAAGAAGCTAG-1,10.0,0.0,0.0,0.0,1.0,0.0,0.0
ATTAGCGGTCCTAACT-3,12.0,0.22393288850727908,,,0.21148179656914845,0.3491266157595441,0.21545869916402838
CAGCTCAAGCACAGCC-2,29.0,0.31074906515307005,0.0,0.0,0.233016360882147,0.22003051032240445,0.2362040636423785
TTGGATATCTTGTCTG-3,2.0,0.0,0.0,0.0,0.0,1.0,0.0
TAGTAGGAGGTGCTGC-1,11.0,0.0,0.0,0.0,1.0,0.0,0.0
TCTCAAGCATGGCCTG-3,15.0,0.25404889456095253,,,0.3994002521455771,0.19749238598555172,0.14905846730791872
ATGGTCTAGAGAGGAG-3,2.0,0.21079074246169519,,,0.3110256879333526,0.2245883274521365,0.25359524215281576
CATAGGTTCATGGTTA-3,9.0,1.0,0.0,0.0,0.0,0.0,0.0
CCGCAAGGTAGTTAAC-3,21.0,0.36496857686394185,,,0.2425919314203312,0.14718681699163197,0.24525267472409484
TTCGTGCTCTCGCCTG-2,33.0,0.25254537146409556,0.0,0.0,0.23028304051452006,0.2665285948922042,0.25064299312918015
GCTTAAATCAAACTCA-3,10.0,0.26490417044114983,0.0,0.0,0.1425309127782741,0.3402195170606928,0.2523453997198832
TCTAGCGAGGCTAATC-3,6.0,0.28619740144106137,,,0.20095345838278786,0.28595501190791156,0.2268941282682392
TACCTCATCTAAGGAG-3,14.0,0.0,0.0,0.0,0.0,1.0,0.0
AGGCTAGCACACTAAT-2,4.0,0.0,0.0,0.0,1.0,0.0,0.0
GGGTTATTCGGTTTGG-1,17.0,0.0,0.0,0.0,1.0,0.0,0.0
TTCAACCGTAACCAGC-3,18.0,0.23638071763888321,,,0.28964209218552694,0.2590708442645409,0.21490634591104896
GAATTTGTCCAATTAG-1,37.0,0.0,0.0,0.0,1.0,0.0,0.0
AATTTGGTCGGCCAGT-3,20.0,0.2878720949445188,0.0,0.0,0.0,0.4219601793697779,0.29016772568570315
GTGCTTCTCCTGTTCA-1,32.0,0.0,0.0,0.0,1.0,0.0,0.0
GTTTCTAGTAGACAAA-1,32.0,0.0,0.0,0.0,1.0,0.0,0.0
GCTGGATGTGTGCACG-3,5.0,0.0,0.0,0.0,0.0,0.0,1.0
TACTGGCCAAAGCGGC-1,3.0,0.0,0.0,0.0,1.0,0.0,0.0
ACATTGCAGCCTGACA-3,3.0,0.2510908928836586,,,0.23769248350866462,0.29944475183729763,0.2117718717703792
AGTAACACACTTCATC-1,3.0,1.0,0.0,0.0,0.0,0.0,0.0
GGACTAAAGAAAGCAT-2,23.0,1.0,0.0,0.0,0.0,0.0,0.0
GCAACAGCAAGTCGCT-3,1.0,0.2431277739439729,,,0.27520525106868904,0.22514867316661977,0.2565183018207184
ACATCAATCAGGGCCT-2,20.0,0.255116509861887,0.0,0.0,0.11378520411624034,0.3739473542312623,0.25715093179061016
CAGCTATAGAAGGTGC-2,38.0,1.0,0.0,0.0,0.0,0.0,0.0
CCATCATGTCCACAAA-1,15.0,1.0,0.0,0.0,0.0,0.0,0.0
ACCTAAATCACATTGA-1,33.0,0.0,0.0,0.0,1.0,0.0,0.0
CGGATTAGTATGGTGC-3,1.0,0.2431277739439729,,,0.27520525106868904,0.22514867316661977,0.2565183018207184
GAGTGAGGTAATGACT-1,18.0,1.0,0.0,0.0,0.0,0.0,0.0
TATTGACCAATTAGGA-2,4.0,0.2789549502429366,,,0.1885732419812842,0.21961014244052887,0.31286166533525034
ATTTAGGTCCCGCATT-3,15.0,0.0,0.0,0.0,0.0,1.0,0.0
ATTCCGGAGGCATTGT-3,6.0,1.0,0.0,0.0,0.0,0.0,0.0
TTTAACCTCTAGCGTG-2,1.0,0.0,0.0,0.0,1.0,0.0,0.0
GTTACGTAGCAGGCCT-2,6.0,1.0,0.0,0.0,0.0,0.0,0.0
ATTCATGAGCCGCAGT-3,6.0,1.0,0.0,0.0,0.0,0.0,0.0
ATCGCCCGTTCTTTAG-2,4.0,0.0,0.0,0.0,0.0,0.0,1.0
ACTTAGGGTTAGGACC-3,3.0,1.0,0.0,0.0,0.0,0.0,0.0
CCATCACTCCGTGACA-2,15.0,0.0,0.0,0.0,0.0,0.0,1.0
AGAGATTAGGTAGCTT-3,4.0,1.0,0.0,0.0,0.0,0.0,0.0
GCTATAGGTCAGGCAT-2,30.0,0.3294312859524358,0.0,0.0,0.0,0.36618191182250653,0.3043868022250576
TCGCGAGGTTAGGCGT-1,6.0,0.0,0.0,0.0,1.0,0.0,0.0
TTGTCCGGTCTAACAG-3,7.0,0.23707317196827163,0.0,0.0,0.3805360488007793,0.2041805565917011,0.17821022263924788
TTGCAATCATCCCGCT-1,11.0,0.0,0.0,0.0,1.0,0.0,0.0
CACCAACCATGTCAGC-1,21.0,1.0,0.0,0.0,0.0,0.0,0.0
GCGATTAGTAAGGTCC-2,33.0,0.0,0.0,0.0,0.0,0.0,1.0
ATTGCGCCACAAACTT-1,31.0,1.0,0.0,0.0,0.0,0.0,0.0
TTTGACCGTTGGCCGA-3,23.0,0.2890753295347951,,,0.21326803108883835,0.2250748294409998,0.2725818099353668
CGCACCACAAGACTCC-3,12.0,1.0,0.0,0.0,0.0,0.0,0.0
TGCTCCGTCCCTCGCA-3,12.0,0.22393288850727908,,,0.21148179656914845,0.3491266157595441,0.21545869916402838
GGGATTAAGCGGATTT-1,8.0,1.0,0.0,0.0,0.0,0.0,0.0
GTCTTGCTCACATTGA-3,5.0,0.25007613426230707,,,0.2764713286099489,0.24316603374735998,0.23028650338038426
TAATGCATCCTTCGTA-1,32.0,0.0,0.0,0.0,1.0,0.0,0.0
CTCTTGATCGTACCGA-3,26.0,0.3005755128437196,,,0.19364293997678975,0.3106467509625101,0.19513479621698074
GGCAAATCAGGACCAA-1,17.0,0.0,0.0,0.0,1.0,0.0,0.0
TTGTCAAAGCCTCTGT-2,9.0,0.0,0.0,0.0,1.0,0.0,0.0
TTAACCAAGGCCTAAT-3,10.0,1.0,0.0,0.0,0.0,0.0,0.0
CTAATTGAGTGACCTG-1,2.0,0.0,0.0,0.0,1.0,0.0,0.0
CTTTAGGCAACAGGTG-2,15.0,0.25404889456095253,0.0,0.0,0.3994002521455771,0.19749238598555172,0.14905846730791872
AGCTACTAGCACGTTG-3,10.0,0.26490417044114983,0.0,0.0,0.1425309127782741,0.3402195170606928,0.2523453997198832
CTCTCACAGGAACGGT-2,21.0,0.36496857686394185,,,0.2425919314203312,0.14718681699163197,0.24525267472409484
CCTGATGAGGGTCTAT-3,19.0,0.28880190709864184,,,0.19477936981053914,0.2980900086334725,0.21832871445734645
TAGTACGGTCGTAAAT-2,6.0,1.0,0.0,0.0,0.0,0.0,0.0
GGTCAAGCAACCGCCA-3,15.0,1.0,0.0,0.0,0.0,0.0,0.0
GCCTGAGGTAATGGCC-3,25.0,0.25294349983189635,,,0.22563202807869934,0.20762681900387653,0.31379765308552765
GTAGCGCTCGCCTGTT-3,20.0,0.0,0.0,0.0,0.0,1.0,0.0
CGATTTGCACTTCACT-2,37.0,0.0,0.0,0.0,0.3864069096829383,0.0,0.6135930903170617
CTTTGGGAGGCTTAAC-3,35.0,1.0,0.0,0.0,0.0,0.0,0.0
TCCCGGACATAAGTTC-3,1.0,0.0,0.0,0.0,0.0,1.0,0.0
AGTGCGGAGCGAGGTG-3,1.0,1.0,0.0,0.0,0.0,0.0,0.0
TCTAACTTCGTAATCA-2,11.0,0.26017380928088074,,,0.3107460265472086,0.2228172513789396,0.20626291279297101
TGAGGTGCAGGTATTT-2,1.0,0.0,0.0,0.0,0.0,0.0,1.0
CAGCCTAAGTAACGGA-1,10.0,0.0,0.0,0.0,1.0,0.0,0.0
AGGTCTTAGTGAACGA-2,36.0,0.0,0.0,0.0,0.0,1.0,0.0
TACGTAATCATTATGG-3,12.0,0.0,0.0,0.0,0.0,0.0,1.0
GCTAGTGTCAGCAAAG-3,22.0,0.22299113408910365,0.0,0.0,0.2286831626631811,0.3006206801642622,0.24770502308345307
TCAAGGTTCTTAGCCC-2,29.0,0.31074906515307005,,,0.233016360882147,0.22003051032240445,0.2362040636423785
CGGGCTTAGTAGGCGG-3,34.0,1.0,0.0,0.0,0.0,0.0,0.0
GTAAGCAAGGTTACGT-2,10.0,0.0,0.0,0.0,0.36095077943916737,0.0,0.6390492205608327
GACTTAGGTGTGTGGT-3,4.0,1.0,0.0,0.0,0.0,0.0,0.0
AGGACGTAGCTAAGTC-2,1.0,0.2431277739439729,0.0,0.0,0.27520525106868904,0.22514867316661977,0.2565183018207184
TTTAACCTCCTAAGAC-2,4.0,0.34378327740148595,0.0,0.0,0.0,0.2706469071549443,0.3855698154435696
GGCTTCAAGCTATTAG-2,33.0,0.25254537146409556,0.0,0.0,0.23028304051452006,0.2665285948922042,0.25064299312918015
TGGCCTTTCCTTCGTA-1,2.0,0.0,0.0,0.0,1.0,0.0,0.0
GCCTCGACATTAGGTT-3,11.0,1.0,0.0,0.0,0.0,0.0,0.0
CTCCGTCCAGATTCAT-1,11.0,0.0,0.0,0.0,1.0,0.0,0.0
AGGAAACGTTCGCGCT-1,3.0,0.0,0.0,0.0,1.0,0.0,0.0
AAGTAGCCAGTACCGT-2,7.0,0.0,0.0,0.0,1.0,0.0,0.0
GTCATCACAATCCCTT-3,13.0,0.2379245460670892,,,0.33034621848395457,0.2084468038321267,0.22328243161682945
AATTAGGCAAACTCAT-3,15.0,0.0,0.0,0.0,0.0,1.0,0.0
GTACAATGTTTGTGGA-2,29.0,0.0,0.0,0.0,0.0,1.0,0.0
GGAATCTTCGTTTCGC-3,15.0,0.25404889456095253,,,0.3994002521455771,0.19749238598555172,0.14905846730791872
GCTGCACAGTCAGGCC-3,34.0,0.23141187017972628,,,0.21203187960198364,0.23517958103089368,0.32137666918739655
TTCCTTGAGACAAAGT-2,10.0,0.0,0.0,0.0,1.0,0.0,0.0
CATGAGGCAAGCGATG-2,2.0,0.21079074246169519,,,0.3110256879333526,0.2245883274521365,0.25359524215281576
AAGACATAGTGAGAGC-1,15.0,0.0,0.0,0.0,1.0,0.0,0.0
GAAGGAACAAGGTACG-2,33.0,1.0,0.0,0.0,0.0,0.0,0.0
CGCCAAATCGATTCTT-2,1.0,0.0,0.0,0.0,0.5175720533220929,0.0,0.48242794667790717
GGAGCAAGTAACAGGG-3,23.0,0.2890753295347951,,,0.21326803108883835,0.2250748294409998,0.2725818099353668
TACAATGTCAAAGGCA-3,28.0,0.24355764626440804,,,0.2713230524219713,0.21916108471229478,0.2659582166013259
CTTTAGGCAGCGCTTG-3,3.0,0.0,0.0,0.0,0.0,1.0,0.0
ACGTCCAAGTTAGAGG-3,1.0,0.0,0.0,0.0,0.0,1.0,0.0
TTTATGGAGGCGGGTA-1,1.0,0.0,0.0,0.0,1.0,0.0,0.0
GTGTGCGGTTAGAGGG-3,12.0,0.22393288850727908,,,0.21148179656914845,0.3491266157595441,0.21545869916402838
CCGACAGGTACGTTTC-3,2.0,0.21079074246169519,,,0.3110256879333526,0.2245883274521365,0.25359524215281576
CCAAGTTAGTAAGAAC-3,19.0,1.0,0.0,0.0,0.0,0.0,0.0
TATCGCACAATTAACC-2,11.0,1.0,0.0,0.0,0.0,0.0,0.0
GACTCACCAACAACAA-1,14.0,0.0,0.0,0.0,1.0,0.0,0.0
TGCTTCATCATAAGCC-1,15.0,0.0,0.0,0.0,1.0,0.0,0.0
CCTTCGTAGCATTAGC-3,34.0,1.0,0.0,0.0,0.0,0.0,0.0
GACCTGATCCTAAATG-3,9.0,0.25657805136510725,,,0.19608879238864382,0.26842478255731234,0.2789083736889367
TAAAGCCTCGGTACGC-1,15.0,0.0,0.0,0.0,1.0,0.0,0.0
CTGCTACTCTAGCGAT-3,2.0,0.30594862358424835,0.0,0.0,0.0,0.32597489270457897,0.3680764837111727
ACCCGCTGTTGCTGGG-3,5.0,0.25007613426230707,,,0.2764713286099489,0.24316603374735998,0.23028650338038426
CCACATTGTGCTAGCG-1,29.0,0.0,0.0,0.0,1.0,0.0,0.0
CAAGTATGTGAAACAA-2,2.0,1.0,0.0,0.0,0.0,0.0,0.0
GTCGCAATCCGGGACT-2,6.0,1.0,0.0,0.0,0.0,0.0,0.0
TTGGGCCAGGATTGCT-1,15.0,0.0,0.0,0.0,1.0,0.0,0.0
AACCTCACAATTAGGA-2,10.0,0.0,0.0,0.0,0.36095077943916737,0.0,0.6390492205608327
TGTTATGAGACACTTA-1,30.0,0.0,0.0,0.0,1.0,0.0,0.0
GCCAACATCAAGCTAC-1,7.0,0.0,0.0,0.0,1.0,0.0,0.0
GGATTGCGTTGGATCA-2,19.0,0.0,0.0,0.0,0.0,0.0,1.0
AGGTATTGTGGAAACG-3,7.0,0.23707317196827163,,,0.3805360488007793,0.2041805565917011,0.17821022263924788
GTGCTGATCACCAATA-3,17.0,0.28041555117654665,,,0.21377517180417943,0.21373583317818393,0.29207344384108996
ACCGGTTCAATCCTGA-2,6.0,0.0,0.0,0.0,1.0,0.0,0.0
TTGTCCGGTTACCTGT-2,9.0,0.25657805136510725,,,0.19608879238864382,0.26842478255731234,0.2789083736889367
ATTCATGAGCAAGGAC-2,17.0,0.0,0.0,0.0,1.0,0.0,0.0
GCTTAAATCATCACTT-2,35.0,1.0,0.0,0.0,0.0,0.0,0.0
CGGTTATAGCAAGGAC-2,12.0,0.0,0.0,0.0,0.0,1.0,0.0
TTGCTTAGTTTATCTG-3,3.0,0.2510908928836586,,,0.23769248350866462,0.29944475183729763,0.2117718717703792
TGCGATTAGCATGGTT-1,1.0,0.0,0.0,0.0,1.0,0.0,0.0
GAAGCTAAGACAGGCG-3,14.0,0.25490642483705084,0.0,0.0,0.203860627012991,0.27543380527416844,0.2657991428757897
AATTGTGTCATTGACA-3,35.0,0.2399263636153897,0.0,0.0,0.17564806529159285,0.22166609309080135,0.362759478002216
TGAACAACAAGTGTTT-1,5.0,0.0,0.0,0.0,1.0,0.0,0.0
CCTTCAGGTTGTCCAT-2,17.0,0.28041555117654665,0.0,0.0,0.21377517180417943,0.21373583317818393,0.29207344384108996
GCCAATTAGGGTTATC-2,24.0,0.0,0.0,0.0,0.0,1.0,0.0
TCTCAAGCACTTAGGC-3,13.0,0.2379245460670892,,,0.33034621848395457,0.2084468038321267,0.22328243161682945
ATGCTTAAGAACAAGT-3,1.0,0.2431277739439729,,,0.27520525106868904,0.22514867316661977,0.2565183018207184
CAAACGCGTAGGTTAT-1,27.0,0.0,0.0,0.0,1.0,0.0,0.0
CTCCGTCCAGGAACCA-3,7.0,0.23707317196827163,,,0.3805360488007793,0.2041805565917011,0.17821022263924788
GCAGGTGAGAACCTGT-3,5.0,0.0,0.0,0.0,0.0,1.0,0.0
GGTACTTAGCATGGTT-3,5.0,0.25007613426230707,,,0.2764713286099489,0.24316603374735998,0.23028650338038426
CTCCATCAGTTTCCTG-2,1.0,0.0,0.0,0.0,1.0,0.0,0.0
CGTAGCGGTTCATTTG-1,9.0,0.0,0.0,0.0,1.0,0.0,0.0
TAAGGACCATATTGAC-2,5.0,1.0,0.0,0.0,0.0,0.0,0.0
CATGCATAGCATGAAG-3,3.0,0.2510908928836586,0.0,0.0,0.23769248350866462,0.29944475183729763,0.2117718717703792
TATCCAGCACTTACAG-3,12.0,0.0,0.0,0.0,0.0,1.0,0.0
TTGCAATCACGAATCC-3,1.0,0.2431277739439729,0.0,0.0,0.27520525106868904,0.22514867316661977,0.2565183018207184
CAGAACCGTTGTAAAC-3,30.0,1.0,0.0,0.0,0.0,0.0,0.0
CATCACACAATAAGCA-3,22.0,0.0,0.0,0.0,0.0,1.0,0.0
TGCTCTCAGCTCCCTG-2,8.0,0.0,0.0,0.0,1.0,0.0,0.0
CCGTTATGTAGCCTCC-2,31.0,0.24483511612846504,0.0,0.0,0.34550975661796685,0.2764681959007302,0.13318693135283804
TGCCATTGTGATGATT-3,3.0,0.2510908928836586,,,0.23769248350866462,0.29944475183729763,0.2117718717703792
CTAGTAATCGTAACGT-3,29.0,0.31074906515307005,,,0.233016360882147,0.22003051032240445,0.2362040636423785
TGCTCTCAGGACCTTG-3,13.0,0.2379245460670892,,,0.33034621848395457,0.2084468038321267,0.22328243161682945
CATTGCGAGCAACATC-3,2.0,0.21079074246169519,,,0.3110256879333526,0.2245883274521365,0.25359524215281576
GGCTGGTTCACTTTAC-3,34.0,0.23141187017972628,,,0.21203187960198364,0.23517958103089368,0.32137666918739655
CCTCAGTTCTGCAAGT-1,15.0,0.0,0.0,0.0,1.0,0.0,0.0
ACGCCACAGCGAGGTG-1,11.0,0.0,0.0,0.0,1.0,0.0,0.0
GGTTTGTAGCGGTTAT-3,3.0,0.2510908928836586,,,0.23769248350866462,0.29944475183729763,0.2117718717703792
TCCGGTAAGCCTAATA-1,13.0,0.0,0.0,0.0,1.0,0.0,0.0
TCCTCAATCTCCATAT-3,5.0,0.34563403518185115,0.0,0.0,0.0,0.33608347998177696,0.31828248483637184
TTGTCCGGTATTGCAG-3,3.0,1.0,0.0,0.0,0.0,0.0,0.0
TCTAACTTCTCACACC-1,18.0,0.0,0.0,0.0,1.0,0.0,0.0
TTTGCGACATCCCTCA-1,14.0,0.0,0.0,0.0,1.0,0.0,0.0
TACCCGGCATGGCCTG-1,9.0,0.0,0.0,0.0,1.0,0.0,0.0
AAGCGAGGTGTGCACG-3,26.0,0.3005755128437196,,,0.19364293997678975,0.3106467509625101,0.19513479621698074
AATTAGCGTGACCTGG-2,3.0,0.0,0.0,0.0,1.0,0.0,0.0
GCTCACAAGGCGCTAC-2,2.0,0.0,0.0,0.0,1.0,0.0,0.0
TACGGATTCAAACTCA-3,15.0,0.25404889456095253,,,0.3994002521455771,0.19749238598555172,0.14905846730791872
TTGCAATCAGCATGTC-3,38.0,0.19027885726034566,,,0.23574107619489226,0.2789089395946002,0.2950711269501618
AGGCAGGTCCGCACAA-1,23.0,0.0,0.0,0.0,0.0,0.0,1.0
ACCTTGCTCCTTTACG-1,10.0,0.0,0.0,0.0,1.0,0.0,0.0
ACCTTGCTCTGTGAGT-3,6.0,0.28619740144106137,,,0.20095345838278786,0.28595501190791156,0.2268941282682392
GACCGAACACAGGGAC-3,13.0,0.2379245460670892,,,0.33034621848395457,0.2084468038321267,0.22328243161682945
CGAGCGAAGTTGTCCC-2,7.0,0.0,0.0,0.0,1.0,0.0,0.0
AATAGCTGTGCAACTA-2,33.0,0.0,0.0,0.0,0.0,0.0,1.0
CACATTAAGTCACTAA-3,15.0,0.25404889456095253,,,0.3994002521455771,0.19749238598555172,0.14905846730791872
GATGCAGCATTAAGTC-2,16.0,0.19281102196304184,,,0.24608965471250854,0.23107341591095565,0.33002590741349397
AGCTAACTCCTAACGG-2,9.0,1.0,0.0,0.0,0.0,0.0,0.0
CAGGGTGAGGGTGAGT-3,31.0,0.24483511612846504,0.0,0.0,0.34550975661796685,0.2764681959007302,0.13318693135283804
GACCGTTCAGTGAACG-3,4.0,0.2789549502429366,,,0.1885732419812842,0.21961014244052887,0.31286166533525034
GAGGACTAGTTCCCGT-2,34.0,0.23141187017972628,0.0,0.0,0.21203187960198364,0.23517958103089368,0.32137666918739655
AGCCTAGTCATCCTAT-1,11.0,0.0,0.0,0.0,1.0,0.0,0.0
CCGGTTAAGGGTTAGA-3,8.0,0.0,0.0,0.0,0.0,1.0,0.0
ACCTGTTGTATTGAGT-3,11.0,0.3774716132248756,0.0,0.0,0.0,0.32327307489102325,0.2992553118841011
CTCTGTTCAAGGTGGC-3,4.0,1.0,0.0,0.0,0.0,0.0,0.0
TTTACGAAGGTTTACA-2,8.0,0.22347106138460127,,,0.25914442347718897,0.16517053432406306,0.3522139808141467
TGAGCTTAGTCAATTG-1,10.0,0.0,0.0,0.0,1.0,0.0,0.0
CCTGAGTCAATATGGA-2,2.0,0.21079074246169519,,,0.3110256879333526,0.2245883274521365,0.25359524215281576
CCCTAATGTTCCAGGG-1,17.0,0.0,0.0,0.0,1.0,0.0,0.0
CGTTAAATCACAGCCA-3,4.0,0.2789549502429366,,,0.1885732419812842,0.21961014244052887,0.31286166533525034
GCGCTTGCAGTCTATG-2,19.0,0.0,0.0,0.0,0.0,0.0,1.0
CTTAATGAGTGACCTG-2,8.0,0.0,0.0,0.0,1.0,0.0,0.0
AATGGCGCAGCATTAT-3,13.0,0.2379245460670892,,,0.33034621848395457,0.2084468038321267,0.22328243161682945
CTTTGGTGTGTTGTGA-1,21.0,0.0,0.0,0.0,1.0,0.0,0.0
TCACCTGGTTCAAGAT-1,1.0,0.0,0.0,0.0,1.0,0.0,0.0
CGAAGTAAGCAAGGTA-1,2.0,0.0,0.0,0.0,1.0,0.0,0.0
AAGAACAGTTTAACGG-2,20.0,0.0,0.0,0.0,1.0,0.0,0.0
TTGTCCGGTAATCGGC-3,32.0,0.0,0.0,0.0,0.0,1.0,0.0
AATTAGGCAGTCTAGC-3,6.0,0.0,0.0,0.0,0.0,1.0,0.0
GCTATCCTCCCGCATT-1,5.0,0.0,0.0,0.0,1.0,0.0,0.0
AGGTCCGGTCCCGGAA-2,4.0,1.0,0.0,0.0,0.0,0.0,0.0
TGTTCCTCATTAAAGG-2,20.0,0.0,0.0,0.0,1.0,0.0,0.0
CGTCATTGTAACCACA-1,25.0,0.0,0.0,0.0,1.0,0.0,0.0
GAGCTGCTCCATCAGG-3,38.0,0.19027885726034566,,,0.23574107619489226,0.2789089395946002,0.2950711269501618
TTTGCATTCCGCCTAT-2,19.0,0.0,0.0,0.0,1.0,0.0,0.0
GGATTGCGTCCTTCTC-3,14.0,0.0,0.0,0.0,0.0,1.0,0.0
TCACATAAGGTCCACA-1,17.0,0.0,0.0,0.0,1.0,0.0,0.0
TATCACAAGACCATAC-3,25.0,0.25294349983189635,,,0.22563202807869934,0.20762681900387653,0.31379765308552765
GTGCCTTTCCATTACT-2,6.0,0.0,0.0,0.0,0.46968468364108146,0.0,0.5303153163589185
CATCAATCACAAACTT-2,19.0,1.0,0.0,0.0,0.0,0.0,0.0
ACGGTTTAGATTGAGG-3,1.0,0.2431277739439729,0.0,0.0,0.27520525106868904,0.22514867316661977,0.2565183018207184
GAGCTGCTCAATGTCA-1,24.0,0.0,0.0,0.0,1.0,0.0,0.0
ATAGGTACATGAGCAG-2,14.0,1.0,0.0,0.0,0.0,0.0,0.0
TGTCCTTCAGTGAACG-3,2.0,0.21079074246169519,,,0.3110256879333526,0.2245883274521365,0.25359524215281576
GAGGCCTTCGAAGTAG-2,25.0,1.0,0.0,0.0,0.0,0.0,0.0
GTTCCTTCAATAGTCT-3,27.0,0.2659503422898086,,,0.3090767064839525,0.2252336567198111,0.1997392945064278
CAAGAACCAGTTTGTG-1,11.0,0.0,0.0,0.0,1.0,0.0,0.0
TCCTTCAAGTGAGGTA-1,7.0,1.0,0.0,0.0,0.0,0.0,0.0
CTCACTCAGCTTGCTC-1,24.0,0.0,0.0,0.0,0.0,0.0,1.0
TTGACGTAGCGGCTGT-2,11.0,0.26017380928088074,0.0,0.0,0.3107460265472086,0.2228172513789396,0.20626291279297101
CTTTGGGAGGCCTAAT-3,23.0,0.2890753295347951,,,0.21326803108883835,0.2250748294409998,0.2725818099353668
CTTACCTCACAGCCAT-1,18.0,0.0,0.0,0.0,1.0,0.0,0.0
GCGTGCTAGGTGTCCA-3,8.0,1.0,0.0,0.0,0.0,0.0,0.0
CAGGTGGAGAAAGCAT-3,9.0,1.0,0.0,0.0,0.0,0.0,0.0
CTTGCTCAGAGGAGTC-3,29.0,0.0,0.0,0.0,0.0,1.0,0.0
GGTCAATTCGAAGTAG-2,32.0,1.0,0.0,0.0,0.0,0.0,0.0
TCCTGTTCATTATGGT-2,14.0,0.0,0.0,0.0,1.0,0.0,0.0
AGCAATACATCACTTC-2,10.0,0.26490417044114983,0.0,0.0,0.1425309127782741,0.3402195170606928,0.2523453997198832
TTATTGCTCAGCAAGA-3,13.0,0.2379245460670892,,,0.33034621848395457,0.2084468038321267,0.22328243161682945
TCTAATCTCACGCCAA-1,11.0,0.0,0.0,0.0,1.0,0.0,0.0
TAGCAGGCACATACTG-2,35.0,0.0,0.0,0.0,1.0,0.0,0.0
ACACTTAAGCCTTAAA-2,23.0,0.2890753295347951,,,0.21326803108883835,0.2250748294409998,0.2725818099353668
AAGCTATGTTAAGGTT-3,25.0,0.0,0.0,0.0,0.0,1.0,0.0
ACACTTGCAGGAAGCC-2,36.0,1.0,0.0,0.0,0.0,0.0,0.0
TTGGGTTAGAAGCTAG-1,1.0,0.0,0.0,0.0,1.0,0.0,0.0
GCTAGCCAGTAACCCG-1,6.0,0.0,0.0,0.0,1.0,0.0,0.0
TGTCATAAGCTTACTT-2,4.0,1.0,0.0,0.0,0.0,0.0,0.0
CCGTTAACAGGAATCG-3,13.0,0.2379245460670892,,,0.33034621848395457,0.2084468038321267,0.22328243161682945
TGAAACTGTCATTACC-2,1.0,0.2431277739439729,,,0.27520525106868904,0.22514867316661977,0.2565183018207184
AAGCGCTGTCACAGCG-3,32.0,0.23501474983514806,,,0.36169219852304807,0.23220664506324848,0.1710864065785554
ACGGTTAGTGGTTCTT-3,29.0,1.0,0.0,0.0,0.0,0.0,0.0
TCGCGCACAGTCTAAT-2,33.0,0.0,0.0,0.0,1.0,0.0,0.0
TGGACCGGTAATAGCT-2,25.0,0.0,0.0,0.0,0.0,0.0,1.0
CGGTTATAGCAAGGTA-3,32.0,0.23501474983514806,,,0.36169219852304807,0.23220664506324848,0.1710864065785554
ACTCAGTAGCACGATT-2,4.0,0.0,0.0,0.0,0.0,0.0,1.0
AACTAGCTCACGTTAA-1,35.0,0.0,0.0,0.0,1.0,0.0,0.0
ATGTTTGAGCCGCAGT-1,31.0,0.0,0.0,0.0,1.0,0.0,0.0
GCAGGATAGGTAACGA-1,19.0,0.0,0.0,0.0,1.0,0.0,0.0
ATCATGTCACCAGCAT-2,14.0,0.0,0.0,0.0,1.0,0.0,0.0
GCGCTTGCACAAACTT-3,8.0,0.22347106138460127,,,0.25914442347718897,0.16517053432406306,0.3522139808141467
CGTTAGTAGTTTGGGT-1,25.0,0.0,0.0,0.0,1.0,0.0,0.0
TGTCCTTCAGGCCATT-3,25.0,0.25294349983189635,,,0.22563202807869934,0.20762681900387653,0.31379765308552765
CTTACCTCATAAAGCA-1,37.0,0.0,0.0,0.0,1.0,0.0,0.0
TCTTAGCGTCGACTAA-2,18.0,0.0,0.0,0.0,1.0,0.0,0.0
CATAACGGTCTAACAG-3,3.0,0.0,0.0,0.0,0.0,1.0,0.0
AGAAAGGCAAATATCC-2,1.0,0.0,0.0,0.0,0.5175720533220929,0.0,0.48242794667790717
CAATGAACATGGCCCA-2,21.0,0.36496857686394185,0.0,0.0,0.2425919314203312,0.14718681699163197,0.24525267472409484
TTTGCATTCTCACTCA-2,12.0,0.0,0.0,0.0,1.0,0.0,0.0
CACAGGGAGCTTTGGG-1,8.0,0.0,0.0,0.0,1.0,0.0,0.0
CTCCCTGAGCATGTTA-2,6.0,0.0,0.0,0.0,0.0,0.0,1.0
TGCTTGTGTTATCGAG-1,5.0,0.0,0.0,0.0,1.0,0.0,0.0
GCTAGTGTCTACCTGC-1,5.0,0.0,0.0,0.0,0.0,0.0,1.0
AAGCCTCCATAGCGGA-2,15.0,0.25404889456095253,,,0.3994002521455771,0.19749238598555172,0.14905846730791872
GCAGGTTGTACGCGCA-2,28.0,0.24355764626440804,,,0.2713230524219713,0.21916108471229478,0.2659582166013259
CTGTTAAAGGACGTAA-3,10.0,0.26490417044114983,,,0.1425309127782741,0.3402195170606928,0.2523453997198832
TATCGCGAGGTAGCTT-3,34.0,1.0,0.0,0.0,0.0,0.0,0.0
GCACATTAGTTCCCGT-2,11.0,0.26017380928088074,0.0,0.0,0.3107460265472086,0.2228172513789396,0.20626291279297101
TACAGCTAGGCTAATC-2,1.0,0.2431277739439729,,,0.27520525106868904,0.22514867316661977,0.2565183018207184
CAGGTGGAGCTATATG-1,23.0,0.0,0.0,0.0,1.0,0.0,0.0
AGGATATAGGTGTTAC-1,21.0,0.0,0.0,0.0,1.0,0.0,0.0
TTTCAGTTCCAGCACA-2,12.0,1.0,0.0,0.0,0.0,0.0,0.0
AAACCGAAGGACAATG-3,1.0,0.0,0.0,0.0,0.0,0.0,1.0
GGTACTTAGCGCCTTT-1,32.0,0.0,0.0,0.0,1.0,0.0,0.0
CTGACCAAGGAGTCGG-3,28.0,0.24355764626440804,,,0.2713230524219713,0.21916108471229478,0.2659582166013259
GTTAACGGTTAAGCCA-3,1.0,0.0,0.0,0.0,0.0,1.0,0.0
GCTAATATCATAGACC-1,6.0,0.0,0.0,0.0,1.0,0.0,0.0
TGTTACTTCTAATCTC-3,32.0,0.36818404740057686,0.0,0.0,0.0,0.3637847516918263,0.26803120090759697
CAACAGGCAAGGTAAC-3,28.0,1.0,0.0,0.0,0.0,0.0,0.0
TACTAAGTCATAATCG-3,22.0,1.0,0.0,0.0,0.0,0.0,0.0
TTAGACTCATTATGAC-1,35.0,0.0,0.0,0.0,1.0,0.0,0.0
CCCAAACCAGGACCAA-2,35.0,0.0,0.0,0.0,1.0,0.0,0.0
CAAGTAACATCATGTG-2,17.0,0.0,0.0,0.0,1.0,0.0,0.0
CTTGCAACAGCTCATA-2,18.0,0.23638071763888321,,,0.28964209218552694,0.2590708442645409,0.21490634591104896
TTGCTCTCATTGTGAT-2,1.0,1.0,0.0,0.0,0.0,0.0,0.0
TGAGCCGGTTCACCAT-1,11.0,1.0,0.0,0.0,0.0,0.0,0.0
GTGGATGCAATGAGGT-3,14.0,1.0,0.0,0.0,0.0,0.0,0.0
GGTTGAGCATGGAGGC-1,12.0,0.0,0.0,0.0,1.0,0.0,0.0
ATGCAAACATAATCCG-3,16.0,0.19281102196304184,,,0.24608965471250854,0.23107341591095565,0.33002590741349397
TACTGGCCAAACAACA-1,24.0,0.0,0.0,0.0,1.0,0.0,0.0
AAAGCGGGTTTGTCTA-2,22.0,0.22299113408910365,,,0.2286831626631811,0.3006206801642622,0.24770502308345307
CGGCTCACAAGTGTTT-3,16.0,0.19281102196304184,,,0.24608965471250854,0.23107341591095565,0.33002590741349397
TTGCAGCCAGGCATGA-3,11.0,1.0,0.0,0.0,0.0,0.0,0.0
ATGTGAGAGTAATCCA-1,12.0,0.0,0.0,0.0,1.0,0.0,0.0
CGGGCTTAGCTCAATA-3,3.0,0.2510908928836586,,,0.23769248350866462,0.29944475183729763,0.2117718717703792
CATATCGCATGCTTAG-1,1.0,0.0,0.0,0.0,1.0,0.0,0.0
AAAGCACCATCCAGGT-3,16.0,0.19281102196304184,,,0.24608965471250854,0.23107341591095565,0.33002590741349397
CTAATCCGTTAATGAC-3,3.0,0.0,0.0,0.0,0.0,1.0,0.0
ATTTAGCCAGCAACCT-3,19.0,1.0,0.0,0.0,0.0,0.0,0.0
GCTCAACCAACAGGTG-3,34.0,0.23141187017972628,,,0.21203187960198364,0.23517958103089368,0.32137666918739655
TGTGCAAGTGGACATC-3,33.0,0.0,0.0,0.0,0.0,1.0,0.0
GGACGGATCTACTAAG-2,9.0,0.0,0.0,0.0,1.0,0.0,0.0
GTAATAGCAGATTCAT-3,6.0,0.28619740144106137,,,0.20095345838278786,0.28595501190791156,0.2268941282682392
CCTGGTAAGGCAATAG-1,36.0,0.0,0.0,0.0,0.0,0.0,1.0
GGCATTGTCAAATCGC-2,6.0,0.0,0.0,0.0,0.46968468364108146,0.0,0.5303153163589185
GTTTAACCATCCATCT-3,7.0,1.0,0.0,0.0,0.0,0.0,0.0
AGAAAGGCACCCACAG-1,24.0,0.0,0.0,0.0,1.0,0.0,0.0
TAGCATATCCTCAGTC-1,28.0,0.0,0.0,0.0,1.0,0.0,0.0
TAGCGGCTCGCTAGTG-3,22.0,1.0,0.0,0.0,0.0,0.0,0.0
TTGGTGAGTCCTCCAA-2,5.0,0.25007613426230707,0.0,0.0,0.2764713286099489,0.24316603374735998,0.23028650338038426
CCGTTGCGTTGCTGGG-1,35.0,0.0,0.0,0.0,0.0,0.0,1.0
CGTATTGCATTATGGT-1,5.0,0.0,0.0,0.0,1.0,0.0,0.0
ATTGCAGGTAGCCTAA-2,6.0,0.28619740144106137,,,0.20095345838278786,0.28595501190791156,0.2268941282682392
TGACTCCTCTCACATT-3,11.0,0.26017380928088074,,,0.3107460265472086,0.2228172513789396,0.20626291279297101
AACATAGCAAGGGTTG-3,6.0,0.28619740144106137,,,0.20095345838278786,0.28595501190791156,0.2268941282682392
ATCGAGGCAACAGGAT-3,15.0,0.0,0.0,0.0,0.0,1.0,0.0
TCCACAACAAGACTCC-3,12.0,0.22393288850727908,,,0.21148179656914845,0.3491266157595441,0.21545869916402838
CTGTATTTCATGTTTC-2,11.0,0.0,0.0,0.0,1.0,0.0,0.0
GATTCATCACAATGCC-1,13.0,0.0,0.0,0.0,1.0,0.0,0.0
CTTCATCCATTGCGTA-1,15.0,0.0,0.0,0.0,1.0,0.0,0.0
GGTGCTTCAACTAGAA-2,18.0,0.0,0.0,0.0,0.0,1.0,0.0
GCTTAAATCCCTCATA-3,19.0,0.28880190709864184,,,0.19477936981053914,0.2980900086334725,0.21832871445734645
ACTGAATGTTAGTACG-1,18.0,0.0,0.0,0.0,1.0,0.0,0.0
GTCATCACAAAGCTAA-2,3.0,1.0,0.0,0.0,0.0,0.0,0.0
TGACTCCTCTGTGCCT-3,21.0,1.0,0.0,0.0,0.0,0.0,0.0
TAACCGGTCCATTACT-1,25.0,0.0,0.0,0.0,0.0,0.0,1.0
CGAAATGAGTAAGGGC-2,29.0,0.0,0.0,0.0,0.0,0.0,1.0
CGCACAATCATCCTAT-3,36.0,0.0,0.0,0.0,0.0,0.0,1.0
TGTTGTAAGGCTGGCT-3,6.0,1.0,0.0,0.0,0.0,0.0,0.0
CTGTTTAGTGGATTAT-3,22.0,0.22299113408910365,0.0,0.0,0.2286831626631811,0.3006206801642622,0.24770502308345307
GTTGTTGCACAGGATG-2,33.0,0.0,0.0,0.0,0.4788325530431318,0.0,0.5211674469568682
GCTAACCCACAGAAAC-3,24.0,0.21845905187174444,,,0.2480843926368116,0.19755649681913243,0.33590005867231154
GTACAATGTAGGATTT-1,4.0,0.0,0.0,0.0,1.0,0.0,0.0
GGTGAGTAGCGGTTAT-3,25.0,1.0,0.0,0.0,0.0,0.0,0.0
CTATGATCATGCTATG-3,34.0,0.23141187017972628,,,0.21203187960198364,0.23517958103089368,0.32137666918739655
GTTTAACCATCGTTCT-2,3.0,1.0,0.0,0.0,0.0,0.0,0.0
CACAATATCTCCTCAA-2,29.0,0.0,0.0,0.0,0.0,0.0,1.0
GTAAGGTCATAGCTGC-1,4.0,0.0,0.0,0.0,1.0,0.0,0.0
GTTAAGCTCCAATTAG-3,34.0,1.0,0.0,0.0,0.0,0.0,0.0
ATGACAACAATGAAGC-1,37.0,0.0,0.0,0.0,1.0,0.0,0.0
TGCTATGCACCTGGTG-3,9.0,1.0,0.0,0.0,0.0,0.0,0.0
GTGGACACACTAAGAA-2,20.0,0.0,0.0,0.0,1.0,0.0,0.0
GCCTGAGGTTACATCC-2,17.0,0.0,0.0,0.0,1.0,0.0,0.0
CTTGAATCATAGCGAG-2,24.0,0.0,0.0,0.0,1.0,0.0,0.0
TGATCAATCCGGTTAG-2,4.0,1.0,0.0,0.0,0.0,0.0,0.0
CCTGTAACATTGTGGC-2,26.0,0.0,0.0,0.0,0.0,0.0,1.0
TAGGCTTAGTTGGCCA-1,24.0,0.0,0.0,0.0,1.0,0.0,0.0
CTACAACAGCGGTTAT-3,6.0,0.28619740144106137,,,0.20095345838278786,0.28595501190791156,0.2268941282682392
GTTACTAAGTATCGCG-2,17.0,0.0,0.0,0.0,1.0,0.0,0.0
TTGCGAGTCACGCATG-2,4.0,0.2789549502429366,,,0.1885732419812842,0.21961014244052887,0.31286166533525034
GTCCGTAAGGTTTACA-2,4.0,0.34378327740148595,0.0,0.0,0.0,0.2706469071549443,0.3855698154435696
GTTAATGTCTTTAGGA-3,6.0,0.0,0.0,0.0,0.0,1.0,0.0
GTTGCTGAGTGAGGTA-3,13.0,0.2379245460670892,,,0.33034621848395457,0.2084468038321267,0.22328243161682945
TGCTTTAGTTCATTTG-1,18.0,0.0,0.0,0.0,1.0,0.0,0.0
TCATTTGGTTTGGTTC-1,6.0,0.0,0.0,0.0,1.0,0.0,0.0
GTGCATTAGTTATGTG-3,7.0,0.23707317196827163,0.0,0.0,0.3805360488007793,0.2041805565917011,0.17821022263924788
TCGTTATTCCACCTGT-2,23.0,1.0,0.0,0.0,0.0,0.0,0.0
TGTAAAGCACAATGTT-3,12.0,0.22393288850727908,0.0,0.0,0.21148179656914845,0.3491266157595441,0.21545869916402838
AGCCTCCGTTGGTGAC-1,25.0,0.0,0.0,0.0,1.0,0.0,0.0
TCGTTTCCAATGAGGT-3,38.0,1.0,0.0,0.0,0.0,0.0,0.0
TACGTTAAGACTATTG-2,6.0,0.0,0.0,0.0,1.0,0.0,0.0
TGAAGGATCTAGCGTG-3,3.0,0.0,0.0,0.0,0.0,1.0,0.0
AACAGGATCTAGCGTG-3,8.0,0.0,0.0,0.0,0.0,1.0,0.0
TTTCCTGAGTGTTGTA-1,4.0,0.0,0.0,0.0,1.0,0.0,0.0
GATTCAGGTTGAGGTC-3,19.0,0.28880190709864184,0.0,0.0,0.19477936981053914,0.2980900086334725,0.21832871445734645
GAACCGCTCCCTCGCA-3,10.0,0.0,0.0,0.0,0.0,1.0,0.0
CTCGCTAGTTTGAGGC-3,16.0,0.19281102196304184,,,0.24608965471250854,0.23107341591095565,0.33002590741349397
AAGGTCAAGTGGCGGA-2,11.0,0.26017380928088074,,,0.3107460265472086,0.2228172513789396,0.20626291279297101
GATTGTTCAATATACC-2,4.0,0.0,0.0,0.0,1.0,0.0,0.0
TAGGAACCACCACAAC-1,32.0,0.0,0.0,0.0,1.0,0.0,0.0
TCAAGGAAGATTGAGG-3,10.0,0.26490417044114983,,,0.1425309127782741,0.3402195170606928,0.2523453997198832
CATTCATTCTTGCAGG-3,31.0,0.0,0.0,0.0,0.0,1.0,0.0
GAATTTGTCGTTAGTA-1,16.0,0.0,0.0,0.0,1.0,0.0,0.0
TTGGGCCAGTGTGATC-3,15.0,0.25404889456095253,,,0.3994002521455771,0.19749238598555172,0.14905846730791872
TGGTGCATCCTCAGTC-1,4.0,0.0,0.0,0.0,1.0,0.0,0.0
CGGTTATAGCGCAATT-3,34.0,0.23141187017972628,0.0,0.0,0.21203187960198364,0.23517958103089368,0.32137666918739655
CCGTGCTGTAAACAAG-1,12.0,0.0,0.0,0.0,1.0,0.0,0.0
GAAACCCGTTGACTTC-3,37.0,0.0,0.0,0.0,0.0,1.0,0.0
CGATTCCTCTTAGCCC-2,2.0,0.30594862358424835,0.0,0.0,0.0,0.32597489270457897,0.3680764837111727
GCTAATATCACAGCGC-2,17.0,0.0,0.0,0.0,1.0,0.0,0.0
GGACAGCCATAGCGAG-2,9.0,1.0,0.0,0.0,0.0,0.0,0.0
AGGCAATCAGATAGAC-2,33.0,0.0,0.0,0.0,0.4788325530431318,0.0,0.5211674469568682
GCTCATTGTGTTCCCA-1,15.0,0.0,0.0,0.0,1.0,0.0,0.0
TAGTGTGGTCCTTCTC-3,9.0,1.0,0.0,0.0,0.0,0.0,0.0
GCACGCTAGTTAGGCT-2,35.0,0.2399263636153897,0.0,0.0,0.17564806529159285,0.22166609309080135,0.362759478002216
GAGCTGCTCTAACCTT-3,1.0,0.2431277739439729,,,0.27520525106868904,0.22514867316661977,0.2565183018207184
ACCAAACTCTATTGTC-1,4.0,0.0,0.0,0.0,1.0,0.0,0.0
GATTCAATCACAGACT-3,12.0,0.0,0.0,0.0,0.0,1.0,0.0
GGATACTTCCGGTTGA-1,1.0,0.0,0.0,0.0,1.0,0.0,0.0
TCATTTGGTCTTGCAT-1,3.0,0.0,0.0,0.0,0.0,0.0,1.0
AAGACAAGTCCGCTGT-3,4.0,0.2789549502429366,,,0.1885732419812842,0.21961014244052887,0.31286166533525034
CCGCTAGCAGCATTAT-2,25.0,0.25294349983189635,0.0,0.0,0.22563202807869934,0.20762681900387653,0.31379765308552765
CTAATAGTCCAGGTTG-3,36.0,0.0,0.0,0.0,0.0,0.0,1.0
TAATCCGCACATACTG-3,4.0,0.2789549502429366,,,0.1885732419812842,0.21961014244052887,0.31286166533525034
CAGGTGGAGCTGAGGG-1,7.0,0.0,0.0,0.0,1.0,0.0,0.0
CAACTAATCTTAGCCC-3,4.0,0.0,0.0,0.0,0.0,1.0,0.0
TGTCAGTAGTTTGCGG-1,13.0,0.0,0.0,0.0,0.0,0.0,1.0
ACCAATATCGGTCAAT-2,17.0,0.28041555117654665,,,0.21377517180417943,0.21373583317818393,0.29207344384108996
GTGCTGATCGCTAAGT-3,16.0,0.0,0.0,0.0,0.0,1.0,0.0
GCTTAACAGTTATTCC-3,28.0,0.24355764626440804,,,0.2713230524219713,0.21916108471229478,0.2659582166013259
AAGAATCAGAATCGCT-3,33.0,0.0,0.0,0.0,0.0,1.0,0.0
TCCATATTCCAACTGG-2,25.0,0.0,0.0,0.0,1.0,0.0,0.0
CCTGGTAAGCCTGAGC-3,23.0,1.0,0.0,0.0,0.0,0.0,0.0
TCCCTCACACTTCATC-2,31.0,0.0,0.0,0.0,1.0,0.0,0.0
TAGTAGGAGATAACCC-2,26.0,0.3005755128437196,0.0,0.0,0.19364293997678975,0.3106467509625101,0.19513479621698074
AAACGTACAGCAAGTG-3,32.0,0.0,0.0,0.0,0.0,1.0,0.0
AACGCTAGTAGGTGTC-2,15.0,0.0,0.0,0.0,1.0,0.0,0.0
ATACCTGCACCAAAGG-1,14.0,0.0,0.0,0.0,1.0,0.0,0.0
CCTTCAATCCTTCTAG-2,23.0,1.0,0.0,0.0,0.0,0.0,0.0
TAGTAAGCACAGCCTG-1,11.0,0.0,0.0,0.0,1.0,0.0,0.0
CTAGCTGAGGTCTTGG-2,16.0,0.19281102196304184,0.0,0.0,0.24608965471250854,0.23107341591095565,0.33002590741349397
CCTGTATGTTTCCTCC-3,18.0,0.23638071763888321,,,0.28964209218552694,0.2590708442645409,0.21490634591104896
CGGAGTCTCCCTCACG-3,35.0,0.0,0.0,0.0,0.0,0.0,1.0
TACTCGCTCTGTGCAG-3,19.0,0.28880190709864184,,,0.19477936981053914,0.2980900086334725,0.21832871445734645
CCATAGCCATACTCCT-2,29.0,1.0,0.0,0.0,0.0,0.0,0.0
ATGTTCAAGTTAGAGG-2,31.0,0.0,0.0,0.0,1.0,0.0,0.0
ACCAAACTCCTTGTTG-2,1.0,0.0,0.0,0.0,1.0,0.0,0.0
CTCCAAACACCTGCTC-1,10.0,0.0,0.0,0.0,1.0,0.0,0.0
CTATGAGGTCATAACG-3,32.0,0.23501474983514806,,,0.36169219852304807,0.23220664506324848,0.1710864065785554
GGCTAGTGTTACTTCA-2,12.0,0.0,0.0,0.0,1.0,0.0,0.0
AAGCATGAGACAAGTG-3,1.0,0.2431277739439729,,,0.27520525106868904,0.22514867316661977,0.2565183018207184
ATCCTTAGTCATGCCC-3,12.0,0.0,0.0,0.0,0.0,1.0,0.0
GCTAGTGTCCGGTTAG-1,14.0,0.0,0.0,0.0,1.0,0.0,0.0
GGTTGCGGTTTATCGC-3,10.0,1.0,0.0,0.0,0.0,0.0,0.0
GCTAATATCATAACCA-2,4.0,0.0,0.0,0.0,1.0,0.0,0.0
ACGTCCAAGCTTAGCG-2,32.0,0.0,0.0,0.0,1.0,0.0,0.0
CAATATGTCACTCAAA-2,11.0,0.26017380928088074,,,0.3107460265472086,0.2228172513789396,0.20626291279297101
GTCCTCCCACTTGTTC-2,18.0,0.0,0.0,0.0,1.0,0.0,0.0
GTAATAGCAGTACCGT-3,34.0,0.0,0.0,0.0,0.0,1.0,0.0
TTAGCGGTCTTAAGTG-3,13.0,1.0,0.0,0.0,0.0,0.0,0.0
GGCAGGATCTCACAAA-3,10.0,1.0,0.0,0.0,0.0,0.0,0.0
GGTCAATTCTGTTGCC-3,2.0,0.0,0.0,0.0,0.0,1.0,0.0
AAGAACAGTCACAGCG-2,18.0,0.0,0.0,0.0,1.0,0.0,0.0
AGTTGCAGTTAATGAC-2,23.0,0.2890753295347951,0.0,0.0,0.21326803108883835,0.2250748294409998,0.2725818099353668
GCATTAGGTGATGGCT-3,13.0,0.3552948592755589,0.0,0.0,0.0,0.3112754823249395,0.3334296583995016
CGCACACAGCTGTACG-3,34.0,0.0,0.0,0.0,0.0,1.0,0.0
ATATGCTCAGGGAGCT-1,24.0,0.0,0.0,0.0,1.0,0.0,0.0
GCTGCATCATCCCGCT-2,25.0,0.0,0.0,0.0,0.0,0.0,1.0
TGTGCTGAGGCATTAC-3,12.0,0.28399203408741175,0.0,0.0,0.0,0.44276291180151617,0.2732450541110721
CAGAATCTCCGGTATG-3,2.0,0.21079074246169519,,,0.3110256879333526,0.2245883274521365,0.25359524215281576
TAGCCTTGTAACTACG-3,2.0,0.0,0.0,0.0,0.0,1.0,0.0
ATTACCGCAAGCTAAA-3,14.0,1.0,0.0,0.0,0.0,0.0,0.0
ACCTACCTCGATTATG-2,8.0,1.0,0.0,0.0,0.0,0.0,0.0
CGTTTCTCAATTGAGA-2,18.0,0.0,0.0,0.0,0.0,0.0,1.0
GCGGGTTTCCTTCGTA-3,38.0,0.19027885726034566,0.0,0.0,0.23574107619489226,0.2789089395946002,0.2950711269501618
AATTTCCTCGCGCTAA-1,2.0,0.0,0.0,0.0,1.0,0.0,0.0
TAGTCAATCCTTGCGT-2,14.0,0.25490642483705084,0.0,0.0,0.203860627012991,0.27543380527416844,0.2657991428757897
AGAAGGTGTTGAAGCC-1,10.0,0.0,0.0,0.0,1.0,0.0,0.0
TAGCAGGCACTTGTTC-2,11.0,0.26017380928088074,0.0,0.0,0.3107460265472086,0.2228172513789396,0.20626291279297101
CTGCTACTCCCGAAGC-3,3.0,1.0,0.0,0.0,0.0,0.0,0.0
TAAAGCCTCAATCTCT-3,38.0,0.19027885726034566,,,0.23574107619489226,0.2789089395946002,0.2950711269501618
GAAACTGAGCGGATAA-2,12.0,0.0,0.0,0.0,0.0,1.0,0.0
CAAGTTATCTTGGACG-1,7.0,0.0,0.0,0.0,1.0,0.0,0.0
GGTGAGGTCTCACTCA-2,3.0,0.0,0.0,0.0,0.0,0.0,1.0
GGTACTAGTAGGTGTC-1,13.0,1.0,0.0,0.0,0.0,0.0,0.0
GTAGTTTCACCAGCAT-1,18.0,1.0,0.0,0.0,0.0,0.0,0.0
CGGAATCGTTATAGCG-2,20.0,0.255116509861887,0.0,0.0,0.11378520411624034,0.3739473542312623,0.25715093179061016
CTTGCGCGTTAATGCG-2,9.0,1.0,0.0,0.0,0.0,0.0,0.0
TCCGGTAAGGAGGACT-1,4.0,0.0,0.0,0.0,1.0,0.0,0.0
TTCCACGGTTTACTTG-1,32.0,0.0,0.0,0.0,1.0,0.0,0.0
TGGTGATTCTAGCGTG-3,36.0,1.0,0.0,0.0,0.0,0.0,0.0
AACGCCCAGGACAATG-1,2.0,0.0,0.0,0.0,1.0,0.0,0.0
AAGACCAAGCCTCTGT-2,4.0,0.0,0.0,0.0,1.0,0.0,0.0
AACAGCAAGCTGGAAA-3,3.0,0.2510908928836586,,,0.23769248350866462,0.29944475183729763,0.2117718717703792
TGACTTCGTTGGCGTG-1,33.0,0.0,0.0,0.0,0.0,0.0,1.0
GGCCTCTGTGGGAACA-2,9.0,0.0,0.0,0.0,0.0,0.0,1.0
AGCGGATAGTTATCCT-2,3.0,0.2510908928836586,,,0.23769248350866462,0.29944475183729763,0.2117718717703792
CTTGAATCAATAATCC-2,10.0,1.0,0.0,0.0,0.0,0.0,0.0
AGCGATTTCCAACTGG-3,15.0,0.25404889456095253,,,0.3994002521455771,0.19749238598555172,0.14905846730791872
CGTGCTTTCCTGAATA-2,17.0,0.0,0.0,0.0,1.0,0.0,0.0
GGTATTTCATTGTTGG-1,37.0,0.0,0.0,0.0,1.0,0.0,0.0
CCGTTAACACGTAATT-2,10.0,0.0,0.0,0.0,0.0,0.0,1.0
TCCTTAGTCCCTCGCA-2,8.0,0.22347106138460127,,,0.25914442347718897,0.16517053432406306,0.3522139808141467
GCCAGGTTCTTGAGCG-1,3.0,0.0,0.0,0.0,1.0,0.0,0.0
GGGTCACTCTTCAATC-3,38.0,0.19027885726034566,,,0.23574107619489226,0.2789089395946002,0.2950711269501618
CGAGGCAAGGTGTTAC-2,23.0,1.0,0.0,0.0,0.0,0.0,0.0
ATGCCTGAGCACAGGG-3,22.0,1.0,0.0,0.0,0.0,0.0,0.0
AGAACAAGTTATTGCC-2,29.0,0.0,0.0,0.0,0.0,0.0,1.0
GTACCGGGTGTGCACG-2,15.0,0.25404889456095253,0.0,0.0,0.3994002521455771,0.19749238598555172,0.14905846730791872
GTGCGCAGTTGTGACA-1,33.0,0.0,0.0,0.0,1.0,0.0,0.0
AATCTCAAGGGACCTC-1,11.0,0.0,0.0,0.0,1.0,0.0,0.0
GCTTAACAGAAGCTAG-3,10.0,1.0,0.0,0.0,0.0,0.0,0.0
TCCTTCAAGGCAAGTA-3,5.0,1.0,0.0,0.0,0.0,0.0,0.0
CGATTGAGTGTTTGCT-3,17.0,0.28041555117654665,,,0.21377517180417943,0.21373583317818393,0.29207344384108996
AGGTGAATCGCTAGAT-1,5.0,0.0,0.0,0.0,1.0,0.0,0.0
AAGGATGTCGCTTCTA-3,6.0,0.28619740144106137,,,0.20095345838278786,0.28595501190791156,0.2268941282682392
TCTACCTCACTAAGAA-1,15.0,0.0,0.0,0.0,1.0,0.0,0.0
CTAACCCTCTTTGAGA-2,7.0,1.0,0.0,0.0,0.0,0.0,0.0
AGGCAATCAGCACCAT-3,15.0,1.0,0.0,0.0,0.0,0.0,0.0
TACCGTTGTTCCTGAT-3,6.0,0.28619740144106137,,,0.20095345838278786,0.28595501190791156,0.2268941282682392
GGGTTATTCAATACGC-3,19.0,0.28880190709864184,0.0,0.0,0.19477936981053914,0.2980900086334725,0.21832871445734645
TTAAGCCAGAAACTGG-2,31.0,0.24483511612846504,0.0,0.0,0.34550975661796685,0.2764681959007302,0.13318693135283804
AAACGTACATAGCGGA-3,24.0,0.21845905187174444,,,0.2480843926368116,0.19755649681913243,0.33590005867231154
CATTCCTCAGCCGCTA-3,2.0,1.0,0.0,0.0,0.0,0.0,0.0
TTAGCTGCATGAGTTT-2,21.0,0.0,0.0,0.0,1.0,0.0,0.0
GAGGTTAAGTTGCCTC-2,19.0,1.0,0.0,0.0,0.0,0.0,0.0
GGTACTTAGCTTTGGG-3,2.0,0.0,0.0,0.0,0.0,1.0,0.0
GTTAGACTCACAGCCA-3,6.0,0.28619740144106137,0.0,0.0,0.20095345838278786,0.28595501190791156,0.2268941282682392
CAGCTATAGGAGTCGG-1,16.0,0.0,0.0,0.0,1.0,0.0,0.0
GCACGAACAGTCTAAT-2,32.0,0.0,0.0,0.0,1.0,0.0,0.0
GCTATCCTCACGCATG-3,25.0,0.25294349983189635,,,0.22563202807869934,0.20762681900387653,0.31379765308552765
TAGTGAGAGTCTCACC-3,1.0,0.2431277739439729,,,0.27520525106868904,0.22514867316661977,0.2565183018207184
CGATTCCTCAACAAGG-3,4.0,0.2789549502429366,,,0.1885732419812842,0.21961014244052887,0.31286166533525034
GCCACAATCATTGACA-2,2.0,0.0,0.0,0.0,1.0,0.0,0.0
GCTAGCCAGATAGACG-3,15.0,0.25404889456095253,,,0.3994002521455771,0.19749238598555172,0.14905846730791872
CCCGTAAAGGGCCATC-3,25.0,0.25294349983189635,,,0.22563202807869934,0.20762681900387653,0.31379765308552765
CGCTCAGCAAACCCTA-1,22.0,0.0,0.0,0.0,1.0,0.0,0.0
GAGTTACTCACTCGCT-2,12.0,0.0,0.0,0.0,1.0,0.0,0.0
GACCTGATCGGTAACT-2,3.0,1.0,0.0,0.0,0.0,0.0,0.0
CTTAAGATCGCACAAT-1,19.0,0.0,0.0,0.0,0.0,0.0,1.0
TATTTGCTCAGCTAAC-3,4.0,1.0,0.0,0.0,0.0,0.0,0.0
GTTTATCTCTGGCATG-2,29.0,1.0,0.0,0.0,0.0,0.0,0.0
TTGACATCATAGACCC-2,3.0,1.0,0.0,0.0,0.0,0.0,0.0
GGTTGCGGTCACAAAT-1,2.0,0.0,0.0,0.0,1.0,0.0,0.0
GTAGTTTCATGCTCCC-2,15.0,0.0,0.0,0.0,1.0,0.0,0.0
CGGTGAACAGCAAATA-2,33.0,0.0,0.0,0.0,1.0,0.0,0.0
TTGGAGGCAGGCTAGA-2,22.0,0.22299113408910365,0.0,0.0,0.2286831626631811,0.3006206801642622,0.24770502308345307
AATAGAGGTTGCAATG-3,28.0,1.0,0.0,0.0,0.0,0.0,0.0
GGATAACCAGGCGATA-1,9.0,1.0,0.0,0.0,0.0,0.0,0.0
GAGGGAGCATAAGTCT-2,12.0,0.22393288850727908,0.0,0.0,0.21148179656914845,0.3491266157595441,0.21545869916402838
CCATCACTCCGGCTAA-2,33.0,0.0,0.0,0.0,0.4788325530431318,0.0,0.5211674469568682
GCTAAGCGTGATTTGG-2,20.0,0.0,0.0,0.0,1.0,0.0,0.0
TTAAGGACATCCGTAA-2,25.0,0.0,0.0,0.0,0.0,1.0,0.0
TGCATCCTCACAAGCT-1,15.0,0.0,0.0,0.0,1.0,0.0,0.0
AGGTATTGTACTGAAT-2,24.0,0.0,0.0,0.0,0.0,0.0,1.0
AATTAGCGTGCATTTC-1,1.0,0.0,0.0,0.0,1.0,0.0,0.0
CAATGTCAGCTATTAG-3,33.0,0.0,0.0,0.0,0.0,1.0,0.0
ATTAGCGGTTAGGTTG-1,27.0,0.0,0.0,0.0,1.0,0.0,0.0
TACCTCATCCTTGCGT-1,24.0,0.0,0.0,0.0,1.0,0.0,0.0
CGGCTAATCAAACACC-3,6.0,0.28619740144106137,,,0.20095345838278786,0.28595501190791156,0.2268941282682392
TATTAGCCAAACTGTT-2,30.0,0.0,0.0,0.0,1.0,0.0,0.0
TATAGGTGTCAAAGAA-2,15.0,0.0,0.0,0.0,1.0,0.0,0.0
ATTGCTCGTCAACAAT-2,18.0,0.23638071763888321,,,0.28964209218552694,0.2590708442645409,0.21490634591104896
TCGCATTGTCACAGAC-1,9.0,1.0,0.0,0.0,0.0,0.0,0.0
GGGCATGAGCCGCAGT-3,35.0,0.2910484630575379,0.0,0.0,0.0,0.26889740141049095,0.4400541355319712
ACCGGTTCATAATGTC-1,33.0,1.0,0.0,0.0,0.0,0.0,0.0
GACTTGGTCCGTGACA-2,36.0,0.0,0.0,0.0,0.0,0.0,1.0
AACCGGCTCCCGTTAC-3,21.0,0.36496857686394185,,,0.2425919314203312,0.14718681699163197,0.24525267472409484
AGCTGCTCAAGGTCCT-1,32.0,0.0,0.0,0.0,1.0,0.0,0.0
CAAACACTCCTCCCTC-3,38.0,1.0,0.0,0.0,0.0,0.0,0.0
CGAACCGGTCATCCTG-3,15.0,0.25404889456095253,,,0.3994002521455771,0.19749238598555172,0.14905846730791872
TGAGGTGCAGTGAACG-1,32.0,0.0,0.0,0.0,1.0,0.0,0.0
TTTACGAAGTTATCCT-2,33.0,0.0,0.0,0.0,0.0,0.0,1.0
AGTTGTCAGCTGGCTA-3,5.0,1.0,0.0,0.0,0.0,0.0,0.0
AATATCCCACTTAGGC-3,34.0,0.23141187017972628,0.0,0.0,0.21203187960198364,0.23517958103089368,0.32137666918739655
TAAGTAGCATCCTGAA-2,38.0,0.0,0.0,0.0,1.0,0.0,0.0
TGCATGAGTTTGGGCG-2,2.0,0.0,0.0,0.0,1.0,0.0,0.0
CCAAACTAGCTTCCCG-3,32.0,0.23501474983514806,,,0.36169219852304807,0.23220664506324848,0.1710864065785554
GCCCATAAGCGGGCAA-2,19.0,0.28880190709864184,0.0,0.0,0.19477936981053914,0.2980900086334725,0.21832871445734645
GTGCTCCGTGCTCCAC-1,8.0,0.0,0.0,0.0,1.0,0.0,0.0
CAAAGCGCAGGAAGCC-2,22.0,0.22299113408910365,,,0.2286831626631811,0.3006206801642622,0.24770502308345307
AATTAGGCAGGTTAAA-3,4.0,1.0,0.0,0.0,0.0,0.0,0.0
CGAGGCAAGCAAGGGT-1,24.0,1.0,0.0,0.0,0.0,0.0,0.0
TCTAATCTCCTAAGTA-3,9.0,0.25657805136510725,,,0.19608879238864382,0.26842478255731234,0.2789083736889367
CGCTAACCAGGCTGTT-3,31.0,0.0,0.0,0.0,0.0,1.0,0.0
AACAGGATCTAATCTC-3,26.0,0.3005755128437196,,,0.19364293997678975,0.3106467509625101,0.19513479621698074
TACAGCTAGCTCCCTG-3,35.0,0.2399263636153897,,,0.17564806529159285,0.22166609309080135,0.362759478002216
GGCTATGTCATAAGCC-3,23.0,0.2890753295347951,,,0.21326803108883835,0.2250748294409998,0.2725818099353668
GTTCTTGTCACCTGTC-3,31.0,0.37408520387301186,0.0,0.0,0.0,0.42241759704789456,0.2034971990790936
AGTAACGAGCGGCTGT-1,3.0,0.0,0.0,0.0,1.0,0.0,0.0
CCGATGCAGGGTCTAT-2,34.0,0.0,0.0,0.0,0.0,0.0,1.0
GTCCTCAGTCCCGAAG-3,21.0,1.0,0.0,0.0,0.0,0.0,0.0
GCTTATCGTGTTAGCA-3,6.0,1.0,0.0,0.0,0.0,0.0,0.0
TATGGATGTGAACAAA-1,14.0,0.0,0.0,0.0,0.0,0.0,1.0
TGATGACTCGAGGTGG-2,7.0,1.0,0.0,0.0,0.0,0.0,0.0
GATGCGACAAACTGTT-2,32.0,0.23501474983514806,0.0,0.0,0.36169219852304807,0.23220664506324848,0.1710864065785554
TAATTGCCAAGGTAAC-1,19.0,1.0,0.0,0.0,0.0,0.0,0.0
CATAGACTCACATTGA-1,37.0,0.0,0.0,0.0,1.0,0.0,0.0
GCCTGAGGTCACACCC-3,12.0,0.0,0.0,0.0,0.0,1.0,0.0
GGAGCATAGCATGTTA-3,32.0,0.23501474983514806,0.0,0.0,0.36169219852304807,0.23220664506324848,0.1710864065785554
GGTGAGCCATGATTGT-1,33.0,0.0,0.0,0.0,0.0,0.0,1.0
GAGATAAGTAGTTAAC-3,24.0,0.21845905187174444,0.0,0.0,0.2480843926368116,0.19755649681913243,0.33590005867231154
ATTGGCTAGCTTAGCG-1,15.0,0.0,0.0,0.0,1.0,0.0,0.0
CAAACCGTCCAAATCA-2,10.0,0.26490417044114983,0.0,0.0,0.1425309127782741,0.3402195170606928,0.2523453997198832
AGTGCACGTGCATCGG-1,9.0,0.0,0.0,0.0,0.0,0.0,1.0
TTTAGGATCCATTACT-3,9.0,0.0,0.0,0.0,0.0,1.0,0.0
GCTAGCGGTTAGACCA-1,2.0,0.0,0.0,0.0,1.0,0.0,0.0
CGATCCTTCTACCTGC-2,14.0,1.0,0.0,0.0,0.0,0.0,0.0
ACGAACAAGTTAGACC-2,11.0,1.0,0.0,0.0,0.0,0.0,0.0
GATTATGTCTTGTTCG-3,9.0,0.0,0.0,0.0,0.0,1.0,0.0
GATCGATTCTTGTCCA-1,24.0,0.0,0.0,0.0,1.0,0.0,0.0
ATTGCACAGACAGGTA-2,36.0,0.2461747580345537,,,0.1850283944180879,0.27103139859455855,0.2977654489527998
GTTTAACCAGAAATTG-2,15.0,0.0,0.0,0.0,1.0,0.0,0.0
GTCGAAGCAAAGCTAA-1,4.0,0.0,0.0,0.0,1.0,0.0,0.0
GCTAGCTCAAGATTCT-3,26.0,0.0,0.0,0.0,0.0,1.0,0.0
ATAGATGCAATAACCT-2,21.0,1.0,0.0,0.0,0.0,0.0,0.0
TAGCCTTGTGGACCTG-1,15.0,0.0,0.0,0.0,1.0,0.0,0.0
AGTGTTTCAGGACCAA-3,32.0,0.23501474983514806,,,0.36169219852304807,0.23220664506324848,0.1710864065785554
AACAAAGGTTCGCTTG-1,24.0,0.0,0.0,0.0,1.0,0.0,0.0
CAAGCTAGTGAATCGC-3,21.0,0.0,0.0,0.0,0.0,0.0,1.0
ATCAGGTTCATGAAGG-3,21.0,0.36496857686394185,,,0.2425919314203312,0.14718681699163197,0.24525267472409484
TCTAGCACATGCTATG-3,34.0,0.23141187017972628,,,0.21203187960198364,0.23517958103089368,0.32137666918739655
CCTGATGAGTCAGTAC-3,35.0,0.2399263636153897,0.0,0.0,0.17564806529159285,0.22166609309080135,0.362759478002216
GTACAATGTGGTTAGC-1,25.0,0.0,0.0,0.0,1.0,0.0,0.0
TATATCCTCTGTGCCT-3,18.0,0.23638071763888321,,,0.28964209218552694,0.2590708442645409,0.21490634591104896
CTGGTTTGTAAGCTTG-2,25.0,0.25294349983189635,0.0,0.0,0.22563202807869934,0.20762681900387653,0.31379765308552765
CGGCTCACAATTGAAG-3,5.0,0.25007613426230707,,,0.2764713286099489,0.24316603374735998,0.23028650338038426
CGTTGCGCAACTAGCC-2,27.0,0.0,0.0,0.0,1.0,0.0,0.0
GTTCTTAGTTGGCGTG-1,31.0,0.0,0.0,0.0,1.0,0.0,0.0
CTTACCGGTTTGAGGC-1,29.0,1.0,0.0,0.0,0.0,0.0,0.0
TGCTTCCAGTCGCTAG-2,2.0,0.21079074246169519,0.0,0.0,0.3110256879333526,0.2245883274521365,0.25359524215281576
GATCCGTCATAATCCG-3,15.0,0.25404889456095253,,,0.3994002521455771,0.19749238598555172,0.14905846730791872
CAATCTAAGAACAAGT-1,25.0,0.0,0.0,0.0,1.0,0.0,0.0
GGACAGCCAACCCTAA-2,1.0,0.2431277739439729,,,0.27520525106868904,0.22514867316661977,0.2565183018207184
GAGCTAGCAGGTTAAA-1,3.0,0.0,0.0,0.0,1.0,0.0,0.0
TACTGACAGGAGCATA-2,7.0,1.0,0.0,0.0,0.0,0.0,0.0
CTAGCTGAGTGAGCAA-2,26.0,0.0,0.0,0.0,1.0,0.0,0.0
CGTGCACAGGGTTATC-1,3.0,1.0,0.0,0.0,0.0,0.0,0.0
AATTTGCCAAGCTAAA-2,22.0,0.22299113408910365,,,0.2286831626631811,0.3006206801642622,0.24770502308345307
CCACAGGGTCTAACCT-1,7.0,0.0,0.0,0.0,0.0,0.0,1.0
AAAGGTTAGACTTACA-1,6.0,0.0,0.0,0.0,1.0,0.0,0.0
TGACTTAAGCCTTAAA-3,36.0,0.2461747580345537,,,0.1850283944180879,0.27103139859455855,0.2977654489527998
TGTTACTTCAATCTAG-1,15.0,0.0,0.0,0.0,1.0,0.0,0.0
GCAATCTAGCAAGGGT-2,7.0,0.0,0.0,0.0,0.0,0.0,1.0
GCTTTATTCGAGCTAT-3,32.0,0.23501474983514806,,,0.36169219852304807,0.23220664506324848,0.1710864065785554
CCAACCCGTGGAGCAA-2,3.0,0.0,0.0,0.0,0.5288350026357407,0.0,0.4711649973642594
AGTAGCTTCGCATTAA-1,8.0,0.0,0.0,0.0,1.0,0.0,0.0
CCTATTGTCTCACTAT-2,15.0,0.0,0.0,0.0,1.0,0.0,0.0
TCTCCTCGTTAGCTGA-2,11.0,0.0,0.0,0.0,0.0,1.0,0.0
GCTGGTTCATTAGCGC-3,12.0,0.22393288850727908,,,0.21148179656914845,0.3491266157595441,0.21545869916402838
CGTGCTGCATCAGCAC-3,35.0,0.0,0.0,0.0,0.0,1.0,0.0
TCAGGTCCAAACTAAG-3,6.0,0.28619740144106137,,,0.20095345838278786,0.28595501190791156,0.2268941282682392
TGATGATGTCATGCAA-3,23.0,0.2890753295347951,,,0.21326803108883835,0.2250748294409998,0.2725818099353668
CAAGTATGTTACGCGG-2,6.0,1.0,0.0,0.0,0.0,0.0,0.0
GGTATGTTCATTACTC-3,4.0,0.0,0.0,0.0,0.0,1.0,0.0
ACCAGCTCATAGTCAT-2,35.0,0.2910484630575379,0.0,0.0,0.0,0.26889740141049095,0.4400541355319712
TGGCCATCACTTCACT-2,6.0,0.0,0.0,0.0,0.0,1.0,0.0
GCAGCTATCGCTCCAT-3,12.0,0.0,0.0,0.0,0.0,1.0,0.0
TCTCAATTCTAAGGTC-1,3.0,0.0,0.0,0.0,0.0,0.0,1.0
TATGCATCAAGGTGGC-3,26.0,0.3005755128437196,,,0.19364293997678975,0.3106467509625101,0.19513479621698074
GGTTGCGGTGATTACG-3,33.0,0.0,0.0,0.0,0.0,1.0,0.0
ATCCTGACAGCCAGAA-3,35.0,0.2399263636153897,,,0.17564806529159285,0.22166609309080135,0.362759478002216
CACTGACCAGCAAGGC-2,27.0,0.0,0.0,0.0,0.0,0.0,1.0
TCCGCCATCCGCACAA-2,32.0,0.0,0.0,0.0,0.0,0.0,1.0
TTACGTTTCCGCTAGA-2,16.0,0.0,0.0,0.0,1.0,0.0,0.0
TTGATGTCAAGGGTTG-3,35.0,1.0,0.0,0.0,0.0,0.0,0.0
ATCCCGCGTCAATGTG-2,32.0,0.0,0.0,0.0,0.0,0.0,1.0
AAAGCGGGTTTACCGT-3,15.0,1.0,0.0,0.0,0.0,0.0,0.0
CGATGTCCAGGCTAAG-3,28.0,0.0,0.0,0.0,0.0,0.0,1.0
TAAAGCCTCCGCAAAT-2,11.0,0.0,0.0,0.0,1.0,0.0,0.0
CGTAGCGGTTGGATCA-3,1.0,0.2431277739439729,,,0.27520525106868904,0.22514867316661977,0.2565183018207184
CTAGGACGTTAATGAC-3,3.0,0.0,0.0,0.0,0.0,0.0,1.0
GCTTTGTGTTCGCTTG-2,22.0,0.0,0.0,0.0,0.0,0.0,1.0
TCCACAACACCTGCTC-1,29.0,0.0,0.0,0.0,1.0,0.0,0.0
AAGACCAAGGACAATG-1,4.0,1.0,0.0,0.0,0.0,0.0,0.0
ACACTTGCAAGTGAAC-3,20.0,1.0,0.0,0.0,0.0,0.0,0.0
CCGGTAGGTTAACGGC-2,21.0,0.36496857686394185,,,0.2425919314203312,0.14718681699163197,0.24525267472409484
CTGGTTACAGTAAAGC-3,27.0,0.2659503422898086,,,0.3090767064839525,0.2252336567198111,0.1997392945064278
CCTTCGTAGCATCCAG-1,23.0,0.0,0.0,0.0,1.0,0.0,0.0
TGTATCGCATGCTATG-3,13.0,0.2379245460670892,,,0.33034621848395457,0.2084468038321267,0.22328243161682945
GGCATGGAGGCTAATC-3,35.0,0.2399263636153897,0.0,0.0,0.17564806529159285,0.22166609309080135,0.362759478002216
ACCAATATCCAAGTTA-2,20.0,0.255116509861887,,,0.11378520411624034,0.3739473542312623,0.25715093179061016
GTCCTCCCAAACTCAT-1,3.0,0.0,0.0,0.0,1.0,0.0,0.0
TGATTAGTCTGCAACG-3,6.0,0.0,0.0,0.0,0.0,1.0,0.0
ACATAGCTCTTGAGGT-1,9.0,0.0,0.0,0.0,1.0,0.0,0.0
GTTAAGTGTTCAAGAT-3,30.0,0.2305508875130836,0.0,0.0,0.30015485066475694,0.2562706347632869,0.21302362705887254
TGAGCTTAGCATTAGC-1,11.0,0.0,0.0,0.0,1.0,0.0,0.0
CGATCCTTCGCACACA-2,26.0,0.0,0.0,0.0,0.0,1.0,0.0
TTTAAGGTCCATCAGG-3,2.0,0.21079074246169519,,,0.3110256879333526,0.2245883274521365,0.25359524215281576
GTATTGCAGACACCGC-2,19.0,0.28880190709864184,0.0,0.0,0.19477936981053914,0.2980900086334725,0.21832871445734645
TCTCAATTCTGTGAGT-1,17.0,0.0,0.0,0.0,1.0,0.0,0.0
CTTGACGAGAGGAAGG-3,13.0,0.0,0.0,0.0,0.0,1.0,0.0
TTGCCCGTCGTACCGA-3,34.0,0.0,0.0,0.0,0.0,1.0,0.0
AGTGGACAGTGAACAG-3,5.0,0.25007613426230707,,,0.2764713286099489,0.24316603374735998,0.23028650338038426
ACTTACTTCAAACCGT-2,4.0,1.0,0.0,0.0,0.0,0.0,0.0
CCACAATAGTAAACCC-2,26.0,0.0,0.0,0.0,0.4980813507290867,0.0,0.5019186492709132
CTCTATGTCTCACAAA-2,4.0,0.0,0.0,0.0,0.0,1.0,0.0
ATTGGTTCATGACTAT-2,3.0,1.0,0.0,0.0,0.0,0.0,0.0
AGCAACAAGTTCCCGT-3,13.0,0.2379245460670892,0.0,0.0,0.33034621848395457,0.2084468038321267,0.22328243161682945
GGCTGGTTCGTTATCT-1,15.0,0.0,0.0,0.0,0.0,0.0,1.0
TACGGATTCGCTCCAT-3,13.0,0.2379245460670892,,,0.33034621848395457,0.2084468038321267,0.22328243161682945
GTGCCTTTCCTCCATA-2,15.0,0.0,0.0,0.0,1.0,0.0,0.0
ACTCGCGCAGCATTAT-3,12.0,0.0,0.0,0.0,0.0,1.0,0.0
GTAGGATCATTGCAGC-2,18.0,0.23638071763888321,0.0,0.0,0.28964209218552694,0.2590708442645409,0.21490634591104896
CGGTTTCTCTAACTGA-3,21.0,1.0,0.0,0.0,0.0,0.0,0.0
AGTCCTTGTAGCTGCG-3,24.0,0.21845905187174444,0.0,0.0,0.2480843926368116,0.19755649681913243,0.33590005867231154
TACAGCTAGTATCGCG-2,36.0,0.0,0.0,0.0,1.0,0.0,0.0
GGTTCTTGTGCTAGAC-3,13.0,0.2379245460670892,0.0,0.0,0.33034621848395457,0.2084468038321267,0.22328243161682945
TGGAACAAGGTTACGT-3,10.0,0.26490417044114983,,,0.1425309127782741,0.3402195170606928,0.2523453997198832
TAGTAACGTAGGATTT-3,12.0,0.22393288850727908,,,0.21148179656914845,0.3491266157595441,0.21545869916402838
GAGAAACGTCATTAGG-2,27.0,0.2659503422898086,,,0.3090767064839525,0.2252336567198111,0.1997392945064278
CGGTTATAGGGACTAA-3,15.0,0.0,0.0,0.0,0.0,1.0,0.0
ATCAGGTTCTAATCAG-3,27.0,0.0,0.0,0.0,0.0,1.0,0.0
GTTACCTGTTCCAGGG-1,11.0,0.0,0.0,0.0,1.0,0.0,0.0
TCCATCATCGTAATCA-2,2.0,0.21079074246169519,,,0.3110256879333526,0.2245883274521365,0.25359524215281576
GCCTTAGAGTAGCGCC-3,6.0,0.28619740144106137,,,0.20095345838278786,0.28595501190791156,0.2268941282682392
ATACCTGCACCTAATG-1,7.0,0.0,0.0,0.0,1.0,0.0,0.0
TTGGCTTGTCACAGCG-1,15.0,0.0,0.0,0.0,1.0,0.0,0.0
TCAAGAACAACTAACT-3,1.0,0.2431277739439729,,,0.27520525106868904,0.22514867316661977,0.2565183018207184
TACTCAAAGGCACAGG-1,29.0,0.0,0.0,0.0,1.0,0.0,0.0
GAGTCAAAGCTCGCTT-1,16.0,0.0,0.0,0.0,1.0,0.0,0.0
AATAGAGGTAATCGCA-2,19.0,0.0,0.0,0.0,0.0,0.0,1.0
GGACCTCAGGAACGGT-1,27.0,0.0,0.0,0.0,0.0,0.0,1.0
GTACTGGTCCTGAATA-2,6.0,0.28619740144106137,,,0.20095345838278786,0.28595501190791156,0.2268941282682392
TTATTGCTCCTTGCAC-3,4.0,0.2789549502429366,,,0.1885732419812842,0.21961014244052887,0.31286166533525034
GGATATTGTTAGCCAA-2,4.0,0.2789549502429366,0.0,0.0,0.1885732419812842,0.21961014244052887,0.31286166533525034
CGCACCACACATTAAC-2,15.0,0.0,0.0,0.0,1.0,0.0,0.0
TGGTCCTTCACCAATA-3,12.0,1.0,0.0,0.0,0.0,0.0,0.0
TGTGAAACAACAGGTG-3,15.0,0.25404889456095253,,,0.3994002521455771,0.19749238598555172,0.14905846730791872
GGATTATGTGCGCATG-3,15.0,1.0,0.0,0.0,0.0,0.0,0.0
ATGTTGTCAAGTCGCT-2,37.0,0.15830411656991292,,,0.21353305020503288,0.2890839998065646,0.33907883341848966
GCAATAGAGTCAGGCC-1,15.0,1.0,0.0,0.0,0.0,0.0,0.0
CGGAGCAAGTAACGGA-3,9.0,1.0,0.0,0.0,0.0,0.0,0.0
GGCATTAGTTAGAGGG-3,33.0,1.0,0.0,0.0,0.0,0.0,0.0
TACCGTTGTTGCTTCG-2,16.0,0.0,0.0,0.0,0.0,0.0,1.0
GCAGGCAAGGACACTT-1,33.0,0.0,0.0,0.0,1.0,0.0,0.0
GGCGGTAAGTCAATTG-3,10.0,0.26490417044114983,,,0.1425309127782741,0.3402195170606928,0.2523453997198832
GCCTTTATCATGAAGG-3,19.0,1.0,0.0,0.0,0.0,0.0,0.0
CTACTTAGTTGGCGTG-3,20.0,0.255116509861887,,,0.11378520411624034,0.3739473542312623,0.25715093179061016
CCTTTAGTCGCATCCT-3,8.0,0.22347106138460127,,,0.25914442347718897,0.16517053432406306,0.3522139808141467
TTGCGTCTCCTCAGCT-1,5.0,1.0,0.0,0.0,0.0,0.0,0.0
CCTTGTTCAACAGCCT-2,31.0,0.0,0.0,0.0,0.0,1.0,0.0
GGGTTTGTCCTAATTC-3,35.0,0.2399263636153897,,,0.17564806529159285,0.22166609309080135,0.362759478002216
TGCGGTTCAGGTTATT-2,25.0,0.0,0.0,0.0,1.0,0.0,0.0
CTGACCAAGGGCTTAT-3,22.0,1.0,0.0,0.0,0.0,0.0,0.0
TTCATTCAGCCACATG-3,3.0,0.2510908928836586,,,0.23769248350866462,0.29944475183729763,0.2117718717703792
ACCCGTAAGCTATTGA-1,19.0,0.0,0.0,0.0,1.0,0.0,0.0
GTCGAAGCATTGTTGG-2,33.0,0.0,0.0,0.0,1.0,0.0,0.0
ATAGCATGTTAACAGT-3,7.0,0.23707317196827163,,,0.3805360488007793,0.2041805565917011,0.17821022263924788
ACGCTTGAGTCAGGCC-3,15.0,0.25404889456095253,0.0,0.0,0.3994002521455771,0.19749238598555172,0.14905846730791872
ATTTGTGAGTTATCCT-2,32.0,0.23501474983514806,,,0.36169219852304807,0.23220664506324848,0.1710864065785554
TTGGATCAGACTCGCA-2,31.0,0.0,0.0,0.0,1.0,0.0,0.0
CAGGCTGGTCAACAAT-1,11.0,0.0,0.0,0.0,1.0,0.0,0.0
TTCCCGCCAAGGTCGA-3,15.0,0.4229920100175108,0.0,0.0,0.0,0.32882528953945067,0.24818270044303847
CAGGTTAGTGATGGCT-1,32.0,0.0,0.0,0.0,1.0,0.0,0.0
CAGGATGCAAGATTCT-3,10.0,0.0,0.0,0.0,0.0,1.0,0.0
CATAATCCACGAATTT-1,17.0,0.0,0.0,0.0,1.0,0.0,0.0
TCAACAATCAAGTGAG-3,10.0,0.26490417044114983,,,0.1425309127782741,0.3402195170606928,0.2523453997198832
TGTTAGCAGCTAAAGG-1,3.0,0.0,0.0,0.0,1.0,0.0,0.0
GAGAACCAGCCGCAAC-3,5.0,0.0,0.0,0.0,0.0,1.0,0.0
GTCCAGGGTGAGGTGA-2,11.0,0.0,0.0,0.0,0.0,0.0,1.0
TTCACTGTCGGTCAGC-1,12.0,0.0,0.0,0.0,1.0,0.0,0.0
TAGGTTATCTTCAATC-3,35.0,0.2399263636153897,,,0.17564806529159285,0.22166609309080135,0.362759478002216
ACCTGGATCATTATGG-2,15.0,0.0,0.0,0.0,1.0,0.0,0.0
ATCTATGAGCTCCTTA-2,15.0,0.25404889456095253,0.0,0.0,0.3994002521455771,0.19749238598555172,0.14905846730791872
AGAAACCCAGGCATCT-2,10.0,0.26490417044114983,0.0,0.0,0.1425309127782741,0.3402195170606928,0.2523453997198832
AAGAACAGTATACTGG-2,19.0,0.0,0.0,0.0,0.0,0.0,1.0
ACTTCGCTCGCTAAGT-3,24.0,0.21845905187174444,,,0.2480843926368116,0.19755649681913243,0.33590005867231154
GCGAGTGAGTAGCGGG-2,4.0,1.0,0.0,0.0,0.0,0.0,0.0
AAGTTACGTGAATCGC-1,29.0,0.0,0.0,0.0,1.0,0.0,0.0
GCCTCGACATGTTTGG-1,9.0,0.0,0.0,0.0,1.0,0.0,0.0
GCCGTGAGTGAGGTGA-1,15.0,1.0,0.0,0.0,0.0,0.0,0.0
CGGTTATAGTAAGTCC-2,14.0,0.0,0.0,0.0,1.0,0.0,0.0
CTCAATAAGCGCATTG-3,15.0,0.25404889456095253,0.0,0.0,0.3994002521455771,0.19749238598555172,0.14905846730791872
GGCCTCTGTTGCATCT-3,6.0,0.28619740144106137,,,0.20095345838278786,0.28595501190791156,0.2268941282682392
GCGTAACGTTTGAGCA-3,33.0,1.0,0.0,0.0,0.0,0.0,0.0
GATGCATTCAATAGCC-2,3.0,0.2510908928836586,0.0,0.0,0.23769248350866462,0.29944475183729763,0.2117718717703792
GCAACAGCAGGTTACC-3,19.0,0.28880190709864184,,,0.19477936981053914,0.2980900086334725,0.21832871445734645
GAGGTAGGTTGGCGTG-3,19.0,1.0,0.0,0.0,0.0,0.0,0.0
GAGGTAGGTTAGACCA-3,16.0,0.19281102196304184,,,0.24608965471250854,0.23107341591095565,0.33002590741349397
CAGGGTGAGACACCGC-1,22.0,0.0,0.0,0.0,1.0,0.0,0.0
ATATGCTCATCATGTG-2,17.0,0.0,0.0,0.0,1.0,0.0,0.0
GTCGAGGAGACTCGCA-1,34.0,0.0,0.0,0.0,1.0,0.0,0.0
ACTTTGTTCGTTTCCA-3,19.0,0.0,0.0,0.0,0.0,1.0,0.0
AGCGCTCAGCTATTGA-1,30.0,0.0,0.0,0.0,1.0,0.0,0.0
AGGCTAAAGCTGCACA-2,8.0,1.0,0.0,0.0,0.0,0.0,0.0
AGCTAGTTCAGCACGC-1,19.0,0.0,0.0,0.0,1.0,0.0,0.0
GCACTTACAGCTTAAT-1,5.0,0.0,0.0,0.0,1.0,0.0,0.0
CACGCTAAGTCACCAG-2,12.0,0.0,0.0,0.0,1.0,0.0,0.0
TTAGGCTAGTTTGCGG-3,9.0,0.0,0.0,0.0,0.0,1.0,0.0
CAATCCCTCAGGATGA-1,14.0,0.0,0.0,0.0,1.0,0.0,0.0
ACAAAGGTCTATCGCC-1,5.0,0.0,0.0,0.0,1.0,0.0,0.0
CGCCTGTGTCCTTAGT-3,15.0,0.25404889456095253,0.0,0.0,0.3994002521455771,0.19749238598555172,0.14905846730791872
ACGTCCTTCCTTGCGT-2,3.0,0.0,0.0,0.0,1.0,0.0,0.0
ACTTTGTTCCAAACAC-2,1.0,0.2431277739439729,,,0.27520525106868904,0.22514867316661977,0.2565183018207184
GCCACACAGCAAACCT-2,26.0,1.0,0.0,0.0,0.0,0.0,0.0
AGCTCATAGAGAAGGG-2,4.0,0.0,0.0,0.0,0.37606724069221203,0.0,0.623932759307788
ATCAATCCAGCACCAT-2,4.0,0.0,0.0,0.0,0.0,0.0,1.0
AGCCGCTAGCGCAATT-3,24.0,0.21845905187174444,,,0.2480843926368116,0.19755649681913243,0.33590005867231154
GCTGACATCACTTTAC-3,31.0,1.0,0.0,0.0,0.0,0.0,0.0
TGCTAGCCAAAGGCCA-3,28.0,1.0,0.0,0.0,0.0,0.0,0.0
AGTGATGAGTGAGGGT-2,24.0,0.0,0.0,0.0,0.0,0.0,1.0
ATGGTTATCCTTGAGG-3,15.0,0.25404889456095253,,,0.3994002521455771,0.19749238598555172,0.14905846730791872
GTTACCTGTGATTTGG-3,9.0,0.25657805136510725,,,0.19608879238864382,0.26842478255731234,0.2789083736889367
AGTGAGTCAGTAAGTA-2,16.0,0.0,0.0,0.0,0.4271532846715328,0.0,0.5728467153284671
GTCTTTGTCTTTGAGA-2,6.0,0.0,0.0,0.0,0.46968468364108146,0.0,0.5303153163589185
GATGCAGCAATTAAGG-3,20.0,0.2878720949445188,0.0,0.0,0.0,0.4219601793697779,0.29016772568570315
TTGGGCCAGCTTAACA-2,4.0,0.0,0.0,0.0,0.37606724069221203,0.0,0.623932759307788
GACCGAACAGCAAATA-2,34.0,0.0,0.0,0.0,0.0,0.0,1.0
TTACGTTTCCAAACAC-2,23.0,0.0,0.0,0.0,1.0,0.0,0.0
AGTCAGGCATGTCGCG-3,3.0,1.0,0.0,0.0,0.0,0.0,0.0
TTAGGATGTTGTTCAC-2,1.0,1.0,0.0,0.0,0.0,0.0,0.0
ACGAATCTCTTGCATT-2,14.0,0.0,0.0,0.0,0.0,0.0,1.0
GATGCATTCATAGACC-3,17.0,1.0,0.0,0.0,0.0,0.0,0.0
AGGTAACCATGAGCAG-2,15.0,0.0,0.0,0.0,1.0,0.0,0.0
TCAGTGAGTCACAGAC-1,15.0,0.0,0.0,0.0,1.0,0.0,0.0
TATCGCACATAAGGAC-1,5.0,0.0,0.0,0.0,1.0,0.0,0.0
GCATATATCATAACTG-2,7.0,0.0,0.0,0.0,0.6810534016093636,0.0,0.31894659839063644
TTGAGGCGTTAGTTGG-1,19.0,0.0,0.0,0.0,1.0,0.0,0.0
GGTGCTGGTTCCGGGA-3,2.0,0.21079074246169519,,,0.3110256879333526,0.2245883274521365,0.25359524215281576
TTTGCGACAAGCCAGA-1,27.0,0.0,0.0,0.0,1.0,0.0,0.0
TAAGCTGGTTAGAGCC-3,20.0,1.0,0.0,0.0,0.0,0.0,0.0
GGTGAGTAGGTCCAAT-1,31.0,1.0,0.0,0.0,0.0,0.0,0.0
ATCCCGCGTCGCAAAC-2,12.0,0.0,0.0,0.0,0.495342556357824,0.0,0.5046574436421761
CAACCCGCAATAATGG-3,2.0,0.0,0.0,0.0,0.0,1.0,0.0
CGCATTACAACCCTCC-3,14.0,0.0,0.0,0.0,0.0,1.0,0.0
CCCAAATAGGAAGTAT-1,10.0,0.0,0.0,0.0,1.0,0.0,0.0
GTCTAGCCAAGTAAGC-2,6.0,0.0,0.0,0.0,0.0,0.0,1.0
TTTGTCTAGCAAGGGT-2,10.0,0.26490417044114983,,,0.1425309127782741,0.3402195170606928,0.2523453997198832
TGTTGTAAGGCCAATT-1,1.0,0.0,0.0,0.0,1.0,0.0,0.0
GGTTATATCATAACTG-2,29.0,1.0,0.0,0.0,0.0,0.0,0.0
GTGCTCCGTTATCGAG-3,9.0,1.0,0.0,0.0,0.0,0.0,0.0
TATAACCCAGGACCAA-3,8.0,0.22347106138460127,,,0.25914442347718897,0.16517053432406306,0.3522139808141467
TATCACAAGGAAACTG-3,2.0,0.0,0.0,0.0,0.0,1.0,0.0
ACCATAATCCACCTGT-1,32.0,0.0,0.0,0.0,0.0,0.0,1.0
CCTGAATAGGCATTAC-3,8.0,0.22347106138460127,,,0.25914442347718897,0.16517053432406306,0.3522139808141467
TTTGTGAAGCGCCTAA-1,18.0,0.0,0.0,0.0,0.0,0.0,1.0
AAGGCCCTCCGTAAAC-2,22.0,0.0,0.0,0.0,1.0,0.0,0.0
GGTAAACCAAAGGTAC-1,28.0,0.0,0.0,0.0,1.0,0.0,0.0
CCTGACTTCCTACCTA-2,3.0,1.0,0.0,0.0,0.0,0.0,0.0
AACAGATAGCATGCAT-3,1.0,0.2431277739439729,,,0.27520525106868904,0.22514867316661977,0.2565183018207184
ATAGATGCATCGTTCT-3,7.0,0.23707317196827163,0.0,0.0,0.3805360488007793,0.2041805565917011,0.17821022263924788
CTCCATCAGTGAGGGT-3,16.0,0.0,0.0,0.0,0.0,1.0,0.0
GGTCAGGAGGCGCTAC-3,25.0,1.0,0.0,0.0,0.0,0.0,0.0
TCTGTGACATTGTGGC-2,3.0,0.2510908928836586,,,0.23769248350866462,0.29944475183729763,0.2117718717703792
CAGCATTAGTCGCTAG-1,38.0,1.0,0.0,0.0,0.0,0.0,0.0
CCATTGTGTTGTGATG-2,1.0,0.0,0.0,0.0,0.0,0.0,1.0
AACATAGCAGGAATCG-3,9.0,0.25657805136510725,,,0.19608879238864382,0.26842478255731234,0.2789083736889367
GTCATGAGTAGGATTT-2,17.0,1.0,0.0,0.0,0.0,0.0,0.0
AGTCAATGTCATTGTC-2,30.0,0.2305508875130836,,,0.30015485066475694,0.2562706347632869,0.21302362705887254
AATAGAGGTAGGTTTG-2,31.0,0.24483511612846504,0.0,0.0,0.34550975661796685,0.2764681959007302,0.13318693135283804
CCTAAGGTCTGCAAAC-2,28.0,0.0,0.0,0.0,1.0,0.0,0.0
GCGGAACCATCTTGAG-3,16.0,1.0,0.0,0.0,0.0,0.0,0.0
AATATCCCATAATCAC-1,2.0,0.0,0.0,0.0,1.0,0.0,0.0
CGATATTCACCCTCAC-3,19.0,0.28880190709864184,,,0.19477936981053914,0.2980900086334725,0.21832871445734645
CTTGTTCCATGCTATG-3,25.0,0.25294349983189635,,,0.22563202807869934,0.20762681900387653,0.31379765308552765
CTGCTACTCACCAATA-2,34.0,0.0,0.0,0.0,0.0,0.0,1.0
TGTATCCGTGGATTCA-2,13.0,0.0,0.0,0.0,1.0,0.0,0.0
GAGATAAGTTCGGTAA-2,3.0,0.0,0.0,0.0,0.5288350026357407,0.0,0.4711649973642594
AGTACGCGTGGTTATG-1,9.0,0.0,0.0,0.0,0.0,0.0,1.0
CCCTGGACATTGTGAT-2,30.0,0.0,0.0,0.0,0.0,0.0,1.0
AGCATCCCATAGGCGA-3,8.0,0.22347106138460127,0.0,0.0,0.25914442347718897,0.16517053432406306,0.3522139808141467
CTTGCTCAGCGATAAG-2,3.0,1.0,0.0,0.0,0.0,0.0,0.0
ACGACTTAGTCACCTC-3,34.0,0.0,0.0,0.0,0.0,1.0,0.0
GGTCCTGCACAGGGAC-1,9.0,0.0,0.0,0.0,1.0,0.0,0.0
AGCGGATAGGTCAAAG-3,12.0,0.22393288850727908,,,0.21148179656914845,0.3491266157595441,0.21545869916402838
TGCGGTTCAAGCTACC-1,19.0,0.0,0.0,0.0,1.0,0.0,0.0
TAACAAGCATCTTGAG-2,28.0,1.0,0.0,0.0,0.0,0.0,0.0
CATAATGTCCGGTTAG-2,15.0,0.25404889456095253,0.0,0.0,0.3994002521455771,0.19749238598555172,0.14905846730791872
GGTAAACCAAATTCGT-3,1.0,0.2431277739439729,,,0.27520525106868904,0.22514867316661977,0.2565183018207184
GTTACGCCAGGTCCTG-1,10.0,0.0,0.0,0.0,1.0,0.0,0.0
GGTTGGTGTAGTTGGC-3,15.0,0.25404889456095253,,,0.3994002521455771,0.19749238598555172,0.14905846730791872
CGTTGCGCAGTTATCG-3,18.0,0.23638071763888321,,,0.28964209218552694,0.2590708442645409,0.21490634591104896
AACTAGTGTACCCACC-2,13.0,0.0,0.0,0.0,0.0,1.0,0.0
TTCAGCACAATCGCAC-1,14.0,0.0,0.0,0.0,1.0,0.0,0.0
ACACTAATCCGGTTGA-3,4.0,1.0,0.0,0.0,0.0,0.0,0.0
CGTTGCGCACCTGTAA-3,2.0,1.0,0.0,0.0,0.0,0.0,0.0
GATCGCTCAGTTTCTC-2,17.0,1.0,0.0,0.0,0.0,0.0,0.0
CATAACGGTGGAGCAA-3,7.0,0.23707317196827163,0.0,0.0,0.3805360488007793,0.2041805565917011,0.17821022263924788
CTCACTCAGGTTTACA-2,29.0,0.0,0.0,0.0,0.0,0.0,1.0
GTCCAGGGTGAATCGC-3,9.0,1.0,0.0,0.0,0.0,0.0,0.0
CCCAAATAGCATGTCG-3,10.0,0.26490417044114983,,,0.1425309127782741,0.3402195170606928,0.2523453997198832
AAAGGTTAGCTGGAAA-1,13.0,0.0,0.0,0.0,1.0,0.0,0.0
TGAACAGAGGCGAATA-1,9.0,1.0,0.0,0.0,0.0,0.0,0.0
CGGAATCGTCACAGCG-3,8.0,0.0,0.0,0.0,0.0,0.0,1.0
TGTTACTTCTAGCTTT-3,33.0,0.25254537146409556,0.0,0.0,0.23028304051452006,0.2665285948922042,0.25064299312918015
ACCTTCATCACAGGAA-2,9.0,1.0,0.0,0.0,0.0,0.0,0.0
GGTACCGGTCATTACC-1,25.0,0.0,0.0,0.0,1.0,0.0,0.0
TGATCGAGTGCCGCAA-3,6.0,0.0,0.0,0.0,0.0,0.0,1.0
GGATGGCCATAGACTT-3,13.0,0.0,0.0,0.0,0.0,1.0,0.0
GAAGGAACAGCATGGA-2,1.0,0.0,0.0,0.0,0.0,0.0,1.0
GCCAGGTTCTTTGACT-1,37.0,0.0,0.0,0.0,1.0,0.0,0.0
TAAGTAGCAACATAAG-3,3.0,0.0,0.0,0.0,0.0,1.0,0.0
GGTGTGACACTTGTTC-2,1.0,0.2431277739439729,0.0,0.0,0.27520525106868904,0.22514867316661977,0.2565183018207184
GTGCATTAGTCAATTG-1,9.0,0.0,0.0,0.0,1.0,0.0,0.0
CGAGCGAAGTGAGAGC-1,8.0,0.0,0.0,0.0,1.0,0.0,0.0
TTGCACACACCACAAC-3,15.0,0.25404889456095253,,,0.3994002521455771,0.19749238598555172,0.14905846730791872
GTTCTTAGTGATGATT-3,18.0,0.23638071763888321,,,0.28964209218552694,0.2590708442645409,0.21490634591104896
ACTAATCCACCCACAG-3,14.0,0.0,0.0,0.0,0.0,1.0,0.0
GTTCACCTCAAGTGAG-2,3.0,0.0,0.0,0.0,1.0,0.0,0.0
TGTGGCTCATCGCTCC-2,15.0,0.0,0.0,0.0,1.0,0.0,0.0
CATCCTGGTATTACCC-2,25.0,0.25294349983189635,0.0,0.0,0.22563202807869934,0.20762681900387653,0.31379765308552765
CGTGCACAGTAGCTTA-3,31.0,0.24483511612846504,,,0.34550975661796685,0.2764681959007302,0.13318693135283804
ATTACCCGTCATTACC-2,10.0,0.0,0.0,0.0,1.0,0.0,0.0
AGCTAAACACCTAAGC-3,35.0,0.0,0.0,0.0,0.0,1.0,0.0
GTGCGCAGTACCAGGT-1,3.0,0.0,0.0,0.0,1.0,0.0,0.0
TGGACAAAGGAGGGTT-2,14.0,0.0,0.0,0.0,1.0,0.0,0.0
ACCTTGCTCATGCAAC-1,7.0,0.0,0.0,0.0,1.0,0.0,0.0
GATGCTTAGTGTTGTA-1,11.0,0.0,0.0,0.0,1.0,0.0,0.0
GCAAGTCGTGAGCGAA-1,3.0,0.0,0.0,0.0,1.0,0.0,0.0
CAAAGTGAGCTAAAGG-3,12.0,0.0,0.0,0.0,0.0,1.0,0.0
CCGCTAGCAGGCGAGT-3,25.0,0.0,0.0,0.0,0.0,1.0,0.0
TAGTACGGTACTTAGG-3,30.0,0.2305508875130836,0.0,0.0,0.30015485066475694,0.2562706347632869,0.21302362705887254
GGTACCGGTTGCGCGA-3,13.0,0.2379245460670892,,,0.33034621848395457,0.2084468038321267,0.22328243161682945
ATTGCAGGTAAAGCAA-1,31.0,1.0,0.0,0.0,0.0,0.0,0.0
CGCCTCATCGTTTCGC-2,29.0,0.0,0.0,0.0,0.0,0.0,1.0
TGTGATCAGCTAAAGG-3,11.0,0.26017380928088074,0.0,0.0,0.3107460265472086,0.2228172513789396,0.20626291279297101
CTATGTTTCCAAACAC-1,15.0,0.0,0.0,0.0,1.0,0.0,0.0
GGCTTAAGTGCTAGCG-1,21.0,0.0,0.0,0.0,1.0,0.0,0.0
GACCTGATCTGGCATG-3,15.0,0.25404889456095253,,,0.3994002521455771,0.19749238598555172,0.14905846730791872
GTATTCAAGTAGCCAT-1,7.0,0.0,0.0,0.0,1.0,0.0,0.0
AGTGCACGTAGGATTT-1,22.0,0.0,0.0,0.0,1.0,0.0,0.0
TGTAACTCACCCTCAC-2,20.0,0.0,0.0,0.0,0.0,0.0,1.0
ATTGCTCGTTAGCTGA-3,28.0,0.24355764626440804,,,0.2713230524219713,0.21916108471229478,0.2659582166013259
CGATCCTTCACTTCAT-3,7.0,0.23707317196827163,,,0.3805360488007793,0.2041805565917011,0.17821022263924788
TAAGGACCAAGTGTTT-3,7.0,0.23707317196827163,,,0.3805360488007793,0.2041805565917011,0.17821022263924788
CAATGTGGTTTCAGGA-1,6.0,0.0,0.0,0.0,1.0,0.0,0.0
CCGTTGCGTAACGTGC-3,11.0,0.26017380928088074,0.0,0.0,0.3107460265472086,0.2228172513789396,0.20626291279297101
GACATAGAGAATCTCA-3,5.0,0.25007613426230707,,,0.2764713286099489,0.24316603374735998,0.23028650338038426
CGCATTTGTGGACATC-1,15.0,0.0,0.0,0.0,0.0,0.0,1.0
AACTGTTCATCCTGAA-2,19.0,0.0,0.0,0.0,0.0,1.0,0.0
TGATTGCAGCGGTTAT-2,12.0,0.0,0.0,0.0,1.0,0.0,0.0
GCATTAGGTTGGCGTG-2,4.0,0.2789549502429366,0.0,0.0,0.1885732419812842,0.21961014244052887,0.31286166533525034
TTGGTGAGTCGAAGTC-3,26.0,0.0,0.0,0.0,0.0,1.0,0.0
GTTTCCTCAACGTGCT-3,2.0,0.21079074246169519,,,0.3110256879333526,0.2245883274521365,0.25359524215281576
GGCTTCAAGTCATCCC-1,30.0,0.0,0.0,0.0,1.0,0.0,0.0
CGATCCTTCTCACAAA-2,22.0,0.22299113408910365,,,0.2286831626631811,0.3006206801642622,0.24770502308345307
AGGGTTGCAGGCGAGT-3,21.0,0.36496857686394185,,,0.2425919314203312,0.14718681699163197,0.24525267472409484
TTCCACGGTAGCTAGC-3,36.0,0.2461747580345537,,,0.1850283944180879,0.27103139859455855,0.2977654489527998
TTGTGAGGTCAACAAT-3,27.0,1.0,0.0,0.0,0.0,0.0,0.0
AGTCGCATCGGCTAGC-3,31.0,1.0,0.0,0.0,0.0,0.0,0.0
AGCTAAACAGCAACCT-1,5.0,1.0,0.0,0.0,0.0,0.0,0.0
AGTAATCGTTCCTCCT-2,15.0,0.0,0.0,0.0,1.0,0.0,0.0
CTCGTTATCCCGAACA-3,27.0,0.2659503422898086,0.0,0.0,0.3090767064839525,0.2252336567198111,0.1997392945064278
GATTGTTCAGCTCAAC-1,35.0,0.0,0.0,0.0,1.0,0.0,0.0
AAGCAAGTCAAGCGCC-2,28.0,0.0,0.0,0.0,0.5049925766353235,0.0,0.4950074233646764
CAAGACAAGTAGCGCC-1,27.0,0.0,0.0,0.0,1.0,0.0,0.0
CTAAATGTCTAGCGTG-2,4.0,0.0,0.0,0.0,0.0,0.0,1.0
TCGGTTACAGAAACGT-3,29.0,1.0,0.0,0.0,0.0,0.0,0.0
GCCAGGAAGCAACATC-2,33.0,0.0,0.0,0.0,1.0,0.0,0.0
TAGGTGCGTGATCAGC-2,1.0,0.0,0.0,0.0,1.0,0.0,0.0
GAGTAACCACAGAAAC-3,20.0,0.255116509861887,0.0,0.0,0.11378520411624034,0.3739473542312623,0.25715093179061016
CAGAATCTCAAATCGC-2,3.0,0.0,0.0,0.0,1.0,0.0,0.0
TTAGGCCCAATTAAGG-2,33.0,0.25254537146409556,0.0,0.0,0.23028304051452006,0.2665285948922042,0.25064299312918015
CTAGTAGGTTGCAATG-3,12.0,0.0,0.0,0.0,0.0,0.0,1.0
AATTTGCCATAGGCGA-3,15.0,0.25404889456095253,0.0,0.0,0.3994002521455771,0.19749238598555172,0.14905846730791872
GAGTAATAGCAAGACA-3,4.0,1.0,0.0,0.0,0.0,0.0,0.0
GATGCGACATAGACTT-3,1.0,0.0,0.0,0.0,0.0,0.0,1.0
CATGCGGGTAGCTAGC-1,15.0,0.0,0.0,0.0,1.0,0.0,0.0
GCAAGTCGTGTTTGTC-3,28.0,0.24355764626440804,0.0,0.0,0.2713230524219713,0.21916108471229478,0.2659582166013259
TATTTGGAGCACGTTG-3,11.0,0.26017380928088074,,,0.3107460265472086,0.2228172513789396,0.20626291279297101
CGCATTACACAGCCAT-2,9.0,0.3191621772850661,0.0,0.0,0.0,0.33389854503319716,0.34693927768173677
CCAGCCTGTGCTAGCG-3,33.0,0.0,0.0,0.0,0.0,1.0,0.0
TCAAGACTCCGTAAAC-3,11.0,1.0,0.0,0.0,0.0,0.0,0.0
TTGTCAAAGGTGTCCA-3,34.0,0.0,0.0,0.0,0.0,1.0,0.0
AGAGAGGAGCAAGACA-1,11.0,1.0,0.0,0.0,0.0,0.0,0.0
ATTAGCTCAAGGTGCA-2,1.0,0.0,0.0,0.0,0.0,1.0,0.0
CTTCAATTCATGTTTC-3,12.0,0.22393288850727908,,,0.21148179656914845,0.3491266157595441,0.21545869916402838
TTGAGGCGTTCATTTG-3,10.0,0.0,0.0,0.0,0.0,1.0,0.0
TTGTGTGCAAGCTTAT-3,38.0,0.19027885726034566,,,0.23574107619489226,0.2789089395946002,0.2950711269501618
TGAGGAGGTTTACCGT-3,8.0,0.22347106138460127,,,0.25914442347718897,0.16517053432406306,0.3522139808141467
ACCTTCCAGTTGGCCA-2,9.0,0.0,0.0,0.0,1.0,0.0,0.0
GTTTCCTCACCACAAC-3,6.0,0.28619740144106137,,,0.20095345838278786,0.28595501190791156,0.2268941282682392
CAGGCTGGTGCACGCA-3,12.0,0.22393288850727908,,,0.21148179656914845,0.3491266157595441,0.21545869916402838
ATAAGTCGTAACTACG-3,33.0,0.25254537146409556,0.0,0.0,0.23028304051452006,0.2665285948922042,0.25064299312918015
GAGGCTTGTTTAGCTC-3,33.0,0.25254537146409556,,,0.23028304051452006,0.2665285948922042,0.25064299312918015
TTGTCCCAGCGGCTGT-2,15.0,0.0,0.0,0.0,1.0,0.0,0.0
CACGCAATCCCATAAA-1,34.0,0.0,0.0,0.0,1.0,0.0,0.0
GCATCCTTCCAGGGAG-2,16.0,0.0,0.0,0.0,1.0,0.0,0.0
ATTACCGCACAAAGAC-3,12.0,0.22393288850727908,0.0,0.0,0.21148179656914845,0.3491266157595441,0.21545869916402838
TTAGGCTAGAGGGACT-1,8.0,0.0,0.0,0.0,1.0,0.0,0.0
GTTTCAGCAACATAAG-2,24.0,0.21845905187174444,0.0,0.0,0.2480843926368116,0.19755649681913243,0.33590005867231154
CTAATAGTCTGGCATG-3,31.0,0.24483511612846504,,,0.34550975661796685,0.2764681959007302,0.13318693135283804
TTGTTGCGTTGTCCAT-3,18.0,0.23638071763888321,,,0.28964209218552694,0.2590708442645409,0.21490634591104896
CATGGATTCGCTCCAT-2,33.0,0.25254537146409556,0.0,0.0,0.23028304051452006,0.2665285948922042,0.25064299312918015
CTATTGAAGTACCGCA-2,25.0,0.25294349983189635,0.0,0.0,0.22563202807869934,0.20762681900387653,0.31379765308552765
ACAGGTAAGGACAATG-3,24.0,0.0,0.0,0.0,0.0,1.0,0.0
ACATTAGTCATGGTGT-3,1.0,0.2431277739439729,,,0.27520525106868904,0.22514867316661977,0.2565183018207184
GGGCATGAGAACCTAC-3,9.0,0.25657805136510725,,,0.19608879238864382,0.26842478255731234,0.2789083736889367
ACCAGGGAGTCACTAA-2,11.0,0.0,0.0,0.0,1.0,0.0,0.0
AATCCGTAGGTGTCCA-3,36.0,1.0,0.0,0.0,0.0,0.0,0.0
TTAGGCGTCCGCCAAA-3,8.0,0.0,0.0,0.0,0.0,0.0,1.0
GCGCAAACACCCACAG-3,22.0,0.22299113408910365,,,0.2286831626631811,0.3006206801642622,0.24770502308345307
CTACAACAGGGCTTAT-2,7.0,0.23707317196827163,0.0,0.0,0.3805360488007793,0.2041805565917011,0.17821022263924788
CGACTAAGTCAGGCAT-1,2.0,0.0,0.0,0.0,1.0,0.0,0.0
TGCCATTGTTCCGCAC-3,37.0,0.0,0.0,0.0,0.0,1.0,0.0
GAGCTGCTCAAGCTAC-2,15.0,0.25404889456095253,0.0,0.0,0.3994002521455771,0.19749238598555172,0.14905846730791872
GCCTACTTCTACTAAG-1,7.0,0.0,0.0,0.0,1.0,0.0,0.0
CGAGCTGGTTCACCAT-1,11.0,0.0,0.0,0.0,1.0,0.0,0.0
CATTGTGCATAGTCAT-3,6.0,1.0,0.0,0.0,0.0,0.0,0.0
AGAACAAGTCACAAAT-1,8.0,0.0,0.0,0.0,1.0,0.0,0.0
GTGCTCAAGGTCCAAT-3,14.0,0.25490642483705084,0.0,0.0,0.203860627012991,0.27543380527416844,0.2657991428757897
AGTTGCGTCACGTTAA-3,23.0,1.0,0.0,0.0,0.0,0.0,0.0
CGTGACATCAAGCTTA-3,4.0,0.2789549502429366,,,0.1885732419812842,0.21961014244052887,0.31286166533525034
TAGGGTTTCACCATTT-1,12.0,0.0,0.0,0.0,1.0,0.0,0.0
AGTACGCGTTTGCGCC-3,33.0,0.25254537146409556,0.0,0.0,0.23028304051452006,0.2665285948922042,0.25064299312918015
ACTGAATGTTAGCGTA-3,18.0,0.23638071763888321,,,0.28964209218552694,0.2590708442645409,0.21490634591104896
CGAGGCAAGTTGGGCC-3,9.0,0.25657805136510725,0.0,0.0,0.19608879238864382,0.26842478255731234,0.2789083736889367
TGCTTCCAGGATCCGC-1,7.0,0.0,0.0,0.0,0.0,0.0,1.0
TTTGACCGTGAGACTC-3,32.0,0.23501474983514806,,,0.36169219852304807,0.23220664506324848,0.1710864065785554
GTTACTCGTGAAACAA-2,23.0,1.0,0.0,0.0,0.0,0.0,0.0
AAGGTGCAGGAACCAA-3,11.0,0.0,0.0,0.0,0.0,1.0,0.0
GCACTTACAGTTATCG-2,23.0,0.0,0.0,0.0,0.0,0.0,1.0
ATCAAGCTCCCTGACT-1,33.0,0.0,0.0,0.0,1.0,0.0,0.0
GTTACGTAGCGTGCAC-3,30.0,0.2305508875130836,,,0.30015485066475694,0.2562706347632869,0.21302362705887254
CGAGCGAAGGGATGAC-1,9.0,0.0,0.0,0.0,1.0,0.0,0.0
TTGCTTAGTTAGTTGG-2,21.0,0.0,0.0,0.0,0.0,0.0,1.0
CCGTGCTGTTACATCC-3,5.0,0.25007613426230707,,,0.2764713286099489,0.24316603374735998,0.23028650338038426
CAGGACACAACCGCCA-1,4.0,0.0,0.0,0.0,0.0,0.0,1.0
CATGAGGCAACCGCCA-3,37.0,0.0,0.0,0.0,0.0,1.0,0.0
TGTGGCTCAGTAAAGC-2,35.0,0.0,0.0,0.0,0.32623626373626374,0.0,0.6737637362637363
TTAGCGGTCCGTCCAT-1,7.0,0.0,0.0,0.0,1.0,0.0,0.0
CACAATATCTGTTCAT-3,32.0,0.36818404740057686,0.0,0.0,0.0,0.3637847516918263,0.26803120090759697
GTCGAGGAGCAAGGTA-1,38.0,0.0,0.0,0.0,1.0,0.0,0.0
TATTTGCTCTCGACCT-1,24.0,0.0,0.0,0.0,1.0,0.0,0.0
CCTGCTCCATGTCAGC-2,13.0,0.2379245460670892,0.0,0.0,0.33034621848395457,0.2084468038321267,0.22328243161682945
TCGCTAACATGTTGCA-2,17.0,1.0,0.0,0.0,0.0,0.0,0.0
CTAGGCGGTTCACCCA-2,16.0,0.0,0.0,0.0,0.0,1.0,0.0
TTTGTCCCAACAACAA-1,29.0,0.0,0.0,0.0,1.0,0.0,0.0
GAGGCTTGTCTTGCAT-2,22.0,0.0,0.0,0.0,0.48003533568904594,0.0,0.5199646643109541
GACGTAAAGACTAAGG-1,6.0,0.0,0.0,0.0,1.0,0.0,0.0
CTCTTGATCTTAGCCC-2,4.0,0.0,0.0,0.0,1.0,0.0,0.0
GTATTCAAGCGCCTAA-2,6.0,0.28619740144106137,0.0,0.0,0.20095345838278786,0.28595501190791156,0.2268941282682392
CAAGTTATCCTGGTGA-2,23.0,0.2890753295347951,0.0,0.0,0.21326803108883835,0.2250748294409998,0.2725818099353668
CGTTATCGTGTTTGCT-3,28.0,1.0,0.0,0.0,0.0,0.0,0.0
TAATGGTGTCAACAAT-2,34.0,0.23141187017972628,,,0.21203187960198364,0.23517958103089368,0.32137666918739655
CTAAGGTTCCGCAAGC-3,14.0,0.25490642483705084,,,0.203860627012991,0.27543380527416844,0.2657991428757897
TTTAAGGTCATGGCTG-2,11.0,1.0,0.0,0.0,0.0,0.0,0.0
CACATACAGGTGTCCA-1,2.0,0.0,0.0,0.0,0.0,0.0,1.0
GTCTCACTCATGCTCC-2,2.0,1.0,0.0,0.0,0.0,0.0,0.0
GGTACCGGTAAGCTCA-3,10.0,0.26490417044114983,,,0.1425309127782741,0.3402195170606928,0.2523453997198832
CTCATCATCCTGTTCA-2,15.0,0.0,0.0,0.0,1.0,0.0,0.0
GATTACTCAGCCTGCA-3,22.0,0.22299113408910365,,,0.2286831626631811,0.3006206801642622,0.24770502308345307
TTATAGCCAGGGAGCT-2,25.0,1.0,0.0,0.0,0.0,0.0,0.0
CTTAAGGGTAACGGGA-2,2.0,0.0,0.0,0.0,1.0,0.0,0.0
CACATACAGCGAGTAA-2,22.0,0.0,0.0,0.0,1.0,0.0,0.0
TTATCCGTCAAACACC-2,5.0,0.25007613426230707,0.0,0.0,0.2764713286099489,0.24316603374735998,0.23028650338038426
AAGACCAAGCCGGTAC-1,15.0,0.0,0.0,0.0,1.0,0.0,0.0
GAGTTTGGTAGGATTT-3,15.0,0.25404889456095253,,,0.3994002521455771,0.19749238598555172,0.14905846730791872
GAACTTATCCTAAGTA-2,27.0,0.0,0.0,0.0,0.6074429771908764,0.0,0.3925570228091237
CTCTTGATCATGACCG-3,23.0,0.0,0.0,0.0,0.0,1.0,0.0
ACCTTGCTCAAGCTAC-2,3.0,0.2510908928836586,0.0,0.0,0.23769248350866462,0.29944475183729763,0.2117718717703792
CATTGTAAGGTCCGTA-3,31.0,0.24483511612846504,,,0.34550975661796685,0.2764681959007302,0.13318693135283804
AGGACTAAGTCAGGCC-2,15.0,0.0,0.0,0.0,1.0,0.0,0.0
TAAGGCTTCTTGAGGT-3,23.0,1.0,0.0,0.0,0.0,0.0,0.0
TACCGCAAGGTGCTGC-3,29.0,0.31074906515307005,,,0.233016360882147,0.22003051032240445,0.2362040636423785
TTAGGAACAGTTAGCC-3,1.0,0.2431277739439729,,,0.27520525106868904,0.22514867316661977,0.2565183018207184
GCCTTACTCCTGATTT-3,18.0,0.23638071763888321,,,0.28964209218552694,0.2590708442645409,0.21490634591104896
TCCACAACAACACCTA-2,19.0,0.0,0.0,0.0,0.0,0.0,1.0
TTTAAGCCATCAGTAT-1,22.0,0.0,0.0,0.0,0.0,0.0,1.0
TGGACAAAGGAAGCAC-3,21.0,0.36496857686394185,,,0.2425919314203312,0.14718681699163197,0.24525267472409484
ATGACCAGTTAGGACC-1,4.0,1.0,0.0,0.0,0.0,0.0,0.0
GATGGCTGTTCGGTAA-3,4.0,0.2789549502429366,,,0.1885732419812842,0.21961014244052887,0.31286166533525034
CTGGATGTCTTGCTAT-3,2.0,0.21079074246169519,,,0.3110256879333526,0.2245883274521365,0.25359524215281576
AGTTGGCGTCAGTAAT-3,11.0,0.26017380928088074,,,0.3107460265472086,0.2228172513789396,0.20626291279297101
GGGTTATTCAATCTAG-3,13.0,0.2379245460670892,,,0.33034621848395457,0.2084468038321267,0.22328243161682945
CCGCTAAAGAGGGACT-3,16.0,0.0,0.0,0.0,0.0,1.0,0.0
GTTCTCATCCGTAAAC-1,9.0,0.0,0.0,0.0,1.0,0.0,0.0
CCTTGTTCAATAGCCC-1,34.0,0.0,0.0,0.0,1.0,0.0,0.0
TATCGAGGTGTTGTGA-1,22.0,0.0,0.0,0.0,0.0,0.0,1.0
CATTATGAGAGGAGGA-3,5.0,1.0,0.0,0.0,0.0,0.0,0.0
CTAGCTGAGGAGGTTA-3,24.0,0.21845905187174444,,,0.2480843926368116,0.19755649681913243,0.33590005867231154
CAGGTGGAGTTTCCGC-1,31.0,0.0,0.0,0.0,1.0,0.0,0.0
CTCCTAATCCTGATGG-2,25.0,0.0,0.0,0.0,1.0,0.0,0.0
GCAAACTTCCCGAACA-3,25.0,1.0,0.0,0.0,0.0,0.0,0.0
GAGAAACGTACAAAGA-3,4.0,0.2789549502429366,,,0.1885732419812842,0.21961014244052887,0.31286166533525034
GCTAGCTCAAGGATTA-3,12.0,1.0,0.0,0.0,0.0,0.0,0.0
ATTCCTCCAGGCGAGT-3,31.0,0.0,0.0,0.0,0.0,1.0,0.0
CATGGATTCAATGACC-2,6.0,0.28619740144106137,0.0,0.0,0.20095345838278786,0.28595501190791156,0.2268941282682392
TTGGATCAGTAACAGG-3,10.0,1.0,0.0,0.0,0.0,0.0,0.0
GAGGTAGGTCGTTACT-1,15.0,1.0,0.0,0.0,0.0,0.0,0.0
ATTCCGGAGACAGGTA-3,16.0,0.0,0.0,0.0,0.0,1.0,0.0
GTCCAAGTCGTAATCA-3,2.0,0.21079074246169519,,,0.3110256879333526,0.2245883274521365,0.25359524215281576
AGTAATGCAACACTTG-1,17.0,0.0,0.0,0.0,1.0,0.0,0.0
CTGCAATAGCGATACT-2,3.0,0.0,0.0,0.0,0.5288350026357407,0.0,0.4711649973642594
CAATGACTCACTCGCT-2,38.0,1.0,0.0,0.0,0.0,0.0,0.0
TATCGCGAGCGGCTGT-1,3.0,0.0,0.0,0.0,1.0,0.0,0.0
ATGTTGTCATAAGTTC-3,6.0,0.0,0.0,0.0,0.0,1.0,0.0
TTGGATTCAATAAGCA-2,12.0,1.0,0.0,0.0,0.0,0.0,0.0
GATTGCGTCTCAATTC-2,9.0,0.25657805136510725,0.0,0.0,0.19608879238864382,0.26842478255731234,0.2789083736889367
GAACCAAAGGAGCATA-1,24.0,0.0,0.0,0.0,1.0,0.0,0.0
CCTTCGTAGACACTTA-3,8.0,0.22347106138460127,,,0.25914442347718897,0.16517053432406306,0.3522139808141467
CAGCTAAGTGTTTGTC-2,7.0,1.0,0.0,0.0,0.0,0.0,0.0
GCAATAGAGGAACCAA-3,20.0,0.0,0.0,0.0,0.0,0.0,1.0
CGCTCCATCGTTACAA-1,16.0,0.0,0.0,0.0,1.0,0.0,0.0
AGCGGACCATCCCTCA-3,11.0,0.26017380928088074,,,0.3107460265472086,0.2228172513789396,0.20626291279297101
GGATGGCCACGTGCTG-3,9.0,1.0,0.0,0.0,0.0,0.0,0.0
TACCAAATCATGAAGG-3,18.0,0.23638071763888321,,,0.28964209218552694,0.2590708442645409,0.21490634591104896
CAGCATGTCCTGAGTG-3,24.0,0.21845905187174444,,,0.2480843926368116,0.19755649681913243,0.33590005867231154
CGTCAATAGCTAATCA-3,15.0,0.25404889456095253,,,0.3994002521455771,0.19749238598555172,0.14905846730791872
ACCGAAGCATAGACTT-1,11.0,0.0,0.0,0.0,1.0,0.0,0.0
AGGAACCAGCAGCTCA-1,11.0,1.0,0.0,0.0,0.0,0.0,0.0
GGTTTGTAGCAGGTTT-1,14.0,0.0,0.0,0.0,1.0,0.0,0.0
GGATGGCCAGTCTAAT-2,12.0,0.22393288850727908,0.0,0.0,0.21148179656914845,0.3491266157595441,0.21545869916402838
TCCTTAGTCGCTAAAC-3,20.0,0.255116509861887,,,0.11378520411624034,0.3739473542312623,0.25715093179061016
TTACCTGTCGCAACAT-2,4.0,0.2789549502429366,0.0,0.0,0.1885732419812842,0.21961014244052887,0.31286166533525034
TCCAGGTCATTAGCGC-1,15.0,1.0,0.0,0.0,0.0,0.0,0.0
TGGCCATCAAGGTCGA-2,9.0,0.25657805136510725,0.0,0.0,0.19608879238864382,0.26842478255731234,0.2789083736889367
AACATCATCTTAGTCT-3,30.0,0.0,0.0,0.0,0.0,1.0,0.0
GCTAAGCGTTTAGCGA-1,9.0,0.0,0.0,0.0,0.0,0.0,1.0
ACAAAGGTCATCACTT-1,37.0,0.0,0.0,0.0,1.0,0.0,0.0
GTCGCAATCTCACTAT-2,23.0,0.2890753295347951,0.0,0.0,0.21326803108883835,0.2250748294409998,0.2725818099353668
GACCGTTCAATCCTGA-1,33.0,0.0,0.0,0.0,0.0,0.0,1.0
CCCTGGACATGGCCTG-2,12.0,0.22393288850727908,0.0,0.0,0.21148179656914845,0.3491266157595441,0.21545869916402838
CTAACCCTCCGCCAAA-2,29.0,1.0,0.0,0.0,0.0,0.0,0.0
ACCTTGTGTACGGTAC-1,15.0,0.0,0.0,0.0,1.0,0.0,0.0
ACAGCGCTCCGCATGA-1,31.0,0.0,0.0,0.0,0.0,0.0,1.0
TTGGATATCCGCCAAA-1,25.0,0.0,0.0,0.0,1.0,0.0,0.0
TCAAACCAGCAGGTGG-1,33.0,0.0,0.0,0.0,0.0,0.0,1.0
CTGGTTTGTCACACCC-1,27.0,0.0,0.0,0.0,1.0,0.0,0.0
GTACTAGGTCACAGCG-2,29.0,1.0,0.0,0.0,0.0,0.0,0.0
CATCACACAGTTATCG-2,12.0,0.22393288850727908,0.0,0.0,0.21148179656914845,0.3491266157595441,0.21545869916402838
GTGTAACTCCGCAAAT-1,28.0,0.0,0.0,0.0,1.0,0.0,0.0
TCAAGACTCGTTAAGC-1,15.0,0.0,0.0,0.0,1.0,0.0,0.0
AATCATGTCATCCTGC-2,6.0,0.0,0.0,0.0,1.0,0.0,0.0
CAATGACTCGGCTAGC-2,23.0,0.0,0.0,0.0,1.0,0.0,0.0
CGTTAACAGAACCTGT-3,6.0,0.28619740144106137,,,0.20095345838278786,0.28595501190791156,0.2268941282682392
CGTGCTGCAATGAAGC-3,37.0,1.0,0.0,0.0,0.0,0.0,0.0
GTCCTAGAGTCAGGCC-2,2.0,0.0,0.0,0.0,0.0,0.0,1.0
CGGATTAGTTGAAGCC-2,26.0,0.3727573400734753,0.0,0.0,0.0,0.38524713971446883,0.2419955202120558
TCCTCAATCCGGTTAG-1,27.0,0.0,0.0,0.0,1.0,0.0,0.0
CACTTAAAGCAACATC-3,8.0,0.22347106138460127,,,0.25914442347718897,0.16517053432406306,0.3522139808141467
ATCACCCTCGCAACAT-3,30.0,1.0,0.0,0.0,0.0,0.0,0.0
GAGGCAAGTGAGGTGA-3,1.0,0.2431277739439729,,,0.27520525106868904,0.22514867316661977,0.2565183018207184
GTAATAGCAAATGCCC-1,4.0,0.0,0.0,0.0,1.0,0.0,0.0
CGCTTACTCCAAGTTA-3,33.0,0.0,0.0,0.0,0.0,1.0,0.0
GTTCGCTTCGGTAACT-1,15.0,1.0,0.0,0.0,0.0,0.0,0.0
AACCGGCTCTCACAAA-2,3.0,0.0,0.0,0.0,1.0,0.0,0.0
TGGTTGAGTGCTAGCG-1,19.0,0.0,0.0,0.0,1.0,0.0,0.0
TTAAGCCAGTTATCTC-3,14.0,0.25490642483705084,,,0.203860627012991,0.27543380527416844,0.2657991428757897
ATGACAACAGGACCAA-1,3.0,1.0,0.0,0.0,0.0,0.0,0.0
CGCTTGCGTTACGCGG-3,8.0,0.0,0.0,0.0,0.0,1.0,0.0
ACACTAGGTAGGTTTG-3,20.0,0.255116509861887,,,0.11378520411624034,0.3739473542312623,0.25715093179061016
ATTATCCTCCTTGTTG-1,25.0,0.0,0.0,0.0,1.0,0.0,0.0
GAGGGAGCAGAATGAC-3,31.0,0.24483511612846504,,,0.34550975661796685,0.2764681959007302,0.13318693135283804
TGGGCATGTACGCGCA-1,26.0,0.0,0.0,0.0,1.0,0.0,0.0
GTTAGACTCATTATGG-3,9.0,0.25657805136510725,,,0.19608879238864382,0.26842478255731234,0.2789083736889367
GGAATCTTCATTACGA-1,13.0,0.0,0.0,0.0,1.0,0.0,0.0
TGCTGGATCACAGACT-2,21.0,1.0,0.0,0.0,0.0,0.0,0.0
CAGAATCTCCGCACAA-2,2.0,0.21079074246169519,,,0.3110256879333526,0.2245883274521365,0.25359524215281576
TACCGAAGTCACCTAT-3,25.0,1.0,0.0,0.0,0.0,0.0,0.0
TGCTTCATCCCTCACG-2,20.0,0.255116509861887,0.0,0.0,0.11378520411624034,0.3739473542312623,0.25715093179061016
CGAGGTGAGTGCACGC-2,15.0,0.0,0.0,0.0,1.0,0.0,0.0
GAGCGATAGGTCCGTA-3,36.0,0.0,0.0,0.0,0.0,1.0,0.0
GTCTATCGTTAGAGCC-3,31.0,0.0,0.0,0.0,0.0,1.0,0.0
ACCATAATCTTGTCCA-3,9.0,0.25657805136510725,,,0.19608879238864382,0.26842478255731234,0.2789083736889367
CGTTAAATCTAGCGAT-2,5.0,1.0,0.0,0.0,0.0,0.0,0.0
CCTGTATGTCTTGCTG-3,1.0,0.2431277739439729,,,0.27520525106868904,0.22514867316661977,0.2565183018207184
CTTTATGGTTAGCAGC-1,34.0,1.0,0.0,0.0,0.0,0.0,0.0
GGTCAAGCAGGCTAGA-3,1.0,0.2431277739439729,,,0.27520525106868904,0.22514867316661977,0.2565183018207184
CCTGGATCATTGTGGC-3,15.0,0.25404889456095253,0.0,0.0,0.3994002521455771,0.19749238598555172,0.14905846730791872
TACTGACAGCATTTCT-3,19.0,0.0,0.0,0.0,0.0,1.0,0.0
GTGCTCCGTTCAAGAT-1,24.0,0.0,0.0,0.0,0.0,0.0,1.0
GTCAAACTCAAATCGC-2,16.0,0.0,0.0,0.0,0.4271532846715328,0.0,0.5728467153284671
AGAATCGAGGAACGCG-3,31.0,0.24483511612846504,,,0.34550975661796685,0.2764681959007302,0.13318693135283804
CATCATGCAGATAGAC-2,15.0,0.0,0.0,0.0,1.0,0.0,0.0
CCATAAGGTGTTTGCT-2,13.0,0.2379245460670892,0.0,0.0,0.33034621848395457,0.2084468038321267,0.22328243161682945
GCACGCTAGGAAGCAC-2,26.0,0.0,0.0,0.0,0.0,0.0,1.0
AAATGCCTCCCTCAGT-3,15.0,0.25404889456095253,,,0.3994002521455771,0.19749238598555172,0.14905846730791872
GTACTTCGTGTTTCAC-1,16.0,0.0,0.0,0.0,0.0,0.0,1.0
CGTCCTAGTATCTGGA-1,16.0,0.0,0.0,0.0,0.0,0.0,1.0
AAGTGAAGTCATGCAA-2,23.0,1.0,0.0,0.0,0.0,0.0,0.0
ACCCTGTTCGTAACGT-2,23.0,0.0,0.0,0.0,1.0,0.0,0.0
ATCAATCCATAATTGC-2,35.0,0.0,0.0,0.0,0.0,0.0,1.0
AGTGTGGCAATATAGG-3,29.0,0.0,0.0,0.0,0.0,1.0,0.0
CCATTGTGTTACAAAC-3,19.0,0.3586618328826094,0.0,0.0,0.0,0.37019668579943704,0.2711414813179535
TACTGGCCAATGAAGC-1,28.0,0.0,0.0,0.0,1.0,0.0,0.0
CGTTAGTAGCTGGCTA-3,28.0,0.24355764626440804,,,0.2713230524219713,0.21916108471229478,0.2659582166013259
TTCAACCGTAGGTGTC-1,2.0,0.0,0.0,0.0,1.0,0.0,0.0
TAATGGTGTCGAAGTC-2,19.0,0.0,0.0,0.0,1.0,0.0,0.0
GCTTTGTGTTCCGGGA-1,8.0,0.0,0.0,0.0,0.0,0.0,1.0
CTTCGCGTCAGCACGC-3,3.0,0.2510908928836586,,,0.23769248350866462,0.29944475183729763,0.2117718717703792
GTGCTGATCAAGTGTC-3,37.0,0.15830411656991292,0.0,0.0,0.21353305020503288,0.2890839998065646,0.33907883341848966
AAAGGACGTTTCCGGC-1,37.0,0.0,0.0,0.0,1.0,0.0,0.0
AAGGTGCAGAGGCTAA-3,33.0,0.25254537146409556,,,0.23028304051452006,0.2665285948922042,0.25064299312918015
TCATACTTCCGCTAGA-1,15.0,0.0,0.0,0.0,1.0,0.0,0.0
GTTGTTGCAAACGCGA-3,38.0,0.0,0.0,0.0,0.0,1.0,0.0
GTACTAATCGATATTG-1,25.0,0.0,0.0,0.0,1.0,0.0,0.0
GCACTAAGTATTGTCC-2,25.0,1.0,0.0,0.0,0.0,0.0,0.0
CATAATCCATGGTTAT-2,38.0,0.19027885726034566,,,0.23574107619489226,0.2789089395946002,0.2950711269501618
TCTAACTTCTGGCTTC-3,16.0,0.0,0.0,0.0,0.0,1.0,0.0
GTAGGATCACGTGCTG-3,8.0,0.22347106138460127,,,0.25914442347718897,0.16517053432406306,0.3522139808141467
CATGGATTCGTTTCGC-2,4.0,0.0,0.0,0.0,0.0,1.0,0.0
CCTGGATCATGACTAT-1,10.0,0.0,0.0,0.0,1.0,0.0,0.0
CTTCGCGTCAAACTCA-2,37.0,0.15830411656991292,0.0,0.0,0.21353305020503288,0.2890839998065646,0.33907883341848966
GAGCGATAGTGAACCT-1,3.0,0.0,0.0,0.0,1.0,0.0,0.0
GCTTTATTCCGTCCAT-3,14.0,0.25490642483705084,,,0.203860627012991,0.27543380527416844,0.2657991428757897
TGTTAGCAGTAAGTGG-2,25.0,1.0,0.0,0.0,0.0,0.0,0.0
GGACCGAAGGCATTAC-3,15.0,0.25404889456095253,,,0.3994002521455771,0.19749238598555172,0.14905846730791872
CATGCATAGTATTGCA-3,13.0,1.0,0.0,0.0,0.0,0.0,0.0
CGCTTGCGTGATGGCT-1,24.0,0.0,0.0,0.0,1.0,0.0,0.0
ACCACATAGCTTCCCG-1,30.0,0.0,0.0,0.0,1.0,0.0,0.0
ACTTGCACAGCCTTGG-1,2.0,0.0,0.0,0.0,1.0,0.0,0.0
CTGTTCATCGCTAAGT-3,15.0,0.25404889456095253,,,0.3994002521455771,0.19749238598555172,0.14905846730791872
TCGTTTCCAATGAATG-2,34.0,0.23141187017972628,0.0,0.0,0.21203187960198364,0.23517958103089368,0.32137666918739655
TCAGGTTAGGACAACA-3,20.0,1.0,0.0,0.0,0.0,0.0,0.0
ATAGGTACAGAGGCTA-3,14.0,1.0,0.0,0.0,0.0,0.0,0.0
ATGAAGCCACAACAAA-1,15.0,1.0,0.0,0.0,0.0,0.0,0.0
TGGCCTTTCTATGACA-1,13.0,1.0,0.0,0.0,0.0,0.0,0.0
CTAAGTCAGGAGTCGG-2,19.0,0.0,0.0,0.0,1.0,0.0,0.0
TGACCAAGTCACAGAC-2,32.0,0.0,0.0,0.0,0.0,0.0,1.0
ACTTGCACAGTCTAGC-2,27.0,0.0,0.0,0.0,0.0,1.0,0.0
CAAACCGTCTTAGCGG-2,19.0,0.0,0.0,0.0,1.0,0.0,0.0
ACGACTTAGCACAGCC-3,20.0,0.255116509861887,,,0.11378520411624034,0.3739473542312623,0.25715093179061016
GCGCAAACACAGAACG-3,37.0,0.15830411656991292,0.0,0.0,0.21353305020503288,0.2890839998065646,0.33907883341848966
GCTGCATCAGGACACA-2,1.0,0.2431277739439729,0.0,0.0,0.27520525106868904,0.22514867316661977,0.2565183018207184
TGCTTCCAGTTTCCTG-1,20.0,0.0,0.0,0.0,1.0,0.0,0.0
TGTGGCCAGCTAATCA-1,28.0,0.0,0.0,0.0,1.0,0.0,0.0
TTGCAATCACTAAGCC-1,8.0,0.0,0.0,0.0,1.0,0.0,0.0
TCCCGGACATGCTTAG-3,2.0,0.21079074246169519,,,0.3110256879333526,0.2245883274521365,0.25359524215281576
TTGTTGTTCGGTACGC-2,31.0,0.0,0.0,0.0,1.0,0.0,0.0
CTGCTCCCAGGCTAGA-2,2.0,0.21079074246169519,,,0.3110256879333526,0.2245883274521365,0.25359524215281576
GCTTACCTCGCAACAT-3,7.0,0.23707317196827163,,,0.3805360488007793,0.2041805565917011,0.17821022263924788
GTTACGCCATTGTGGC-1,4.0,0.0,0.0,0.0,1.0,0.0,0.0
GATTCCTGTGATGAGG-2,12.0,0.0,0.0,0.0,1.0,0.0,0.0
CGATTATCACACTAAT-3,8.0,0.22347106138460127,,,0.25914442347718897,0.16517053432406306,0.3522139808141467
CTCTAAGCAATCATGT-1,24.0,0.0,0.0,0.0,1.0,0.0,0.0
TGTGGCGGTCCGTAGG-1,15.0,1.0,0.0,0.0,0.0,0.0,0.0
ATGCGATTCAAGTGAG-2,16.0,0.19281102196304184,,,0.24608965471250854,0.23107341591095565,0.33002590741349397
CTGGATGTCTTACTCG-2,31.0,0.24483511612846504,0.0,0.0,0.34550975661796685,0.2764681959007302,0.13318693135283804
TTGGTGAGTGTTTGCT-3,32.0,0.23501474983514806,,,0.36169219852304807,0.23220664506324848,0.1710864065785554
AAGGTATAGACAAAGT-3,20.0,0.255116509861887,,,0.11378520411624034,0.3739473542312623,0.25715093179061016
TCTGGCTTCCCTCGCA-1,35.0,0.0,0.0,0.0,1.0,0.0,0.0
CTATTGAAGTGAGAGC-3,17.0,0.3566607681673278,0.0,0.0,0.0,0.27185078048050393,0.3714884513521683
ATTGAAGCAATTAAGG-2,4.0,0.34378327740148595,0.0,0.0,0.0,0.2706469071549443,0.3855698154435696
GTAGGAGGTGGAAACG-2,31.0,0.24483511612846504,0.0,0.0,0.34550975661796685,0.2764681959007302,0.13318693135283804
AACAAAGGTACGGTAC-1,22.0,0.0,0.0,0.0,1.0,0.0,0.0
AAGGTGCAGTATTGCA-1,23.0,0.0,0.0,0.0,1.0,0.0,0.0
ACCAAACTCCCGAACA-2,28.0,0.24355764626440804,0.0,0.0,0.2713230524219713,0.21916108471229478,0.2659582166013259
CAATGACTCCTTGCAC-3,27.0,0.2659503422898086,,,0.3090767064839525,0.2252336567198111,0.1997392945064278
GCCGTGAGTTCCGCAC-2,22.0,0.0,0.0,0.0,0.0,0.0,1.0
AGGGTTGCATAAAGCA-2,15.0,0.0,0.0,0.0,1.0,0.0,0.0
TGCCATTGTATTGCAG-3,1.0,0.2431277739439729,,,0.27520525106868904,0.22514867316661977,0.2565183018207184
GGGTTTGTCTATTGTC-2,5.0,0.25007613426230707,,,0.2764713286099489,0.24316603374735998,0.23028650338038426
CCTACTTCATGATTGT-3,2.0,0.30594862358424835,0.0,0.0,0.0,0.32597489270457897,0.3680764837111727
CTTTGAGCATTATGCG-2,9.0,1.0,0.0,0.0,0.0,0.0,0.0
AAGTGCAAGTTGGATC-2,29.0,1.0,0.0,0.0,0.0,0.0,0.0
ACGTACCCATTGTGCA-1,2.0,0.0,0.0,0.0,1.0,0.0,0.0
CTGTTCATCGGTTACG-1,11.0,0.0,0.0,0.0,1.0,0.0,0.0
TGTGGCTCAACCTGGT-1,11.0,1.0,0.0,0.0,0.0,0.0,0.0
AACTGTTCATAAGTCT-3,4.0,0.2789549502429366,,,0.1885732419812842,0.21961014244052887,0.31286166533525034
ACTTGAATCTTGCAAA-1,13.0,0.0,0.0,0.0,1.0,0.0,0.0
GCAGGACCATTAAGTC-2,8.0,0.0,0.0,0.0,1.0,0.0,0.0
CGCAATAGTTTGTGGA-3,29.0,0.31074906515307005,,,0.233016360882147,0.22003051032240445,0.2362040636423785
GTCATGAGTGATGGCT-2,17.0,0.0,0.0,0.0,1.0,0.0,0.0
TACTAAGTCGTTATAG-1,3.0,0.0,0.0,0.0,1.0,0.0,0.0
CTAGGACGTAAAGCGG-3,29.0,1.0,0.0,0.0,0.0,0.0,0.0
GGCTGAGAGGTCATTA-2,15.0,1.0,0.0,0.0,0.0,0.0,0.0
CGATTATCAGGTTACC-2,7.0,1.0,0.0,0.0,0.0,0.0,0.0
GACCTGCAGCATCCAG-2,32.0,0.23501474983514806,0.0,0.0,0.36169219852304807,0.23220664506324848,0.1710864065785554
AGCAATTGTGCAATGC-2,13.0,0.0,0.0,0.0,1.0,0.0,0.0
ATGCAGGCAGCTACGT-1,11.0,1.0,0.0,0.0,0.0,0.0,0.0
CGACAAGCATATAACC-2,15.0,0.25404889456095253,0.0,0.0,0.3994002521455771,0.19749238598555172,0.14905846730791872
GTGTGAGCAATAACCT-3,6.0,0.28619740144106137,,,0.20095345838278786,0.28595501190791156,0.2268941282682392
CCTAGTTGTCCTTTAA-2,9.0,0.0,0.0,0.0,1.0,0.0,0.0
TCCTTGCAGATGCCTG-1,15.0,0.0,0.0,0.0,1.0,0.0,0.0
GAGCTGCTCTAATCTC-3,13.0,0.2379245460670892,,,0.33034621848395457,0.2084468038321267,0.22328243161682945
CAAACATGTAGCCTCC-1,11.0,0.0,0.0,0.0,1.0,0.0,0.0
CGGGTATGTAATGGCC-1,30.0,0.0,0.0,0.0,1.0,0.0,0.0
AATCATCCAGCTTACA-3,27.0,1.0,0.0,0.0,0.0,0.0,0.0
ACTCGCGCATCCTAGA-3,20.0,0.255116509861887,0.0,0.0,0.11378520411624034,0.3739473542312623,0.25715093179061016
TACAAGCTCGAGGAAC-2,37.0,0.0,0.0,0.0,0.0,0.0,1.0
TGGCCAATCGCACACA-2,38.0,0.0,0.0,0.0,1.0,0.0,0.0
AACAGCAAGAGGGACT-1,7.0,0.0,0.0,0.0,1.0,0.0,0.0
CCAAGTTAGCCGCTTT-2,31.0,0.24483511612846504,,,0.34550975661796685,0.2764681959007302,0.13318693135283804
TTCCTTGAGCAAGGAC-3,19.0,0.28880190709864184,,,0.19477936981053914,0.2980900086334725,0.21832871445734645
TGCTAGCCAGCCGCTA-3,14.0,0.0,0.0,0.0,0.0,1.0,0.0
TACTTCGTCATTAGCA-2,21.0,0.0,0.0,0.0,0.0,1.0,0.0
CCTGTATGTTAGTGAT-1,4.0,0.0,0.0,0.0,1.0,0.0,0.0
GGTATTGGTTCGCGCT-3,15.0,0.25404889456095253,,,0.3994002521455771,0.19749238598555172,0.14905846730791872
TAATCCGCACTAAGAA-1,12.0,1.0,0.0,0.0,0.0,0.0,0.0
GGCTGAGAGCAAGGGT-2,27.0,0.0,0.0,0.0,1.0,0.0,0.0
AGGAACGGTCACGAAC-1,3.0,0.0,0.0,0.0,1.0,0.0,0.0
TCCTGTTCACGGTACT-3,15.0,0.25404889456095253,,,0.3994002521455771,0.19749238598555172,0.14905846730791872
TCATGAGGTGAGCACT-3,14.0,0.0,0.0,0.0,0.0,0.0,1.0
AAGCTCCCAACTAACT-3,34.0,0.23141187017972628,,,0.21203187960198364,0.23517958103089368,0.32137666918739655
TATCCGGAGGCAGGTG-3,5.0,0.25007613426230707,,,0.2764713286099489,0.24316603374735998,0.23028650338038426
CCCAACCGTCAAGACC-2,23.0,0.0,0.0,0.0,0.0,0.0,1.0
CTGCAATAGGCCTTAG-2,26.0,0.3727573400734753,0.0,0.0,0.0,0.38524713971446883,0.2419955202120558
GAGCGGTCAATTGCGC-3,19.0,0.0,0.0,0.0,0.0,1.0,0.0
TTAAGTGTCCTAATTC-2,3.0,0.0,0.0,0.0,1.0,0.0,0.0
TGGATTGGTGATTTGG-3,24.0,0.21845905187174444,,,0.2480843926368116,0.19755649681913243,0.33590005867231154
TGGTGCATCGATAACC-3,33.0,1.0,0.0,0.0,0.0,0.0,0.0
CCATAAATCCTCAGCT-3,20.0,0.255116509861887,,,0.11378520411624034,0.3739473542312623,0.25715093179061016
AGTAACCTCGCTAAGT-1,9.0,0.0,0.0,0.0,1.0,0.0,0.0
GCTTAGTAGGGTCTAT-3,26.0,0.3005755128437196,,,0.19364293997678975,0.3106467509625101,0.19513479621698074
TGCAATATCCGCACAA-1,17.0,0.0,0.0,0.0,1.0,0.0,0.0
TTTCAGTTCGCTAGCA-3,16.0,0.19281102196304184,,,0.24608965471250854,0.23107341591095565,0.33002590741349397
TCCGCCATCAGCTAAC-3,12.0,0.0,0.0,0.0,0.0,0.0,1.0
ACGCACGGTGTTGTAG-3,3.0,0.2510908928836586,,,0.23769248350866462,0.29944475183729763,0.2117718717703792
GGCAGGATCGCAAACT-3,21.0,0.36496857686394185,,,0.2425919314203312,0.14718681699163197,0.24525267472409484
GCAGGTTGTTAGGCTA-3,20.0,0.0,0.0,0.0,0.0,1.0,0.0
TTTCCGGGTAATGGCC-3,27.0,1.0,0.0,0.0,0.0,0.0,0.0
GGCTATTAGGAGCACG-1,9.0,1.0,0.0,0.0,0.0,0.0,0.0
GGGTTTCCAGCCGCTA-3,12.0,0.0,0.0,0.0,0.0,1.0,0.0
CTCGCTCCAAGGTGCA-1,2.0,0.0,0.0,0.0,1.0,0.0,0.0
CATGCGGGTTAAATGC-2,21.0,0.0,0.0,0.0,1.0,0.0,0.0
TATCGAGGTGCAACTA-2,25.0,1.0,0.0,0.0,0.0,0.0,0.0
GGCATGGAGGAACCGG-2,12.0,0.0,0.0,0.0,1.0,0.0,0.0
GTATTGCAGCTTACTT-2,16.0,0.0,0.0,0.0,0.0,0.0,1.0
GGTTATATCATGCAAC-1,25.0,0.0,0.0,0.0,1.0,0.0,0.0
GGCGCTAGTTGTGATG-2,21.0,0.0,0.0,0.0,1.0,0.0,0.0
CGCTACTTCCTTGCAC-3,12.0,1.0,0.0,0.0,0.0,0.0,0.0
TGTCCTTCAAGGTCCT-2,33.0,1.0,0.0,0.0,0.0,0.0,0.0
AGTGTGGCAATTGAGA-3,10.0,0.26490417044114983,,,0.1425309127782741,0.3402195170606928,0.2523453997198832
AACCTTGCACGTGCTG-2,18.0,0.0,0.0,0.0,1.0,0.0,0.0
TGCAATATCCTAATGA-2,3.0,0.0,0.0,0.0,0.0,0.0,1.0
GGCTTAAGTATTCGTC-3,5.0,0.25007613426230707,,,0.2764713286099489,0.24316603374735998,0.23028650338038426
GTAGCGCTCCTTAGTT-3,26.0,0.3005755128437196,,,0.19364293997678975,0.3106467509625101,0.19513479621698074
AATCCGTAGCAAGGGT-1,9.0,1.0,0.0,0.0,0.0,0.0,0.0
TTGCCCGTCGGTCAGC-2,2.0,0.21079074246169519,,,0.3110256879333526,0.2245883274521365,0.25359524215281576
CATCATAAGGCATTAC-3,1.0,0.2431277739439729,,,0.27520525106868904,0.22514867316661977,0.2565183018207184
GATCAGGCACCTCAGG-1,35.0,0.0,0.0,0.0,1.0,0.0,0.0
ATGAATGCAGCAAATA-3,35.0,0.2399263636153897,,,0.17564806529159285,0.22166609309080135,0.362759478002216
GACCTAGTCTGGCATG-3,24.0,0.21845905187174444,,,0.2480843926368116,0.19755649681913243,0.33590005867231154
CGGGCTTAGTTATCTC-2,30.0,0.0,0.0,0.0,0.584893684544589,0.0,0.415106315455411
GTGAACAAGAACAAGT-2,6.0,0.28619740144106137,,,0.20095345838278786,0.28595501190791156,0.2268941282682392
CACTAAGGTTACCGGG-1,2.0,0.0,0.0,0.0,1.0,0.0,0.0
GCTGTGCAGGCTGTCA-3,30.0,0.2305508875130836,,,0.30015485066475694,0.2562706347632869,0.21302362705887254
GCTAAGCGTTTGGCTT-3,2.0,0.21079074246169519,,,0.3110256879333526,0.2245883274521365,0.25359524215281576
ATGAATGCAAGATTCT-3,22.0,0.22299113408910365,0.0,0.0,0.2286831626631811,0.3006206801642622,0.24770502308345307
GGTCAGGAGCGTGCGT-3,6.0,1.0,0.0,0.0,0.0,0.0,0.0
CTTGGACCACCCACAG-1,24.0,0.0,0.0,0.0,1.0,0.0,0.0
GTGCAAGCAATGAATG-1,25.0,0.0,0.0,0.0,1.0,0.0,0.0
TAGGGTTTCACAGCCA-3,27.0,0.2659503422898086,,,0.3090767064839525,0.2252336567198111,0.1997392945064278
ACCACATAGGCCTTAG-1,4.0,0.0,0.0,0.0,1.0,0.0,0.0
GGATGTAAGGTAAGGC-3,5.0,1.0,0.0,0.0,0.0,0.0,0.0
GAGCCACTCATTATGG-2,33.0,0.0,0.0,0.0,0.0,0.0,1.0
GTTGCCCGTTACATCC-1,15.0,1.0,0.0,0.0,0.0,0.0,0.0
TCAACAATCTTGCAAA-3,1.0,0.2431277739439729,,,0.27520525106868904,0.22514867316661977,0.2565183018207184
GGTTTCTGTGGGTGAA-3,9.0,0.25657805136510725,,,0.19608879238864382,0.26842478255731234,0.2789083736889367
CTAGCGGGTTTACTTG-1,31.0,0.0,0.0,0.0,1.0,0.0,0.0
AATAGAGGTGTGCACG-1,21.0,0.0,0.0,0.0,1.0,0.0,0.0
ACTAACGGTAGCCTAA-2,16.0,0.0,0.0,0.0,0.0,0.0,1.0
TACCAGGTCCAGGGAG-2,4.0,0.2789549502429366,0.0,0.0,0.1885732419812842,0.21961014244052887,0.31286166533525034
TAGCTTAAGCCTTAAA-1,31.0,0.0,0.0,0.0,1.0,0.0,0.0
ACCAAGTTCAATGTGC-2,34.0,0.0,0.0,0.0,0.0,0.0,1.0
TAGTCAATCTCACTAT-3,10.0,1.0,0.0,0.0,0.0,0.0,0.0
CAAGTAACAGGCTTCG-2,24.0,0.0,0.0,0.0,0.0,0.0,1.0
TTAGCAATCGCTTGCT-2,21.0,0.0,0.0,0.0,0.0,0.0,1.0
TGATTGCAGCCTAATA-1,1.0,0.0,0.0,0.0,1.0,0.0,0.0
GCTAATATCATGCATA-2,30.0,0.0,0.0,0.0,1.0,0.0,0.0
AGCCTGGGTCAAGTGC-3,10.0,0.26490417044114983,,,0.1425309127782741,0.3402195170606928,0.2523453997198832
GCATATATCCTAAATG-1,36.0,0.0,0.0,0.0,0.0,0.0,1.0
CATTATGAGGCCATCA-1,6.0,1.0,0.0,0.0,0.0,0.0,0.0
GTTCGCTTCTCGCCCA-2,8.0,0.0,0.0,0.0,1.0,0.0,0.0
TTGGGTTAGGTCTTGG-3,4.0,0.2789549502429366,,,0.1885732419812842,0.21961014244052887,0.31286166533525034
GTTTGTAAGCAAACCT-2,7.0,0.0,0.0,0.0,1.0,0.0,0.0
AACTCACAGGATCCGC-2,27.0,0.2659503422898086,0.0,0.0,0.3090767064839525,0.2252336567198111,0.1997392945064278
AAATGCCTCAATCTAG-1,15.0,0.0,0.0,0.0,1.0,0.0,0.0
ATTTGCGCATAAGGAC-3,3.0,0.2510908928836586,0.0,0.0,0.23769248350866462,0.29944475183729763,0.2117718717703792
CAAGGTTTCCGCAAAT-2,3.0,0.0,0.0,0.0,1.0,0.0,0.0
TCCAGGATCAGCCAAT-3,4.0,0.2789549502429366,,,0.1885732419812842,0.21961014244052887,0.31286166533525034
GCTTTGTGTTGCGGAT-2,25.0,0.25294349983189635,0.0,0.0,0.22563202807869934,0.20762681900387653,0.31379765308552765
GGTTTGTAGTAAGTCC-3,31.0,0.24483511612846504,,,0.34550975661796685,0.2764681959007302,0.13318693135283804
AACCTAATCACGCATG-2,16.0,1.0,0.0,0.0,0.0,0.0,0.0
GCACTAAGTGGAAGGC-3,12.0,0.22393288850727908,,,0.21148179656914845,0.3491266157595441,0.21545869916402838
CTCCAAACAGGTTAAA-2,4.0,0.0,0.0,0.0,0.0,0.0,1.0
CCAAACTAGGCGCTAC-1,12.0,0.0,0.0,0.0,1.0,0.0,0.0
CATAAGCTCCGCTAGA-2,33.0,0.0,0.0,0.0,0.0,0.0,1.0
TGGACCGGTAAGGTCC-1,5.0,0.0,0.0,0.0,1.0,0.0,0.0
ACTCGCGCAATGCCTA-1,1.0,0.0,0.0,0.0,1.0,0.0,0.0
CTTTGGGAGCGCTCAA-1,16.0,0.0,0.0,0.0,1.0,0.0,0.0
TGATCGAGTGCTCCGT-2,17.0,0.28041555117654665,0.0,0.0,0.21377517180417943,0.21373583317818393,0.29207344384108996
CATGCGGGTACAAAGA-3,26.0,1.0,0.0,0.0,0.0,0.0,0.0
CTTTAGTTCGTTATCT-1,13.0,1.0,0.0,0.0,0.0,0.0,0.0
ATTGCACAGCCTGTTC-2,5.0,0.0,0.0,0.0,0.0,0.0,1.0
TCCTCAATCAATCTAG-1,27.0,1.0,0.0,0.0,0.0,0.0,0.0
CCTTAACGTCCGTAGG-3,3.0,0.0,0.0,0.0,0.0,1.0,0.0
CACCAACCATTTGCTC-2,23.0,0.0,0.0,0.0,0.0,0.0,1.0
AATTGTGTCATGTGGT-1,12.0,0.0,0.0,0.0,0.0,0.0,1.0
CGTCCTAGTGATTACG-3,26.0,1.0,0.0,0.0,0.0,0.0,0.0
TGTGGCTCAATTGACT-3,37.0,0.15830411656991292,,,0.21353305020503288,0.2890839998065646,0.33907883341848966
GTCCAAGTCTTAATGG-3,1.0,1.0,0.0,0.0,0.0,0.0,0.0
TCGTTAAAGGTTTGCG-2,15.0,0.0,0.0,0.0,1.0,0.0,0.0
GCTAGCGGTAACCTAG-2,4.0,0.2789549502429366,,,0.1885732419812842,0.21961014244052887,0.31286166533525034
TTCGCAACACATACTG-2,10.0,1.0,0.0,0.0,0.0,0.0,0.0
AACCGCTCACTCAACA-2,11.0,1.0,0.0,0.0,0.0,0.0,0.0
GGACTAAAGGCTGTGC-3,32.0,0.23501474983514806,0.0,0.0,0.36169219852304807,0.23220664506324848,0.1710864065785554
ATTACCGCATCGTTCT-2,18.0,0.23638071763888321,,,0.28964209218552694,0.2590708442645409,0.21490634591104896
CTACCTCAGTTTGAGC-3,10.0,1.0,0.0,0.0,0.0,0.0,0.0
TAGTTTGAGCAAGATG-2,18.0,0.0,0.0,0.0,1.0,0.0,0.0
CAGCTAAGTAACGAGG-3,28.0,0.24355764626440804,,,0.2713230524219713,0.21916108471229478,0.2659582166013259
TGATCGAGTTAATGAC-3,14.0,0.0,0.0,0.0,0.0,1.0,0.0
AATCATGTCTAAATCG-1,11.0,1.0,0.0,0.0,0.0,0.0,0.0
CATCGCTTCCCGTTTA-2,29.0,0.0,0.0,0.0,1.0,0.0,0.0
TCAAGGAAGGCACAGG-2,12.0,0.0,0.0,0.0,1.0,0.0,0.0
GGGTATTTCACGTTAA-3,17.0,1.0,0.0,0.0,0.0,0.0,0.0
ACCGGTTCACTTACAG-3,25.0,0.25294349983189635,,,0.22563202807869934,0.20762681900387653,0.31379765308552765
GTGCATTAGACTTATG-2,3.0,0.0,0.0,0.0,1.0,0.0,0.0
TGCCTGTTCGATTCTT-1,11.0,0.0,0.0,0.0,1.0,0.0,0.0
GGGCTAACATTGTGGC-3,23.0,0.0,0.0,0.0,0.0,0.0,1.0
AAGCGCTGTCCGTAGG-3,25.0,0.32664509510163875,0.0,0.0,0.0,0.2681242336104492,0.40523067128791207
GTAATAGCAGTAGGAT-2,37.0,0.0,0.0,0.0,1.0,0.0,0.0
GTCATCCTCTTGAGCG-3,33.0,0.25254537146409556,,,0.23028304051452006,0.2665285948922042,0.25064299312918015
ACATAGCTCGGTCAGC-3,17.0,1.0,0.0,0.0,0.0,0.0,0.0
TGACTTAAGGTCAAAG-3,8.0,0.22347106138460127,,,0.25914442347718897,0.16517053432406306,0.3522139808141467
TAAGCTATCTGTAAGC-3,14.0,1.0,0.0,0.0,0.0,0.0,0.0
ACCAGCTCAATCATGT-2,15.0,0.0,0.0,0.0,0.7282229965156795,0.0,0.27177700348432055
GAGGCCTTCATGGTGT-1,1.0,0.0,0.0,0.0,1.0,0.0,0.0
CTTTAGTTCGATTTGA-2,8.0,0.22347106138460127,0.0,0.0,0.25914442347718897,0.16517053432406306,0.3522139808141467
GCCACACAGCCTGTGA-3,17.0,1.0,0.0,0.0,0.0,0.0,0.0
TACTGCACAACTAGGG-3,29.0,0.31074906515307005,,,0.233016360882147,0.22003051032240445,0.2362040636423785
CGTGTGTCAATTGAGA-2,14.0,0.0,0.0,0.0,0.0,0.0,1.0
ATTGAAGCAATCCTGA-1,20.0,1.0,0.0,0.0,0.0,0.0,0.0
CTTTATGGTGTTGTAG-2,7.0,0.0,0.0,0.0,1.0,0.0,0.0
TTGAGCTAGTTGTCAA-2,31.0,0.24483511612846504,,,0.34550975661796685,0.2764681959007302,0.13318693135283804
TGACTCCTCGCTAAGT-3,10.0,0.26490417044114983,,,0.1425309127782741,0.3402195170606928,0.2523453997198832
CCAGGAACAGCATGAG-3,17.0,0.0,0.0,0.0,0.0,0.0,1.0
CTTGAACAGACAACGA-3,3.0,0.0,0.0,0.0,0.0,1.0,0.0
TAACCGGTCCCATAAA-3,1.0,0.2431277739439729,,,0.27520525106868904,0.22514867316661977,0.2565183018207184
TTTAAGCCAAACGGGC-2,28.0,0.0,0.0,0.0,1.0,0.0,0.0
TAACAAGCACAATACT-3,13.0,0.2379245460670892,,,0.33034621848395457,0.2084468038321267,0.22328243161682945
GTCGGTTCAGCCGCTA-1,6.0,0.0,0.0,0.0,1.0,0.0,0.0
CGTGACATCATGAGCT-3,25.0,0.25294349983189635,,,0.22563202807869934,0.20762681900387653,0.31379765308552765
GGAGTGAGTTAGCGTA-3,23.0,0.2890753295347951,,,0.21326803108883835,0.2250748294409998,0.2725818099353668
AGCATTTCAACCTAAT-3,24.0,0.0,0.0,0.0,0.0,1.0,0.0
CAAGGCTGTACGCGCA-2,12.0,0.22393288850727908,0.0,0.0,0.21148179656914845,0.3491266157595441,0.21545869916402838
ACCCAACCACTCAACA-2,33.0,0.25254537146409556,,,0.23028304051452006,0.2665285948922042,0.25064299312918015
TAGGGTTTCACCAATA-1,1.0,0.0,0.0,0.0,1.0,0.0,0.0
GGATTATGTTAATGCG-3,34.0,1.0,0.0,0.0,0.0,0.0,0.0
TTTCAGTTCCTGAATA-2,30.0,0.0,0.0,0.0,1.0,0.0,0.0
CTGTTGGAGTAGCGCC-2,9.0,0.0,0.0,0.0,1.0,0.0,0.0
GACCTAAGTTAAGCGC-2,8.0,0.0,0.0,0.0,1.0,0.0,0.0
CTGTTCATCCTGTTCA-1,7.0,0.0,0.0,0.0,1.0,0.0,0.0
CAATCTAAGCTTCCCG-3,12.0,1.0,0.0,0.0,0.0,0.0,0.0
CTGGTAAGTGCTAGAC-2,18.0,0.23638071763888321,0.0,0.0,0.28964209218552694,0.2590708442645409,0.21490634591104896
AAGTAGCCAATGAATG-1,13.0,0.0,0.0,0.0,1.0,0.0,0.0
TGTTGTGCATGTTTGG-3,4.0,0.2789549502429366,,,0.1885732419812842,0.21961014244052887,0.31286166533525034
GAGTGATCAATTGACT-2,26.0,0.0,0.0,0.0,0.0,0.0,1.0
GACTATTCACATGCTA-1,24.0,0.0,0.0,0.0,1.0,0.0,0.0
CGAGGCAAGCAGGCCT-2,5.0,0.0,0.0,0.0,0.0,0.0,1.0
GTTCATTTCAGCATTA-3,15.0,1.0,0.0,0.0,0.0,0.0,0.0
GTACCTTGTCCACAAA-2,8.0,0.301639170259685,0.0,0.0,0.0,0.22294565844977138,0.47541517129054367
AACATTGTCGGTTACG-3,3.0,1.0,0.0,0.0,0.0,0.0,0.0
CGCATTTGTTAGCCAA-3,6.0,0.28619740144106137,,,0.20095345838278786,0.28595501190791156,0.2268941282682392
ACGAAGTCACATACTG-2,15.0,0.0,0.0,0.0,1.0,0.0,0.0
TACTGGCCAACACCTA-2,38.0,0.0,0.0,0.0,1.0,0.0,0.0
CAATAAGCAGAAATTG-3,37.0,0.15830411656991292,,,0.21353305020503288,0.2890839998065646,0.33907883341848966
TCCGCCATCCCTCACG-3,15.0,1.0,0.0,0.0,0.0,0.0,0.0
GTCTAGCCAAACGCGA-3,26.0,1.0,0.0,0.0,0.0,0.0,0.0
CTACCGGCAGGTTCAC-1,24.0,0.0,0.0,0.0,1.0,0.0,0.0
GGCCATCAGTGCACGC-1,11.0,0.0,0.0,0.0,1.0,0.0,0.0
TGGCCTTTCACAGCGC-1,9.0,0.0,0.0,0.0,1.0,0.0,0.0
GTAGGATCAAGGTGGC-2,6.0,1.0,0.0,0.0,0.0,0.0,0.0
GTAAGCAAGTTGCGTG-3,5.0,0.0,0.0,0.0,0.0,1.0,0.0
TATCGCACAGCAATAA-3,6.0,0.0,0.0,0.0,0.0,0.0,1.0
TCCTCAATCATTTGCT-3,11.0,0.26017380928088074,,,0.3107460265472086,0.2228172513789396,0.20626291279297101
AAACCGCGTAGGATTT-2,20.0,0.0,0.0,0.0,0.0,0.0,1.0
TTCCCGCCAATAAGCA-3,9.0,0.25657805136510725,,,0.19608879238864382,0.26842478255731234,0.2789083736889367
CCTATTGTCCAGGTTG-3,17.0,0.0,0.0,0.0,0.0,1.0,0.0
TCATTGTTCTTAGCCC-1,25.0,0.0,0.0,0.0,1.0,0.0,0.0
TCTCACCAGGCGTAAA-1,33.0,0.0,0.0,0.0,1.0,0.0,0.0
CTAACCCTCGCTATAA-3,6.0,0.28619740144106137,,,0.20095345838278786,0.28595501190791156,0.2268941282682392
CAGGTTAGTTGAGCCG-2,35.0,0.0,0.0,0.0,1.0,0.0,0.0
CGCTAACCAAGGTACG-3,1.0,0.2431277739439729,,,0.27520525106868904,0.22514867316661977,0.2565183018207184
GCAAACCGTGCGCATG-2,6.0,0.0,0.0,0.0,0.46968468364108146,0.0,0.5303153163589185
TGTGCTGAGCACCACA-2,34.0,0.0,0.0,0.0,0.0,0.0,1.0
GTTGTTGCAATGCGCT-2,20.0,1.0,0.0,0.0,0.0,0.0,0.0
ACGCACGGTTAACAGT-1,4.0,0.0,0.0,0.0,0.0,0.0,1.0
AAACCGCGTCCTTAGT-3,15.0,0.25404889456095253,,,0.3994002521455771,0.19749238598555172,0.14905846730791872
AACGCTAGTGTGCACG-3,29.0,0.31074906515307005,,,0.233016360882147,0.22003051032240445,0.2362040636423785
CGGGTATGTAGGTTTG-3,8.0,1.0,0.0,0.0,0.0,0.0,0.0
GTTTGTTTCACGCATG-2,3.0,0.0,0.0,0.0,0.0,0.0,1.0
GCTCACAAGTCTCACC-3,36.0,0.2461747580345537,,,0.1850283944180879,0.27103139859455855,0.2977654489527998
TTATCCGTCTAGCGAT-1,5.0,0.0,0.0,0.0,1.0,0.0,0.0
GACCTAAGTTACATCC-2,12.0,0.0,0.0,0.0,0.0,0.0,1.0
CGATCCTTCTCCTCAA-1,2.0,0.0,0.0,0.0,1.0,0.0,0.0
CGGTTATAGTATTGGC-1,1.0,1.0,0.0,0.0,0.0,0.0,0.0
GCTTATCGTTTATCTG-1,6.0,0.0,0.0,0.0,1.0,0.0,0.0
ATGTAACGTAGTTGGC-3,26.0,1.0,0.0,0.0,0.0,0.0,0.0
ACAGCGCTCATGTTTC-2,26.0,0.0,0.0,0.0,1.0,0.0,0.0
TACAAGCTCCAACTGG-3,16.0,1.0,0.0,0.0,0.0,0.0,0.0
GCTGCATCACAATTAC-3,29.0,1.0,0.0,0.0,0.0,0.0,0.0
ATGTTTGAGAGAAGGG-1,12.0,0.0,0.0,0.0,1.0,0.0,0.0
ACAGCCGGTATTGTGG-1,5.0,1.0,0.0,0.0,0.0,0.0,0.0
ATATGCTCACCAGCAT-3,2.0,0.0,0.0,0.0,0.0,1.0,0.0
TCCTTCAAGACAACAG-1,12.0,0.0,0.0,0.0,1.0,0.0,0.0
CAATCCTGTGCATCGG-2,13.0,0.0,0.0,0.0,1.0,0.0,0.0
ACAGCCGGTTTCCTCC-1,19.0,0.0,0.0,0.0,1.0,0.0,0.0
GCGCTAGGTGATCAGC-2,17.0,1.0,0.0,0.0,0.0,0.0,0.0
CTTACCTCATTGGGAG-2,12.0,0.0,0.0,0.0,0.0,1.0,0.0
CCGATGCAGGGACTAA-3,9.0,0.25657805136510725,,,0.19608879238864382,0.26842478255731234,0.2789083736889367
TGGACTAGTATTTGGG-2,18.0,0.0,0.0,0.0,1.0,0.0,0.0
CAAAGGATCATGAAGG-2,15.0,0.25404889456095253,,,0.3994002521455771,0.19749238598555172,0.14905846730791872
ATCACCCTCTTGAGGT-3,5.0,0.25007613426230707,,,0.2764713286099489,0.24316603374735998,0.23028650338038426
GAGTCAAAGTAAGTCC-3,18.0,0.23638071763888321,0.0,0.0,0.28964209218552694,0.2590708442645409,0.21490634591104896
GTATTCAAGGGTTATC-3,30.0,0.2305508875130836,,,0.30015485066475694,0.2562706347632869,0.21302362705887254
CTTACCTCACTTCATC-1,3.0,0.0,0.0,0.0,1.0,0.0,0.0
ATGTGAGAGCCACAAT-2,4.0,0.0,0.0,0.0,0.0,0.0,1.0
GTTAATGTCAAGCTTA-2,9.0,0.3191621772850661,0.0,0.0,0.0,0.33389854503319716,0.34693927768173677
GTATGTTCAAAGCTAA-2,35.0,0.2399263636153897,0.0,0.0,0.17564806529159285,0.22166609309080135,0.362759478002216
ACCCAGGGTGAGCAAG-2,25.0,0.0,0.0,0.0,1.0,0.0,0.0
CTCTATGTCATGACCG-1,36.0,0.0,0.0,0.0,1.0,0.0,0.0
GTTACCTGTGTGAGGA-2,6.0,1.0,0.0,0.0,0.0,0.0,0.0
ATTGCAGGTAATCCCT-3,21.0,0.36496857686394185,,,0.2425919314203312,0.14718681699163197,0.24525267472409484
CGAGCGAAGGATTTGC-3,18.0,0.0,0.0,0.0,0.0,1.0,0.0
TTGCTTAGTCCCGGAA-3,37.0,0.15830411656991292,,,0.21353305020503288,0.2890839998065646,0.33907883341848966
GAGCTTGTCGTTAACA-2,32.0,1.0,0.0,0.0,0.0,0.0,0.0
TAAACAGCAGCTCATA-3,19.0,0.28880190709864184,0.0,0.0,0.19477936981053914,0.2980900086334725,0.21832871445734645
TCCTCACAGCTTCCCG-3,5.0,0.25007613426230707,,,0.2764713286099489,0.24316603374735998,0.23028650338038426
TCTAGCGAGTGTTGTA-3,13.0,0.2379245460670892,,,0.33034621848395457,0.2084468038321267,0.22328243161682945
GTACTTAAGACAACAG-2,23.0,0.0,0.0,0.0,1.0,0.0,0.0
TTGTTGCGTGCTGTAA-1,16.0,0.0,0.0,0.0,1.0,0.0,0.0
GTCATGAGTGTTTCAC-1,24.0,0.0,0.0,0.0,0.0,0.0,1.0
CGTGCTTTCGGTCAGC-3,33.0,1.0,0.0,0.0,0.0,0.0,0.0
TTGGAGGCAGCAACCT-3,19.0,0.28880190709864184,,,0.19477936981053914,0.2980900086334725,0.21832871445734645
TGGTGCATCAAGCGCC-1,20.0,0.0,0.0,0.0,0.0,0.0,1.0
TAGGAGTCATAACGGG-2,4.0,1.0,0.0,0.0,0.0,0.0,0.0
GTGTGAGCAGGCTAGA-1,12.0,0.0,0.0,0.0,1.0,0.0,0.0
TACCTGCTCCCTCAGT-1,2.0,0.0,0.0,0.0,1.0,0.0,0.0
ACCGGTTCAAACGCGA-2,4.0,0.0,0.0,0.0,1.0,0.0,0.0
GGATGGCCATTAAACC-3,19.0,0.28880190709864184,,,0.19477936981053914,0.2980900086334725,0.21832871445734645
CTACCTCAGCTTAGTA-2,34.0,0.0,0.0,0.0,0.0,0.0,1.0
TGAACAACAAAGGCCA-3,35.0,0.2399263636153897,,,0.17564806529159285,0.22166609309080135,0.362759478002216
CCTCAGTTCAAGTGAG-1,7.0,0.0,0.0,0.0,1.0,0.0,0.0
CTAACCTGTAAGCACC-1,33.0,0.0,0.0,0.0,1.0,0.0,0.0
GTGTGCGGTATTGCAG-3,31.0,0.0,0.0,0.0,0.0,1.0,0.0
CTCGTTATCTTAGTGA-3,30.0,0.2305508875130836,,,0.30015485066475694,0.2562706347632869,0.21302362705887254
CGTGAGGAGGTGAAAT-2,34.0,0.0,0.0,0.0,1.0,0.0,0.0
GCTTTATTCACGCGGT-3,29.0,0.31074906515307005,,,0.233016360882147,0.22003051032240445,0.2362040636423785
AGCTATATCTCACACC-1,28.0,0.0,0.0,0.0,1.0,0.0,0.0
CCCTTAATCTACCTGC-2,32.0,0.23501474983514806,0.0,0.0,0.36169219852304807,0.23220664506324848,0.1710864065785554
CGCACAATCTTGCAGG-3,2.0,0.21079074246169519,,,0.3110256879333526,0.2245883274521365,0.25359524215281576
GATCACTAGTTCCTCA-3,17.0,1.0,0.0,0.0,0.0,0.0,0.0
ACTTGAATCTTGCTAT-1,36.0,1.0,0.0,0.0,0.0,0.0,0.0
TGGATTCAGGCCCAGT-1,31.0,0.0,0.0,0.0,1.0,0.0,0.0
AGTAACACACTAGGTC-2,2.0,0.0,0.0,0.0,0.5508575246863168,0.0,0.4491424753136833
GCTTGTTGTCATTGTC-3,15.0,0.25404889456095253,,,0.3994002521455771,0.19749238598555172,0.14905846730791872
CCCAAATAGGCATGTT-1,17.0,0.0,0.0,0.0,1.0,0.0,0.0
AATGGCGCACTAAGTT-3,15.0,1.0,0.0,0.0,0.0,0.0,0.0
TAATGGACAGGAACCA-3,25.0,0.0,0.0,0.0,0.0,1.0,0.0
CAACTAATCAGGAAGC-3,2.0,0.21079074246169519,,,0.3110256879333526,0.2245883274521365,0.25359524215281576
TACAGCTAGTATTGCA-3,20.0,0.255116509861887,,,0.11378520411624034,0.3739473542312623,0.25715093179061016
TTGGCTGAGCTTAGCG-2,15.0,0.0,0.0,0.0,1.0,0.0,0.0
AGTTGTCAGGTCCAAT-2,15.0,0.0,0.0,0.0,1.0,0.0,0.0
TCCCGGACAAACGGGC-1,28.0,0.0,0.0,0.0,1.0,0.0,0.0
GAGGTACAGAACAAGT-3,26.0,0.3005755128437196,0.0,0.0,0.19364293997678975,0.3106467509625101,0.19513479621698074
TCAAGACTCCTAATTC-2,36.0,1.0,0.0,0.0,0.0,0.0,0.0
AGTCAATGTAGGATCC-3,25.0,0.25294349983189635,,,0.22563202807869934,0.20762681900387653,0.31379765308552765
ATGAGCCGTTCACCAT-3,15.0,0.25404889456095253,,,0.3994002521455771,0.19749238598555172,0.14905846730791872
TACGGATTCTATTGTC-3,10.0,0.26490417044114983,,,0.1425309127782741,0.3402195170606928,0.2523453997198832
TCAATCGCACCTAATG-3,1.0,0.0,0.0,0.0,0.0,1.0,0.0
CGTCAATAGTCCTTCA-3,7.0,0.23707317196827163,,,0.3805360488007793,0.2041805565917011,0.17821022263924788
AAATGCCTCTTGACCC-1,26.0,0.0,0.0,0.0,1.0,0.0,0.0
CCTCAAACATTGCAGC-3,9.0,0.25657805136510725,,,0.19608879238864382,0.26842478255731234,0.2789083736889367
GCTGATCCACACTAAT-1,17.0,0.0,0.0,0.0,1.0,0.0,0.0
AACCTCACACTCGCTC-3,4.0,1.0,0.0,0.0,0.0,0.0,0.0
AACAGGATCGGTTTGG-2,14.0,0.0,0.0,0.0,1.0,0.0,0.0
TGCTCTCAGCCTAATA-2,15.0,0.0,0.0,0.0,0.0,0.0,1.0
TAACCAGGTTAGCCAA-3,5.0,1.0,0.0,0.0,0.0,0.0,0.0
CAACAGGCAATTAAGG-1,37.0,0.0,0.0,0.0,0.0,0.0,1.0
GAAAGCCAGACACTTA-3,7.0,0.23707317196827163,,,0.3805360488007793,0.2041805565917011,0.17821022263924788
GCAGCTATCAATAGCC-3,34.0,1.0,0.0,0.0,0.0,0.0,0.0
GAAGGCCCAACTGGCT-2,4.0,0.0,0.0,0.0,1.0,0.0,0.0
AAGCGTTTCCGTCCAT-3,8.0,0.22347106138460127,,,0.25914442347718897,0.16517053432406306,0.3522139808141467
ATGCAAACAGCTTAGC-3,1.0,0.2431277739439729,,,0.27520525106868904,0.22514867316661977,0.2565183018207184
CACGCAATCTAACCTT-1,32.0,0.0,0.0,0.0,1.0,0.0,0.0
GGCCTAATCCATCAGG-2,8.0,0.0,0.0,0.0,0.423882981992502,0.0,0.576117018007498
AGAATCTGTAGCTGGT-2,13.0,0.0,0.0,0.0,1.0,0.0,0.0
GAGTGATCAAATACCT-3,25.0,0.25294349983189635,,,0.22563202807869934,0.20762681900387653,0.31379765308552765
GGGTCAACAATAACCT-2,22.0,0.22299113408910365,0.0,0.0,0.2286831626631811,0.3006206801642622,0.24770502308345307
TAGGGTTTCCACCTGT-2,31.0,0.0,0.0,0.0,1.0,0.0,0.0
TGTGCTGAGTATCGCG-2,11.0,0.26017380928088074,0.0,0.0,0.3107460265472086,0.2228172513789396,0.20626291279297101
ACTAACTCAAATATCC-3,1.0,0.0,0.0,0.0,0.0,1.0,0.0
TGCTTGCTCAGGTCCA-3,5.0,0.0,0.0,0.0,0.0,0.0,1.0
AGTGATGAGCAAGGGT-2,21.0,0.0,0.0,0.0,0.0,0.0,1.0
AGTAAACAGTATTGTG-1,5.0,0.0,0.0,0.0,0.0,0.0,1.0
TGAGGAGGTAGGTTAT-2,1.0,0.0,0.0,0.0,0.0,0.0,1.0
GGTCGGTTCAAGCGCC-1,15.0,0.0,0.0,0.0,1.0,0.0,0.0
GAGTAATAGATGGAGC-3,32.0,1.0,0.0,0.0,0.0,0.0,0.0
TCCTAGTGTGAGCACT-3,2.0,1.0,0.0,0.0,0.0,0.0,0.0
CCTTGCGTCAATCTCT-1,23.0,0.0,0.0,0.0,1.0,0.0,0.0
CAACTAGGTTATCCGT-3,1.0,0.2431277739439729,,,0.27520525106868904,0.22514867316661977,0.2565183018207184
GAGGCTACATCGCTTT-1,22.0,0.0,0.0,0.0,0.0,0.0,1.0
TTATCCTAGCTCCTTA-1,10.0,0.0,0.0,0.0,1.0,0.0,0.0
ATATGCTCATCGTTCT-2,2.0,0.0,0.0,0.0,1.0,0.0,0.0
CCCTGGACACTGACCG-3,7.0,0.23707317196827163,,,0.3805360488007793,0.2041805565917011,0.17821022263924788
CGGTTTGAGTTGCGTG-3,34.0,0.23141187017972628,,,0.21203187960198364,0.23517958103089368,0.32137666918739655
GGTGCTTCATAGCTTG-3,28.0,0.24355764626440804,,,0.2713230524219713,0.21916108471229478,0.2659582166013259
TGCGATTAGCGAGTAA-3,15.0,0.25404889456095253,,,0.3994002521455771,0.19749238598555172,0.14905846730791872
GGTTACTAGCTATTAG-2,10.0,1.0,0.0,0.0,0.0,0.0,0.0
CCAACCCGTGGATTGC-2,26.0,0.0,0.0,0.0,0.0,0.0,1.0
GTCGAAGCAGGATGGC-1,9.0,0.0,0.0,0.0,0.0,0.0,1.0
TTGCAATCACAAAGAC-1,25.0,1.0,0.0,0.0,0.0,0.0,0.0
GTGCATTAGGTACCGC-3,11.0,0.26017380928088074,0.0,0.0,0.3107460265472086,0.2228172513789396,0.20626291279297101
GGATTTATCACCGGTA-2,20.0,0.255116509861887,0.0,0.0,0.11378520411624034,0.3739473542312623,0.25715093179061016
CTATGGCCAGCATGAG-2,20.0,0.255116509861887,0.0,0.0,0.11378520411624034,0.3739473542312623,0.25715093179061016
GATTGCAGTCATCCTG-3,28.0,0.24355764626440804,,,0.2713230524219713,0.21916108471229478,0.2659582166013259
GAGTTTGGTTCCTGTG-3,24.0,0.21845905187174444,,,0.2480843926368116,0.19755649681913243,0.33590005867231154
CGATATTCACAAGCCT-1,31.0,0.0,0.0,0.0,1.0,0.0,0.0
TGCAGGCTCCTAGTCC-3,5.0,0.0,0.0,0.0,0.0,1.0,0.0
CCATAAGGTAGCAGCT-2,23.0,0.0,0.0,0.0,1.0,0.0,0.0
GTTACGTAGCTAAGTC-2,2.0,0.21079074246169519,,,0.3110256879333526,0.2245883274521365,0.25359524215281576
TTTGTGAAGGCTGTCA-2,22.0,0.0,0.0,0.0,1.0,0.0,0.0
AGTGCGGAGCACAGCC-3,2.0,1.0,0.0,0.0,0.0,0.0,0.0
CATAGCTAGTACTGGT-2,31.0,0.0,0.0,0.0,0.7217717717717718,0.0,0.2782282282282282
TTATTGCTCCTGATTT-1,11.0,0.0,0.0,0.0,1.0,0.0,0.0
CCCAAACCAATATAGG-2,6.0,0.0,0.0,0.0,1.0,0.0,0.0
TATAGCCAGGTTACGT-1,1.0,0.0,0.0,0.0,1.0,0.0,0.0
ATAAGTCGTAGCTGCG-1,27.0,0.0,0.0,0.0,1.0,0.0,0.0
AGTCCTGAGTAACGAG-3,7.0,0.23707317196827163,,,0.3805360488007793,0.2041805565917011,0.17821022263924788
ATGGCCCAGCTGGCTA-2,38.0,0.0,0.0,0.0,0.44411389715257116,0.0,0.5558861028474288
CTGTTCATCCGCAAGC-3,8.0,0.22347106138460127,0.0,0.0,0.25914442347718897,0.16517053432406306,0.3522139808141467
GCAGCCAGTTAGCAGC-2,17.0,1.0,0.0,0.0,0.0,0.0,0.0
CGCTTAACATTAGCGC-2,6.0,0.0,0.0,0.0,0.0,0.0,1.0
ATTACCGCAAATGCCC-2,8.0,0.0,0.0,0.0,1.0,0.0,0.0
ATTACGTCACAGCCAT-3,4.0,0.2789549502429366,,,0.1885732419812842,0.21961014244052887,0.31286166533525034
TGCTTCCAGAATGACG-3,16.0,0.19281102196304184,,,0.24608965471250854,0.23107341591095565,0.33002590741349397
GATAATCGTCATCCTG-3,10.0,0.26490417044114983,,,0.1425309127782741,0.3402195170606928,0.2523453997198832
TCAGGTTAGACAAACG-1,25.0,0.0,0.0,0.0,1.0,0.0,0.0
AGGCAATCATCCTGAA-1,9.0,1.0,0.0,0.0,0.0,0.0,0.0
TCCACAACATGCTCCC-3,8.0,0.22347106138460127,,,0.25914442347718897,0.16517053432406306,0.3522139808141467
GCAAGTGCATCTTGAG-3,9.0,0.25657805136510725,,,0.19608879238864382,0.26842478255731234,0.2789083736889367
TAACCTAAGGCTGTGC-3,24.0,0.21845905187174444,,,0.2480843926368116,0.19755649681913243,0.33590005867231154
CGTGAGGAGGGTTATC-1,21.0,0.0,0.0,0.0,1.0,0.0,0.0
AGTGATGAGTGTTGTA-3,11.0,0.26017380928088074,,,0.3107460265472086,0.2228172513789396,0.20626291279297101
AGGATGCAGTAACCAC-2,11.0,0.26017380928088074,,,0.3107460265472086,0.2228172513789396,0.20626291279297101
GTGAGGAGTGTCCTGC-3,15.0,0.25404889456095253,0.0,0.0,0.3994002521455771,0.19749238598555172,0.14905846730791872
AGGTCAAAGGCGAAAC-1,17.0,0.0,0.0,0.0,1.0,0.0,0.0
CGAGGAAGTTTGTGGA-3,1.0,1.0,0.0,0.0,0.0,0.0,0.0
CGAGCTGGTTCGCTCA-3,27.0,1.0,0.0,0.0,0.0,0.0,0.0
GAGAACCAGGTTTACA-3,18.0,0.0,0.0,0.0,0.0,1.0,0.0
ACTGAAACAATCGCAC-1,24.0,0.0,0.0,0.0,1.0,0.0,0.0
GAGTAATAGTCCTTCA-3,24.0,0.21845905187174444,,,0.2480843926368116,0.19755649681913243,0.33590005867231154
TCAAGCTAGAACCTAC-3,11.0,0.0,0.0,0.0,0.0,1.0,0.0
AACGACAAGTTGCCTC-1,31.0,0.0,0.0,0.0,1.0,0.0,0.0
GCCTTTATCCTGGTGA-1,26.0,0.0,0.0,0.0,1.0,0.0,0.0
TTAAGTGTCGTTACTT-2,15.0,0.0,0.0,0.0,1.0,0.0,0.0
CAGGTTTAGCTTGCTC-2,36.0,0.2461747580345537,0.0,0.0,0.1850283944180879,0.27103139859455855,0.2977654489527998
TGGACCGGTATACTGG-3,20.0,0.255116509861887,,,0.11378520411624034,0.3739473542312623,0.25715093179061016
GTCAGGCTCGCCTGTT-3,27.0,0.2659503422898086,,,0.3090767064839525,0.2252336567198111,0.1997392945064278
AATGTCCAGACAACGA-1,32.0,1.0,0.0,0.0,0.0,0.0,0.0
AAAGGTTAGCGATAGA-3,20.0,0.0,0.0,0.0,0.0,1.0,0.0
ACAGGTAAGACACTTA-3,13.0,0.2379245460670892,,,0.33034621848395457,0.2084468038321267,0.22328243161682945
TCCTTCAAGGGCTTAT-3,1.0,0.2431277739439729,0.0,0.0,0.27520525106868904,0.22514867316661977,0.2565183018207184
GGTCGGTTCCGGTTAG-2,4.0,0.0,0.0,0.0,0.0,0.0,1.0
GAAACTGAGCCTGTTC-2,30.0,0.0,0.0,0.0,0.0,0.0,1.0
GGCAGGATCCTCGATC-3,2.0,0.21079074246169519,,,0.3110256879333526,0.2245883274521365,0.25359524215281576
AAGGTATAGGAACCAA-2,10.0,1.0,0.0,0.0,0.0,0.0,0.0
TGATGACTCGACAAAG-2,15.0,0.0,0.0,0.0,1.0,0.0,0.0
GTAAGCGCATAATCAC-2,19.0,0.0,0.0,0.0,0.47149735681336075,0.0,0.5285026431866393
CAAGACAAGCCTGTGA-1,17.0,0.0,0.0,0.0,1.0,0.0,0.0
CGACCTGCATCCGTAA-2,37.0,1.0,0.0,0.0,0.0,0.0,0.0
ATTCCTAGTATACTGG-2,7.0,0.0,0.0,0.0,1.0,0.0,0.0
GAACCAGCATTGTGCA-1,3.0,0.0,0.0,0.0,1.0,0.0,0.0
AGTGCCGGTGCATTAG-2,23.0,0.0,0.0,0.0,1.0,0.0,0.0
CTTACCGGTCAAGTGC-3,5.0,0.25007613426230707,,,0.2764713286099489,0.24316603374735998,0.23028650338038426
GTTGCGGGTGCTTTAC-3,33.0,1.0,0.0,0.0,0.0,0.0,0.0
GAGTGTTTCCTGTTCA-3,12.0,0.0,0.0,0.0,0.0,1.0,0.0
ATATGCATCTAGCGTG-1,1.0,0.0,0.0,0.0,1.0,0.0,0.0
AGCACAGCAGCAAGTG-2,6.0,0.28619740144106137,0.0,0.0,0.20095345838278786,0.28595501190791156,0.2268941282682392
GTCCAAGTCAAATCGC-3,34.0,0.0,0.0,0.0,0.0,1.0,0.0
GGCAATCGTTCGCGCT-3,15.0,1.0,0.0,0.0,0.0,0.0,0.0
AGGAACCAGCGTGCGT-3,23.0,0.2890753295347951,,,0.21326803108883835,0.2250748294409998,0.2725818099353668
TGTCAGTAGGTTTGCG-3,11.0,0.26017380928088074,,,0.3107460265472086,0.2228172513789396,0.20626291279297101
ACCTTGTGTTACGCGG-3,12.0,0.22393288850727908,,,0.21148179656914845,0.3491266157595441,0.21545869916402838
AATAGAGGTCTATCGT-3,10.0,0.0,0.0,0.0,0.0,1.0,0.0
TTATGACCAGTAGGAT-2,8.0,0.0,0.0,0.0,0.0,0.0,1.0
AGGACTAAGACTTATG-3,18.0,0.23638071763888321,,,0.28964209218552694,0.2590708442645409,0.21490634591104896
TAGGTTATCGGTCAGC-2,28.0,0.0,0.0,0.0,1.0,0.0,0.0
TACTGCACAGGATGGC-1,15.0,0.0,0.0,0.0,0.0,0.0,1.0
AATGCATGTCTTACTA-3,1.0,1.0,0.0,0.0,0.0,0.0,0.0
CCTTAACGTTGGCCGA-3,12.0,0.22393288850727908,,,0.21148179656914845,0.3491266157595441,0.21545869916402838
GAGCGGTCAAGGTATA-3,12.0,0.22393288850727908,0.0,0.0,0.21148179656914845,0.3491266157595441,0.21545869916402838
CAAAGTGAGGACTTAC-3,14.0,1.0,0.0,0.0,0.0,0.0,0.0
TAATTGCCATAATGTC-2,18.0,0.0,0.0,0.0,1.0,0.0,0.0
AATGTCCAGCAATAGG-3,8.0,0.22347106138460127,,,0.25914442347718897,0.16517053432406306,0.3522139808141467
CAATCGCCATGTTGCA-3,27.0,0.2659503422898086,,,0.3090767064839525,0.2252336567198111,0.1997392945064278
AATTGGGAGGATCCGC-3,9.0,0.25657805136510725,,,0.19608879238864382,0.26842478255731234,0.2789083736889367
CATATCGCACCTATAG-2,9.0,0.25657805136510725,0.0,0.0,0.19608879238864382,0.26842478255731234,0.2789083736889367
TGCTTTAGTCATGCAA-2,18.0,0.0,0.0,0.0,0.0,1.0,0.0
CTCACAACATAAACCT-3,10.0,0.26490417044114983,0.0,0.0,0.1425309127782741,0.3402195170606928,0.2523453997198832
GTGCATTAGCACAGCC-2,16.0,0.0,0.0,0.0,0.0,1.0,0.0
GGGTTTGTCACGTTAA-3,8.0,0.22347106138460127,,,0.25914442347718897,0.16517053432406306,0.3522139808141467
GACCTGATCGCTAGAT-1,15.0,1.0,0.0,0.0,0.0,0.0,0.0
GTTAACCAGTAGCGCC-1,35.0,0.0,0.0,0.0,1.0,0.0,0.0
CGAACCGGTTAGTGAT-3,11.0,0.26017380928088074,,,0.3107460265472086,0.2228172513789396,0.20626291279297101
AGGTGAATCTCAATAG-3,7.0,0.23707317196827163,,,0.3805360488007793,0.2041805565917011,0.17821022263924788
GGCTAGTGTTTCCGGC-1,11.0,0.0,0.0,0.0,1.0,0.0,0.0
TCATCCATCAAATCGC-3,14.0,0.0,0.0,0.0,0.0,1.0,0.0
TCAAGTATCACCATTT-1,11.0,0.0,0.0,0.0,1.0,0.0,0.0
CGAGCGAAGGGCTTTG-3,1.0,0.0,0.0,0.0,0.0,1.0,0.0
GCTAATATCCAATTAG-2,26.0,0.0,0.0,0.0,0.0,0.0,1.0
CTTCTAAGTAACCTAG-2,13.0,0.2379245460670892,,,0.33034621848395457,0.2084468038321267,0.22328243161682945
ACCCAGGGTCCCGAAG-3,26.0,1.0,0.0,0.0,0.0,0.0,0.0
GTGTAACTCGGTCATG-1,18.0,0.0,0.0,0.0,1.0,0.0,0.0
GTTACGCCATAATTGC-2,18.0,0.0,0.0,0.0,0.0,0.0,1.0
GAGGGAGCAAGTAAGC-3,38.0,0.19027885726034566,,,0.23574107619489226,0.2789089395946002,0.2950711269501618
GAGTATCTCGTTATAG-1,25.0,0.0,0.0,0.0,1.0,0.0,0.0
GTGCTCAAGCATTATG-3,32.0,1.0,0.0,0.0,0.0,0.0,0.0
TTCCTTGAGCTATGAC-3,4.0,0.0,0.0,0.0,0.0,1.0,0.0
GCGCAATGTGACATGC-3,4.0,1.0,0.0,0.0,0.0,0.0,0.0
GCTAGTGTCCGGGACT-1,24.0,0.0,0.0,0.0,1.0,0.0,0.0
TACAAGCTCTTAGTGA-2,1.0,0.0,0.0,0.0,0.0,0.0,1.0
ATCCCGCGTAACAGGG-3,3.0,0.0,0.0,0.0,0.0,1.0,0.0
GCCTCAAAGTGTTGCG-1,11.0,0.0,0.0,0.0,1.0,0.0,0.0
GTTACGCCATGTTGCA-3,23.0,0.2890753295347951,,,0.21326803108883835,0.2250748294409998,0.2725818099353668
GTCGGTTCAAAGCTCC-3,33.0,0.25254537146409556,,,0.23028304051452006,0.2665285948922042,0.25064299312918015
AGGTCCGGTAATAGCT-1,7.0,0.0,0.0,0.0,1.0,0.0,0.0
GGATTGCGTGCCGCAA-1,15.0,1.0,0.0,0.0,0.0,0.0,0.0
CGTAACTAGCTTTGTT-2,37.0,1.0,0.0,0.0,0.0,0.0,0.0
AAGAATCAGTCATTGA-3,31.0,1.0,0.0,0.0,0.0,0.0,0.0
GACCGAACAATAGTCT-3,23.0,0.2890753295347951,,,0.21326803108883835,0.2250748294409998,0.2725818099353668
TGAGCCGGTCCTTAGT-2,24.0,0.0,0.0,0.0,1.0,0.0,0.0
AGCCTCCGTACGTTTC-3,25.0,1.0,0.0,0.0,0.0,0.0,0.0
ATGCAGGCAGAACCGA-3,21.0,0.36496857686394185,,,0.2425919314203312,0.14718681699163197,0.24525267472409484
CGATCCTTCCTTAGTT-1,24.0,0.0,0.0,0.0,0.0,0.0,1.0
GCCACAATCAATGAGG-3,8.0,0.22347106138460127,,,0.25914442347718897,0.16517053432406306,0.3522139808141467
ACCTCACTCAAACACC-2,3.0,0.0,0.0,0.0,1.0,0.0,0.0
GCCTTAACAGGCTTGT-3,23.0,0.2890753295347951,,,0.21326803108883835,0.2250748294409998,0.2725818099353668
ACAACAGAGGAACCAA-2,21.0,0.0,0.0,0.0,0.0,1.0,0.0
GGCGATACAGCCTAAC-1,20.0,0.0,0.0,0.0,1.0,0.0,0.0
GCATGAGCAATCTCTC-2,33.0,1.0,0.0,0.0,0.0,0.0,0.0
ATTAGCGGTCCGTGAG-3,8.0,0.22347106138460127,0.0,0.0,0.25914442347718897,0.16517053432406306,0.3522139808141467
ACTAGGCGTTATTGCC-2,12.0,0.0,0.0,0.0,1.0,0.0,0.0
TATGAAGCATGCAACC-3,6.0,0.28619740144106137,,,0.20095345838278786,0.28595501190791156,0.2268941282682392
AAGTAGCCACAAGCCT-3,27.0,0.2659503422898086,,,0.3090767064839525,0.2252336567198111,0.1997392945064278
TGCCTGTTCCAGCACA-1,31.0,1.0,0.0,0.0,0.0,0.0,0.0
CATAACGGTGCCGCAA-2,5.0,1.0,0.0,0.0,0.0,0.0,0.0
ACAAAGGTCCCATAAA-2,25.0,0.0,0.0,0.0,0.0,0.0,1.0
TCGTGCTTCTCACACC-1,3.0,0.0,0.0,0.0,1.0,0.0,0.0
ACTGAAACATCCATCT-3,6.0,0.28619740144106137,,,0.20095345838278786,0.28595501190791156,0.2268941282682392
GTGCGCAGTTTACGTC-1,15.0,0.0,0.0,0.0,1.0,0.0,0.0
GCGATTAGTTACCGGG-2,14.0,0.0,0.0,0.0,0.0,0.0,1.0
TTGTAAGTCACAAGCT-2,22.0,1.0,0.0,0.0,0.0,0.0,0.0
GCTCTGGCAATTGCGC-3,6.0,0.28619740144106137,,,0.20095345838278786,0.28595501190791156,0.2268941282682392
ACCACATAGTATCGCG-2,25.0,0.25294349983189635,,,0.22563202807869934,0.20762681900387653,0.31379765308552765
AGGATCCGTCTCACTG-3,13.0,0.2379245460670892,,,0.33034621848395457,0.2084468038321267,0.22328243161682945
CGAGCTGGTCACCTAT-1,16.0,0.0,0.0,0.0,1.0,0.0,0.0
TCCTCACAGTTGGCCA-2,10.0,1.0,0.0,0.0,0.0,0.0,0.0
CCGCAAATCCTCATGC-2,8.0,1.0,0.0,0.0,0.0,0.0,0.0
ATCCTGACAGTTTGTG-2,14.0,0.0,0.0,0.0,1.0,0.0,0.0
GTTCTTAGTTTGGTTC-1,6.0,0.0,0.0,0.0,0.0,0.0,1.0
CTCATCATCTGGTCCT-3,31.0,0.24483511612846504,,,0.34550975661796685,0.2764681959007302,0.13318693135283804
AGCTACGTCAGGCTAT-2,6.0,0.0,0.0,0.0,0.0,0.0,1.0
AATCATCCAACACTTG-3,34.0,1.0,0.0,0.0,0.0,0.0,0.0
ATCGAGGCATGCTCCC-1,28.0,0.0,0.0,0.0,0.0,0.0,1.0
GTCGAAGCAAGGTACG-3,14.0,1.0,0.0,0.0,0.0,0.0,0.0
ACATCAATCACCAATA-2,4.0,0.0,0.0,0.0,0.0,0.0,1.0
TGTGGCGGTAAACAAG-1,11.0,0.0,0.0,0.0,1.0,0.0,0.0
ACTTATCTCAATCATG-3,1.0,0.2431277739439729,,,0.27520525106868904,0.22514867316661977,0.2565183018207184
CGAGTCGGTGCTAGCG-2,31.0,0.0,0.0,0.0,1.0,0.0,0.0
CGCATTACATAAGTCT-2,33.0,1.0,0.0,0.0,0.0,0.0,0.0
GTCGGTTCAATAAGCA-3,3.0,0.2510908928836586,,,0.23769248350866462,0.29944475183729763,0.2117718717703792
GTCGGTTCACGAATTT-3,5.0,0.0,0.0,0.0,0.0,1.0,0.0
CGTAACTAGTCAATTG-2,36.0,0.2461747580345537,0.0,0.0,0.1850283944180879,0.27103139859455855,0.2977654489527998
TTTGTGTTCTACTAAG-1,35.0,0.0,0.0,0.0,1.0,0.0,0.0
AATCATGTCCCGAACA-2,17.0,1.0,0.0,0.0,0.0,0.0,0.0
CATAGACTCATCCACC-3,20.0,0.255116509861887,,,0.11378520411624034,0.3739473542312623,0.25715093179061016
GGACCGAAGTCAGTAC-1,31.0,0.0,0.0,0.0,1.0,0.0,0.0
TTTCTTGCAGGGAGGA-2,2.0,0.21079074246169519,0.0,0.0,0.3110256879333526,0.2245883274521365,0.25359524215281576
GTAGGATCACAAAGGT-1,10.0,0.0,0.0,0.0,1.0,0.0,0.0
GACCTGCAGCTTTGGG-2,26.0,0.0,0.0,0.0,0.0,0.0,1.0
GCAAGTCGTAACTACG-3,3.0,0.2510908928836586,,,0.23769248350866462,0.29944475183729763,0.2117718717703792
CCCTAATGTTATCCGT-1,2.0,0.0,0.0,0.0,1.0,0.0,0.0
CTCACAACAGTGAACG-3,3.0,0.2510908928836586,,,0.23769248350866462,0.29944475183729763,0.2117718717703792
CTGACCAAGGATGATG-1,3.0,0.0,0.0,0.0,1.0,0.0,0.0
CATGCGCAGCGCCTAA-3,24.0,0.0,0.0,0.0,0.0,0.0,1.0
ATTAACCCAAGCTACC-3,22.0,0.0,0.0,0.0,0.0,1.0,0.0
CTATTCAGTCACAGAC-2,10.0,0.0,0.0,0.0,0.36095077943916737,0.0,0.6390492205608327
AATCCATCACCTGGTG-3,6.0,0.28619740144106137,,,0.20095345838278786,0.28595501190791156,0.2268941282682392
TAGTCAATCGGGATTT-3,31.0,1.0,0.0,0.0,0.0,0.0,0.0
CATCATAAGCCAAATC-3,15.0,1.0,0.0,0.0,0.0,0.0,0.0
TGTGGAGCAAGGAATC-3,14.0,0.25490642483705084,,,0.203860627012991,0.27543380527416844,0.2657991428757897
GCCTTACTCTTAGCGG-1,9.0,0.0,0.0,0.0,1.0,0.0,0.0
GTTAACGGTCATTGTC-3,34.0,1.0,0.0,0.0,0.0,0.0,0.0
ACCCTCCCACTGACTA-1,7.0,0.0,0.0,0.0,1.0,0.0,0.0
TAGTACGGTTTGCGCC-3,17.0,0.28041555117654665,,,0.21377517180417943,0.21373583317818393,0.29207344384108996
CGAACCGGTTAGCGTA-2,16.0,0.25574794558564723,0.0,0.0,0.0,0.3064998608327089,0.43775219358164397
GTTGTTGCACATAACT-2,17.0,0.0,0.0,0.0,1.0,0.0,0.0
AACCTCACAGCTCAAC-3,25.0,0.25294349983189635,,,0.22563202807869934,0.20762681900387653,0.31379765308552765
GTAGGTGCATTGGGAG-1,23.0,0.0,0.0,0.0,1.0,0.0,0.0
TTGGGTTAGCAAGATG-2,17.0,1.0,0.0,0.0,0.0,0.0,0.0
TTTGTGTTCCCTGACT-3,22.0,0.22299113408910365,,,0.2286831626631811,0.3006206801642622,0.24770502308345307
CCGCTAGCACCAAAGG-2,18.0,0.0,0.0,0.0,1.0,0.0,0.0
GGCCAACTCGCTAGAT-2,7.0,0.23707317196827163,,,0.3805360488007793,0.2041805565917011,0.17821022263924788
TGGGCATGTCAGTAAT-3,6.0,0.28619740144106137,,,0.20095345838278786,0.28595501190791156,0.2268941282682392
CAATGTGGTGTTTCAC-3,3.0,0.2510908928836586,,,0.23769248350866462,0.29944475183729763,0.2117718717703792
AAATGCCTCACTAATG-3,15.0,0.25404889456095253,0.0,0.0,0.3994002521455771,0.19749238598555172,0.14905846730791872
ATTCCTAGTCATGCAA-3,16.0,0.19281102196304184,,,0.24608965471250854,0.23107341591095565,0.33002590741349397
GTTAGGCGTCGCAAAC-2,6.0,0.0,0.0,0.0,1.0,0.0,0.0
ATGAAGCCAGGAAGCC-3,3.0,0.2510908928836586,,,0.23769248350866462,0.29944475183729763,0.2117718717703792
AATTGGGAGGCATTGT-3,26.0,0.3005755128437196,,,0.19364293997678975,0.3106467509625101,0.19513479621698074
GTTACTCGTGTTCCCA-3,3.0,1.0,0.0,0.0,0.0,0.0,0.0
CGCCTGTGTGAGGTGA-1,31.0,0.0,0.0,0.0,1.0,0.0,0.0
CCTCAATGTTTGGGCG-3,11.0,0.26017380928088074,,,0.3107460265472086,0.2228172513789396,0.20626291279297101
TAGGAGTCACAATTAC-2,9.0,1.0,0.0,0.0,0.0,0.0,0.0
CCGCAAGGTACTTAGG-3,33.0,0.25254537146409556,,,0.23028304051452006,0.2665285948922042,0.25064299312918015
TGTAATGTCGCTAGCA-1,12.0,0.0,0.0,0.0,1.0,0.0,0.0
GGGCATTGTGAGGTAG-3,28.0,0.24355764626440804,,,0.2713230524219713,0.21916108471229478,0.2659582166013259
GGATATTGTATTGCAG-2,10.0,0.0,0.0,0.0,0.0,1.0,0.0
AAGAATCAGCTTATGA-2,13.0,0.3552948592755589,0.0,0.0,0.0,0.3112754823249395,0.3334296583995016
AAGTAGCCAACTAGAA-2,13.0,0.2379245460670892,0.0,0.0,0.33034621848395457,0.2084468038321267,0.22328243161682945
CTTGACGAGCTTTGTT-2,4.0,0.0,0.0,0.0,1.0,0.0,0.0
GCAGGCAAGTGAAGTG-3,36.0,0.2461747580345537,0.0,0.0,0.1850283944180879,0.27103139859455855,0.2977654489527998
GTCTAATCATTAAGTC-1,15.0,0.0,0.0,0.0,1.0,0.0,0.0
TGACTTAAGTTTCCTG-2,18.0,0.0,0.0,0.0,0.0,0.0,1.0
CAGGTCCAGTGACCTG-1,14.0,0.0,0.0,0.0,1.0,0.0,0.0
TACAGGTTCCGCCAAA-1,12.0,1.0,0.0,0.0,0.0,0.0,0.0
TGTCATAAGCATTTCT-3,36.0,0.0,0.0,0.0,0.0,1.0,0.0
CGCCTCATCTTAGCCC-2,3.0,0.2510908928836586,0.0,0.0,0.23769248350866462,0.29944475183729763,0.2117718717703792
CCTGGATCACCTGGTG-1,10.0,0.0,0.0,0.0,1.0,0.0,0.0
TACTCAAAGCGATAGA-3,9.0,0.25657805136510725,,,0.19608879238864382,0.26842478255731234,0.2789083736889367
CATAGGTTCTTTGACT-2,11.0,0.26017380928088074,0.0,0.0,0.3107460265472086,0.2228172513789396,0.20626291279297101
ACTGAAACATGGTTAT-3,34.0,0.0,0.0,0.0,0.0,1.0,0.0
CATTGTGCAACCGCCA-3,22.0,0.22299113408910365,,,0.2286831626631811,0.3006206801642622,0.24770502308345307
ACTTAGTCATCACAGC-3,2.0,1.0,0.0,0.0,0.0,0.0,0.0
CGGAGTCTCATTAGTG-3,16.0,0.19281102196304184,0.0,0.0,0.24608965471250854,0.23107341591095565,0.33002590741349397
ACTAACTCAGGACCAA-2,1.0,0.0,0.0,0.0,1.0,0.0,0.0
AGAGAAGCAGCAAGGC-3,14.0,0.0,0.0,0.0,0.0,1.0,0.0
TATGCATCAAATACCT-2,23.0,0.0,0.0,0.0,1.0,0.0,0.0
CGAATCTAGCCTGGTA-2,22.0,0.22299113408910365,,,0.2286831626631811,0.3006206801642622,0.24770502308345307
ATAAGCCTCAGCAAAG-3,21.0,0.48186518206539586,0.0,0.0,0.0,0.19432961318677844,0.32380520474782576
TATCCAGCAGGAACAT-3,28.0,0.24355764626440804,,,0.2713230524219713,0.21916108471229478,0.2659582166013259
TTCCTTGAGTAGGCGG-2,3.0,0.0,0.0,0.0,0.0,0.0,1.0
ATATGGTGTGGATTGC-1,9.0,0.0,0.0,0.0,1.0,0.0,0.0
GTGAGCGAGCTTTGGG-3,20.0,0.0,0.0,0.0,0.0,1.0,0.0
GCTATAGGTCGTAAAT-1,11.0,0.0,0.0,0.0,0.0,0.0,1.0
TTCAACCGTGACCTGG-3,12.0,0.22393288850727908,,,0.21148179656914845,0.3491266157595441,0.21545869916402838
ACGAAGTCACCGGTAT-2,12.0,0.0,0.0,0.0,1.0,0.0,0.0
CCGTTACTCGGTCAGC-1,25.0,0.0,0.0,0.0,1.0,0.0,0.0
TACTGACAGCGATAAG-1,9.0,0.0,0.0,0.0,1.0,0.0,0.0
CAGGGCTTCCTAGTCC-1,28.0,0.0,0.0,0.0,1.0,0.0,0.0
CTAGGACGTTATAGCG-3,8.0,0.0,0.0,0.0,0.0,1.0,0.0
GCGCAAACAGGTTACC-1,34.0,0.0,0.0,0.0,1.0,0.0,0.0
GCTTTACGTCACACCC-1,29.0,1.0,0.0,0.0,0.0,0.0,0.0
CGCTTAACAAGCTTTG-2,23.0,0.0,0.0,0.0,0.0,0.0,1.0
TCTAACCGTTCGGTAA-3,9.0,0.0,0.0,0.0,0.0,1.0,0.0
TACCGAAGTGCGCAAT-2,15.0,0.25404889456095253,,,0.3994002521455771,0.19749238598555172,0.14905846730791872
ACCCAACCATGTCAGC-3,22.0,1.0,0.0,0.0,0.0,0.0,0.0
ACAACACTCCTGGCTT-2,16.0,0.0,0.0,0.0,0.0,1.0,0.0
GTCTATGCACATACTG-2,8.0,0.0,0.0,0.0,0.0,0.0,1.0
TAATCCGCACAAAGCG-3,11.0,0.26017380928088074,,,0.3107460265472086,0.2228172513789396,0.20626291279297101
ACACGGACATTATGGT-2,1.0,1.0,0.0,0.0,0.0,0.0,0.0
TACCCGGCATTGCGAC-3,23.0,1.0,0.0,0.0,0.0,0.0,0.0
CGAAGGCCACCAACCG-2,24.0,0.0,0.0,0.0,1.0,0.0,0.0
CTTCGCGTCCACCTGT-3,12.0,0.0,0.0,0.0,0.0,1.0,0.0
TCCTAGTGTTAATCGG-1,9.0,0.0,0.0,0.0,1.0,0.0,0.0
ATGCTTAAGTTTGAGC-1,6.0,0.0,0.0,0.0,1.0,0.0,0.0
CCAACCCGTGCGCATG-2,13.0,0.2379245460670892,,,0.33034621848395457,0.2084468038321267,0.22328243161682945
TGATTCAAGCGGTTAT-2,9.0,1.0,0.0,0.0,0.0,0.0,0.0
TAGCGCGGTACTTCAC-3,3.0,0.2510908928836586,0.0,0.0,0.23769248350866462,0.29944475183729763,0.2117718717703792
CGTTTCTCAGTTTCTC-2,21.0,0.0,0.0,0.0,1.0,0.0,0.0
CGGCTAATCCTAGTCC-1,35.0,0.0,0.0,0.0,1.0,0.0,0.0
AAGTTACGTTAGAGCC-1,4.0,0.0,0.0,0.0,0.0,0.0,1.0
GTTCCTTCATTGACAT-1,2.0,0.0,0.0,0.0,1.0,0.0,0.0
GCTCACAAGCGGATAA-1,11.0,0.0,0.0,0.0,1.0,0.0,0.0
AGTAACGAGGGTTATC-2,33.0,0.25254537146409556,0.0,0.0,0.23028304051452006,0.2665285948922042,0.25064299312918015
ATTTAGCCAATAACGA-3,32.0,1.0,0.0,0.0,0.0,0.0,0.0
TAGTGTGGTTGCGGAT-2,31.0,1.0,0.0,0.0,0.0,0.0,0.0
CGATGTCCATAAAGCA-3,4.0,0.2789549502429366,,,0.1885732419812842,0.21961014244052887,0.31286166533525034
ATTACCGCACATTGCA-3,3.0,1.0,0.0,0.0,0.0,0.0,0.0
CCTTGCGTCGAAGTGA-1,18.0,0.0,0.0,0.0,1.0,0.0,0.0
TCCTCACAGGACCTCA-3,38.0,0.0,0.0,0.0,0.0,1.0,0.0
TCATTGTTCTAACTGA-2,13.0,0.0,0.0,0.0,0.0,0.0,1.0
AGAGAAGCATTTGCTC-3,23.0,0.2890753295347951,,,0.21326803108883835,0.2250748294409998,0.2725818099353668
TCATCCATCATGACCG-3,1.0,0.2431277739439729,,,0.27520525106868904,0.22514867316661977,0.2565183018207184
TGCGCGAGTTGTTGTC-3,2.0,0.21079074246169519,,,0.3110256879333526,0.2245883274521365,0.25359524215281576
CTTTAGTTCAGAAACG-3,16.0,1.0,0.0,0.0,0.0,0.0,0.0
AGGTGAGGTTGTTGCT-2,30.0,0.2305508875130836,0.0,0.0,0.30015485066475694,0.2562706347632869,0.21302362705887254
AACATCATCAGCAAGA-1,13.0,0.0,0.0,0.0,1.0,0.0,0.0
TATCGAGGTCATCAAG-1,31.0,1.0,0.0,0.0,0.0,0.0,0.0
CTCATTGTCAGTGAAG-2,24.0,0.21845905187174444,0.0,0.0,0.2480843926368116,0.19755649681913243,0.33590005867231154
AGTGTTTCAATGAGGT-3,25.0,1.0,0.0,0.0,0.0,0.0,0.0
CAGCTAAGTAGTTGGC-1,2.0,0.0,0.0,0.0,1.0,0.0,0.0
GATTCATCAGTCTAGC-2,7.0,1.0,0.0,0.0,0.0,0.0,0.0
ACCCGTAAGCTTAGCG-3,17.0,1.0,0.0,0.0,0.0,0.0,0.0
TGTTATGAGAATCGCT-2,23.0,0.0,0.0,0.0,0.0,1.0,0.0
CCTGATGAGGGTGAGT-3,27.0,0.0,0.0,0.0,0.0,1.0,0.0
AATAGCTGTTGTTGCT-3,2.0,0.21079074246169519,,,0.3110256879333526,0.2245883274521365,0.25359524215281576
TAGGTGCGTAATAGCT-1,20.0,0.0,0.0,0.0,1.0,0.0,0.0
AGCATTTCATAAACCT-2,22.0,0.22299113408910365,,,0.2286831626631811,0.3006206801642622,0.24770502308345307
TTAGGCTAGCTACTGG-1,15.0,0.0,0.0,0.0,1.0,0.0,0.0
CTTTGTCCACGGTACT-2,14.0,0.0,0.0,0.0,0.43406022845275183,0.0,0.5659397715472482
CTCGCTAGTTTGTGGA-1,4.0,0.0,0.0,0.0,0.0,0.0,1.0
CGAGGTGAGCTTCTCA-2,3.0,0.2510908928836586,,,0.23769248350866462,0.29944475183729763,0.2117718717703792
CACCGGTAGACTATTG-3,34.0,0.23141187017972628,,,0.21203187960198364,0.23517958103089368,0.32137666918739655
GATTCATCAGCTACGT-2,15.0,0.25404889456095253,,,0.3994002521455771,0.19749238598555172,0.14905846730791872
CGCTACTTCATTGCAA-3,5.0,0.25007613426230707,,,0.2764713286099489,0.24316603374735998,0.23028650338038426
CACTAAGGTAGTTGGC-3,32.0,1.0,0.0,0.0,0.0,0.0,0.0
GTGGATGCACCCACCT-1,30.0,0.0,0.0,0.0,1.0,0.0,0.0
AACATAGCACGTAATT-2,26.0,0.3005755128437196,,,0.19364293997678975,0.3106467509625101,0.19513479621698074
CCTTAGTGTTAATGAC-2,15.0,0.0,0.0,0.0,1.0,0.0,0.0
ACCTGTTGTTAATGCG-1,33.0,0.0,0.0,0.0,1.0,0.0,0.0
ACTCACCTCGCTTCTA-3,18.0,0.3327628439671283,0.0,0.0,0.0,0.3647046670622881,0.30253248897058366
CATTCCTCAGTAGGTG-1,34.0,0.0,0.0,0.0,1.0,0.0,0.0
AGTAAACAGAATGACG-3,5.0,0.25007613426230707,,,0.2764713286099489,0.24316603374735998,0.23028650338038426
TGTTGTAAGGACGTAA-3,24.0,0.21845905187174444,,,0.2480843926368116,0.19755649681913243,0.33590005867231154
CTCCTGAGTGTTTGCT-1,8.0,0.0,0.0,0.0,1.0,0.0,0.0
CAAGGGAGTACTTAGG-3,22.0,0.22299113408910365,,,0.2286831626631811,0.3006206801642622,0.24770502308345307
TGCATGAGTGTTTGCT-2,15.0,1.0,0.0,0.0,0.0,0.0,0.0
CTTTGGGAGCTCCTAC-3,4.0,0.2789549502429366,,,0.1885732419812842,0.21961014244052887,0.31286166533525034
CGATGTCCAGTAAGTA-3,12.0,0.22393288850727908,0.0,0.0,0.21148179656914845,0.3491266157595441,0.21545869916402838
GGTGAGTAGCCTGAGC-3,38.0,0.0,0.0,0.0,0.0,1.0,0.0
CTCACTCAGCCAAATC-2,1.0,0.0,0.0,0.0,0.0,0.0,1.0
GCTAACCCACCTCAGG-3,28.0,1.0,0.0,0.0,0.0,0.0,0.0
CCTACTGGTCCTCCAA-3,28.0,0.0,0.0,0.0,0.0,1.0,0.0
TTAGGCGTCGAGGTGG-2,5.0,0.0,0.0,0.0,1.0,0.0,0.0
CTTGAACAGGCTAATC-2,12.0,0.0,0.0,0.0,0.0,0.0,1.0
GGTACTTAGCATTTCT-2,24.0,0.0,0.0,0.0,0.42481335261697223,0.0,0.5751866473830277
GGCTGAGAGGCCAATT-1,23.0,0.0,0.0,0.0,1.0,0.0,0.0
ATCGAGGCAGCAACAG-1,7.0,0.0,0.0,0.0,1.0,0.0,0.0
TACAAGCTCAAGGACA-3,6.0,0.28619740144106137,,,0.20095345838278786,0.28595501190791156,0.2268941282682392
CGCATTACATGCTATG-2,12.0,0.0,0.0,0.0,0.0,0.0,1.0
GCCAGGAAGAGAGGAG-3,7.0,1.0,0.0,0.0,0.0,0.0,0.0
GTGGATGCACTAAGTT-3,18.0,1.0,0.0,0.0,0.0,0.0,0.0
ACGATTCAGCGCATTG-3,15.0,1.0,0.0,0.0,0.0,0.0,0.0
AAGTGTTGTGTCCAGG-2,35.0,0.0,0.0,0.0,0.0,0.0,1.0
GAACCAGCAGTTAAAG-3,23.0,0.2890753295347951,,,0.21326803108883835,0.2250748294409998,0.2725818099353668
CCCGTTGTCAGGCCTA-1,36.0,0.0,0.0,0.0,1.0,0.0,0.0
TACCGCAAGTTTGGTA-1,28.0,0.0,0.0,0.0,1.0,0.0,0.0
GAGGGAGCAAGGACCA-3,7.0,0.23707317196827163,,,0.3805360488007793,0.2041805565917011,0.17821022263924788
GTAAGGTCAGGCCAAA-3,16.0,1.0,0.0,0.0,0.0,0.0,0.0
TTAGGCTAGGTTAGCT-2,14.0,0.0,0.0,0.0,0.0,0.0,1.0
CTCTTGATCACAGGAA-3,2.0,1.0,0.0,0.0,0.0,0.0,0.0
AGTTGCGTCAAGTGAG-2,7.0,0.0,0.0,0.0,1.0,0.0,0.0
CGGTTGGGTTTGTGGA-2,10.0,0.0,0.0,0.0,0.0,0.0,1.0
GCGGATACATGCTTAG-3,20.0,0.255116509861887,,,0.11378520411624034,0.3739473542312623,0.25715093179061016
CACCAACCAAGACTCC-2,17.0,0.0,0.0,0.0,0.0,1.0,0.0
CCCTCATAGGAGCATA-1,25.0,0.0,0.0,0.0,1.0,0.0,0.0
GTTGGCGGTGTCCAAA-2,7.0,0.0,0.0,0.0,0.0,1.0,0.0
TCCGGAATCTTTAGGA-3,8.0,0.22347106138460127,,,0.25914442347718897,0.16517053432406306,0.3522139808141467
ATGAAGTAGCATGGTT-3,19.0,0.28880190709864184,0.0,0.0,0.19477936981053914,0.2980900086334725,0.21832871445734645
CTGGTCAAGGGCTTTG-3,22.0,0.22299113408910365,,,0.2286831626631811,0.3006206801642622,0.24770502308345307
CGTGACATCTTGAGCG-1,5.0,0.0,0.0,0.0,1.0,0.0,0.0
TACAATGTCCTCACTA-3,2.0,1.0,0.0,0.0,0.0,0.0,0.0
TGTGTGAGTTGTGATG-1,28.0,0.0,0.0,0.0,1.0,0.0,0.0
TATTGACCAAACCTAT-3,6.0,0.0,0.0,0.0,0.0,1.0,0.0
AGGTTTGGTGCACGCA-2,16.0,0.0,0.0,0.0,1.0,0.0,0.0
GAGCGAAGTTTGCGCC-2,17.0,1.0,0.0,0.0,0.0,0.0,0.0
ACCAAACTCACGTTAA-3,33.0,1.0,0.0,0.0,0.0,0.0,0.0
TATGGTCAGGGATGAC-3,9.0,0.25657805136510725,,,0.19608879238864382,0.26842478255731234,0.2789083736889367
TGTTCCTCATTGTCCT-2,23.0,1.0,0.0,0.0,0.0,0.0,0.0
ACTAATCCATGCATAT-3,33.0,0.25254537146409556,,,0.23028304051452006,0.2665285948922042,0.25064299312918015
GCTGCAATCCATCAGG-1,27.0,0.0,0.0,0.0,1.0,0.0,0.0
CCTGAGTCAGGACCTT-2,13.0,0.0,0.0,0.0,1.0,0.0,0.0
GGAACCTGTGGAAACG-3,6.0,1.0,0.0,0.0,0.0,0.0,0.0
CGCTGTGCAGCATGAG-1,24.0,0.0,0.0,0.0,1.0,0.0,0.0
GCGGAACCAGAATGAC-1,1.0,0.0,0.0,0.0,0.0,0.0,1.0
AAGGATCCATTGTGTG-2,29.0,0.0,0.0,0.0,1.0,0.0,0.0
TAGTAGGAGCTGTCAG-1,8.0,0.0,0.0,0.0,1.0,0.0,0.0
CTAGCTTGTGCACGCA-2,4.0,0.2789549502429366,,,0.1885732419812842,0.21961014244052887,0.31286166533525034
CCGTTATGTGCACGCA-3,6.0,0.28619740144106137,,,0.20095345838278786,0.28595501190791156,0.2268941282682392
TATATCCTCCAGGGAG-3,23.0,0.2890753295347951,0.0,0.0,0.21326803108883835,0.2250748294409998,0.2725818099353668
GCTGAGGAGAAAGCAT-3,3.0,0.0,0.0,0.0,0.0,0.0,1.0
GCACTAAGTAACAGGG-1,29.0,1.0,0.0,0.0,0.0,0.0,0.0
GCAATATGTTGCACAA-3,15.0,0.25404889456095253,0.0,0.0,0.3994002521455771,0.19749238598555172,0.14905846730791872
TAGGTTGGTGTTGTAG-3,32.0,0.23501474983514806,,,0.36169219852304807,0.23220664506324848,0.1710864065785554
GGCTCACAGCCTAACG-2,9.0,0.25657805136510725,,,0.19608879238864382,0.26842478255731234,0.2789083736889367
AAAGGAGCACCAGCAT-3,15.0,0.25404889456095253,0.0,0.0,0.3994002521455771,0.19749238598555172,0.14905846730791872
CAGCATGTCGTTATCT-2,24.0,0.0,0.0,0.0,1.0,0.0,0.0
TTCCTCAAGCTCATAA-2,4.0,0.0,0.0,0.0,0.0,0.0,1.0
ATGGCCCAGTACCGCA-3,17.0,0.28041555117654665,,,0.21377517180417943,0.21373583317818393,0.29207344384108996
CGCTTACTCCGCAAAT-1,30.0,0.0,0.0,0.0,1.0,0.0,0.0
GCTATAGGTAGTAAGA-3,27.0,0.2659503422898086,,,0.3090767064839525,0.2252336567198111,0.1997392945064278
TGGACCGGTTAACGGC-2,17.0,0.0,0.0,0.0,0.0,0.0,1.0
CTGAATATCCGCCAAA-1,5.0,0.0,0.0,0.0,1.0,0.0,0.0
CTTAAGGGTAGGATTT-2,6.0,1.0,0.0,0.0,0.0,0.0,0.0
GTGCTGATCGGTCAGC-2,8.0,0.0,0.0,0.0,1.0,0.0,0.0
CATGCGGGTTAATCGG-2,6.0,0.0,0.0,0.0,1.0,0.0,0.0
TCGTAATCACAGCCAT-3,20.0,1.0,0.0,0.0,0.0,0.0,0.0
GCGGATACATAGCGGA-2,4.0,0.0,0.0,0.0,1.0,0.0,0.0
AGGTTTATCCTCCATA-2,29.0,0.31074906515307005,0.0,0.0,0.233016360882147,0.22003051032240445,0.2362040636423785
GAGGCTACAATAGCCC-2,33.0,0.0,0.0,0.0,0.0,0.0,1.0
TAATCACCATAGCTGC-1,29.0,1.0,0.0,0.0,0.0,0.0,0.0
TTTCACCCACATAGCC-2,31.0,0.24483511612846504,,,0.34550975661796685,0.2764681959007302,0.13318693135283804
AAATGGCCATCACTTC-3,13.0,0.2379245460670892,,,0.33034621848395457,0.2084468038321267,0.22328243161682945
CTAGTAATCCTGCGAA-3,15.0,0.25404889456095253,,,0.3994002521455771,0.19749238598555172,0.14905846730791872
TTTGAGTCAAAGCGGC-3,6.0,1.0,0.0,0.0,0.0,0.0,0.0
TCTTAGCGTCCTTCTC-3,2.0,0.21079074246169519,,,0.3110256879333526,0.2245883274521365,0.25359524215281576
GACCTAGTCTAGCTTT-2,15.0,0.0,0.0,0.0,1.0,0.0,0.0
TTAGGCTAGTAGGATG-3,7.0,0.23707317196827163,,,0.3805360488007793,0.2041805565917011,0.17821022263924788
AAAGGACGTTAGGCTA-1,16.0,1.0,0.0,0.0,0.0,0.0,0.0
TCGGTAAGTAAGGTCC-2,6.0,0.0,0.0,0.0,1.0,0.0,0.0
AAAGCCGCATCGCTTT-1,15.0,0.0,0.0,0.0,1.0,0.0,0.0
GCGGTTGGTTACAACG-3,15.0,0.0,0.0,0.0,0.0,1.0,0.0
AATGTCATCTAGCTAA-1,1.0,1.0,0.0,0.0,0.0,0.0,0.0
TATGTGATCCGTAAAC-1,5.0,1.0,0.0,0.0,0.0,0.0,0.0
GATGCGACAGTAAGTA-3,14.0,1.0,0.0,0.0,0.0,0.0,0.0
GTCCTCCCAAGTAAGC-1,24.0,0.0,0.0,0.0,0.0,0.0,1.0
CAGGACCTCGCTCACT-2,28.0,0.24355764626440804,0.0,0.0,0.2713230524219713,0.21916108471229478,0.2659582166013259
CTCCGTCCAGCACGAA-2,2.0,0.21079074246169519,,,0.3110256879333526,0.2245883274521365,0.25359524215281576
GGATGTAAGATGCCTG-2,9.0,0.25657805136510725,,,0.19608879238864382,0.26842478255731234,0.2789083736889367
CTGGTTTGTGTTTCAC-3,15.0,0.25404889456095253,,,0.3994002521455771,0.19749238598555172,0.14905846730791872
TGATCGAGTTGGTGAC-3,36.0,0.2461747580345537,,,0.1850283944180879,0.27103139859455855,0.2977654489527998
GCGTGCTAGCTTCTCA-3,16.0,1.0,0.0,0.0,0.0,0.0,0.0
TTGGCGGGTCTTTGAC-3,16.0,0.19281102196304184,,,0.24608965471250854,0.23107341591095565,0.33002590741349397
TGGGCATGTCGCGCAA-2,12.0,1.0,0.0,0.0,0.0,0.0,0.0
CAATCGCCAGCTCAAC-2,26.0,0.0,0.0,0.0,0.4980813507290867,0.0,0.5019186492709132
CTGTTCATCGTTTCGC-3,17.0,0.28041555117654665,,,0.21377517180417943,0.21373583317818393,0.29207344384108996
GTGAGCGAGTAAGAAC-2,3.0,0.0,0.0,0.0,0.0,0.0,1.0
TATCACAAGCGCCTTT-1,18.0,0.0,0.0,0.0,1.0,0.0,0.0
GTTCTCATCGTGCTTC-1,4.0,1.0,0.0,0.0,0.0,0.0,0.0
CCACTTGGTGATGATT-3,3.0,0.2510908928836586,,,0.23769248350866462,0.29944475183729763,0.2117718717703792
TTCACTGTCATGTTTC-1,30.0,0.0,0.0,0.0,1.0,0.0,0.0
GATGCAGCACCTGTAA-3,12.0,1.0,0.0,0.0,0.0,0.0,0.0
TTGGATCAGCTTAGCG-3,8.0,0.0,0.0,0.0,0.0,1.0,0.0
CTGTACCTCCCTGATC-3,10.0,0.26490417044114983,,,0.1425309127782741,0.3402195170606928,0.2523453997198832
GGATATTGTTAGACCA-1,12.0,0.0,0.0,0.0,1.0,0.0,0.0
GGACTAAAGCGCAATT-2,34.0,0.0,0.0,0.0,0.0,0.0,1.0
CATAATCCAGCACCAT-3,26.0,0.3005755128437196,,,0.19364293997678975,0.3106467509625101,0.19513479621698074
GTTGTTGCATTGCGAC-3,3.0,0.2510908928836586,0.0,0.0,0.23769248350866462,0.29944475183729763,0.2117718717703792
TCATTTGGTAATCCCT-1,11.0,0.0,0.0,0.0,1.0,0.0,0.0
ACGAGTAAGACTATTG-3,4.0,0.0,0.0,0.0,0.0,1.0,0.0
CATCAATCAGGGAGCT-3,10.0,0.0,0.0,0.0,0.0,1.0,0.0
GCTTAGTAGCTGGCTA-2,9.0,0.25657805136510725,0.0,0.0,0.19608879238864382,0.26842478255731234,0.2789083736889367
TCATTTGGTGGTTAGC-1,2.0,0.0,0.0,0.0,1.0,0.0,0.0
CGAGGTGAGGGTGAAC-2,17.0,0.0,0.0,0.0,1.0,0.0,0.0
CGGCTCACAAACTCAT-1,28.0,0.0,0.0,0.0,1.0,0.0,0.0
TACAATGTCCTTGTTG-2,9.0,0.0,0.0,0.0,0.0,1.0,0.0
AGCTCATAGGCTAGAA-3,5.0,0.25007613426230707,0.0,0.0,0.2764713286099489,0.24316603374735998,0.23028650338038426
CCAGCCTGTTCGCTCA-3,8.0,0.22347106138460127,,,0.25914442347718897,0.16517053432406306,0.3522139808141467
ATCCATAAGGGTGAAC-3,18.0,0.23638071763888321,,,0.28964209218552694,0.2590708442645409,0.21490634591104896
CTGTAACAGTCACTAA-2,28.0,0.24355764626440804,0.0,0.0,0.2713230524219713,0.21916108471229478,0.2659582166013259
TTGTTTGGTTGTGACA-2,15.0,0.0,0.0,0.0,0.0,0.0,1.0
TCAAGACTCTTGCTAT-2,21.0,0.0,0.0,0.0,1.0,0.0,0.0
CAATCCCTCATCCTGC-3,3.0,0.2510908928836586,0.0,0.0,0.23769248350866462,0.29944475183729763,0.2117718717703792
GCGAAGCCACAGCCAT-3,6.0,0.28619740144106137,,,0.20095345838278786,0.28595501190791156,0.2268941282682392
TGTTATGAGCATTAGC-2,4.0,0.2789549502429366,0.0,0.0,0.1885732419812842,0.21961014244052887,0.31286166533525034
TATCGCGAGGCATTAC-3,10.0,0.0,0.0,0.0,0.0,1.0,0.0
GGAGCATAGCATTTCT-1,29.0,0.0,0.0,0.0,1.0,0.0,0.0
CTCAGGATCTTGTTCG-2,21.0,1.0,0.0,0.0,0.0,0.0,0.0
CATAAGCTCTTAGTGA-1,4.0,1.0,0.0,0.0,0.0,0.0,0.0
AGTGATGAGTCACTCC-3,5.0,0.25007613426230707,,,0.2764713286099489,0.24316603374735998,0.23028650338038426
CGGCCATAGCGAGCGA-2,2.0,0.0,0.0,0.0,1.0,0.0,0.0
AGTAACCTCGCTAGCA-3,14.0,0.0,0.0,0.0,0.0,1.0,0.0
CTGTGTGAGTTCCCGT-1,9.0,0.0,0.0,0.0,1.0,0.0,0.0
TACGTTAAGCTCAATA-2,7.0,0.0,0.0,0.0,0.6810534016093636,0.0,0.31894659839063644
CTCCAAACAATGAATG-3,21.0,0.36496857686394185,,,0.2425919314203312,0.14718681699163197,0.24525267472409484
TTTGTCCCAAACTAAG-2,1.0,0.0,0.0,0.0,0.0,0.0,1.0
GGTAAGGGTCTATCGT-2,3.0,1.0,0.0,0.0,0.0,0.0,0.0
ACCCTGTTCGGTTACG-3,20.0,0.255116509861887,0.0,0.0,0.11378520411624034,0.3739473542312623,0.25715093179061016
CTAGCTGAGCCTAACG-3,35.0,1.0,0.0,0.0,0.0,0.0,0.0
CACTAAGGTACAAAGA-3,33.0,0.25254537146409556,,,0.23028304051452006,0.2665285948922042,0.25064299312918015
GCTGACATCATGCGTG-1,7.0,0.0,0.0,0.0,0.0,0.0,1.0
CTTACCTCATAAGTTC-3,23.0,0.2890753295347951,,,0.21326803108883835,0.2250748294409998,0.2725818099353668
GGGCGAATCCACCTGT-2,22.0,0.22299113408910365,0.0,0.0,0.2286831626631811,0.3006206801642622,0.24770502308345307
CATAGTCAGTAACTCA-2,20.0,0.0,0.0,0.0,0.0,0.0,1.0
TTAAGCCAGTGTTGCG-2,13.0,0.0,0.0,0.0,0.0,0.0,1.0
CTAACCACATAAGTTC-2,15.0,0.0,0.0,0.0,1.0,0.0,0.0
CGAGTCGGTTCCGGCT-2,4.0,1.0,0.0,0.0,0.0,0.0,0.0
CATTTGTTCCCGAACA-3,10.0,0.3089372834412752,0.0,0.0,0.0,0.39677175787529967,0.29429095868342514
TGCTTTAGTGGCTTCC-2,3.0,1.0,0.0,0.0,0.0,0.0,0.0
TGAGAACCACCCTCAC-3,10.0,0.26490417044114983,,,0.1425309127782741,0.3402195170606928,0.2523453997198832
CAAACAACACGAATCC-3,34.0,0.0,0.0,0.0,0.0,0.0,1.0
GTAGGTGCATCATGTG-3,10.0,1.0,0.0,0.0,0.0,0.0,0.0
CTAGCTGAGTTGCGTG-3,15.0,0.0,0.0,0.0,0.0,1.0,0.0
ACCAAGTTCCGGTATG-3,7.0,0.23707317196827163,,,0.3805360488007793,0.2041805565917011,0.17821022263924788
CGCTATGAGGCGAAAC-2,29.0,1.0,0.0,0.0,0.0,0.0,0.0
GTGCGCAGTCAGGCCA-1,7.0,0.0,0.0,0.0,1.0,0.0,0.0
ATTGCACAGGAACACA-3,38.0,0.0,0.0,0.0,0.0,1.0,0.0
CGCAATGTCACGCGGT-3,3.0,0.2510908928836586,0.0,0.0,0.23769248350866462,0.29944475183729763,0.2117718717703792
ATAGCATGTGGTTCTT-3,12.0,1.0,0.0,0.0,0.0,0.0,0.0
ACGTCCAAGTTAGCTA-1,31.0,0.0,0.0,0.0,1.0,0.0,0.0
TCTCACCAGTCATTTC-2,17.0,0.28041555117654665,0.0,0.0,0.21377517180417943,0.21373583317818393,0.29207344384108996
TCAGGAGCACCCACAG-1,15.0,0.0,0.0,0.0,1.0,0.0,0.0
GGGTCAACAGCACGTT-3,3.0,0.0,0.0,0.0,0.0,1.0,0.0
ACTTATCTCATTGACA-2,31.0,0.0,0.0,0.0,1.0,0.0,0.0
AGTTTGATCCGCACAA-1,12.0,1.0,0.0,0.0,0.0,0.0,0.0
GGCGCTAGTCATGAGC-2,1.0,0.0,0.0,0.0,0.0,0.0,1.0
GCCAGGAAGCAAGATG-2,25.0,0.0,0.0,0.0,0.4182788525683789,0.0,0.5817211474316211
CGTCCTAGTTTCCTCC-3,27.0,0.2659503422898086,,,0.3090767064839525,0.2252336567198111,0.1997392945064278
GCTGTGCAGCACGTTG-3,20.0,0.255116509861887,,,0.11378520411624034,0.3739473542312623,0.25715093179061016
TGAGTTTCAAACGGGC-1,24.0,0.0,0.0,0.0,1.0,0.0,0.0
GTGTGAGCATCCCTCA-1,15.0,1.0,0.0,0.0,0.0,0.0,0.0
GAACCAAAGCCAAATC-3,3.0,0.2510908928836586,0.0,0.0,0.23769248350866462,0.29944475183729763,0.2117718717703792
CATAGGTTCGAAGCGG-3,15.0,0.25404889456095253,0.0,0.0,0.3994002521455771,0.19749238598555172,0.14905846730791872
TCGTGCTTCCTGGCTT-3,18.0,0.23638071763888321,,,0.28964209218552694,0.2590708442645409,0.21490634591104896
GCAGGCAAGACAGGCG-1,38.0,0.0,0.0,0.0,1.0,0.0,0.0
TGTAAAGCAAGGTACG-1,18.0,0.0,0.0,0.0,1.0,0.0,0.0
TGCTTCATCAAGTGTC-3,21.0,0.36496857686394185,,,0.2425919314203312,0.14718681699163197,0.24525267472409484
CTTACCGGTCAAGTAT-1,14.0,0.0,0.0,0.0,0.0,0.0,1.0
TCCGGTAAGTAGCGCC-1,32.0,0.0,0.0,0.0,1.0,0.0,0.0
ATCCTTAGTTCGCTCA-1,12.0,1.0,0.0,0.0,0.0,0.0,0.0
GGAACCACAGCAAGAT-2,4.0,0.0,0.0,0.0,1.0,0.0,0.0
CGCGATTCAATTTAGC-3,16.0,0.19281102196304184,,,0.24608965471250854,0.23107341591095565,0.33002590741349397
CTATTACTCTGTAATG-2,14.0,0.25490642483705084,0.0,0.0,0.203860627012991,0.27543380527416844,0.2657991428757897
ACTAACGGTACGCGCA-2,37.0,0.15830411656991292,,,0.21353305020503288,0.2890839998065646,0.33907883341848966
GGTTCTTGTCAACAAT-2,22.0,0.0,0.0,0.0,1.0,0.0,0.0
GTTCATTTCTAATCTC-1,27.0,0.0,0.0,0.0,1.0,0.0,0.0
TACCTTTAGCACAGGG-3,10.0,1.0,0.0,0.0,0.0,0.0,0.0
AGGCCCAGTTTATCTG-1,37.0,0.0,0.0,0.0,1.0,0.0,0.0
GTTTAACCATGTTGCA-2,9.0,0.0,0.0,0.0,0.0,0.0,1.0
TCAAGCTAGATAGACG-2,12.0,0.22393288850727908,0.0,0.0,0.21148179656914845,0.3491266157595441,0.21545869916402838
ACCGGTTCATTGTGAT-1,17.0,0.0,0.0,0.0,1.0,0.0,0.0
GAGGCAAGTGCGCAAT-3,25.0,0.25294349983189635,,,0.22563202807869934,0.20762681900387653,0.31379765308552765
AGACAATAGTCATTAG-1,18.0,0.0,0.0,0.0,1.0,0.0,0.0
TACTTCGTCATTGTTC-3,29.0,0.31074906515307005,,,0.233016360882147,0.22003051032240445,0.2362040636423785
CAAGGGAGTTGCTGGG-1,3.0,0.0,0.0,0.0,1.0,0.0,0.0
TGTGTTAAGGAAGTAT-1,1.0,0.0,0.0,0.0,1.0,0.0,0.0
ACCAGCTCAAGCCAGA-3,6.0,1.0,0.0,0.0,0.0,0.0,0.0
GAGTCATTCTTGCAAA-2,9.0,1.0,0.0,0.0,0.0,0.0,0.0
CAGGGTGAGACTAAGG-1,38.0,0.0,0.0,0.0,1.0,0.0,0.0
AGTCCTTGTGTTTGAG-2,1.0,1.0,0.0,0.0,0.0,0.0,0.0
AGCAACAAGGCGCACT-2,2.0,1.0,0.0,0.0,0.0,0.0,0.0
CAACCCGCAATCGCAC-1,4.0,0.0,0.0,0.0,1.0,0.0,0.0
TGGATTGGTAGGTTGC-2,2.0,0.21079074246169519,,,0.3110256879333526,0.2245883274521365,0.25359524215281576
CCATAATCAGCAACCT-1,15.0,0.0,0.0,0.0,1.0,0.0,0.0
AATTGACGTTTCGCGC-3,10.0,0.26490417044114983,,,0.1425309127782741,0.3402195170606928,0.2523453997198832
ACCATAATCCTCAGCT-2,22.0,0.0,0.0,0.0,0.0,0.0,1.0
AAGTTACGTGAGGTAG-2,12.0,1.0,0.0,0.0,0.0,0.0,0.0
CCTCAGTTCGACAAAG-3,15.0,0.0,0.0,0.0,0.0,1.0,0.0
CCAAGTTAGCATGCAT-1,31.0,0.0,0.0,0.0,1.0,0.0,0.0
AAGCTCCCAGCAAATA-1,15.0,0.0,0.0,0.0,1.0,0.0,0.0
TCCATATTCGTTAACA-2,5.0,1.0,0.0,0.0,0.0,0.0,0.0
AGACCCGGTCGACTAA-2,27.0,0.0,0.0,0.0,1.0,0.0,0.0
GTACAATGTCGTAATG-3,1.0,1.0,0.0,0.0,0.0,0.0,0.0
GTTCATTTCATCCACC-3,1.0,0.2431277739439729,,,0.27520525106868904,0.22514867316661977,0.2565183018207184
AAGTGCAAGGGTTAGA-1,16.0,0.0,0.0,0.0,0.0,0.0,1.0
GTAAGCAAGGACGTAA-3,16.0,0.19281102196304184,,,0.24608965471250854,0.23107341591095565,0.33002590741349397
TTGTCAAAGCCGGTAC-2,1.0,0.2431277739439729,0.0,0.0,0.27520525106868904,0.22514867316661977,0.2565183018207184
CTCCTCACATGCTCCC-3,13.0,1.0,0.0,0.0,0.0,0.0,0.0
TGTAATGTCGATATTG-3,22.0,0.22299113408910365,0.0,0.0,0.2286831626631811,0.3006206801642622,0.24770502308345307
AGGTTAGAGGTTACAC-3,3.0,0.2510908928836586,0.0,0.0,0.23769248350866462,0.29944475183729763,0.2117718717703792
TACCTCATCATCCTCA-2,28.0,0.0,0.0,0.0,0.0,0.0,1.0
CCAGCTGCACGAATCC-1,29.0,0.0,0.0,0.0,1.0,0.0,0.0
CAGCATGTCCCATAAA-3,2.0,1.0,0.0,0.0,0.0,0.0,0.0
GTTAACGGTTTAGCGA-2,26.0,0.3005755128437196,,,0.19364293997678975,0.3106467509625101,0.19513479621698074
TTAGCTGCAGCAAGGC-2,9.0,0.0,0.0,0.0,0.0,1.0,0.0
TCCGGAATCGGTTACG-1,34.0,0.0,0.0,0.0,1.0,0.0,0.0
TTGCTTTAGCTCCTAC-3,32.0,1.0,0.0,0.0,0.0,0.0,0.0
GCAATATGTGGGAACA-1,15.0,0.0,0.0,0.0,0.0,0.0,1.0
CGTTGCGCAATTGAAG-2,35.0,0.0,0.0,0.0,0.0,0.0,1.0
GCGCCTTGTCTAACAG-3,7.0,0.23707317196827163,,,0.3805360488007793,0.2041805565917011,0.17821022263924788
CCGTTACTCGGGACCT-2,9.0,1.0,0.0,0.0,0.0,0.0,0.0
GAACCAAAGGTCCTAG-2,19.0,0.0,0.0,0.0,0.47149735681336075,0.0,0.5285026431866393
GGTTTCCTCGCTAGCA-3,1.0,0.2431277739439729,,,0.27520525106868904,0.22514867316661977,0.2565183018207184
ATCGAGGCACTTACAG-3,11.0,0.26017380928088074,,,0.3107460265472086,0.2228172513789396,0.20626291279297101
CGCTTCTAGGCAACAA-1,32.0,0.0,0.0,0.0,1.0,0.0,0.0
AGTCTTGCATCCAGGT-2,13.0,0.0,0.0,0.0,1.0,0.0,0.0
CTTCATCCAGCTTACA-3,4.0,1.0,0.0,0.0,0.0,0.0,0.0
GTTCGCGCACCTCACC-2,28.0,0.0,0.0,0.0,1.0,0.0,0.0
ATGAATGCAATATGGA-2,9.0,0.25657805136510725,0.0,0.0,0.19608879238864382,0.26842478255731234,0.2789083736889367
CTCTATGTCATAGCCG-2,36.0,0.2461747580345537,,,0.1850283944180879,0.27103139859455855,0.2977654489527998
TTACCTGTCTAAGTCA-2,8.0,0.0,0.0,0.0,0.0,0.0,1.0
GCATGAGCATCGTTCT-3,26.0,1.0,0.0,0.0,0.0,0.0,0.0
TGATCACAGACTAAGG-1,16.0,0.0,0.0,0.0,1.0,0.0,0.0
TTGCAATCACAACAGG-2,9.0,0.0,0.0,0.0,0.0,0.0,1.0
TTACCGTGTTGGATAT-2,24.0,0.0,0.0,0.0,0.0,0.0,1.0
TGTTGTAAGGCGCACT-1,13.0,0.0,0.0,0.0,1.0,0.0,0.0
TTAGCAATCTCACACC-3,11.0,0.26017380928088074,0.0,0.0,0.3107460265472086,0.2228172513789396,0.20626291279297101
GAGGTAGGTTATCCTA-3,12.0,0.22393288850727908,,,0.21148179656914845,0.3491266157595441,0.21545869916402838
TTACAGCAGGAACCGG-2,12.0,0.0,0.0,0.0,1.0,0.0,0.0
GTACTAGGTGTTAAAC-3,25.0,1.0,0.0,0.0,0.0,0.0,0.0
CTTTGGTGTGTAATAC-1,25.0,1.0,0.0,0.0,0.0,0.0,0.0
CAGCTATAGGTAACGA-3,9.0,1.0,0.0,0.0,0.0,0.0,0.0
TCAGCAAGTTACCGGG-3,22.0,0.22299113408910365,0.0,0.0,0.2286831626631811,0.3006206801642622,0.24770502308345307
GCTAGCGGTTACATCC-2,35.0,0.2399263636153897,0.0,0.0,0.17564806529159285,0.22166609309080135,0.362759478002216
CTTGTCCAGGGTCTAT-3,21.0,0.36496857686394185,,,0.2425919314203312,0.14718681699163197,0.24525267472409484
GAGATAAGTGTTTGAG-1,10.0,0.0,0.0,0.0,0.0,0.0,1.0
CGATTCCTCGAGCTAT-2,14.0,0.0,0.0,0.0,1.0,0.0,0.0
GGGAGTAGTAATCACG-3,11.0,1.0,0.0,0.0,0.0,0.0,0.0
AGCTACTAGGAGGACT-1,38.0,0.0,0.0,0.0,1.0,0.0,0.0
TGTTCCTCAGGCGATA-1,5.0,0.0,0.0,0.0,1.0,0.0,0.0
GCTTAACAGGACGTAA-2,15.0,0.25404889456095253,,,0.3994002521455771,0.19749238598555172,0.14905846730791872
AAGGATTAGGCGCATC-3,30.0,1.0,0.0,0.0,0.0,0.0,0.0
TACGGTTAGAGGGACT-3,9.0,0.25657805136510725,,,0.19608879238864382,0.26842478255731234,0.2789083736889367
TGGATTCAGTAAGAAC-1,14.0,0.0,0.0,0.0,1.0,0.0,0.0
TAAGGACCAGGGAGGA-2,3.0,0.0,0.0,0.0,1.0,0.0,0.0
TCTAATCTCATAGACC-2,37.0,0.15830411656991292,0.0,0.0,0.21353305020503288,0.2890839998065646,0.33907883341848966
TCCATTGTCAGAAACG-1,28.0,0.0,0.0,0.0,0.0,0.0,1.0
GAGTATCTCAGGATGA-1,15.0,0.0,0.0,0.0,1.0,0.0,0.0
TAGTGGCGTGACCTGG-2,27.0,0.0,0.0,0.0,1.0,0.0,0.0
TGTCAGTAGCTCCCTG-1,23.0,0.0,0.0,0.0,1.0,0.0,0.0
TACTGCACACCCACAG-3,3.0,0.2510908928836586,0.0,0.0,0.23769248350866462,0.29944475183729763,0.2117718717703792
AATAGCTGTACTGATG-1,9.0,0.0,0.0,0.0,1.0,0.0,0.0
GCTGACATCATTAGGC-2,31.0,0.0,0.0,0.0,1.0,0.0,0.0
GTGCTCCGTCTAACCT-1,14.0,1.0,0.0,0.0,0.0,0.0,0.0
TCTTAGCGTCCTAACT-3,4.0,0.2789549502429366,,,0.1885732419812842,0.21961014244052887,0.31286166533525034
GTGTAACTCGGTTACG-1,8.0,1.0,0.0,0.0,0.0,0.0,0.0
TGTTATGAGGCCTGGT-1,13.0,0.0,0.0,0.0,1.0,0.0,0.0
TCAGTAATCCTCAGCT-1,5.0,0.0,0.0,0.0,1.0,0.0,0.0
TCACTGACATGTTGCA-2,9.0,0.0,0.0,0.0,0.4128209732447477,0.0,0.5871790267552524
GCGGGTTTCGCTATGG-3,19.0,0.28880190709864184,,,0.19477936981053914,0.2980900086334725,0.21832871445734645
TGATCGAGTCAAGTAT-2,31.0,0.0,0.0,0.0,1.0,0.0,0.0
AGCCGCTAGATAACCC-2,4.0,1.0,0.0,0.0,0.0,0.0,0.0
TCTTCAAGTTAGGCTA-2,4.0,0.0,0.0,0.0,0.0,0.0,1.0
TGATTGCAGTATCGCG-1,1.0,0.0,0.0,0.0,1.0,0.0,0.0
AACAGATAGTTAGAGG-1,7.0,0.0,0.0,0.0,1.0,0.0,0.0
TTAACCAAGGCTTAGT-1,11.0,0.0,0.0,0.0,1.0,0.0,0.0
CATCAATCAATGAGGT-3,1.0,0.0,0.0,0.0,0.0,0.0,1.0
AGCCAGTGTGGAAGGC-2,28.0,0.24355764626440804,,,0.2713230524219713,0.21916108471229478,0.2659582166013259
TCTGGCTTCACCTGTC-3,31.0,0.24483511612846504,,,0.34550975661796685,0.2764681959007302,0.13318693135283804
AGGGCCTTCCTGTTCA-1,24.0,0.0,0.0,0.0,1.0,0.0,0.0
GTTAAGCTCACAGGAA-3,10.0,1.0,0.0,0.0,0.0,0.0,0.0
CGACTAAGTGATTACG-1,23.0,0.0,0.0,0.0,0.0,0.0,1.0
GCCTTACTCATTACTC-1,8.0,0.0,0.0,0.0,0.0,0.0,1.0
TTTACGCGTTTCGCGC-3,21.0,0.36496857686394185,,,0.2425919314203312,0.14718681699163197,0.24525267472409484
ATTCCTCCAGCATTAT-1,7.0,0.0,0.0,0.0,1.0,0.0,0.0
AATAGCTGTATCTGGA-3,6.0,0.28619740144106137,,,0.20095345838278786,0.28595501190791156,0.2268941282682392
CGTTGCAAGCACTAAC-3,15.0,0.25404889456095253,,,0.3994002521455771,0.19749238598555172,0.14905846730791872
ATCATCAAGGTTAGAG-1,1.0,0.0,0.0,0.0,1.0,0.0,0.0
GAAAGCCAGGCGGATG-3,7.0,0.23707317196827163,,,0.3805360488007793,0.2041805565917011,0.17821022263924788
TGTTAGCAGTAGGCGG-3,25.0,1.0,0.0,0.0,0.0,0.0,0.0
GGCGATACATGCTATG-3,14.0,0.25490642483705084,,,0.203860627012991,0.27543380527416844,0.2657991428757897
CTGGACCAGCTCAAAC-2,35.0,0.0,0.0,0.0,0.0,0.0,1.0
GTCAGGCTCATTCATC-1,3.0,0.0,0.0,0.0,1.0,0.0,0.0
GTGCTCCGTCGCAAAC-3,4.0,1.0,0.0,0.0,0.0,0.0,0.0
AGCCTCCGTTAATGCG-1,5.0,0.0,0.0,0.0,1.0,0.0,0.0
TTGGAGGCAGTACCGT-3,25.0,0.25294349983189635,,,0.22563202807869934,0.20762681900387653,0.31379765308552765
CCAGTTTGTTAGAGCC-3,8.0,1.0,0.0,0.0,0.0,0.0,0.0
CCACACAAGAGGATAT-3,28.0,0.24355764626440804,,,0.2713230524219713,0.21916108471229478,0.2659582166013259
AGAGAGGAGGGCCACT-3,14.0,0.25490642483705084,,,0.203860627012991,0.27543380527416844,0.2657991428757897
TGTGGAGCACAGGATG-1,5.0,0.0,0.0,0.0,1.0,0.0,0.0
GCTGTAAGTGTTTGCT-3,36.0,1.0,0.0,0.0,0.0,0.0,0.0
CTAAAGCTCCGCAAGC-2,13.0,0.0,0.0,0.0,1.0,0.0,0.0
GCCTCAAAGCTCCCTG-2,32.0,0.23501474983514806,,,0.36169219852304807,0.23220664506324848,0.1710864065785554
GGGTTATTCATGGTTA-2,14.0,0.25490642483705084,,,0.203860627012991,0.27543380527416844,0.2657991428757897
ACAACACTCGTTCACC-3,11.0,0.0,0.0,0.0,0.0,1.0,0.0
CGCCACACACCCACAG-2,21.0,0.36496857686394185,0.0,0.0,0.2425919314203312,0.14718681699163197,0.24525267472409484
ATTGGCTAGGATGATG-3,12.0,0.0,0.0,0.0,0.0,1.0,0.0
GCTTACCTCGGGACTC-3,34.0,0.23141187017972628,,,0.21203187960198364,0.23517958103089368,0.32137666918739655
AAGCTATGTACCGAAC-1,4.0,0.0,0.0,0.0,1.0,0.0,0.0
GTGATCAGTGCTAGCG-3,12.0,0.22393288850727908,,,0.21148179656914845,0.3491266157595441,0.21545869916402838
CCTCCTGAGCCTAATA-3,9.0,0.0,0.0,0.0,0.0,1.0,0.0
ACCAAGCGTAACCAGC-3,12.0,1.0,0.0,0.0,0.0,0.0,0.0
TGGCCATCACAAAGAC-1,25.0,0.0,0.0,0.0,0.0,0.0,1.0
TACTAAGTCGTACCGA-3,24.0,0.21845905187174444,,,0.2480843926368116,0.19755649681913243,0.33590005867231154
ACGAAGTCATTGTCCT-2,19.0,0.28880190709864184,0.0,0.0,0.19477936981053914,0.2980900086334725,0.21832871445734645
CCTTACTCACTTCATC-1,32.0,1.0,0.0,0.0,0.0,0.0,0.0
GGGCTAACAACCCTCC-1,9.0,0.0,0.0,0.0,1.0,0.0,0.0
GCTTGTTGTAGACAAA-2,22.0,0.22299113408910365,0.0,0.0,0.2286831626631811,0.3006206801642622,0.24770502308345307
ATTAACCCACTCAACA-2,4.0,0.2789549502429366,0.0,0.0,0.1885732419812842,0.21961014244052887,0.31286166533525034
CGGCCATAGGCGCACT-3,26.0,0.0,0.0,0.0,0.0,1.0,0.0
CTAGTTGCATGAATAG-1,1.0,0.0,0.0,0.0,0.0,0.0,1.0
AGCCAGTGTCCTTTAA-2,16.0,1.0,0.0,0.0,0.0,0.0,0.0
ACCAGGGAGCTTTGTT-1,13.0,1.0,0.0,0.0,0.0,0.0,0.0
CCTGAATAGCGGATTT-1,15.0,1.0,0.0,0.0,0.0,0.0,0.0
GACTAATGTGTGTCCC-2,28.0,0.0,0.0,0.0,1.0,0.0,0.0
CAGGGCTTCTAAATCG-2,31.0,0.24483511612846504,,,0.34550975661796685,0.2764681959007302,0.13318693135283804
AAGCCTGTCTTGCAAA-3,16.0,1.0,0.0,0.0,0.0,0.0,0.0
GGGTTTGTCGCTATAA-2,13.0,0.0,0.0,0.0,1.0,0.0,0.0
AAAGGAGCAGCACCAT-2,21.0,0.0,0.0,0.0,1.0,0.0,0.0
TATTGACCACTAAGCC-2,23.0,0.0,0.0,0.0,0.0,0.0,1.0
CAACAGGCATCACAGC-2,7.0,0.23707317196827163,,,0.3805360488007793,0.2041805565917011,0.17821022263924788
AGATGCTTCTTAATGG-1,11.0,0.0,0.0,0.0,1.0,0.0,0.0
GGCTTAAGTGAAGCCT-1,1.0,0.0,0.0,0.0,1.0,0.0,0.0
TGCTAACAGGTCCAAT-3,3.0,0.2510908928836586,,,0.23769248350866462,0.29944475183729763,0.2117718717703792
CTGACATAGAATGACG-3,15.0,0.0,0.0,0.0,0.0,1.0,0.0
GTGAACAAGCCGGTAC-1,24.0,0.0,0.0,0.0,1.0,0.0,0.0
TCTTCAAGTGAGGTGA-3,12.0,1.0,0.0,0.0,0.0,0.0,0.0
GTCTTGCTCATTGACA-3,38.0,0.19027885726034566,,,0.23574107619489226,0.2789089395946002,0.2950711269501618
GGATAACCACTCGCTC-3,11.0,1.0,0.0,0.0,0.0,0.0,0.0
AACAAGCCAACATAAG-3,32.0,0.0,0.0,0.0,0.0,1.0,0.0
CTGGTAAGTTGCAATG-1,15.0,0.0,0.0,0.0,1.0,0.0,0.0
GGCCTCTGTAATAACC-1,16.0,1.0,0.0,0.0,0.0,0.0,0.0
TCGTTATTCTTGACCC-2,15.0,0.0,0.0,0.0,1.0,0.0,0.0
TAGTAAGCATCATGTG-1,28.0,0.0,0.0,0.0,1.0,0.0,0.0
AACAGGATCAAGTGAG-2,4.0,0.0,0.0,0.0,1.0,0.0,0.0
TACCGCAAGTCGCTAG-2,7.0,0.0,0.0,0.0,1.0,0.0,0.0
TTAGGCGTCCGCACAA-2,16.0,1.0,0.0,0.0,0.0,0.0,0.0
GTCCTCCCAATTTGGT-3,3.0,1.0,0.0,0.0,0.0,0.0,0.0
CGAATCTAGGTGAAAT-2,4.0,0.2789549502429366,0.0,0.0,0.1885732419812842,0.21961014244052887,0.31286166533525034
ACCAAGCGTAACGGGA-1,1.0,0.0,0.0,0.0,1.0,0.0,0.0
TTGCTCTCATCGCTCC-1,25.0,0.0,0.0,0.0,1.0,0.0,0.0
TTAGAAGCAATGAATG-1,31.0,0.0,0.0,0.0,1.0,0.0,0.0
AGCAGGTAGCCTGTGA-2,37.0,0.20128514823309865,0.0,0.0,0.0,0.36757297923571886,0.4311418725311825
GCGAGTGAGGACACTT-1,16.0,0.0,0.0,0.0,1.0,0.0,0.0
ACCTTCATCTGGCATG-2,28.0,0.0,0.0,0.0,1.0,0.0,0.0
GTGTGAGCACATAGCC-3,12.0,0.22393288850727908,0.0,0.0,0.21148179656914845,0.3491266157595441,0.21545869916402838
ACCATTAAGTGAACGA-1,32.0,0.0,0.0,0.0,1.0,0.0,0.0
GCTTACCTCCTTGAGG-3,18.0,0.23638071763888321,,,0.28964209218552694,0.2590708442645409,0.21490634591104896
CGTAATGGTTATCGAG-3,29.0,0.31074906515307005,,,0.233016360882147,0.22003051032240445,0.2362040636423785
AACATAGCATAATGTC-2,7.0,0.23707317196827163,,,0.3805360488007793,0.2041805565917011,0.17821022263924788
GCAGCCAGTAATGGCC-3,3.0,0.2510908928836586,,,0.23769248350866462,0.29944475183729763,0.2117718717703792
CCTGACTTCGATAACC-2,1.0,0.0,0.0,0.0,0.5175720533220929,0.0,0.48242794667790717
GGTATTTCAATCATGT-2,28.0,0.24355764626440804,0.0,0.0,0.2713230524219713,0.21916108471229478,0.2659582166013259
ATCATCAAGGTCGATT-2,19.0,0.0,0.0,0.0,1.0,0.0,0.0
TCACTGACAGGCTGTT-2,34.0,0.23141187017972628,,,0.21203187960198364,0.23517958103089368,0.32137666918739655
CATAACGGTGCATTTC-3,33.0,0.25254537146409556,,,0.23028304051452006,0.2665285948922042,0.25064299312918015
TTGCAGCCACTAGGTC-3,16.0,1.0,0.0,0.0,0.0,0.0,0.0
TAGGTGCGTTACGCAA-3,24.0,1.0,0.0,0.0,0.0,0.0,0.0
TGAGGGCCACAACCTA-3,14.0,1.0,0.0,0.0,0.0,0.0,0.0
TATGACATCGTCAAGT-2,14.0,0.0,0.0,0.0,0.0,0.0,1.0
ATAAGTCGTCAAGTAT-3,3.0,0.2510908928836586,,,0.23769248350866462,0.29944475183729763,0.2117718717703792
ACCATAATCTCACTAT-3,20.0,0.255116509861887,,,0.11378520411624034,0.3739473542312623,0.25715093179061016
TCATGCCTCCTAGTAA-2,4.0,0.0,0.0,0.0,0.0,1.0,0.0
GAAGGAACAGCTCATA-2,15.0,0.0,0.0,0.0,1.0,0.0,0.0
GAGGCTACATTATGGT-3,2.0,0.0,0.0,0.0,0.0,1.0,0.0
TATGAAGCAGCCAGTT-2,4.0,0.2789549502429366,0.0,0.0,0.1885732419812842,0.21961014244052887,0.31286166533525034
CTAATCGCACGAACAG-1,8.0,1.0,0.0,0.0,0.0,0.0,0.0
GGTTGGTGTAATGGCC-3,18.0,0.23638071763888321,,,0.28964209218552694,0.2590708442645409,0.21490634591104896
GTACTGGTCCTGTTCA-3,4.0,1.0,0.0,0.0,0.0,0.0,0.0
AGGTCCGGTGTTGTGA-3,31.0,1.0,0.0,0.0,0.0,0.0,0.0
TGATGAACATTGTGTG-2,6.0,0.28619740144106137,0.0,0.0,0.20095345838278786,0.28595501190791156,0.2268941282682392
TGATGACTCGCACACA-2,18.0,0.23638071763888321,0.0,0.0,0.28964209218552694,0.2590708442645409,0.21490634591104896
GGGCGAATCTTGCAGG-2,23.0,0.0,0.0,0.0,0.0,0.0,1.0
AATGAAGGTCATCAAG-3,19.0,0.28880190709864184,,,0.19477936981053914,0.2980900086334725,0.21832871445734645
GATTTGCAGTTGGGCC-3,2.0,0.21079074246169519,,,0.3110256879333526,0.2245883274521365,0.25359524215281576
AAGACAAGTCCTTAGT-1,22.0,0.0,0.0,0.0,1.0,0.0,0.0
GAGCGGTCATCATGTG-2,4.0,0.2789549502429366,,,0.1885732419812842,0.21961014244052887,0.31286166533525034
ACCAAGTTCCGCATGA-1,22.0,0.0,0.0,0.0,1.0,0.0,0.0
GGCTCAATCTCACAAA-2,9.0,0.0,0.0,0.0,1.0,0.0,0.0
GCAGGATAGCCGCAAC-3,13.0,0.2379245460670892,0.0,0.0,0.33034621848395457,0.2084468038321267,0.22328243161682945
TTACCTGTCCGCAAAT-3,7.0,0.23707317196827163,,,0.3805360488007793,0.2041805565917011,0.17821022263924788
CCCTCACCACCCACCT-2,23.0,0.0,0.0,0.0,1.0,0.0,0.0
ATTATGGTCGTTAACA-2,10.0,0.3089372834412752,0.0,0.0,0.0,0.39677175787529967,0.29429095868342514
GAGGTGAGTTTATGGG-3,29.0,0.0,0.0,0.0,0.0,1.0,0.0
TGAAGGATCCGTGACA-1,11.0,0.0,0.0,0.0,1.0,0.0,0.0
GTACTGGTCGCAACAT-1,4.0,0.0,0.0,0.0,1.0,0.0,0.0
AAAGCTTGTGGATGTC-3,28.0,1.0,0.0,0.0,0.0,0.0,0.0
GCGTAACGTGAAACAA-2,2.0,0.0,0.0,0.0,0.0,0.0,1.0
TAGCTTGCATTATGAC-2,15.0,0.0,0.0,0.0,0.7282229965156795,0.0,0.27177700348432055
GAGGTGAGTGCGCATG-3,14.0,0.25490642483705084,0.0,0.0,0.203860627012991,0.27543380527416844,0.2657991428757897
GCAACAGCATCAGTAT-1,13.0,0.0,0.0,0.0,1.0,0.0,0.0
GTATTGCAGGCTGTCA-2,15.0,0.0,0.0,0.0,1.0,0.0,0.0
CTCAATAAGTTTGAGC-2,28.0,1.0,0.0,0.0,0.0,0.0,0.0
CTCTAAGCATGAAATG-2,27.0,0.2659503422898086,,,0.3090767064839525,0.2252336567198111,0.1997392945064278
GCGGATACAGCATTAT-3,28.0,1.0,0.0,0.0,0.0,0.0,0.0
TGTGCGCAGGGACTAA-3,34.0,1.0,0.0,0.0,0.0,0.0,0.0
GGGCGAATCTGGCATG-2,33.0,1.0,0.0,0.0,0.0,0.0,0.0
CTTAGGAGTGCTTTAC-2,5.0,0.0,0.0,0.0,1.0,0.0,0.0
TGGGCCTAGGCTTAGT-2,4.0,1.0,0.0,0.0,0.0,0.0,0.0
CTAATCTTCGGTTACG-2,33.0,0.0,0.0,0.0,0.0,0.0,1.0
GTATGTTCAACTGGGA-2,22.0,0.0,0.0,0.0,0.0,0.0,1.0
ATTCAACCAGTTAAAG-1,5.0,0.0,0.0,0.0,1.0,0.0,0.0
AATTGGACACGTTACA-2,27.0,1.0,0.0,0.0,0.0,0.0,0.0
GGGCCTAGTGAGGTAG-1,32.0,0.0,0.0,0.0,1.0,0.0,0.0
GTATTCAAGTAATCCA-3,13.0,0.2379245460670892,,,0.33034621848395457,0.2084468038321267,0.22328243161682945
TAGCCTCTCCAGGTTG-3,9.0,1.0,0.0,0.0,0.0,0.0,0.0
CAGCATTAGCGAGTAA-3,1.0,1.0,0.0,0.0,0.0,0.0,0.0
CTCCAACTCTAAGGAG-3,4.0,0.2789549502429366,,,0.1885732419812842,0.21961014244052887,0.31286166533525034
GCTTTACGTTTGTGGA-3,28.0,0.24355764626440804,,,0.2713230524219713,0.21916108471229478,0.2659582166013259
GTAAGCGCACAATACT-1,25.0,0.0,0.0,0.0,1.0,0.0,0.0
GTACAATGTTGAGCCG-1,20.0,0.0,0.0,0.0,0.0,0.0,1.0
GGATGGCCAATTAACC-1,2.0,0.0,0.0,0.0,1.0,0.0,0.0
GGGTGAAGTGGATTAT-3,20.0,1.0,0.0,0.0,0.0,0.0,0.0
AAACATGCACGTGCTG-2,3.0,0.0,0.0,0.0,1.0,0.0,0.0
TCGTTAGCAGTGAACG-3,5.0,0.25007613426230707,,,0.2764713286099489,0.24316603374735998,0.23028650338038426
GTCCAGGGTACGCGCA-1,15.0,1.0,0.0,0.0,0.0,0.0,0.0
GCAGCAACATAATCGT-2,4.0,0.0,0.0,0.0,0.0,1.0,0.0
GTGCTCAAGCACAGGG-2,20.0,0.255116509861887,0.0,0.0,0.11378520411624034,0.3739473542312623,0.25715093179061016
ATCGGCCAGTAAAGGT-1,2.0,0.0,0.0,0.0,1.0,0.0,0.0
TCGGTTACAGAATGAC-3,4.0,1.0,0.0,0.0,0.0,0.0,0.0
TTGGGCCAGCTTAGTA-1,33.0,0.0,0.0,0.0,1.0,0.0,0.0
GCTATCCTCATAATCG-3,33.0,0.0,0.0,0.0,0.0,1.0,0.0
TGAGGCACAGGCTACT-1,3.0,0.0,0.0,0.0,1.0,0.0,0.0
TCCATGCTCCAATTAG-1,1.0,0.0,0.0,0.0,1.0,0.0,0.0
GCTGACCAGTTTGTCT-1,36.0,0.0,0.0,0.0,1.0,0.0,0.0
AGCGGACCAATCATGT-2,10.0,0.26490417044114983,,,0.1425309127782741,0.3402195170606928,0.2523453997198832
CAAAGGATCTAATCCT-3,1.0,0.2431277739439729,,,0.27520525106868904,0.22514867316661977,0.2565183018207184
AACGACAAGCTCCTAC-1,31.0,0.0,0.0,0.0,0.0,0.0,1.0
AGCTAACTCACGAATC-2,26.0,0.3005755128437196,0.0,0.0,0.19364293997678975,0.3106467509625101,0.19513479621698074
GAGGTTAAGGAGGGTT-3,13.0,1.0,0.0,0.0,0.0,0.0,0.0
GAAGGATGTGGACATC-1,1.0,0.0,0.0,0.0,1.0,0.0,0.0
GTGAGCGAGGCCTTAG-2,11.0,0.26017380928088074,,,0.3107460265472086,0.2228172513789396,0.20626291279297101
TTTAGCAAGGTCTTGG-2,13.0,0.0,0.0,0.0,0.0,0.0,1.0
ATAACGACACTGGCTG-2,19.0,1.0,0.0,0.0,0.0,0.0,0.0
AATAGAGGTTCGCGCT-2,24.0,0.21845905187174444,,,0.2480843926368116,0.19755649681913243,0.33590005867231154
AGATGCTTCATAATCG-3,26.0,0.3005755128437196,,,0.19364293997678975,0.3106467509625101,0.19513479621698074
TGGTTCTGTCGCGCAA-1,10.0,0.0,0.0,0.0,1.0,0.0,0.0
GTCGGTTCATGTTGCA-2,8.0,1.0,0.0,0.0,0.0,0.0,0.0
CATAGTCAGGACAACA-1,15.0,0.0,0.0,0.0,1.0,0.0,0.0
TCAATCGCATTAAGTC-3,2.0,0.21079074246169519,,,0.3110256879333526,0.2245883274521365,0.25359524215281576
GCCTGAGGTTTGCAGA-1,20.0,0.0,0.0,0.0,1.0,0.0,0.0
TTATCCTAGGACCTGC-3,12.0,0.22393288850727908,,,0.21148179656914845,0.3491266157595441,0.21545869916402838
GGTTTCCTCCGTGACA-3,27.0,0.2659503422898086,,,0.3090767064839525,0.2252336567198111,0.1997392945064278
CTTTCTTGTAAATTGC-3,1.0,0.2431277739439729,,,0.27520525106868904,0.22514867316661977,0.2565183018207184
GTCTAGCCACTAAATC-1,16.0,0.0,0.0,0.0,1.0,0.0,0.0
TATTTGGAGCAGGTTT-2,34.0,0.23141187017972628,0.0,0.0,0.21203187960198364,0.23517958103089368,0.32137666918739655
GTGCATTAGACTATTG-3,19.0,0.28880190709864184,,,0.19477936981053914,0.2980900086334725,0.21832871445734645
CGGGTATGTTGTCATC-1,8.0,1.0,0.0,0.0,0.0,0.0,0.0
CCAATATCACCAAAGG-2,4.0,1.0,0.0,0.0,0.0,0.0,0.0
ACATCATCATCCTGAA-2,35.0,0.0,0.0,0.0,0.0,1.0,0.0
CCGCTTAGTCTTTGAC-1,6.0,0.0,0.0,0.0,1.0,0.0,0.0
GGGTTTCCAACATAAG-3,5.0,0.25007613426230707,,,0.2764713286099489,0.24316603374735998,0.23028650338038426
GCGCGATTCTTGTTCG-3,6.0,1.0,0.0,0.0,0.0,0.0,0.0
GTAAGGTCAACTAGCC-3,3.0,1.0,0.0,0.0,0.0,0.0,0.0
AGTAGGATCCCTCATA-1,24.0,0.0,0.0,0.0,1.0,0.0,0.0
AATCATGTCCCTCAGT-2,17.0,0.0,0.0,0.0,1.0,0.0,0.0
TTGACATCAATAAGCA-1,23.0,0.0,0.0,0.0,1.0,0.0,0.0
GTGCACGGTCAATAGT-2,16.0,1.0,0.0,0.0,0.0,0.0,0.0
GTTACTCGTTACTTGC-3,15.0,0.25404889456095253,,,0.3994002521455771,0.19749238598555172,0.14905846730791872
GTAGGTGCAAGCCACT-2,10.0,0.0,0.0,0.0,0.0,0.0,1.0
GGAACGGTCCAGGTCA-3,26.0,0.0,0.0,0.0,0.0,1.0,0.0
GCTCACAAGAGGGACT-1,37.0,0.0,0.0,0.0,1.0,0.0,0.0
GATTTGCAGCACGATT-2,27.0,1.0,0.0,0.0,0.0,0.0,0.0
AGAGGAACAATGCCTA-1,2.0,0.0,0.0,0.0,1.0,0.0,0.0
AGTCGCATCAGGATGA-3,19.0,0.28880190709864184,,,0.19477936981053914,0.2980900086334725,0.21832871445734645
AAAGCCGCAAGATTCT-3,7.0,0.23707317196827163,,,0.3805360488007793,0.2041805565917011,0.17821022263924788
GGTGAGGTCTTAGGGT-3,28.0,0.0,0.0,0.0,0.0,1.0,0.0
ACCTTGCTCTTGGATA-3,30.0,1.0,0.0,0.0,0.0,0.0,0.0
CTAACCTGTAACGGGA-3,36.0,0.0,0.0,0.0,0.0,1.0,0.0
AGTCAAGAGGCTCATG-2,18.0,0.0,0.0,0.0,0.0,0.0,1.0
TCAGCAAGTGAGCGAA-2,12.0,0.0,0.0,0.0,0.0,0.0,1.0
GGTTGGTGTTCACCCA-3,10.0,0.26490417044114983,0.0,0.0,0.1425309127782741,0.3402195170606928,0.2523453997198832
TCCTTTACAAGGAATC-1,32.0,1.0,0.0,0.0,0.0,0.0,0.0
CGCTCCATCAGGATGA-3,29.0,0.0,0.0,0.0,0.0,1.0,0.0
GGATGAATCAGGTTTA-2,32.0,0.23501474983514806,0.0,0.0,0.36169219852304807,0.23220664506324848,0.1710864065785554
GGCTTCAAGTTTGGGT-2,31.0,0.24483511612846504,0.0,0.0,0.34550975661796685,0.2764681959007302,0.13318693135283804
AACCTCACAACAACAA-3,10.0,0.26490417044114983,,,0.1425309127782741,0.3402195170606928,0.2523453997198832
CGGTTCCGTGTGCAAC-2,6.0,1.0,0.0,0.0,0.0,0.0,0.0
TCAAACCAGGACCTGC-3,28.0,0.0,0.0,0.0,0.0,1.0,0.0
AACTACTCATATAACC-1,36.0,0.0,0.0,0.0,1.0,0.0,0.0
GAAAGCCAGCACCACA-2,8.0,0.0,0.0,0.0,1.0,0.0,0.0
CTACAACAGTTGGCCA-2,4.0,0.2789549502429366,0.0,0.0,0.1885732419812842,0.21961014244052887,0.31286166533525034
AGTGCACGTTTATTCG-1,13.0,0.0,0.0,0.0,0.0,0.0,1.0
TATTAGCCAGTAAGTA-1,9.0,0.0,0.0,0.0,1.0,0.0,0.0
ATCCTTAGTTACATCC-2,28.0,1.0,0.0,0.0,0.0,0.0,0.0
GGTTGCATCGGGCCAT-3,3.0,0.2510908928836586,0.0,0.0,0.23769248350866462,0.29944475183729763,0.2117718717703792
GGTTATGGTAAGGTCC-3,1.0,0.2431277739439729,,,0.27520525106868904,0.22514867316661977,0.2565183018207184
CCTTCGTAGGCTAATC-2,3.0,0.2510908928836586,0.0,0.0,0.23769248350866462,0.29944475183729763,0.2117718717703792
CTCAGGATCGGGACTC-3,28.0,0.3342463996891122,0.0,0.0,0.0,0.30076577204856125,0.3649878282623266
CAATGTCAGCAAGGTA-1,6.0,0.0,0.0,0.0,1.0,0.0,0.0
GCTATCCTCTTGACCC-1,4.0,0.0,0.0,0.0,1.0,0.0,0.0
AAGGATTAGTCATGCG-1,2.0,1.0,0.0,0.0,0.0,0.0,0.0
GTTAGACTCTTGTTCG-1,26.0,0.0,0.0,0.0,1.0,0.0,0.0
AGTTATGTCATCCTCA-3,30.0,0.2305508875130836,,,0.30015485066475694,0.2562706347632869,0.21302362705887254
GGTACTTAGAAACTGG-3,9.0,0.25657805136510725,,,0.19608879238864382,0.26842478255731234,0.2789083736889367
TCTTGACGTAACAGGG-3,9.0,0.25657805136510725,,,0.19608879238864382,0.26842478255731234,0.2789083736889367
TTATCCGTCACTCAAA-3,11.0,0.0,0.0,0.0,0.0,1.0,0.0
ACTGAATGTCGAAGTC-1,36.0,0.0,0.0,0.0,1.0,0.0,0.0
AGCTTAATCTAAGTCA-3,29.0,1.0,0.0,0.0,0.0,0.0,0.0
CTCCAACTCTCTAGCC-3,22.0,0.22299113408910365,0.0,0.0,0.2286831626631811,0.3006206801642622,0.24770502308345307
GGAACCACATTGCGGT-3,10.0,0.0,0.0,0.0,0.0,1.0,0.0
GGTAGGAGTTTGCAGA-1,19.0,0.0,0.0,0.0,1.0,0.0,0.0
GCTGCATCAGGTTCAC-1,19.0,0.0,0.0,0.0,1.0,0.0,0.0
TTTCACCCAACTAACT-2,10.0,0.0,0.0,0.0,0.0,0.0,1.0
GTGCTTCTCGGCCAGT-3,14.0,0.25490642483705084,,,0.203860627012991,0.27543380527416844,0.2657991428757897
GGTTATATCCGCAAAT-3,9.0,0.25657805136510725,,,0.19608879238864382,0.26842478255731234,0.2789083736889367
CGTGAGGAGGCGCTAC-1,6.0,0.0,0.0,0.0,1.0,0.0,0.0
TGCCGGTAGAGAGGAG-1,11.0,1.0,0.0,0.0,0.0,0.0,0.0
AATTGGGAGAGGAAGG-2,11.0,0.0,0.0,0.0,0.0,0.0,1.0
TTGCAGCCACGGTTTA-3,3.0,1.0,0.0,0.0,0.0,0.0,0.0
TGGTCATAGCTTTGGG-3,30.0,0.2305508875130836,,,0.30015485066475694,0.2562706347632869,0.21302362705887254
GTATTGCAGGCCAATT-3,4.0,1.0,0.0,0.0,0.0,0.0,0.0
AGCCTGGGTTTGTGGA-1,14.0,0.0,0.0,0.0,1.0,0.0,0.0
CTTCACTCACTAAGTT-1,26.0,1.0,0.0,0.0,0.0,0.0,0.0
TTGGATATCCTAATAG-2,28.0,0.0,0.0,0.0,1.0,0.0,0.0
CAGATTCAGCTGGAAA-1,1.0,0.0,0.0,0.0,1.0,0.0,0.0
GTATTGTCATAAGCAA-3,13.0,1.0,0.0,0.0,0.0,0.0,0.0
AGAAGGTGTCTCAGCC-2,19.0,0.0,0.0,0.0,0.0,0.0,1.0
CGAACCGGTGCATTTC-2,14.0,0.25490642483705084,0.0,0.0,0.203860627012991,0.27543380527416844,0.2657991428757897
GGCTTCAAGCAGGTGG-2,18.0,0.3327628439671283,0.0,0.0,0.0,0.3647046670622881,0.30253248897058366
CTATAACCAAAGCGGC-1,15.0,0.0,0.0,0.0,1.0,0.0,0.0
CTTTAGGCAGTTATGT-2,12.0,0.0,0.0,0.0,0.0,1.0,0.0
GCCATGATCACAGCCA-2,17.0,0.0,0.0,0.0,0.0,0.0,1.0
CCCTCATAGGTCGATT-3,22.0,1.0,0.0,0.0,0.0,0.0,0.0
TACTTGTTCGATCAGT-3,18.0,0.23638071763888321,,,0.28964209218552694,0.2590708442645409,0.21490634591104896
TTTGCGGAGGTAGCTT-3,22.0,1.0,0.0,0.0,0.0,0.0,0.0
GGTTTAATCATGAAGG-2,29.0,0.0,0.0,0.0,1.0,0.0,0.0
TGGGCATGTTATTGCC-3,26.0,0.3005755128437196,,,0.19364293997678975,0.3106467509625101,0.19513479621698074
CTGAAACTCATTACTC-2,8.0,1.0,0.0,0.0,0.0,0.0,0.0
CCATAATCAAACCTAT-2,28.0,0.24355764626440804,0.0,0.0,0.2713230524219713,0.21916108471229478,0.2659582166013259
ATGTCATCAGACAAAC-3,1.0,0.2431277739439729,0.0,0.0,0.27520525106868904,0.22514867316661977,0.2565183018207184
GGTGTGACAGCTTACA-3,21.0,0.36496857686394185,,,0.2425919314203312,0.14718681699163197,0.24525267472409484
GCTCTGGCAATAGCAA-2,6.0,1.0,0.0,0.0,0.0,0.0,0.0
ACCAGGCTCCTTCTAG-2,31.0,0.24483511612846504,,,0.34550975661796685,0.2764681959007302,0.13318693135283804
GTACTAATCTAACCAA-2,16.0,0.0,0.0,0.0,1.0,0.0,0.0
GGAAGTATCCAGGTCA-2,17.0,0.28041555117654665,0.0,0.0,0.21377517180417943,0.21373583317818393,0.29207344384108996
GGATAACCAAGGAATC-3,12.0,0.22393288850727908,0.0,0.0,0.21148179656914845,0.3491266157595441,0.21545869916402838
GGCTGGTTCACACAGT-2,22.0,0.22299113408910365,,,0.2286831626631811,0.3006206801642622,0.24770502308345307
CGCTTCTAGGCTTAGT-1,21.0,0.0,0.0,0.0,0.0,0.0,1.0
CATTGCGAGTAGCCAT-3,12.0,0.22393288850727908,,,0.21148179656914845,0.3491266157595441,0.21545869916402838
AACGACAAGAGAAGGG-3,2.0,0.21079074246169519,,,0.3110256879333526,0.2245883274521365,0.25359524215281576
GATCAGTTCGGCCATA-3,10.0,0.0,0.0,0.0,0.0,1.0,0.0
CAATCTAAGGAGGTTA-1,16.0,0.0,0.0,0.0,1.0,0.0,0.0
GACTTAGGTGTCACGG-1,7.0,1.0,0.0,0.0,0.0,0.0,0.0
AGAGATTAGCACGATT-3,10.0,1.0,0.0,0.0,0.0,0.0,0.0
GTGGCTTCAACTAGGG-3,28.0,0.24355764626440804,,,0.2713230524219713,0.21916108471229478,0.2659582166013259
ATTCGTTTCCCTCACG-3,26.0,0.0,0.0,0.0,0.0,1.0,0.0
CGATTCCTCAAACACC-2,3.0,0.0,0.0,0.0,0.5288350026357407,0.0,0.4711649973642594
AGGATTGAGACACCGC-3,4.0,1.0,0.0,0.0,0.0,0.0,0.0
TGTTGCACATGGCCCA-3,36.0,0.2461747580345537,,,0.1850283944180879,0.27103139859455855,0.2977654489527998
TCGTCAACAGTAAGTA-1,3.0,1.0,0.0,0.0,0.0,0.0,0.0
CAATAGCTCTGGTCCT-3,1.0,1.0,0.0,0.0,0.0,0.0,0.0
CTCCTGAGTTAGACCA-3,5.0,1.0,0.0,0.0,0.0,0.0,0.0
TACCGAAGTCGCGCAA-2,15.0,1.0,0.0,0.0,0.0,0.0,0.0
TGGCTTTGTGTCCAAA-2,12.0,1.0,0.0,0.0,0.0,0.0,0.0
AAGGATCCATGCTATG-1,34.0,1.0,0.0,0.0,0.0,0.0,0.0
CGTAGTTAGAGGAAGG-3,18.0,0.0,0.0,0.0,0.0,1.0,0.0
CGGACCTAGTTGGGCC-1,9.0,1.0,0.0,0.0,0.0,0.0,0.0
TATCCAGCAAACTGTT-2,1.0,0.2431277739439729,,,0.27520525106868904,0.22514867316661977,0.2565183018207184
ACTTACAAGCCTGTGA-3,19.0,1.0,0.0,0.0,0.0,0.0,0.0
GACCTCAAGCGATACT-2,37.0,0.0,0.0,0.0,1.0,0.0,0.0
TATGGGCGTCAGGCCA-2,9.0,0.0,0.0,0.0,0.0,0.0,1.0
GTAGGATCACAACAAA-2,24.0,0.21845905187174444,,,0.2480843926368116,0.19755649681913243,0.33590005867231154
ATTAGCTCAATAAGCA-3,21.0,0.36496857686394185,,,0.2425919314203312,0.14718681699163197,0.24525267472409484
GCATATATCTCAATAG-1,7.0,0.0,0.0,0.0,1.0,0.0,0.0
AAGCTTGGTTAGCGTA-2,6.0,1.0,0.0,0.0,0.0,0.0,0.0
CAAGGTTTCTAAATCG-2,31.0,0.24483511612846504,0.0,0.0,0.34550975661796685,0.2764681959007302,0.13318693135283804
GGCCTTCGTGTGAGAG-3,28.0,0.24355764626440804,,,0.2713230524219713,0.21916108471229478,0.2659582166013259
AGAACAAGTACTTAGG-3,3.0,0.2510908928836586,,,0.23769248350866462,0.29944475183729763,0.2117718717703792
ACTTAGTCAATCCTAG-2,17.0,0.28041555117654665,,,0.21377517180417943,0.21373583317818393,0.29207344384108996
CTTGTAAAGTTCCTGC-1,7.0,1.0,0.0,0.0,0.0,0.0,0.0
CTCTAGCTCACTAATG-2,33.0,0.25254537146409556,0.0,0.0,0.23028304051452006,0.2665285948922042,0.25064299312918015
TTGTGTGCATGTCGCG-2,5.0,0.0,0.0,0.0,1.0,0.0,0.0
ATGTTTGAGCAAGACA-2,7.0,0.0,0.0,0.0,1.0,0.0,0.0
GTCCTCCCACAGGAAT-2,14.0,1.0,0.0,0.0,0.0,0.0,0.0
GTTTCTAGTTCAAGCA-1,15.0,0.0,0.0,0.0,1.0,0.0,0.0
TGCCATTGTCAAGTGC-3,6.0,0.0,0.0,0.0,0.0,1.0,0.0
AATGAAGGTGTCCAAA-2,27.0,0.0,0.0,0.0,0.0,0.0,1.0
TGTAAGCTCTCGCCTG-1,24.0,0.0,0.0,0.0,1.0,0.0,0.0
GAGCGGTCAGGGAGGA-1,15.0,0.0,0.0,0.0,1.0,0.0,0.0
CTTGCATGTGCTTTAC-3,15.0,1.0,0.0,0.0,0.0,0.0,0.0
GCAATCTAGCGATACT-3,3.0,0.2510908928836586,,,0.23769248350866462,0.29944475183729763,0.2117718717703792
CGTTAAATCCCTCATA-1,12.0,1.0,0.0,0.0,0.0,0.0,0.0
CACGCTAAGCTGGAAA-2,30.0,0.0,0.0,0.0,0.0,1.0,0.0
CAGGACCTCTAATCAG-3,30.0,1.0,0.0,0.0,0.0,0.0,0.0
GAGCTTGTCGGGATTT-2,28.0,0.24355764626440804,0.0,0.0,0.2713230524219713,0.21916108471229478,0.2659582166013259
TATGAAGCAATTGAGA-3,34.0,0.2936817673065708,0.0,0.0,0.0,0.29846331969889894,0.4078549129945302
AACTAGTGTAGCAGCT-3,15.0,0.25404889456095253,,,0.3994002521455771,0.19749238598555172,0.14905846730791872
ATCGGCCAGGCAAGTA-2,34.0,0.0,0.0,0.0,1.0,0.0,0.0
CTTATGTTCGGGCCAT-2,23.0,0.0,0.0,0.0,0.0,0.0,1.0
GTGTTCCTCATGCTCC-3,30.0,0.2305508875130836,,,0.30015485066475694,0.2562706347632869,0.21302362705887254
TTCAGTTTCCGCCTAT-1,30.0,1.0,0.0,0.0,0.0,0.0,0.0
CGAACCGGTTAGAGGG-2,22.0,0.0,0.0,0.0,0.0,0.0,1.0
AACGACAAGTAACTCA-2,15.0,0.0,0.0,0.0,1.0,0.0,0.0
AGTGTGGCACAATGTT-2,15.0,0.0,0.0,0.0,0.0,0.0,1.0
TCACCGGCATAATCGT-1,22.0,0.0,0.0,0.0,1.0,0.0,0.0
TCCCTGGTCTGGCATG-1,13.0,0.0,0.0,0.0,1.0,0.0,0.0
TTTGTCCCAATTAAGG-1,15.0,1.0,0.0,0.0,0.0,0.0,0.0
CGCAAATTCTTGGATA-3,9.0,0.25657805136510725,,,0.19608879238864382,0.26842478255731234,0.2789083736889367
CCTGGTAAGTGTTGCG-3,3.0,0.2510908928836586,,,0.23769248350866462,0.29944475183729763,0.2117718717703792
CTTCAGGAGGCTATGT-2,7.0,0.0,0.0,0.0,0.0,0.0,1.0
GGCTATGTCTAAATCG-1,32.0,0.0,0.0,0.0,1.0,0.0,0.0
TCCCGTTAGGTTTGAC-3,4.0,0.2789549502429366,0.0,0.0,0.1885732419812842,0.21961014244052887,0.31286166533525034
GCACTTACAGCACGTT-3,25.0,1.0,0.0,0.0,0.0,0.0,0.0
ACGAGTAAGGCTTAAC-2,2.0,0.0,0.0,0.0,1.0,0.0,0.0
CAAGGCCTCTTGCTAT-1,21.0,0.0,0.0,0.0,1.0,0.0,0.0
CGTGTGTCATGGCCTG-3,14.0,0.0,0.0,0.0,0.0,1.0,0.0
GCTGACATCATCACTT-3,7.0,0.23707317196827163,,,0.3805360488007793,0.2041805565917011,0.17821022263924788
TCCATCATCTTGACCC-1,15.0,0.0,0.0,0.0,1.0,0.0,0.0
CAGGACACACCTAAGC-3,8.0,0.22347106138460127,,,0.25914442347718897,0.16517053432406306,0.3522139808141467
AGGATGTCAATAACGA-3,32.0,0.23501474983514806,,,0.36169219852304807,0.23220664506324848,0.1710864065785554
CGAAGGCCATATTGAC-3,5.0,0.25007613426230707,,,0.2764713286099489,0.24316603374735998,0.23028650338038426
ACAGGATCATCGCTTT-2,4.0,1.0,0.0,0.0,0.0,0.0,0.0
CGCAATGTCTTGAGCG-2,31.0,0.0,0.0,0.0,0.0,0.0,1.0
GAGCATGCAGCTAATT-2,8.0,0.0,0.0,0.0,0.0,0.0,1.0
TTTGACCGTCAGTAAT-3,6.0,0.28619740144106137,,,0.20095345838278786,0.28595501190791156,0.2268941282682392
TATAGCCAGGACCTGC-3,1.0,1.0,0.0,0.0,0.0,0.0,0.0
GCAGGCAAGATGCCTG-2,32.0,0.0,0.0,0.0,0.0,0.0,1.0
ACCGGTTCACCAGCAT-3,15.0,0.25404889456095253,0.0,0.0,0.3994002521455771,0.19749238598555172,0.14905846730791872
ATATGTCCAATGCCTA-2,4.0,0.2789549502429366,0.0,0.0,0.1885732419812842,0.21961014244052887,0.31286166533525034
TCGGTAAGTAACCTAG-3,3.0,0.0,0.0,0.0,0.0,1.0,0.0
CTTCGCGTCTTGAGGT-1,31.0,0.0,0.0,0.0,1.0,0.0,0.0
CTCCGGACAGTAATAG-2,4.0,0.0,0.0,0.0,1.0,0.0,0.0
TACCTTTAGGGCTTAT-3,28.0,1.0,0.0,0.0,0.0,0.0,0.0
ACAACAACAGCTCATA-3,21.0,1.0,0.0,0.0,0.0,0.0,0.0
ACGACAAAGTCAGGCC-1,29.0,0.0,0.0,0.0,1.0,0.0,0.0
ACTGAAACATCCTGAA-2,12.0,1.0,0.0,0.0,0.0,0.0,0.0
GTCCATTGTGCTTAGA-3,10.0,1.0,0.0,0.0,0.0,0.0,0.0
CGCATTACAACTAGGG-3,4.0,1.0,0.0,0.0,0.0,0.0,0.0
CACTTTGTCATGGCTG-2,35.0,0.0,0.0,0.0,0.0,0.0,1.0
AGGCTAAAGCTGTAAC-2,31.0,0.0,0.0,0.0,1.0,0.0,0.0
GCTAAGCGTAGCCATA-3,24.0,1.0,0.0,0.0,0.0,0.0,0.0
TCAGCCTTCAGGTTTA-3,28.0,1.0,0.0,0.0,0.0,0.0,0.0
TCATTTGGTTATTGCC-3,5.0,0.25007613426230707,,,0.2764713286099489,0.24316603374735998,0.23028650338038426
GGTTGAGCACAGGGAC-2,20.0,1.0,0.0,0.0,0.0,0.0,0.0
TTAGGCCCATAAAGCA-1,11.0,0.0,0.0,0.0,1.0,0.0,0.0
GAGAAACGTTTAGTCC-1,5.0,0.0,0.0,0.0,1.0,0.0,0.0
GATCCGTCATTAGCCA-2,22.0,0.0,0.0,0.0,1.0,0.0,0.0
ATTAGTCCAGAGGGAG-3,5.0,0.25007613426230707,0.0,0.0,0.2764713286099489,0.24316603374735998,0.23028650338038426
ACAGGTAAGGTCAAAG-2,28.0,0.24355764626440804,0.0,0.0,0.2713230524219713,0.21916108471229478,0.2659582166013259
TACTGACAGGAGTCGG-3,30.0,1.0,0.0,0.0,0.0,0.0,0.0
AGCTATATCTTAGGAC-3,19.0,0.28880190709864184,,,0.19477936981053914,0.2980900086334725,0.21832871445734645
AGTCAGGCAACAGCCT-3,2.0,0.21079074246169519,,,0.3110256879333526,0.2245883274521365,0.25359524215281576
CCAAGGCTCGGCTAGC-3,5.0,1.0,0.0,0.0,0.0,0.0,0.0
GGATGTAAGGAAGCTA-1,12.0,0.0,0.0,0.0,1.0,0.0,0.0
GCACCTAAGTTAGACC-2,4.0,1.0,0.0,0.0,0.0,0.0,0.0
ACCTTCATCAGCATTA-3,15.0,1.0,0.0,0.0,0.0,0.0,0.0
TAAGGACCATGTTGCA-3,15.0,0.25404889456095253,,,0.3994002521455771,0.19749238598555172,0.14905846730791872
ACTAACTCAATAACGA-3,4.0,0.2789549502429366,,,0.1885732419812842,0.21961014244052887,0.31286166533525034
TATGGTCAGCTTATGA-1,31.0,0.0,0.0,0.0,1.0,0.0,0.0
TAAGCTGGTAATTAGC-2,12.0,1.0,0.0,0.0,0.0,0.0,0.0
GGGTGAAGTTCCGGCT-3,17.0,0.28041555117654665,0.0,0.0,0.21377517180417943,0.21373583317818393,0.29207344384108996
CGATTTGCACGAATTT-1,1.0,0.0,0.0,0.0,1.0,0.0,0.0
TGGCCAATCAGGGCCT-1,15.0,0.0,0.0,0.0,1.0,0.0,0.0
GAGATAAGTTGCACGG-2,22.0,0.0,0.0,0.0,1.0,0.0,0.0
TACGTACAGTCAGGCC-3,10.0,0.26490417044114983,,,0.1425309127782741,0.3402195170606928,0.2523453997198832
ATATGCATCGGCTAGC-3,28.0,0.24355764626440804,0.0,0.0,0.2713230524219713,0.21916108471229478,0.2659582166013259
TCCATGCTCCGGCTAA-3,33.0,1.0,0.0,0.0,0.0,0.0,0.0
AGTTACTCAAGCTAAA-2,12.0,1.0,0.0,0.0,0.0,0.0,0.0
TTAGGATGTTAGCGTA-3,16.0,0.19281102196304184,0.0,0.0,0.24608965471250854,0.23107341591095565,0.33002590741349397
AAGCGAGGTGTAATAC-3,24.0,1.0,0.0,0.0,0.0,0.0,0.0
CCTATAGCATCGTTCT-3,24.0,1.0,0.0,0.0,0.0,0.0,0.0
CTCATTTAGGCCCAGT-3,24.0,0.0,0.0,0.0,0.0,0.0,1.0
TCAGTAGGTAACGAGG-3,11.0,0.26017380928088074,,,0.3107460265472086,0.2228172513789396,0.20626291279297101
ACCTTGTGTCGAAGTC-3,1.0,1.0,0.0,0.0,0.0,0.0,0.0
GGATATTGTAGTAAGA-1,2.0,1.0,0.0,0.0,0.0,0.0,0.0
TACTGACAGGTGAAAT-3,5.0,0.0,0.0,0.0,0.0,1.0,0.0
GTTGCCCGTTCGCGCT-1,4.0,0.0,0.0,0.0,1.0,0.0,0.0
CTGTTTAGTCACCTAT-3,32.0,0.23501474983514806,0.0,0.0,0.36169219852304807,0.23220664506324848,0.1710864065785554
AGGATCCGTTTGTGGA-1,2.0,0.0,0.0,0.0,0.0,0.0,1.0
TACAAGCTCCTCATGC-3,23.0,0.0,0.0,0.0,0.0,0.0,1.0
TTCATTCAGATTGAGG-2,22.0,1.0,0.0,0.0,0.0,0.0,0.0
AACCCGCAGGATTTGC-3,31.0,1.0,0.0,0.0,0.0,0.0,0.0
CTAAATGTCCTTGAGG-3,11.0,0.26017380928088074,,,0.3107460265472086,0.2228172513789396,0.20626291279297101
CCTCAAACATTGTGAT-1,7.0,0.0,0.0,0.0,1.0,0.0,0.0
ACAGGCTGTACTTAGG-2,3.0,0.0,0.0,0.0,0.0,0.0,1.0
CATCATAAGTTAGGCT-2,33.0,0.25254537146409556,,,0.23028304051452006,0.2665285948922042,0.25064299312918015
CAGGGTGAGCCTGTTC-1,9.0,0.0,0.0,0.0,1.0,0.0,0.0
CATTCCTCATTGCGAC-3,28.0,1.0,0.0,0.0,0.0,0.0,0.0
TTAGCTGCATAATCGT-3,16.0,0.0,0.0,0.0,0.0,1.0,0.0
GCAGCTATCGGTTACG-1,30.0,0.0,0.0,0.0,1.0,0.0,0.0
TATAGGTGTTGTCATC-1,4.0,0.0,0.0,0.0,0.0,0.0,1.0
AGTAAACAGTTAGACC-2,5.0,0.0,0.0,0.0,0.0,1.0,0.0
AATTGGGAGTCAATTG-2,3.0,0.0,0.0,0.0,1.0,0.0,0.0
GGGCGAATCTGTTGCC-3,9.0,0.25657805136510725,,,0.19608879238864382,0.26842478255731234,0.2789083736889367
AATACCGGTGAGCGAA-1,20.0,0.0,0.0,0.0,1.0,0.0,0.0
TCGTGCTTCGTTATAG-2,23.0,0.0,0.0,0.0,1.0,0.0,0.0
CGGACAACATAAAGCA-3,4.0,0.0,0.0,0.0,0.0,1.0,0.0
GAGGCCTTCATTGTTC-3,29.0,1.0,0.0,0.0,0.0,0.0,0.0
GAACGAATCCCTCAGT-2,29.0,0.0,0.0,0.0,0.0,0.0,1.0
TACCTTAGTCAAAGAA-2,16.0,0.19281102196304184,,,0.24608965471250854,0.23107341591095565,0.33002590741349397
GCTCGATCATCTAGCA-3,32.0,0.23501474983514806,,,0.36169219852304807,0.23220664506324848,0.1710864065785554
CTAGTAATCGCTCCAT-2,20.0,1.0,0.0,0.0,0.0,0.0,0.0
TTTGTGTTCTCGCCTG-1,15.0,0.0,0.0,0.0,1.0,0.0,0.0
AGCACTTAGGTGAAAT-2,10.0,0.0,0.0,0.0,1.0,0.0,0.0
TCGGTTTGTGGACCTG-2,35.0,0.0,0.0,0.0,0.0,0.0,1.0
GGTACCGGTTTCCGGC-3,14.0,0.3201781415239845,0.0,0.0,0.0,0.3459617933990345,0.333860065076981
CTTTCTTGTTTGTCTA-3,33.0,0.25254537146409556,,,0.23028304051452006,0.2665285948922042,0.25064299312918015
GAGTGAGGTGTTGCTT-3,31.0,0.24483511612846504,,,0.34550975661796685,0.2764681959007302,0.13318693135283804
CAGGACACATTAGGTT-1,24.0,0.0,0.0,0.0,0.0,0.0,1.0
AACCGCTCATTGTTGG-3,21.0,1.0,0.0,0.0,0.0,0.0,0.0
ATTAGGTGTTCAAGCA-2,19.0,0.0,0.0,0.0,1.0,0.0,0.0
GCTGAGGAGCTAAGTC-3,11.0,0.26017380928088074,,,0.3107460265472086,0.2228172513789396,0.20626291279297101
GGCTGAGAGTCATGCG-3,8.0,0.22347106138460127,,,0.25914442347718897,0.16517053432406306,0.3522139808141467
CGTGACATCGGGACTC-1,11.0,0.0,0.0,0.0,0.0,0.0,1.0
TCGGTTTGTAGTTGGC-3,1.0,1.0,0.0,0.0,0.0,0.0,0.0
AAACGGATCCAGCACA-3,27.0,1.0,0.0,0.0,0.0,0.0,0.0
ATCGGCCAGAGAGCCG-1,3.0,0.0,0.0,0.0,1.0,0.0,0.0
AAGGCCCTCCAAACAC-1,32.0,0.0,0.0,0.0,1.0,0.0,0.0
GTACGTAGTTATTGCC-1,3.0,1.0,0.0,0.0,0.0,0.0,0.0
TTATTGCTCGGTTACG-3,27.0,1.0,0.0,0.0,0.0,0.0,0.0
GTCATCCTCAAGTGAG-1,15.0,0.0,0.0,0.0,1.0,0.0,0.0
GCTTAAATCTTGACCC-3,11.0,0.26017380928088074,,,0.3107460265472086,0.2228172513789396,0.20626291279297101
CAAACTGGTCAAGTAT-3,33.0,0.0,0.0,0.0,0.0,1.0,0.0
AGTTTGCAGCATTATG-2,30.0,0.2305508875130836,,,0.30015485066475694,0.2562706347632869,0.21302362705887254
GTTACGCCAGAAACGT-3,27.0,0.2659503422898086,,,0.3090767064839525,0.2252336567198111,0.1997392945064278
TTGCAACAGCTAATCA-3,25.0,1.0,0.0,0.0,0.0,0.0,0.0
CGCTAATAGGAGGCAT-2,24.0,0.0,0.0,0.0,1.0,0.0,0.0
CTTAAGATCGAGGTGG-1,24.0,1.0,0.0,0.0,0.0,0.0,0.0
AATTGTGTCCCGCATT-3,19.0,0.28880190709864184,,,0.19477936981053914,0.2980900086334725,0.21832871445734645
CCACACAAGGAACGCG-3,12.0,0.0,0.0,0.0,0.0,1.0,0.0
CCTAAAGGTGCTCCGT-1,18.0,0.0,0.0,0.0,1.0,0.0,0.0
AAGGATGTCCTCGATC-2,38.0,0.0,0.0,0.0,0.0,0.0,1.0
TGCTTCATCAATCATG-2,16.0,0.0,0.0,0.0,0.4271532846715328,0.0,0.5728467153284671
ACCAGCTCAATCGCAC-3,12.0,1.0,0.0,0.0,0.0,0.0,0.0
TTATCCGTCATGAGCT-3,29.0,0.31074906515307005,,,0.233016360882147,0.22003051032240445,0.2362040636423785
TTGAGGCGTCAATAGT-3,8.0,0.22347106138460127,0.0,0.0,0.25914442347718897,0.16517053432406306,0.3522139808141467
CTTGGACCATAAGTTC-3,12.0,1.0,0.0,0.0,0.0,0.0,0.0
TTAAGGACAAACTCAT-2,19.0,0.28880190709864184,0.0,0.0,0.19477936981053914,0.2980900086334725,0.21832871445734645
ACTCGCGCACGAACAG-2,4.0,0.0,0.0,0.0,1.0,0.0,0.0
ATTGGTTCAAGGTAAC-1,36.0,1.0,0.0,0.0,0.0,0.0,0.0
TTTGCGGAGGGACTAA-3,1.0,0.2431277739439729,,,0.27520525106868904,0.22514867316661977,0.2565183018207184
TTACCGTGTTGAGCCG-2,10.0,1.0,0.0,0.0,0.0,0.0,0.0
TGACCTTGTTAGTGAT-2,6.0,0.0,0.0,0.0,1.0,0.0,0.0
GATAAAGGTCTCAGCC-2,10.0,1.0,0.0,0.0,0.0,0.0,0.0
GCATGAAAGGACAATG-3,4.0,0.2789549502429366,,,0.1885732419812842,0.21961014244052887,0.31286166533525034
GTGATGAAGCAGCTCA-2,1.0,0.0,0.0,0.0,1.0,0.0,0.0
GAGCCTTCAGAAATGC-1,1.0,0.0,0.0,0.0,1.0,0.0,0.0
AACTGTTCATCCTAGA-3,13.0,0.2379245460670892,,,0.33034621848395457,0.2084468038321267,0.22328243161682945
TATGGGCGTGCGCATG-3,15.0,1.0,0.0,0.0,0.0,0.0,0.0
GTGATGAAGCCGCTTT-3,1.0,0.0,0.0,0.0,0.0,1.0,0.0
TCTGGCTTCTGTAAGC-3,34.0,1.0,0.0,0.0,0.0,0.0,0.0
CATTTGTTCCGCATGA-2,9.0,0.0,0.0,0.0,1.0,0.0,0.0
ATGTCCACAGCAACCT-2,24.0,0.21845905187174444,0.0,0.0,0.2480843926368116,0.19755649681913243,0.33590005867231154
ATTGTGATCGCATTAA-3,6.0,0.28619740144106137,,,0.20095345838278786,0.28595501190791156,0.2268941282682392
TCAGTGAGTATTCGTC-2,26.0,0.0,0.0,0.0,0.0,0.0,1.0
TGTTGTTTCCTTGTTG-3,15.0,0.0,0.0,0.0,0.0,1.0,0.0
GAACTTATCCCTTGCG-2,7.0,1.0,0.0,0.0,0.0,0.0,0.0
CGTTATTTCCACCTTA-2,3.0,0.0,0.0,0.0,1.0,0.0,0.0
GTAGGCGAGGTTTACA-1,25.0,0.0,0.0,0.0,1.0,0.0,0.0
TTTAACGAGTCAGGCC-2,30.0,0.0,0.0,0.0,0.584893684544589,0.0,0.415106315455411
TTACACCGTAGTTAAC-2,5.0,0.0,0.0,0.0,1.0,0.0,0.0
TGGACTAGTGGTGAGA-3,15.0,0.25404889456095253,0.0,0.0,0.3994002521455771,0.19749238598555172,0.14905846730791872
GCGGTTGGTGGGTACT-3,12.0,0.22393288850727908,,,0.21148179656914845,0.3491266157595441,0.21545869916402838
CTAGTTGCATAATTGC-3,22.0,1.0,0.0,0.0,0.0,0.0,0.0
CGTGACATCAAACCTA-2,13.0,0.0,0.0,0.0,0.5966927803028572,0.0,0.4033072196971427
TTGTTGTTCTTACTCG-1,4.0,0.0,0.0,0.0,1.0,0.0,0.0
TGAGTGAAGATGGACA-3,18.0,0.0,0.0,0.0,0.0,1.0,0.0
GGTCCTGCAACCGCCA-1,24.0,0.0,0.0,0.0,0.0,0.0,1.0
GAACCGCTCGCTATAA-3,33.0,1.0,0.0,0.0,0.0,0.0,0.0
ACTAACTCATCTTGAG-1,31.0,0.0,0.0,0.0,1.0,0.0,0.0
ACCATAATCATTCATC-1,12.0,0.0,0.0,0.0,1.0,0.0,0.0
GGACTAAAGCCGCTTT-2,26.0,0.0,0.0,0.0,0.0,1.0,0.0
CGGTAACGTTTATGGG-3,34.0,1.0,0.0,0.0,0.0,0.0,0.0
ACGAACAAGGCTGGCT-3,30.0,0.0,0.0,0.0,0.0,0.0,1.0
CCGCCAACAAGGGTTG-3,25.0,0.25294349983189635,,,0.22563202807869934,0.20762681900387653,0.31379765308552765
GTAAGCTTCTCAATGA-2,36.0,0.0,0.0,0.0,0.0,1.0,0.0
CCTGTAACAAGCGATG-1,25.0,0.0,0.0,0.0,1.0,0.0,0.0
CGCAATTAGGACGTAA-2,25.0,1.0,0.0,0.0,0.0,0.0,0.0
CGCACACAGTAGCTTA-2,12.0,0.0,0.0,0.0,0.0,0.0,1.0
GGTAGGAGTTATGTGG-3,15.0,0.25404889456095253,,,0.3994002521455771,0.19749238598555172,0.14905846730791872
TTGACGTAGGTTAGCT-3,18.0,0.23638071763888321,,,0.28964209218552694,0.2590708442645409,0.21490634591104896
GCGAAGCCATGTCGCG-3,5.0,1.0,0.0,0.0,0.0,0.0,0.0
GCCTTAGAGTTCCTGC-3,17.0,0.28041555117654665,,,0.21377517180417943,0.21373583317818393,0.29207344384108996
GCGATATTCTGCAAGT-2,24.0,0.21845905187174444,0.0,0.0,0.2480843926368116,0.19755649681913243,0.33590005867231154
GCCTTGCGTAGACAAA-1,11.0,0.0,0.0,0.0,1.0,0.0,0.0
GTTAGGCGTCCTTCTC-3,17.0,0.28041555117654665,,,0.21377517180417943,0.21373583317818393,0.29207344384108996
CTTCTAAGTCCGTGAG-2,26.0,0.0,0.0,0.0,1.0,0.0,0.0
AGAGAAGCAGTTAGCC-1,24.0,0.0,0.0,0.0,1.0,0.0,0.0
TAATCACCACAGAAAC-3,2.0,0.0,0.0,0.0,0.0,1.0,0.0
TAAGTGCTCGTTCACC-2,34.0,0.23141187017972628,,,0.21203187960198364,0.23517958103089368,0.32137666918739655
TCACCTCAGGCTGTGC-1,8.0,1.0,0.0,0.0,0.0,0.0,0.0
CGGACCTAGATGCCTG-3,18.0,0.23638071763888321,,,0.28964209218552694,0.2590708442645409,0.21490634591104896
GTCCAGGGTTAGGCGT-2,4.0,0.0,0.0,0.0,1.0,0.0,0.0
TGACCAAGTTCACCAT-3,9.0,0.25657805136510725,0.0,0.0,0.19608879238864382,0.26842478255731234,0.2789083736889367
AGTTACTCAAACTAAG-3,35.0,0.2399263636153897,,,0.17564806529159285,0.22166609309080135,0.362759478002216
ACAAACTGTTTGCTGT-3,15.0,1.0,0.0,0.0,0.0,0.0,0.0
TACGCACCAGGCTAGA-1,4.0,0.0,0.0,0.0,1.0,0.0,0.0
ATTCGTTTCATGACCG-1,34.0,0.0,0.0,0.0,1.0,0.0,0.0
TTGCGTCTCTTTGACT-2,3.0,0.0,0.0,0.0,1.0,0.0,0.0
CTAGCTTGTGCGCGTA-3,3.0,0.2510908928836586,,,0.23769248350866462,0.29944475183729763,0.2117718717703792
AACCCGCAGACACCGC-3,15.0,1.0,0.0,0.0,0.0,0.0,0.0
ATCACCCTCACGTTAA-3,23.0,1.0,0.0,0.0,0.0,0.0,0.0
TGGACTAGTACTTAGG-3,22.0,0.22299113408910365,,,0.2286831626631811,0.3006206801642622,0.24770502308345307
CCTTCAATCCCTTGCG-3,8.0,0.22347106138460127,,,0.25914442347718897,0.16517053432406306,0.3522139808141467
GAAGGCCCAACCGCCA-1,18.0,0.0,0.0,0.0,1.0,0.0,0.0
AGGGCTACAGATAGAC-1,3.0,0.0,0.0,0.0,1.0,0.0,0.0
ACGAATCTCATTCATC-2,27.0,0.2659503422898086,,,0.3090767064839525,0.2252336567198111,0.1997392945064278
ATGGTCTAGTCATCCC-3,11.0,0.0,0.0,0.0,0.0,1.0,0.0
CCTCCTGAGCCGGTAC-3,19.0,0.28880190709864184,,,0.19477936981053914,0.2980900086334725,0.21832871445734645
AGAGAAGCAGGTTACC-3,6.0,0.0,0.0,0.0,0.0,1.0,0.0
GGTAACTTCCTCATGC-2,21.0,0.0,0.0,0.0,1.0,0.0,0.0
CATCACACAACCCTAA-3,6.0,0.0,0.0,0.0,0.0,1.0,0.0
GCGTTTCTCGGGCCAT-2,5.0,0.34563403518185115,0.0,0.0,0.0,0.33608347998177696,0.31828248483637184
CGAATCTAGTTTGCGG-1,14.0,0.0,0.0,0.0,0.0,0.0,1.0
CACATACAGGACCTGC-2,28.0,0.3342463996891122,0.0,0.0,0.0,0.30076577204856125,0.3649878282623266
ATTTAGCCACAAAGGT-1,2.0,0.0,0.0,0.0,1.0,0.0,0.0
CAGCAAGCATCCAGGT-3,18.0,1.0,0.0,0.0,0.0,0.0,0.0
CGTAATGGTTCCGCAC-2,10.0,1.0,0.0,0.0,0.0,0.0,0.0
CCCGTTGTCCGTTAAA-3,17.0,0.0,0.0,0.0,0.0,1.0,0.0
AGCACTAGTGAAGCCT-3,6.0,0.0,0.0,0.0,0.0,1.0,0.0
CTCATCATCGCTCACT-1,4.0,0.0,0.0,0.0,1.0,0.0,0.0
GCCCAAATCTGCAAGT-2,15.0,0.0,0.0,0.0,1.0,0.0,0.0
CGTTAGGTCCCTCAAC-2,15.0,0.0,0.0,0.0,1.0,0.0,0.0
AATCATCCATGACTAT-2,4.0,0.2789549502429366,0.0,0.0,0.1885732419812842,0.21961014244052887,0.31286166533525034
GTCTTGCTCATGGTGT-2,25.0,0.25294349983189635,,,0.22563202807869934,0.20762681900387653,0.31379765308552765
CAGAATCTCGCTTCTA-2,22.0,0.0,0.0,0.0,1.0,0.0,0.0
CTCACTCAGGCGAAAC-1,25.0,0.0,0.0,0.0,1.0,0.0,0.0
ATGTTTGAGCGGTTAT-1,11.0,1.0,0.0,0.0,0.0,0.0,0.0
GGTAACCGTCACCTAT-1,24.0,0.0,0.0,0.0,1.0,0.0,0.0
GTATGTTCATGTTGTG-3,8.0,1.0,0.0,0.0,0.0,0.0,0.0
ATCACTAAGCCTAATA-1,15.0,1.0,0.0,0.0,0.0,0.0,0.0
GCACGGTTCCCGAACA-1,15.0,0.0,0.0,0.0,1.0,0.0,0.0
AGCCAGTGTACGCGCA-3,18.0,0.0,0.0,0.0,0.0,0.0,1.0
CTGACATAGTGTTGTA-2,32.0,0.23501474983514806,0.0,0.0,0.36169219852304807,0.23220664506324848,0.1710864065785554
TTTCTCACAATGCCCG-2,6.0,1.0,0.0,0.0,0.0,0.0,0.0
AGGTTGCGTTCGCTTG-1,6.0,0.0,0.0,0.0,1.0,0.0,0.0
CAGCCTTTCCTCACAC-3,15.0,0.0,0.0,0.0,0.0,1.0,0.0
CTTTAGGCAGAGGCTA-2,29.0,0.31074906515307005,0.0,0.0,0.233016360882147,0.22003051032240445,0.2362040636423785
ACGTCCAAGGTTTACA-2,4.0,0.0,0.0,0.0,0.0,0.0,1.0
TTAGGAACATAAGTCT-3,11.0,0.26017380928088074,,,0.3107460265472086,0.2228172513789396,0.20626291279297101
TCCTCTAAGGGACCTC-1,16.0,0.0,0.0,0.0,1.0,0.0,0.0
TGACTTCGTGTGTCCC-1,2.0,0.0,0.0,0.0,1.0,0.0,0.0
GAGGTGAGTTAAGCGC-3,6.0,0.0,0.0,0.0,0.0,1.0,0.0
CAAGTAACAGTACCGT-3,2.0,0.21079074246169519,,,0.3110256879333526,0.2245883274521365,0.25359524215281576
GGAACAATCTTAGGGT-3,34.0,1.0,0.0,0.0,0.0,0.0,0.0
AGTAGCTTCCCATAAA-3,6.0,1.0,0.0,0.0,0.0,0.0,0.0
TGTAACTCAGGCCTTG-3,12.0,1.0,0.0,0.0,0.0,0.0,0.0
GTGTGCGGTGCTCCGT-2,25.0,0.0,0.0,0.0,0.0,0.0,1.0
TCACGGATCAAACACC-3,15.0,1.0,0.0,0.0,0.0,0.0,0.0
ACAGCGCTCGTTATCT-1,11.0,1.0,0.0,0.0,0.0,0.0,0.0
TTTCATCAGCGGATTT-1,38.0,0.0,0.0,0.0,1.0,0.0,0.0
TACTTCGTCCTAACGG-1,8.0,0.0,0.0,0.0,1.0,0.0,0.0
CGTTGCGCATCCCGCT-3,8.0,0.22347106138460127,0.0,0.0,0.25914442347718897,0.16517053432406306,0.3522139808141467
GAGAACCAGGACAATG-1,7.0,1.0,0.0,0.0,0.0,0.0,0.0
TAAGGACCATGAAATG-3,7.0,0.23707317196827163,,,0.3805360488007793,0.2041805565917011,0.17821022263924788
CTAGATTCACGAATCC-2,5.0,0.25007613426230707,0.0,0.0,0.2764713286099489,0.24316603374735998,0.23028650338038426
TGTTCATTCAAGCTTA-3,24.0,0.21845905187174444,0.0,0.0,0.2480843926368116,0.19755649681913243,0.33590005867231154
GCAAACAAGATAGACG-1,3.0,0.0,0.0,0.0,1.0,0.0,0.0
AAATGCCTCGTGCTTC-1,11.0,0.0,0.0,0.0,0.0,0.0,1.0
CGGTGAACAAACTAAG-1,14.0,0.0,0.0,0.0,1.0,0.0,0.0
GCTGTGCAGCGCCTTT-3,23.0,0.0,0.0,0.0,0.0,1.0,0.0
GTGGTTAGTGCATTTC-3,5.0,1.0,0.0,0.0,0.0,0.0,0.0
TCCAGGTCAGCGCTTG-3,11.0,0.26017380928088074,,,0.3107460265472086,0.2228172513789396,0.20626291279297101
GTAGTTATCCGCAACA-3,15.0,1.0,0.0,0.0,0.0,0.0,0.0
CTTAGTTTCCACAATA-3,27.0,1.0,0.0,0.0,0.0,0.0,0.0
AGGATCCGTATTGAGT-2,37.0,0.0,0.0,0.0,0.0,0.0,1.0
CGTTAGTAGTAATCCA-3,14.0,1.0,0.0,0.0,0.0,0.0,0.0
CTCGCTAGTGGCTTCC-1,7.0,0.0,0.0,0.0,1.0,0.0,0.0
ACCAAGTTCATGAGCT-3,6.0,1.0,0.0,0.0,0.0,0.0,0.0
ACTAACGGTGATGAAA-2,23.0,0.0,0.0,0.0,0.4389587339151013,0.0,0.5610412660848987
AGGGTTGCAATAACCT-2,32.0,0.23501474983514806,0.0,0.0,0.36169219852304807,0.23220664506324848,0.1710864065785554
TACCTTTAGTTTGTCT-1,11.0,0.0,0.0,0.0,1.0,0.0,0.0
GGTATTGGTTCACCAT-2,34.0,0.0,0.0,0.0,0.3975037147102526,0.0,0.6024962852897474
CTGCAATAGCGATAGA-1,25.0,0.0,0.0,0.0,1.0,0.0,0.0
TTTCCGGGTGCGCGTA-3,27.0,0.2659503422898086,0.0,0.0,0.3090767064839525,0.2252336567198111,0.1997392945064278
CCATAATCACAATTAC-3,8.0,0.22347106138460127,,,0.25914442347718897,0.16517053432406306,0.3522139808141467
ATGCTTAAGGAGCAAC-3,7.0,0.0,0.0,0.0,0.0,1.0,0.0
CAACTAGGTCCTTTAA-3,4.0,0.2789549502429366,0.0,0.0,0.1885732419812842,0.21961014244052887,0.31286166533525034
TTAGACTCACAAAGAC-2,20.0,1.0,0.0,0.0,0.0,0.0,0.0
CGCTCCATCTTTGTAC-3,6.0,0.28619740144106137,,,0.20095345838278786,0.28595501190791156,0.2268941282682392
CCGTTATGTAGCTAGC-3,14.0,0.0,0.0,0.0,0.0,1.0,0.0
CTAATCGCACCTGTAA-2,24.0,0.0,0.0,0.0,0.42481335261697223,0.0,0.5751866473830277
ATTACTGAGCACAGCC-3,33.0,0.25254537146409556,,,0.23028304051452006,0.2665285948922042,0.25064299312918015
CGAAATGAGTGAGGGT-1,7.0,0.0,0.0,0.0,1.0,0.0,0.0
CTGTACCTCCGCAAAT-2,14.0,0.0,0.0,0.0,1.0,0.0,0.0
TGCTTAAAGACACCGC-1,3.0,0.0,0.0,0.0,1.0,0.0,0.0
CACCGGTAGGTGCGGA-3,31.0,0.24483511612846504,0.0,0.0,0.34550975661796685,0.2764681959007302,0.13318693135283804
AGTGAGTCACATAGCC-1,11.0,0.0,0.0,0.0,0.0,0.0,1.0
GAAGCTAAGCTATTAG-2,10.0,1.0,0.0,0.0,0.0,0.0,0.0
AACAAAGGTAAAGCGG-1,14.0,0.0,0.0,0.0,1.0,0.0,0.0
GTCTAATCATTGTGGC-2,11.0,0.26017380928088074,,,0.3107460265472086,0.2228172513789396,0.20626291279297101
GCATCCTTCTTAGGAC-3,9.0,1.0,0.0,0.0,0.0,0.0,0.0
GTTACCTGTATTGCAG-3,6.0,0.28619740144106137,,,0.20095345838278786,0.28595501190791156,0.2268941282682392
CAAACAACACTAAGAA-3,6.0,0.28619740144106137,,,0.20095345838278786,0.28595501190791156,0.2268941282682392
ACGTTACAGACAAAGT-1,32.0,0.0,0.0,0.0,1.0,0.0,0.0
CCGATGCAGAAAGCAT-2,23.0,0.2890753295347951,,,0.21326803108883835,0.2250748294409998,0.2725818099353668
GAGAACCAGCTTTGTT-3,15.0,0.25404889456095253,0.0,0.0,0.3994002521455771,0.19749238598555172,0.14905846730791872
ATTCATGAGGCCTTAG-1,37.0,0.0,0.0,0.0,0.0,0.0,1.0
TTTGTCCCAACTGGGA-2,31.0,0.24483511612846504,0.0,0.0,0.34550975661796685,0.2764681959007302,0.13318693135283804
CTTGAATCAAGTGTTT-3,25.0,0.25294349983189635,,,0.22563202807869934,0.20762681900387653,0.31379765308552765
GCCTGACAGGAGGACT-2,31.0,0.24483511612846504,,,0.34550975661796685,0.2764681959007302,0.13318693135283804
CCTTAGTGTTTATTCG-1,19.0,0.0,0.0,0.0,1.0,0.0,0.0
ACCAAGTTCCTTTACG-3,11.0,0.0,0.0,0.0,0.0,1.0,0.0
CGAATATGTCATAACG-2,2.0,0.0,0.0,0.0,0.0,0.0,1.0
CGCTAACCAACAGGAT-3,24.0,0.21845905187174444,,,0.2480843926368116,0.19755649681913243,0.33590005867231154
AGTCGCATCTTGCTAT-3,37.0,0.15830411656991292,,,0.21353305020503288,0.2890839998065646,0.33907883341848966
GGCCTTAAGGTCCGTA-3,6.0,0.0,0.0,0.0,0.0,1.0,0.0
GGCGTTATCTAAGGAG-2,3.0,0.0,0.0,0.0,0.0,1.0,0.0
TGAAGTGAGCGCAATT-2,4.0,0.0,0.0,0.0,0.0,0.0,1.0
TATTAGCCAGGAACTG-3,31.0,0.24483511612846504,,,0.34550975661796685,0.2764681959007302,0.13318693135283804
GGCTGTCAGCACAGCC-3,1.0,1.0,0.0,0.0,0.0,0.0,0.0
CTCGACAAGTAAACCC-2,15.0,0.0,0.0,0.0,1.0,0.0,0.0
CTACCGGCAACTAGAA-3,30.0,0.2305508875130836,,,0.30015485066475694,0.2562706347632869,0.21302362705887254
GTTACCTGTTATGTGG-3,1.0,0.2431277739439729,,,0.27520525106868904,0.22514867316661977,0.2565183018207184
ACTTTGTTCGTTAGTA-3,19.0,0.28880190709864184,,,0.19477936981053914,0.2980900086334725,0.21832871445734645
TACTTCGTCCCTCGCA-1,26.0,0.0,0.0,0.0,1.0,0.0,0.0
GCTGGTTCAAGGGTTG-3,18.0,0.23638071763888321,,,0.28964209218552694,0.2590708442645409,0.21490634591104896
CGTCATTGTCATCCTG-1,8.0,0.0,0.0,0.0,1.0,0.0,0.0
AGTGAGTCACCTCAGG-2,9.0,0.25657805136510725,0.0,0.0,0.19608879238864382,0.26842478255731234,0.2789083736889367
TGGACCGGTCAGGAAG-2,2.0,0.21079074246169519,,,0.3110256879333526,0.2245883274521365,0.25359524215281576
ATAGATGCACCTGGTG-2,4.0,0.0,0.0,0.0,0.0,1.0,0.0
GAGGTTAAGCACGTTG-3,4.0,0.0,0.0,0.0,0.0,1.0,0.0
TCGTTTCCAGAGGGAG-2,5.0,0.0,0.0,0.0,1.0,0.0,0.0
CCAGACTCAATGCGCT-2,16.0,0.0,0.0,0.0,1.0,0.0,0.0
AGGACTAAGCTATGAC-1,3.0,0.0,0.0,0.0,0.0,0.0,1.0
CATGCAAGTTACGCGG-1,26.0,0.0,0.0,0.0,1.0,0.0,0.0
AAGCATGAGCAGGCCT-1,1.0,0.0,0.0,0.0,1.0,0.0,0.0
TTTGGTAAGGTCCACA-1,24.0,1.0,0.0,0.0,0.0,0.0,0.0
TGTGCTGAGGAGGTTA-2,32.0,0.23501474983514806,0.0,0.0,0.36169219852304807,0.23220664506324848,0.1710864065785554
CAGAACCGTGCGCAAT-3,1.0,0.2431277739439729,,,0.27520525106868904,0.22514867316661977,0.2565183018207184
TTGCAGCCATTGTTGG-2,30.0,1.0,0.0,0.0,0.0,0.0,0.0
TGAAGGATCAGGAACA-2,20.0,1.0,0.0,0.0,0.0,0.0,0.0
TGAGTGAAGCCTCTGT-1,21.0,0.0,0.0,0.0,1.0,0.0,0.0
CCCTCAGTCGTGCCTT-3,10.0,0.26490417044114983,0.0,0.0,0.1425309127782741,0.3402195170606928,0.2523453997198832
CGATTCCTCCCTTGCG-3,18.0,1.0,0.0,0.0,0.0,0.0,0.0
AACAGGATCAGCACGC-2,6.0,0.0,0.0,0.0,1.0,0.0,0.0
CACGCTAAGATGGACA-2,14.0,0.0,0.0,0.0,1.0,0.0,0.0
ATGGCCGGTTAGGCGT-3,6.0,0.28619740144106137,,,0.20095345838278786,0.28595501190791156,0.2268941282682392
ATGGTGCGTGTGCACG-3,26.0,0.3005755128437196,,,0.19364293997678975,0.3106467509625101,0.19513479621698074
TCCGGAATCCGCCTAT-1,21.0,0.0,0.0,0.0,1.0,0.0,0.0
CAATGTGGTTAGTACG-1,30.0,0.0,0.0,0.0,1.0,0.0,0.0
TTGCCCGTCTTTGTAC-3,33.0,0.0,0.0,0.0,0.0,1.0,0.0
ACTTCGCTCGATCAGT-2,20.0,0.0,0.0,0.0,0.3067514677103718,0.0,0.6932485322896282
TATGAAGCAATTGACT-3,30.0,0.0,0.0,0.0,0.0,1.0,0.0
CGTTATCGTTTGGGTA-1,2.0,0.0,0.0,0.0,1.0,0.0,0.0
AATTACCCAAGGAATC-2,3.0,0.0,0.0,0.0,1.0,0.0,0.0
CAGGCTATCCAAACAC-3,29.0,0.31074906515307005,,,0.233016360882147,0.22003051032240445,0.2362040636423785
TGATCAGGTCGTTATC-1,34.0,0.0,0.0,0.0,1.0,0.0,0.0
TCAACAATCGTTAGTA-3,2.0,1.0,0.0,0.0,0.0,0.0,0.0
TTTAACCTCAAACCGT-2,16.0,0.0,0.0,0.0,1.0,0.0,0.0
AGTAACCTCATGTTTC-1,28.0,0.0,0.0,0.0,1.0,0.0,0.0
TCATGCCTCAATGACC-3,5.0,0.0,0.0,0.0,0.0,0.0,1.0
TAGTTTGAGGTGCGGA-3,13.0,0.0,0.0,0.0,0.0,1.0,0.0
AGCTGCTCAACCCTAA-2,15.0,0.0,0.0,0.0,1.0,0.0,0.0
AATGAAGGTACAATGT-2,6.0,0.0,0.0,0.0,0.0,0.0,1.0
TGGCCATCATCGCTTT-2,2.0,0.0,0.0,0.0,0.5508575246863168,0.0,0.4491424753136833
CCATCATGTTTGTTGC-3,8.0,0.22347106138460127,,,0.25914442347718897,0.16517053432406306,0.3522139808141467
GTCATCCTCCTTGAGG-3,3.0,0.2510908928836586,0.0,0.0,0.23769248350866462,0.29944475183729763,0.2117718717703792
CTGGTTTGTCTCACTG-3,26.0,0.3005755128437196,,,0.19364293997678975,0.3106467509625101,0.19513479621698074
TATAGCCAGGGTCTAT-1,5.0,0.0,0.0,0.0,1.0,0.0,0.0
TAAGCCAGTCATGCAA-1,37.0,0.0,0.0,0.0,1.0,0.0,0.0
CAAACATGTAATAGCT-3,4.0,0.2789549502429366,,,0.1885732419812842,0.21961014244052887,0.31286166533525034
GTTAATGTCATGGTTA-3,21.0,0.36496857686394185,0.0,0.0,0.2425919314203312,0.14718681699163197,0.24525267472409484
CTTACCGGTCTTTGAC-1,14.0,0.0,0.0,0.0,1.0,0.0,0.0
ATAACGACAGAAATTG-2,34.0,0.0,0.0,0.0,0.0,0.0,1.0
AAAGCCGCACCAGGTT-1,33.0,0.0,0.0,0.0,1.0,0.0,0.0
CATTGTAAGCGCCTAA-3,11.0,1.0,0.0,0.0,0.0,0.0,0.0
ATGGTGCGTATACTGG-2,37.0,1.0,0.0,0.0,0.0,0.0,0.0
CTCGCTCCACTGACCG-1,31.0,0.0,0.0,0.0,1.0,0.0,0.0
TTTGTGGCATCTAGCA-2,31.0,0.24483511612846504,,,0.34550975661796685,0.2764681959007302,0.13318693135283804
CTCACTCAGCGCTCAA-3,16.0,0.0,0.0,0.0,0.0,1.0,0.0
AATTCGTCACCTGCTC-1,35.0,1.0,0.0,0.0,0.0,0.0,0.0
ACCTTCCAGTGAACCT-1,13.0,0.0,0.0,0.0,0.0,0.0,1.0
GCGTGCTAGCTCAAAC-1,10.0,0.0,0.0,0.0,1.0,0.0,0.0
TTACAGCAGCCGCAGT-1,9.0,0.0,0.0,0.0,0.0,0.0,1.0
AAGACATAGCTTATGA-3,33.0,1.0,0.0,0.0,0.0,0.0,0.0
TCTCACCAGGTTAGCT-3,3.0,0.2510908928836586,,,0.23769248350866462,0.29944475183729763,0.2117718717703792
CCACTTGGTGGGAACA-3,17.0,0.28041555117654665,,,0.21377517180417943,0.21373583317818393,0.29207344384108996
CGAAGTAAGGTCAAAG-3,17.0,0.28041555117654665,,,0.21377517180417943,0.21373583317818393,0.29207344384108996
ATGTTTGAGGCTAAGA-3,32.0,0.23501474983514806,,,0.36169219852304807,0.23220664506324848,0.1710864065785554
AGGTCAAAGGAACCGG-3,13.0,0.2379245460670892,,,0.33034621848395457,0.2084468038321267,0.22328243161682945
TCTCACCAGGAGTCTT-2,1.0,0.2431277739439729,,,0.27520525106868904,0.22514867316661977,0.2565183018207184
GCAATGAAGGACAATG-3,10.0,1.0,0.0,0.0,0.0,0.0,0.0
TGCTTAAAGAAGCTAG-3,25.0,0.0,0.0,0.0,0.0,0.0,1.0
GCGATTTAGGGTGAAC-3,6.0,0.28619740144106137,0.0,0.0,0.20095345838278786,0.28595501190791156,0.2268941282682392
GTCCGTAAGGCCTGGT-3,15.0,0.25404889456095253,,,0.3994002521455771,0.19749238598555172,0.14905846730791872
GCGGGTTTCCCGCATT-3,18.0,0.23638071763888321,,,0.28964209218552694,0.2590708442645409,0.21490634591104896
CCATAATCAGTAGGAT-1,4.0,0.0,0.0,0.0,0.0,0.0,1.0
CTTTAGGCACAGGATG-3,37.0,0.0,0.0,0.0,0.0,1.0,0.0
ATATGGTGTCCGGTTC-3,36.0,0.2461747580345537,,,0.1850283944180879,0.27103139859455855,0.2977654489527998
AGCGTGCTCTTTGACT-3,6.0,0.28619740144106137,,,0.20095345838278786,0.28595501190791156,0.2268941282682392
TGGCGGTTCCGGTATG-1,8.0,0.0,0.0,0.0,1.0,0.0,0.0
GGAACCTGTAGGTTTG-3,26.0,0.0,0.0,0.0,0.0,0.0,1.0
CTACCTCAGTCACCAG-3,11.0,1.0,0.0,0.0,0.0,0.0,0.0
ATGATGACACGAACAG-3,6.0,0.0,0.0,0.0,0.0,1.0,0.0
CGATGTCCAGTTAAAG-1,18.0,0.0,0.0,0.0,1.0,0.0,0.0
GGCGGTTTCGGTTAGT-1,1.0,0.0,0.0,0.0,1.0,0.0,0.0
AACCTTGCATTGCGGT-2,5.0,0.0,0.0,0.0,0.0,0.0,1.0
AGCATTTCATAAACCT-3,13.0,0.2379245460670892,,,0.33034621848395457,0.2084468038321267,0.22328243161682945
CAACTAGGTTTGTTGC-2,3.0,0.0,0.0,0.0,0.5288350026357407,0.0,0.4711649973642594
GTGCTCCGTCAGGCAT-3,29.0,0.31074906515307005,,,0.233016360882147,0.22003051032240445,0.2362040636423785
CTCTAAGCAACTAGAA-3,29.0,0.31074906515307005,,,0.233016360882147,0.22003051032240445,0.2362040636423785
CACATTAAGAAAGCAT-2,4.0,0.2789549502429366,,,0.1885732419812842,0.21961014244052887,0.31286166533525034
AAGCAAGTCGTAACGT-2,2.0,0.0,0.0,0.0,1.0,0.0,0.0
CAAAGGATCCTCATCA-3,1.0,0.0,0.0,0.0,0.0,1.0,0.0
TACTGGCCATAGCGGA-3,11.0,0.26017380928088074,,,0.3107460265472086,0.2228172513789396,0.20626291279297101
AATCCTAAGGCCCAGT-1,14.0,0.0,0.0,0.0,1.0,0.0,0.0
CCTGGTAAGGCTACAT-2,14.0,1.0,0.0,0.0,0.0,0.0,0.0
GAGCATGCACGGTACT-3,28.0,0.0,0.0,0.0,0.0,1.0,0.0
GACTAATGTAATCGTG-1,34.0,0.0,0.0,0.0,1.0,0.0,0.0
TAGCCTCTCTTTAAGG-3,29.0,1.0,0.0,0.0,0.0,0.0,0.0
AGCCTCCGTGTGTGGT-1,34.0,0.0,0.0,0.0,1.0,0.0,0.0
AGGCTAGCACAATGCC-3,33.0,0.25254537146409556,0.0,0.0,0.23028304051452006,0.2665285948922042,0.25064299312918015
CGCATATAGTTGGATC-1,15.0,0.0,0.0,0.0,1.0,0.0,0.0
TAGTACGGTTACAAAC-1,10.0,0.0,0.0,0.0,1.0,0.0,0.0
ACCCTCCCAGCGCTTG-3,3.0,0.2510908928836586,,,0.23769248350866462,0.29944475183729763,0.2117718717703792
GCTGATCCACGTAATT-3,23.0,0.2890753295347951,,,0.21326803108883835,0.2250748294409998,0.2725818099353668
TGAGGCACAGCGCTTG-3,23.0,1.0,0.0,0.0,0.0,0.0,0.0
GTCGGTTCATGATTGT-2,35.0,0.2399263636153897,,,0.17564806529159285,0.22166609309080135,0.362759478002216
TAGTGAGAGCATTATG-1,1.0,0.0,0.0,0.0,1.0,0.0,0.0
AGCGGATAGTTGTCCC-2,30.0,0.0,0.0,0.0,0.0,0.0,1.0
GTGTGTTAGCAATAGG-3,12.0,0.22393288850727908,,,0.21148179656914845,0.3491266157595441,0.21545869916402838
CAGGACACATGTTGGC-2,11.0,0.26017380928088074,0.0,0.0,0.3107460265472086,0.2228172513789396,0.20626291279297101
GGTTAATGTGGGTGAA-3,32.0,0.23501474983514806,,,0.36169219852304807,0.23220664506324848,0.1710864065785554
TGGCCTGCAGGCGAGT-1,33.0,0.0,0.0,0.0,0.0,0.0,1.0
TGGACAAAGGGATGCG-3,23.0,0.2890753295347951,0.0,0.0,0.21326803108883835,0.2250748294409998,0.2725818099353668
CGACCTGCATATAACC-3,1.0,0.0,0.0,0.0,0.0,1.0,0.0
AAGCTATGTTGCATCT-3,10.0,1.0,0.0,0.0,0.0,0.0,0.0
TTTGTGAAGGCGAATA-1,31.0,0.0,0.0,0.0,1.0,0.0,0.0
GTGCAAGCAGGCCAAA-3,27.0,0.0,0.0,0.0,0.0,1.0,0.0
CAAACCGTCGCCTAAG-2,2.0,0.21079074246169519,0.0,0.0,0.3110256879333526,0.2245883274521365,0.25359524215281576
GCTGGATGTTACCGGG-3,16.0,0.19281102196304184,,,0.24608965471250854,0.23107341591095565,0.33002590741349397
GGAATCTTCCATTACT-3,11.0,1.0,0.0,0.0,0.0,0.0,0.0
TTTGTCTAGAACCTAC-3,22.0,0.0,0.0,0.0,0.0,1.0,0.0
CATAATCCAAGCTACC-1,1.0,0.0,0.0,0.0,1.0,0.0,0.0
TCTGTGACACAGACTC-3,18.0,0.23638071763888321,,,0.28964209218552694,0.2590708442645409,0.21490634591104896
CACTAGCCAAGTTATC-2,13.0,0.0,0.0,0.0,1.0,0.0,0.0
TACTGAGGTAATTAGC-2,7.0,0.23707317196827163,0.0,0.0,0.3805360488007793,0.2041805565917011,0.17821022263924788
AATTTCCTCACGAATC-3,5.0,0.25007613426230707,,,0.2764713286099489,0.24316603374735998,0.23028650338038426
TACTAAGTCTGTTGCC-1,2.0,0.0,0.0,0.0,1.0,0.0,0.0
AGGGCTACAACCCTCC-1,19.0,0.0,0.0,0.0,1.0,0.0,0.0
AAATGGCCAATAGTCT-3,28.0,1.0,0.0,0.0,0.0,0.0,0.0
TTAAGGACAACACCTA-2,11.0,0.3774716132248756,0.0,0.0,0.0,0.32327307489102325,0.2992553118841011
AGCATCCCATTATGCG-3,13.0,0.2379245460670892,,,0.33034621848395457,0.2084468038321267,0.22328243161682945
GGAACGGTCTACTAAG-1,7.0,0.0,0.0,0.0,1.0,0.0,0.0
CTGGTTTGTCATGCCC-3,1.0,1.0,0.0,0.0,0.0,0.0,0.0
TAAACAGCACGTAAGG-2,27.0,1.0,0.0,0.0,0.0,0.0,0.0
CTGTGTGAGGAGGCAT-1,22.0,0.0,0.0,0.0,1.0,0.0,0.0
AGTTATGTCACAGCGC-1,37.0,0.0,0.0,0.0,1.0,0.0,0.0
TTGTGAGGTAGTTAAC-3,34.0,0.0,0.0,0.0,0.0,1.0,0.0
AGTGGACAGAACCTGT-3,1.0,0.2431277739439729,,,0.27520525106868904,0.22514867316661977,0.2565183018207184
CACTGACCAAGCTTTG-1,17.0,0.0,0.0,0.0,1.0,0.0,0.0
AGGATGTCATTAGGCC-1,5.0,0.0,0.0,0.0,1.0,0.0,0.0
AACGGTAAGGTACCGC-1,3.0,0.0,0.0,0.0,1.0,0.0,0.0
GTGAATCTCATTAGCA-3,34.0,0.23141187017972628,,,0.21203187960198364,0.23517958103089368,0.32137666918739655
TTTGTGAAGCCTAATA-3,18.0,0.23638071763888321,,,0.28964209218552694,0.2590708442645409,0.21490634591104896
TAGCCTTGTACTTAGG-2,4.0,0.0,0.0,0.0,1.0,0.0,0.0
CAGGAAGGTAACGGGA-3,20.0,0.255116509861887,,,0.11378520411624034,0.3739473542312623,0.25715093179061016
AGTATAGCAGTTTCTC-3,1.0,1.0,0.0,0.0,0.0,0.0,0.0
GTAAGGTCACGTAATT-3,1.0,0.2431277739439729,,,0.27520525106868904,0.22514867316661977,0.2565183018207184
AATTGGACATTAGCCA-3,9.0,1.0,0.0,0.0,0.0,0.0,0.0
GACCTAAGTCAGGCCA-1,15.0,0.0,0.0,0.0,1.0,0.0,0.0
ATGGCTGTCAATCTAG-3,17.0,1.0,0.0,0.0,0.0,0.0,0.0
CGGCTCACATCGTTCT-3,25.0,0.0,0.0,0.0,0.0,1.0,0.0
CCTGTAACAGGACCTT-3,30.0,1.0,0.0,0.0,0.0,0.0,0.0
CCCTAATGTACTTCAC-1,3.0,0.0,0.0,0.0,1.0,0.0,0.0
TTCGTGCTCCTAAGAC-1,22.0,0.0,0.0,0.0,1.0,0.0,0.0
CAGCATTAGGAGGGTT-3,27.0,1.0,0.0,0.0,0.0,0.0,0.0
TGCTAACAGCTTACTT-3,9.0,0.25657805136510725,,,0.19608879238864382,0.26842478255731234,0.2789083736889367
GTGCTCAAGTAGGCGG-3,28.0,1.0,0.0,0.0,0.0,0.0,0.0
CTTTAGGCAGTCTAAT-1,27.0,0.0,0.0,0.0,1.0,0.0,0.0
GGAACGGTCTTGACCC-3,5.0,1.0,0.0,0.0,0.0,0.0,0.0
TCAGCCTTCTAATCCT-2,30.0,0.0,0.0,0.0,1.0,0.0,0.0
GGGAATATCACTAGGT-2,7.0,0.23707317196827163,,,0.3805360488007793,0.2041805565917011,0.17821022263924788
TGCTCCGTCCAGGGAG-1,7.0,0.0,0.0,0.0,1.0,0.0,0.0
TGGATTCAGGCCTGGT-1,25.0,1.0,0.0,0.0,0.0,0.0,0.0
AGAAACCCATGGCCCA-3,8.0,1.0,0.0,0.0,0.0,0.0,0.0
CGGACAACACCAGCAT-2,26.0,0.3005755128437196,0.0,0.0,0.19364293997678975,0.3106467509625101,0.19513479621698074
TCCTCAATCGGCTAGC-1,15.0,0.0,0.0,0.0,1.0,0.0,0.0
TGCTCTCAGGTTTACA-2,21.0,0.36496857686394185,0.0,0.0,0.2425919314203312,0.14718681699163197,0.24525267472409484
GAAGTCAAGCACGATT-3,9.0,0.25657805136510725,,,0.19608879238864382,0.26842478255731234,0.2789083736889367
CACAGGGAGACAGGCG-3,21.0,0.36496857686394185,,,0.2425919314203312,0.14718681699163197,0.24525267472409484
GACCTGCAGCCTAATA-2,24.0,0.0,0.0,0.0,1.0,0.0,0.0
AGCTTCCTCCGGAACC-3,26.0,1.0,0.0,0.0,0.0,0.0,0.0
TGGTGATTCACAGCGC-1,27.0,1.0,0.0,0.0,0.0,0.0,0.0
CAAGTGAAGGCGGATG-3,4.0,0.0,0.0,0.0,0.0,1.0,0.0
AAGCGTTTCCTAGTTT-2,6.0,0.28619740144106137,0.0,0.0,0.20095345838278786,0.28595501190791156,0.2268941282682392
GTTGGCGGTCTAACAG-2,16.0,0.0,0.0,0.0,0.4271532846715328,0.0,0.5728467153284671
GGCTGTCAGGTCCACA-1,19.0,0.0,0.0,0.0,1.0,0.0,0.0
CGTGTGTCACCTACGG-3,14.0,0.3201781415239845,0.0,0.0,0.0,0.3459617933990345,0.333860065076981
CGGGTCTAGTTTGCGG-1,3.0,1.0,0.0,0.0,0.0,0.0,0.0
CGTGGTTCAGGCCAAA-2,15.0,0.25404889456095253,0.0,0.0,0.3994002521455771,0.19749238598555172,0.14905846730791872
GCCAACATCTTTGTAC-3,29.0,0.31074906515307005,,,0.233016360882147,0.22003051032240445,0.2362040636423785
ATTGGTTCATAGACCC-1,5.0,0.0,0.0,0.0,0.0,0.0,1.0
AATTGTGTCAGGAACA-3,37.0,1.0,0.0,0.0,0.0,0.0,0.0
AAACATGCAGGTTACC-3,1.0,0.0,0.0,0.0,0.0,1.0,0.0
ATTATGGTCAGGTCCA-2,14.0,0.0,0.0,0.0,1.0,0.0,0.0
CACATTAAGTGTGATC-3,24.0,0.0,0.0,0.0,0.0,0.0,1.0
CAAGCTAGTACAATGT-2,25.0,0.0,0.0,0.0,1.0,0.0,0.0
ATTACGTCAAACGCGA-3,5.0,0.25007613426230707,,,0.2764713286099489,0.24316603374735998,0.23028650338038426
GGCTCAATCTTGAGCG-2,4.0,0.0,0.0,0.0,0.37606724069221203,0.0,0.623932759307788
TCATGAGGTTTATGGG-1,21.0,0.0,0.0,0.0,1.0,0.0,0.0
CAAGTGAAGGGCTAAA-1,38.0,0.0,0.0,0.0,0.0,0.0,1.0
TCGGTTTGTCAGGCAT-3,35.0,0.2399263636153897,,,0.17564806529159285,0.22166609309080135,0.362759478002216
CTGGTAAGTAGGTTGC-1,30.0,0.0,0.0,0.0,1.0,0.0,0.0
TGTATCCGTGTCCAGG-1,33.0,0.0,0.0,0.0,0.0,0.0,1.0
CTTTAGTTCTCGCCTG-2,23.0,1.0,0.0,0.0,0.0,0.0,0.0
AAAGGACGTAACCTAG-2,26.0,0.0,0.0,0.0,0.4980813507290867,0.0,0.5019186492709132
GTTCATTTCCTCAGTC-2,4.0,1.0,0.0,0.0,0.0,0.0,0.0
AAGACAAGTTCAAGAT-1,5.0,0.0,0.0,0.0,1.0,0.0,0.0
ACCCAGGGTGCATTAG-1,28.0,0.0,0.0,0.0,1.0,0.0,0.0
AACCTTGCATGCAACC-2,35.0,0.0,0.0,0.0,1.0,0.0,0.0
GCTATCCTCCGGCTAA-3,9.0,1.0,0.0,0.0,0.0,0.0,0.0
GGTAACCGTCATAACG-3,32.0,1.0,0.0,0.0,0.0,0.0,0.0
GCGCTAGGTACTTAGG-2,9.0,0.25657805136510725,,,0.19608879238864382,0.26842478255731234,0.2789083736889367
ATCCTGACAATCCTAG-3,5.0,0.25007613426230707,,,0.2764713286099489,0.24316603374735998,0.23028650338038426
CTAGGCGGTGCGCGTA-2,38.0,0.0,0.0,0.0,0.44411389715257116,0.0,0.5558861028474288
GTAAGCAAGTGAACAG-1,33.0,0.0,0.0,0.0,1.0,0.0,0.0
TGCTAGCCAACTAACT-1,24.0,0.0,0.0,0.0,1.0,0.0,0.0
GCTAGCTCATAAGGAC-3,14.0,0.25490642483705084,,,0.203860627012991,0.27543380527416844,0.2657991428757897
ATGGCTGTCTTGAGCG-3,32.0,0.23501474983514806,,,0.36169219852304807,0.23220664506324848,0.1710864065785554
CATGCAAGTTTGCGCC-3,23.0,1.0,0.0,0.0,0.0,0.0,0.0
TACAACATCCATAAGC-3,18.0,0.0,0.0,0.0,0.0,1.0,0.0
GTCGAAGCATCCCTCA-2,33.0,0.0,0.0,0.0,1.0,0.0,0.0
TACAGGTTCTCGCCTG-3,24.0,0.2905366635995692,0.0,0.0,0.0,0.26273759300185556,0.44672574339857524
GCGTAACGTGGAGCAA-1,2.0,0.0,0.0,0.0,1.0,0.0,0.0
ATAACGACAAGGTAAC-3,35.0,0.2399263636153897,,,0.17564806529159285,0.22166609309080135,0.362759478002216
TGGCTATAGGATGATG-1,10.0,0.0,0.0,0.0,1.0,0.0,0.0
TCCTAGTGTCCTTCTC-2,4.0,0.0,0.0,0.0,0.0,0.0,1.0
GCACGAACAGTTGCGT-2,8.0,0.22347106138460127,,,0.25914442347718897,0.16517053432406306,0.3522139808141467
AATCCATCAGGCTAGA-1,1.0,0.0,0.0,0.0,1.0,0.0,0.0
AACCGGCTCCTAGTCC-3,31.0,0.24483511612846504,,,0.34550975661796685,0.2764681959007302,0.13318693135283804
TACCCGGCATACTCCT-2,1.0,0.0,0.0,0.0,1.0,0.0,0.0
TGCAGGCTCCCTGGAA-1,26.0,0.0,0.0,0.0,1.0,0.0,0.0
AGTGTGGCAATTAGGA-3,1.0,0.2431277739439729,,,0.27520525106868904,0.22514867316661977,0.2565183018207184
CATCCTGGTAAATTGC-3,12.0,1.0,0.0,0.0,0.0,0.0,0.0
GCCTGTGCATCCGTAA-3,4.0,1.0,0.0,0.0,0.0,0.0,0.0
AGGAAACGTTAGACCA-2,1.0,0.0,0.0,0.0,0.5175720533220929,0.0,0.48242794667790717
TTACCGTGTTAACAGT-1,8.0,0.0,0.0,0.0,1.0,0.0,0.0
CGCAATGTCTGCAACG-3,19.0,0.28880190709864184,,,0.19477936981053914,0.2980900086334725,0.21832871445734645
ACATAGCTCTTGCTAT-3,12.0,1.0,0.0,0.0,0.0,0.0,0.0
GCTGATCCAGTTTACG-2,4.0,1.0,0.0,0.0,0.0,0.0,0.0
AGGTTACTCCTAGTTT-2,17.0,0.0,0.0,0.0,1.0,0.0,0.0
TAGTAGGAGTTGTCCC-1,1.0,0.0,0.0,0.0,1.0,0.0,0.0
ATTTGCAAGCATTATG-1,3.0,1.0,0.0,0.0,0.0,0.0,0.0
ACCTAAGGTGGTTATG-1,18.0,0.0,0.0,0.0,1.0,0.0,0.0
AACCTTGCAATTTAGC-1,5.0,0.0,0.0,0.0,1.0,0.0,0.0
AATGCATGTTACTTGC-1,31.0,0.0,0.0,0.0,1.0,0.0,0.0
AGCATCCCACAATTAC-2,31.0,0.0,0.0,0.0,0.0,0.0,1.0
TGCTTGTGTTGGATCA-3,2.0,0.21079074246169519,,,0.3110256879333526,0.2245883274521365,0.25359524215281576
CGCATGATCCTGAGTG-2,12.0,0.22393288850727908,0.0,0.0,0.21148179656914845,0.3491266157595441,0.21545869916402838
CTGCTCCCACGTGCTG-2,24.0,0.21845905187174444,0.0,0.0,0.2480843926368116,0.19755649681913243,0.33590005867231154
GGACTAAAGCTGTCAG-3,4.0,1.0,0.0,0.0,0.0,0.0,0.0
TTGTTGTTCTAACTGA-2,33.0,0.0,0.0,0.0,0.0,0.0,1.0
CTCCGGACAAGCTAAA-3,18.0,1.0,0.0,0.0,0.0,0.0,0.0
TTATGACCACTGGCTG-1,7.0,0.0,0.0,0.0,1.0,0.0,0.0
CACATACAGGACCTGC-3,25.0,0.0,0.0,0.0,0.0,1.0,0.0
TCACCTCAGGGACCTC-2,15.0,0.0,0.0,0.0,1.0,0.0,0.0
GTTCTTGTCAGTTCCC-3,4.0,0.2789549502429366,0.0,0.0,0.1885732419812842,0.21961014244052887,0.31286166533525034
AGGATATAGGCTACTG-3,10.0,0.3089372834412752,0.0,0.0,0.0,0.39677175787529967,0.29429095868342514
GTTTGTAAGTCATGCG-1,9.0,0.0,0.0,0.0,1.0,0.0,0.0
TTAGGCGTCGGTAACT-1,8.0,0.0,0.0,0.0,1.0,0.0,0.0
TATCGCACAACACCTA-3,27.0,0.2659503422898086,,,0.3090767064839525,0.2252336567198111,0.1997392945064278
CCCGCTTCAAACTCAT-3,20.0,1.0,0.0,0.0,0.0,0.0,0.0
TGTAACTCATCCTAGA-1,6.0,0.0,0.0,0.0,1.0,0.0,0.0
CTTAAGATCCGGTTAG-2,35.0,1.0,0.0,0.0,0.0,0.0,0.0
TTTCATCAGACAAGTG-2,3.0,0.0,0.0,0.0,0.0,0.0,1.0
TTCGTGCTCCGGAACC-3,15.0,0.0,0.0,0.0,0.0,1.0,0.0
AGTTGCGTCATGCATA-3,6.0,0.28619740144106137,,,0.20095345838278786,0.28595501190791156,0.2268941282682392
ACAACAGAGTAGCGCC-1,38.0,0.0,0.0,0.0,0.0,0.0,1.0
GGTAACCGTTATAGCG-3,3.0,0.2510908928836586,,,0.23769248350866462,0.29944475183729763,0.2117718717703792
GATAACGAGCTGAGGG-1,2.0,1.0,0.0,0.0,0.0,0.0,0.0
CATGAGGCACTAAGCC-3,2.0,0.21079074246169519,0.0,0.0,0.3110256879333526,0.2245883274521365,0.25359524215281576
ACCCGCTGTGTTGCTT-3,25.0,1.0,0.0,0.0,0.0,0.0,0.0
CAAACTGGTTTATTCG-3,3.0,0.2510908928836586,0.0,0.0,0.23769248350866462,0.29944475183729763,0.2117718717703792
CGCTTGCGTTAATGAC-1,1.0,0.0,0.0,0.0,1.0,0.0,0.0
CAACAGGCAGGGAGGA-3,1.0,0.2431277739439729,0.0,0.0,0.27520525106868904,0.22514867316661977,0.2565183018207184
ATTTGCAAGTATTGGC-3,17.0,0.28041555117654665,,,0.21377517180417943,0.21373583317818393,0.29207344384108996
ATCACACAGGACCTGC-1,7.0,0.0,0.0,0.0,1.0,0.0,0.0
GAGGCTACAATGCCCG-2,19.0,1.0,0.0,0.0,0.0,0.0,0.0
GCTAAGAAGGGTGAGT-1,3.0,0.0,0.0,0.0,1.0,0.0,0.0
CTAGTCGAGTCTGGGC-3,15.0,1.0,0.0,0.0,0.0,0.0,0.0
CATGGATTCCTGATGG-2,19.0,0.0,0.0,0.0,0.0,0.0,1.0
GAGGCTTGTACGTTTC-2,24.0,0.0,0.0,0.0,0.0,0.0,1.0
ATGGCTTAGTTAGACC-3,2.0,0.21079074246169519,,,0.3110256879333526,0.2245883274521365,0.25359524215281576
AGAACCGCATAATTGC-3,3.0,0.0,0.0,0.0,0.0,1.0,0.0
AGTATAGCATTGTTGG-3,32.0,0.23501474983514806,,,0.36169219852304807,0.23220664506324848,0.1710864065785554
GCACGCTAGAAACTGG-3,13.0,0.3552948592755589,0.0,0.0,0.0,0.3112754823249395,0.3334296583995016
GTTAGACTCCTTAGTT-1,24.0,0.0,0.0,0.0,1.0,0.0,0.0
TATTTGCTCAGCAAAG-2,24.0,0.0,0.0,0.0,1.0,0.0,0.0
GGGAATATCCTTCTAG-2,13.0,1.0,0.0,0.0,0.0,0.0,0.0
AGGCAATCATTATGCG-2,15.0,0.0,0.0,0.0,1.0,0.0,0.0
CTTGAATCAAGTGTTT-2,26.0,1.0,0.0,0.0,0.0,0.0,0.0
AACCTAATCGAGCTAT-1,8.0,0.0,0.0,0.0,1.0,0.0,0.0
GCACCTAAGCGGATAA-2,15.0,0.0,0.0,0.0,1.0,0.0,0.0
AGCTACTAGTTGCGTG-3,35.0,0.2399263636153897,0.0,0.0,0.17564806529159285,0.22166609309080135,0.362759478002216
TAAGTAGCAAATTCGT-3,13.0,0.2379245460670892,,,0.33034621848395457,0.2084468038321267,0.22328243161682945
AGCGATTTCAAACCGT-3,38.0,0.19027885726034566,,,0.23574107619489226,0.2789089395946002,0.2950711269501618
GCGCTTAAGGCGGATG-3,29.0,1.0,0.0,0.0,0.0,0.0,0.0
CTTCAATTCGTTATAG-3,11.0,1.0,0.0,0.0,0.0,0.0,0.0
AGTATAGCACTAGGTC-1,36.0,0.0,0.0,0.0,1.0,0.0,0.0
CTATAACCACCATATG-3,7.0,0.0,0.0,0.0,0.0,1.0,0.0
GAGTTGCGTACCAGGT-1,11.0,0.0,0.0,0.0,1.0,0.0,0.0
TGTGTTAAGGAATAAC-1,15.0,0.0,0.0,0.0,1.0,0.0,0.0
TCACCTGGTTCCGCAC-3,25.0,1.0,0.0,0.0,0.0,0.0,0.0
CTAGATTCAACCTAAT-1,31.0,0.0,0.0,0.0,1.0,0.0,0.0
AGCTTGGTCAATTACG-2,25.0,0.0,0.0,0.0,1.0,0.0,0.0
GCTTTGTGTAATCGCA-3,21.0,0.36496857686394185,0.0,0.0,0.2425919314203312,0.14718681699163197,0.24525267472409484
GTTACGTAGCTATTAG-1,18.0,1.0,0.0,0.0,0.0,0.0,0.0
GTGATGAAGGCTTAAC-3,23.0,0.2890753295347951,,,0.21326803108883835,0.2250748294409998,0.2725818099353668
ACATCATCATGAATCT-1,34.0,0.0,0.0,0.0,0.0,0.0,1.0
CCAATATCATGAGTTT-3,31.0,0.24483511612846504,,,0.34550975661796685,0.2764681959007302,0.13318693135283804
CATTGTGCAGGCCAAA-3,13.0,1.0,0.0,0.0,0.0,0.0,0.0
AGGTTAGAGGAGCACG-3,4.0,0.2789549502429366,0.0,0.0,0.1885732419812842,0.21961014244052887,0.31286166533525034
TTAGCTGCATGCTTAG-2,4.0,0.2789549502429366,0.0,0.0,0.1885732419812842,0.21961014244052887,0.31286166533525034
TATCGCACAATAAGCA-3,17.0,0.28041555117654665,0.0,0.0,0.21377517180417943,0.21373583317818393,0.29207344384108996
GTTACGTAGCTTGCTC-2,19.0,0.0,0.0,0.0,1.0,0.0,0.0
TGTTACTTCATCCACC-1,11.0,0.0,0.0,0.0,1.0,0.0,0.0
GCTGTGCAGAGAGGAG-3,20.0,1.0,0.0,0.0,0.0,0.0,0.0
CGACTAAGTGTTGCAA-2,7.0,0.0,0.0,0.0,1.0,0.0,0.0
TGTCAATCACAGCCAT-3,11.0,0.26017380928088074,,,0.3107460265472086,0.2228172513789396,0.20626291279297101
GTTAGACTCCTCGATC-2,26.0,0.0,0.0,0.0,0.4980813507290867,0.0,0.5019186492709132
CATAGTCAGTTGTCCC-3,16.0,0.19281102196304184,0.0,0.0,0.24608965471250854,0.23107341591095565,0.33002590741349397
TGCTTCCAGTTGGCCA-1,17.0,0.0,0.0,0.0,1.0,0.0,0.0
TACCGAAGTTAAGCCA-2,3.0,1.0,0.0,0.0,0.0,0.0,0.0
GGGTCACTCATTTGCT-2,31.0,0.0,0.0,0.0,0.0,0.0,1.0
CTGGTAAGTTTCAGGA-3,21.0,0.36496857686394185,,,0.2425919314203312,0.14718681699163197,0.24525267472409484
GGTTGCGGTGTTTGTC-3,6.0,0.28619740144106137,,,0.20095345838278786,0.28595501190791156,0.2268941282682392
CCTAAGGTCCTCAGTC-3,5.0,1.0,0.0,0.0,0.0,0.0,0.0
TATCACGCAGGATTAA-3,21.0,1.0,0.0,0.0,0.0,0.0,0.0
ACACCTTGTAGCTGCG-2,23.0,0.2890753295347951,0.0,0.0,0.21326803108883835,0.2250748294409998,0.2725818099353668
CTTCAGGAGAAACTGG-1,11.0,0.0,0.0,0.0,1.0,0.0,0.0
TACTTCGTCAATCATG-2,1.0,0.0,0.0,0.0,1.0,0.0,0.0
TTCCACGGTTTGGCTT-1,13.0,1.0,0.0,0.0,0.0,0.0,0.0
TCCCGTTAGCGGATAA-3,8.0,1.0,0.0,0.0,0.0,0.0,0.0
TGAGGAGGTGAAACAA-2,30.0,0.0,0.0,0.0,1.0,0.0,0.0
CATTGTGCAACAGGTG-1,29.0,0.0,0.0,0.0,1.0,0.0,0.0
AGAAGGTGTGGACCTG-3,31.0,0.24483511612846504,,,0.34550975661796685,0.2764681959007302,0.13318693135283804
GGTTATATCCTAAATG-2,2.0,0.0,0.0,0.0,1.0,0.0,0.0
TAGCCGGGTCCAAGAC-2,31.0,1.0,0.0,0.0,0.0,0.0,0.0
CGTCATTGTCATAGAT-2,13.0,0.0,0.0,0.0,0.0,0.0,1.0
GGTAAGGGTTGTTCAC-3,20.0,0.255116509861887,0.0,0.0,0.11378520411624034,0.3739473542312623,0.25715093179061016
GACTTGGTCATCGTTT-3,1.0,0.2431277739439729,0.0,0.0,0.27520525106868904,0.22514867316661977,0.2565183018207184
CTGAATATCATTGCAA-2,10.0,1.0,0.0,0.0,0.0,0.0,0.0
AGCACAGCAATTGCGC-3,25.0,0.25294349983189635,,,0.22563202807869934,0.20762681900387653,0.31379765308552765
CCAGGAACAAATTCGT-1,14.0,0.0,0.0,0.0,1.0,0.0,0.0
TATTAGGTCTCACATT-1,6.0,0.0,0.0,0.0,1.0,0.0,0.0
GATTATGTCCGCATGA-3,16.0,1.0,0.0,0.0,0.0,0.0,0.0
GTGTTACAGCTTATGA-2,33.0,0.0,0.0,0.0,1.0,0.0,0.0
GTCATCACAAGGTAAC-3,14.0,0.25490642483705084,,,0.203860627012991,0.27543380527416844,0.2657991428757897
CGGACAACAATGCCCG-2,37.0,1.0,0.0,0.0,0.0,0.0,0.0
CACCTGTTCAATGTCA-1,7.0,0.0,0.0,0.0,1.0,0.0,0.0
CATCACACACAGCCAT-2,15.0,0.25404889456095253,,,0.3994002521455771,0.19749238598555172,0.14905846730791872
TAATGGTGTCCAAATG-3,16.0,0.0,0.0,0.0,0.0,0.0,1.0
TACATCAAGTAAGTGG-1,3.0,0.0,0.0,0.0,1.0,0.0,0.0
GGTACAAAGGAGTCTT-3,19.0,0.28880190709864184,0.0,0.0,0.19477936981053914,0.2980900086334725,0.21832871445734645
AGTGCGGAGGACAATG-3,10.0,0.26490417044114983,,,0.1425309127782741,0.3402195170606928,0.2523453997198832
CGTTATTTCGTGCCTT-1,37.0,0.0,0.0,0.0,1.0,0.0,0.0
GCCTTTATCCTGGTCT-1,27.0,0.0,0.0,0.0,1.0,0.0,0.0
AGGTATTGTACCGAAC-3,30.0,0.2305508875130836,,,0.30015485066475694,0.2562706347632869,0.21302362705887254
AGTAACCTCACATTGA-1,30.0,0.0,0.0,0.0,0.0,0.0,1.0
GGAGCAAGTTAACGGC-3,24.0,1.0,0.0,0.0,0.0,0.0,0.0
CAGCCTAAGCCGCAAC-3,3.0,0.2510908928836586,,,0.23769248350866462,0.29944475183729763,0.2117718717703792
TTAGCAATCGTTACTT-2,4.0,1.0,0.0,0.0,0.0,0.0,0.0
CAAATCATCAGCCAAT-3,28.0,0.24355764626440804,0.0,0.0,0.2713230524219713,0.21916108471229478,0.2659582166013259
CCTGTATGTGGACATC-1,15.0,0.0,0.0,0.0,1.0,0.0,0.0
ACAGGAATCGAAGTGA-1,11.0,0.0,0.0,0.0,1.0,0.0,0.0
CGACCTGCATTTGCTC-2,21.0,1.0,0.0,0.0,0.0,0.0,0.0
TAGTTTGAGCACCACA-3,13.0,1.0,0.0,0.0,0.0,0.0,0.0
TATGACTCATGATTGT-2,15.0,0.0,0.0,0.0,1.0,0.0,0.0
TGTGGCGGTGATGATT-2,9.0,0.0,0.0,0.0,0.0,0.0,1.0
AAACCGGCAACCTGGT-2,17.0,0.0,0.0,0.0,1.0,0.0,0.0
GCCTGTGCACTTAACG-3,36.0,0.0,0.0,0.0,0.0,0.0,1.0
ACGGTTTAGGTTAGAG-1,16.0,0.0,0.0,0.0,1.0,0.0,0.0
ATGATGGAGTGAACAG-3,19.0,1.0,0.0,0.0,0.0,0.0,0.0
GGATTTATCGCTAGCA-2,16.0,0.0,0.0,0.0,0.0,0.0,1.0
CGAAGCCTCGTTAACA-3,18.0,1.0,0.0,0.0,0.0,0.0,0.0
GCGAAGTAGCTGGACC-2,2.0,0.0,0.0,0.0,1.0,0.0,0.0
GAGTGATCAGTAGGAT-2,13.0,0.0,0.0,0.0,1.0,0.0,0.0
TGCTAGCCAAGGACCA-1,30.0,0.0,0.0,0.0,1.0,0.0,0.0
GGCATTGTCGCAAACT-3,15.0,1.0,0.0,0.0,0.0,0.0,0.0
GGTGAGGTCGGTCAGC-2,13.0,0.2379245460670892,,,0.33034621848395457,0.2084468038321267,0.22328243161682945
CCTTAGTGTTAACAGT-3,25.0,0.25294349983189635,,,0.22563202807869934,0.20762681900387653,0.31379765308552765
CAATATGTCTTTGAGA-1,35.0,0.0,0.0,0.0,1.0,0.0,0.0
CCCTCACCACAGCCTG-2,26.0,0.0,0.0,0.0,0.0,1.0,0.0
CTAATGTCACGTTACA-2,3.0,0.0,0.0,0.0,1.0,0.0,0.0
GGGTTATTCACACAGT-1,35.0,0.0,0.0,0.0,0.0,0.0,1.0
CTACTAAAGTAGCTTA-3,35.0,0.2399263636153897,,,0.17564806529159285,0.22166609309080135,0.362759478002216
GCCAGGTTCTCACACC-2,6.0,0.0,0.0,0.0,1.0,0.0,0.0
GGATGTAAGTCAATTG-2,4.0,0.0,0.0,0.0,1.0,0.0,0.0
CAAGGGAGTGAATCGC-2,15.0,0.0,0.0,0.0,1.0,0.0,0.0
CCAACCAAGTGAACGA-3,4.0,1.0,0.0,0.0,0.0,0.0,0.0
CACAAGCGTAATGACT-3,37.0,1.0,0.0,0.0,0.0,0.0,0.0
TATCGCACAATAGTCT-1,37.0,0.0,0.0,0.0,1.0,0.0,0.0
TGGTGCATCCTCAGCT-3,6.0,1.0,0.0,0.0,0.0,0.0,0.0
CATCATAAGGTTACGT-3,20.0,0.0,0.0,0.0,0.0,1.0,0.0
GGGCAATAGAGGATAT-3,29.0,0.31074906515307005,0.0,0.0,0.233016360882147,0.22003051032240445,0.2362040636423785
AGCATTTCAAGGTACG-3,3.0,0.2510908928836586,,,0.23769248350866462,0.29944475183729763,0.2117718717703792
CTAACCTGTGGACCTG-1,30.0,0.0,0.0,0.0,1.0,0.0,0.0
GCAACAGCAACTAGAA-3,1.0,0.2431277739439729,,,0.27520525106868904,0.22514867316661977,0.2565183018207184
ACTTGTCGTACGGTAC-2,15.0,0.0,0.0,0.0,0.0,0.0,1.0
ATCCTCATCGATTATG-3,15.0,0.25404889456095253,,,0.3994002521455771,0.19749238598555172,0.14905846730791872
ACGCAAGCATACTCCT-3,2.0,0.21079074246169519,,,0.3110256879333526,0.2245883274521365,0.25359524215281576
CTCGCTAGTAACTACG-3,4.0,0.2789549502429366,0.0,0.0,0.1885732419812842,0.21961014244052887,0.31286166533525034
TAAGCCTAGCGGCTGT-1,25.0,0.0,0.0,0.0,1.0,0.0,0.0
TTGGCTGAGCAAGACA-3,23.0,1.0,0.0,0.0,0.0,0.0,0.0
AGACCCGGTCCTTCTC-2,2.0,1.0,0.0,0.0,0.0,0.0,0.0
TCCTGTTCACAGCCAT-3,25.0,0.25294349983189635,0.0,0.0,0.22563202807869934,0.20762681900387653,0.31379765308552765
AGTAGGATCTATTGTC-1,10.0,0.0,0.0,0.0,1.0,0.0,0.0
GAGTTTGGTGAGCGAA-1,27.0,0.0,0.0,0.0,1.0,0.0,0.0
GCCTTAGAGAGGAAGG-1,30.0,0.0,0.0,0.0,1.0,0.0,0.0
TCTTTGTAGGACCTCA-1,24.0,0.0,0.0,0.0,1.0,0.0,0.0
AACTGTTCAATCCTGA-2,1.0,0.0,0.0,0.0,0.5175720533220929,0.0,0.48242794667790717
TGTGATCAGCATGCAT-3,33.0,0.3281016071581825,0.0,0.0,0.0,0.34626831539526715,0.3256300774465504
AGCTGCTCACCAGGTT-2,33.0,0.0,0.0,0.0,1.0,0.0,0.0
TAGCCTCTCTCATCAT-3,28.0,1.0,0.0,0.0,0.0,0.0,0.0
TTACCGTGTTATCCGT-2,21.0,0.36496857686394185,0.0,0.0,0.2425919314203312,0.14718681699163197,0.24525267472409484
TAGGTGCGTAGCTAAT-2,24.0,1.0,0.0,0.0,0.0,0.0,0.0
AATGCGCGTTACTTGC-3,34.0,1.0,0.0,0.0,0.0,0.0,0.0
TTTATGGAGCTTACTT-3,12.0,1.0,0.0,0.0,0.0,0.0,0.0
GGTCCGTAGGGCCACT-2,15.0,0.25404889456095253,,,0.3994002521455771,0.19749238598555172,0.14905846730791872
AGAACAAGTATGGTGC-1,19.0,0.0,0.0,0.0,0.0,0.0,1.0
GGTGTGACATAGCGAG-2,9.0,0.0,0.0,0.0,1.0,0.0,0.0
GCGCAAACAAAGCTAA-3,34.0,0.23141187017972628,0.0,0.0,0.21203187960198364,0.23517958103089368,0.32137666918739655
ACCAAACTCCCGTTTA-3,1.0,1.0,0.0,0.0,0.0,0.0,0.0
GGTTGAGCAATTGACT-2,27.0,0.0,0.0,0.0,1.0,0.0,0.0
TCCTCAATCAATAGCC-3,15.0,0.25404889456095253,,,0.3994002521455771,0.19749238598555172,0.14905846730791872
GCACGGTTCACCTGTC-3,18.0,1.0,0.0,0.0,0.0,0.0,0.0
TTTCTTGCAAGCGATG-1,38.0,0.0,0.0,0.0,1.0,0.0,0.0
CATCATAAGCGCATTG-2,22.0,0.0,0.0,0.0,0.0,0.0,1.0
TACCTTAGTAATCGGC-2,27.0,1.0,0.0,0.0,0.0,0.0,0.0
TAAACAGCAAGGTAAC-3,18.0,1.0,0.0,0.0,0.0,0.0,0.0
GCATCCTTCCACAATA-2,34.0,0.0,0.0,0.0,0.3975037147102526,0.0,0.6024962852897474
GGAGTGAGTGATTACG-3,10.0,1.0,0.0,0.0,0.0,0.0,0.0
GACCTAGTCCTTAAGA-3,1.0,0.2431277739439729,,,0.27520525106868904,0.22514867316661977,0.2565183018207184
AATGTCCAGGATCCGC-3,3.0,0.2510908928836586,0.0,0.0,0.23769248350866462,0.29944475183729763,0.2117718717703792
GCGCTTAAGCCACAAT-3,4.0,1.0,0.0,0.0,0.0,0.0,0.0
CTGTTCATCCCATAAA-3,5.0,1.0,0.0,0.0,0.0,0.0,0.0
GTATCGCCAGGCGAGT-1,27.0,0.0,0.0,0.0,1.0,0.0,0.0
ACGTACCCATCTAGCA-2,8.0,0.22347106138460127,,,0.25914442347718897,0.16517053432406306,0.3522139808141467
GGCTGTCAGTAGCCAT-1,27.0,0.0,0.0,0.0,1.0,0.0,0.0
AAGACATAGAGGCTAA-3,12.0,0.0,0.0,0.0,0.0,1.0,0.0
ACTTAGGGTTTAGTCC-1,9.0,0.0,0.0,0.0,1.0,0.0,0.0
ACCCTGTTCATTGTCT-1,16.0,0.0,0.0,0.0,1.0,0.0,0.0
CAACTAGGTATCTGGA-2,3.0,0.2510908928836586,,,0.23769248350866462,0.29944475183729763,0.2117718717703792
GTTAATGTCGTACCGA-3,11.0,1.0,0.0,0.0,0.0,0.0,0.0
TGCTCAACACGAATCC-2,6.0,1.0,0.0,0.0,0.0,0.0,0.0
GTGAATCTCCTAAGGT-3,10.0,0.0,0.0,0.0,0.0,1.0,0.0
ATCCTCATCCCTGGTT-3,8.0,1.0,0.0,0.0,0.0,0.0,0.0
TACCGAAGTAAGCTCA-2,23.0,0.0,0.0,0.0,0.0,0.0,1.0
TAGTCAATCAATCTAG-3,6.0,1.0,0.0,0.0,0.0,0.0,0.0
CCTCAATGTTAGCGTA-1,1.0,0.0,0.0,0.0,1.0,0.0,0.0
GCAAGTGCACTTGTTC-2,7.0,0.23707317196827163,0.0,0.0,0.3805360488007793,0.2041805565917011,0.17821022263924788
AGCTAACTCATGAAGG-1,37.0,0.0,0.0,0.0,1.0,0.0,0.0
GCGGAACCAGGCTTGT-3,1.0,1.0,0.0,0.0,0.0,0.0,0.0
GTGCATTAGTATTGCA-2,15.0,0.0,0.0,0.0,1.0,0.0,0.0
CCAGCTGCAAGCTTTG-3,12.0,1.0,0.0,0.0,0.0,0.0,0.0
GAGAACCAGTTTGTCT-2,37.0,0.0,0.0,0.0,1.0,0.0,0.0
GTATTCAAGGATTGAG-2,8.0,0.0,0.0,0.0,1.0,0.0,0.0
GCCAACATCTTGCAGG-1,32.0,0.0,0.0,0.0,1.0,0.0,0.0
AACCGGCTCTGTTGCC-3,25.0,0.25294349983189635,,,0.22563202807869934,0.20762681900387653,0.31379765308552765
TGAGGCACACAAAGCG-1,18.0,0.0,0.0,0.0,0.0,0.0,1.0
TTGTCAAAGTTACCGG-1,26.0,0.0,0.0,0.0,0.0,0.0,1.0
CAACAATGTAAGCTCA-3,6.0,0.0,0.0,0.0,0.0,0.0,1.0
CCAGACTCACGTGCTG-3,9.0,0.0,0.0,0.0,0.0,1.0,0.0
GAAAGGCTCTCACAAA-2,12.0,0.22393288850727908,0.0,0.0,0.21148179656914845,0.3491266157595441,0.21545869916402838
TTCGGTACAGGTATTT-3,34.0,0.23141187017972628,,,0.21203187960198364,0.23517958103089368,0.32137666918739655
CAGGATGCAGTATGTT-1,29.0,1.0,0.0,0.0,0.0,0.0,0.0
TCAAGGAAGACTTACA-2,5.0,0.0,0.0,0.0,1.0,0.0,0.0
TCTCGCCCATTGCAGC-3,25.0,1.0,0.0,0.0,0.0,0.0,0.0
TGTAACTCAGTAGCCT-2,3.0,1.0,0.0,0.0,0.0,0.0,0.0
GGCCTTAAGGGCCACT-3,11.0,0.26017380928088074,,,0.3107460265472086,0.2228172513789396,0.20626291279297101
GCTGTGATCTAAATCG-3,2.0,0.21079074246169519,0.0,0.0,0.3110256879333526,0.2245883274521365,0.25359524215281576
GCCTTTATCTTGCAAA-1,17.0,1.0,0.0,0.0,0.0,0.0,0.0
CAACCCTTCCGCATGA-1,23.0,0.0,0.0,0.0,1.0,0.0,0.0
AAGGTATAGAATCTCA-2,7.0,0.23707317196827163,,,0.3805360488007793,0.2041805565917011,0.17821022263924788
TACAAGCTCCCTGATC-1,4.0,1.0,0.0,0.0,0.0,0.0,0.0
CCGTGCTGTTCCGCAC-1,1.0,0.0,0.0,0.0,1.0,0.0,0.0
ATCCGTGAGGTTTGAC-1,15.0,0.0,0.0,0.0,1.0,0.0,0.0
GTGCTGATCCAGGTCA-1,20.0,0.0,0.0,0.0,1.0,0.0,0.0
AAGCTCCCACGTGCTG-1,7.0,0.0,0.0,0.0,1.0,0.0,0.0
TGGATTCAGGTGAAAT-3,22.0,0.22299113408910365,,,0.2286831626631811,0.3006206801642622,0.24770502308345307
AGGAGCTAGGCCGGAA-3,12.0,1.0,0.0,0.0,0.0,0.0,0.0
TTCCCACAGGAGTCGG-3,7.0,0.23707317196827163,0.0,0.0,0.3805360488007793,0.2041805565917011,0.17821022263924788
ATCATGTCAATTGCGC-3,15.0,0.25404889456095253,0.0,0.0,0.3994002521455771,0.19749238598555172,0.14905846730791872
TAAGTGCTCGCTAGCA-1,14.0,0.0,0.0,0.0,0.0,0.0,1.0
TGTTGTGCATAATCAC-3,2.0,1.0,0.0,0.0,0.0,0.0,0.0
TATTAGGTCCTTCTAG-1,21.0,0.0,0.0,0.0,1.0,0.0,0.0
TATGGGCGTACCAGGT-3,5.0,0.25007613426230707,,,0.2764713286099489,0.24316603374735998,0.23028650338038426
GGTCCATCAGAGAGCC-2,24.0,1.0,0.0,0.0,0.0,0.0,0.0
CCTATAGCATCGTTCT-1,32.0,0.0,0.0,0.0,1.0,0.0,0.0
AGGTATTGTGATGAAA-3,32.0,0.23501474983514806,,,0.36169219852304807,0.23220664506324848,0.1710864065785554
TTCAACCGTTTGCGCC-3,1.0,0.2431277739439729,,,0.27520525106868904,0.22514867316661977,0.2565183018207184
CCGCCAACATGAATCT-3,1.0,0.2431277739439729,,,0.27520525106868904,0.22514867316661977,0.2565183018207184
GCCATGATCAAGTGTC-2,15.0,0.25404889456095253,0.0,0.0,0.3994002521455771,0.19749238598555172,0.14905846730791872
GTGGCTTCAGCAAGAT-3,25.0,1.0,0.0,0.0,0.0,0.0,0.0
ATGAAGTAGCACTTGG-2,24.0,0.21845905187174444,0.0,0.0,0.2480843926368116,0.19755649681913243,0.33590005867231154
ATGCTTAAGCTCAAAC-3,5.0,0.25007613426230707,,,0.2764713286099489,0.24316603374735998,0.23028650338038426
AAGCATGAGCGATAGA-3,5.0,0.25007613426230707,,,0.2764713286099489,0.24316603374735998,0.23028650338038426
GAGGTGAGTGGACCTG-2,6.0,0.0,0.0,0.0,0.0,0.0,1.0
GTCTTGCTCATGACCG-2,6.0,0.28619740144106137,0.0,0.0,0.20095345838278786,0.28595501190791156,0.2268941282682392
TCCAGGTCACTTAACG-1,32.0,0.0,0.0,0.0,1.0,0.0,0.0
CTTGTAAAGTTTGTCT-3,13.0,1.0,0.0,0.0,0.0,0.0,0.0
GGTGAGTAGAGAGGAG-3,3.0,0.2510908928836586,0.0,0.0,0.23769248350866462,0.29944475183729763,0.2117718717703792
TTTATGGAGTAACCCG-1,30.0,0.0,0.0,0.0,1.0,0.0,0.0
CGCGGATTCATGAAGG-3,13.0,0.2379245460670892,,,0.33034621848395457,0.2084468038321267,0.22328243161682945
CAGGAAGGTAACGTGC-3,33.0,0.0,0.0,0.0,0.0,1.0,0.0
CCTCCTGAGAAAGCAT-3,13.0,0.2379245460670892,,,0.33034621848395457,0.2084468038321267,0.22328243161682945
TGAGCCGGTTTAACGG-3,11.0,0.26017380928088074,,,0.3107460265472086,0.2228172513789396,0.20626291279297101
GTTCCTGGTTACTTGC-2,27.0,0.0,0.0,0.0,0.0,0.0,1.0
CTTGCAACATCCCTCA-2,12.0,0.0,0.0,0.0,1.0,0.0,0.0
CCATTGTGTGTGAGAG-3,1.0,0.2431277739439729,,,0.27520525106868904,0.22514867316661977,0.2565183018207184
CCCGTAAAGGTCCTAG-1,30.0,0.0,0.0,0.0,1.0,0.0,0.0
CTAGTAGGTGGTGAGA-2,15.0,1.0,0.0,0.0,0.0,0.0,0.0
TGTATCCGTAACCACA-3,2.0,0.21079074246169519,,,0.3110256879333526,0.2245883274521365,0.25359524215281576
TGAGGCACACAATTAC-2,12.0,0.0,0.0,0.0,0.495342556357824,0.0,0.5046574436421761
CTAACCCTCCCTGACT-3,18.0,0.23638071763888321,,,0.28964209218552694,0.2590708442645409,0.21490634591104896
GACAATACAGTAAGTA-3,5.0,0.25007613426230707,,,0.2764713286099489,0.24316603374735998,0.23028650338038426
CCTAAGTAGGCCATCA-3,4.0,0.2789549502429366,,,0.1885732419812842,0.21961014244052887,0.31286166533525034
TCATTGTTCAATCTAG-1,1.0,0.0,0.0,0.0,1.0,0.0,0.0
TCCGGTTTCCTGGTGA-1,6.0,0.0,0.0,0.0,1.0,0.0,0.0
GCACGAACAGAGGGAG-3,10.0,1.0,0.0,0.0,0.0,0.0,0.0
TCCTTGCAGGCGGATG-3,11.0,0.26017380928088074,,,0.3107460265472086,0.2228172513789396,0.20626291279297101
TCAGTGAGTCCTAACT-3,16.0,0.19281102196304184,,,0.24608965471250854,0.23107341591095565,0.33002590741349397
ATGGCTGTCCTTAAGA-2,13.0,0.0,0.0,0.0,1.0,0.0,0.0
GCGGTTGGTCTTTGAC-2,7.0,0.0,0.0,0.0,0.0,0.0,1.0
ACCCGGTAGCGGATTT-1,37.0,0.0,0.0,0.0,1.0,0.0,0.0
CGCCTCATCCCTCAGT-2,23.0,0.2890753295347951,0.0,0.0,0.21326803108883835,0.2250748294409998,0.2725818099353668
CTTGCATGTTTAGCGA-2,36.0,1.0,0.0,0.0,0.0,0.0,0.0
GGTGTCCAGTGAACGA-2,3.0,0.0,0.0,0.0,0.0,0.0,1.0
GCACATTAGGTAAGCA-3,7.0,0.23707317196827163,,,0.3805360488007793,0.2041805565917011,0.17821022263924788
GGTGAGGTCGGGCCAT-3,2.0,0.21079074246169519,,,0.3110256879333526,0.2245883274521365,0.25359524215281576
CAAACACTCTTGAGCG-1,1.0,0.0,0.0,0.0,1.0,0.0,0.0
CCGGTAGGTTGTTCAC-3,34.0,1.0,0.0,0.0,0.0,0.0,0.0
CTATGGCCAACAGGAT-2,4.0,0.0,0.0,0.0,0.37606724069221203,0.0,0.623932759307788
CCTGAGTCACAACAAA-3,2.0,0.21079074246169519,,,0.3110256879333526,0.2245883274521365,0.25359524215281576
GTTGGCCAGGCTACTG-1,3.0,0.0,0.0,0.0,1.0,0.0,0.0
ACTCACCTCGCAATCG-1,30.0,0.0,0.0,0.0,1.0,0.0,0.0
TGAGCACGTTGGTGAC-2,5.0,0.0,0.0,0.0,0.0,0.0,1.0
TATGGATGTTACAAAC-1,8.0,0.0,0.0,0.0,1.0,0.0,0.0
TCATTTGGTCCTAACT-1,38.0,0.0,0.0,0.0,1.0,0.0,0.0
CCTATTTAGCTGTACG-2,10.0,0.0,0.0,0.0,0.0,0.0,1.0
AATACCGGTGGATGTC-3,7.0,0.23707317196827163,,,0.3805360488007793,0.2041805565917011,0.17821022263924788
TGTTGCACAAGCTAAA-2,26.0,1.0,0.0,0.0,0.0,0.0,0.0
ATTGCGCCATAGACCC-1,21.0,0.0,0.0,0.0,1.0,0.0,0.0
CGTAATGGTGCCGCAA-2,14.0,0.3201781415239845,0.0,0.0,0.0,0.3459617933990345,0.333860065076981
CGGCTCACACAAGCCT-3,11.0,0.26017380928088074,,,0.3107460265472086,0.2228172513789396,0.20626291279297101
GCTCTGTTCATTGTCT-1,11.0,1.0,0.0,0.0,0.0,0.0,0.0
ATTCCTAGTGATGGCT-3,20.0,0.255116509861887,,,0.11378520411624034,0.3739473542312623,0.25715093179061016
CTTGTTCCATAGACCC-2,9.0,0.0,0.0,0.0,1.0,0.0,0.0
AGCAACAAGACAGGTA-2,27.0,0.0,0.0,0.0,1.0,0.0,0.0
TTCGCAACAAGGGTTG-3,13.0,0.0,0.0,0.0,0.0,1.0,0.0
TAAGCCAGTGTCCAGG-1,8.0,0.0,0.0,0.0,1.0,0.0,0.0
CTGGATGTCCTGGCTT-1,13.0,0.0,0.0,0.0,1.0,0.0,0.0
TTTAACCTCAAACACC-2,9.0,0.0,0.0,0.0,0.0,0.0,1.0
TGACTTAAGCGGCTGT-3,15.0,0.25404889456095253,,,0.3994002521455771,0.19749238598555172,0.14905846730791872
CCACAGGGTCTTGCAT-3,15.0,0.25404889456095253,,,0.3994002521455771,0.19749238598555172,0.14905846730791872
AATTGGACACGGTACT-3,10.0,0.26490417044114983,,,0.1425309127782741,0.3402195170606928,0.2523453997198832
CGCAATTAGGTAAGGC-3,20.0,1.0,0.0,0.0,0.0,0.0,0.0
GAGCCACTCCTTAGTT-3,3.0,0.2510908928836586,,,0.23769248350866462,0.29944475183729763,0.2117718717703792
TATGGTCAGCTATTAG-3,19.0,1.0,0.0,0.0,0.0,0.0,0.0
GCTAAGAAGCACAGGG-2,16.0,0.19281102196304184,,,0.24608965471250854,0.23107341591095565,0.33002590741349397
TTTCGTCCAACTCGCG-3,16.0,0.19281102196304184,,,0.24608965471250854,0.23107341591095565,0.33002590741349397
GAAAGGCTCACAGCGC-3,6.0,0.28619740144106137,,,0.20095345838278786,0.28595501190791156,0.2268941282682392
CTCTAAGCAATGCGCT-3,17.0,0.28041555117654665,,,0.21377517180417943,0.21373583317818393,0.29207344384108996
GGCTTCAAGGCCCAGT-2,20.0,1.0,0.0,0.0,0.0,0.0,0.0
TCAAACCAGTAAGAAC-2,27.0,0.0,0.0,0.0,1.0,0.0,0.0
TTGTCCATCATCCTCA-2,1.0,0.0,0.0,0.0,0.0,0.0,1.0
GCCACAATCTTTAAGG-3,4.0,0.0,0.0,0.0,0.0,1.0,0.0
TCAGCGATCATTGACA-2,10.0,1.0,0.0,0.0,0.0,0.0,0.0
CAATCTAAGGCTTAGT-3,3.0,0.0,0.0,0.0,0.0,1.0,0.0
TGTGGCCAGTGAGCAA-2,34.0,0.0,0.0,0.0,0.3975037147102526,0.0,0.6024962852897474
AGAACCGCAATTTAGC-2,31.0,0.24483511612846504,,,0.34550975661796685,0.2764681959007302,0.13318693135283804
GTTTATCTCCTTGCAC-2,1.0,0.0,0.0,0.0,0.0,1.0,0.0
GTTCTCATCCAAATCA-3,25.0,0.25294349983189635,,,0.22563202807869934,0.20762681900387653,0.31379765308552765
CGTGTTACAAGCGATG-1,9.0,0.0,0.0,0.0,1.0,0.0,0.0
GGAACTAAGTTTCCTG-3,12.0,1.0,0.0,0.0,0.0,0.0,0.0
GGTTATATCCCGAACA-3,16.0,0.19281102196304184,,,0.24608965471250854,0.23107341591095565,0.33002590741349397
TCTTCAAGTAACCACA-2,9.0,1.0,0.0,0.0,0.0,0.0,0.0
TCGGTAAGTTTGGGTA-2,38.0,0.0,0.0,0.0,0.44411389715257116,0.0,0.5558861028474288
GTTCGCGCACAGCCTG-3,1.0,0.0,0.0,0.0,0.0,1.0,0.0
GCAATAGAGGGTGAAC-2,22.0,0.22299113408910365,,,0.2286831626631811,0.3006206801642622,0.24770502308345307
CCAAACTAGCTTAGTA-3,11.0,1.0,0.0,0.0,0.0,0.0,0.0
CCTAATAAGCTTAGCG-2,35.0,0.0,0.0,0.0,0.0,1.0,0.0
ACCTTCATCTGTGAGT-1,15.0,0.0,0.0,0.0,1.0,0.0,0.0
CGCAATTAGCTTCTCA-3,4.0,1.0,0.0,0.0,0.0,0.0,0.0
TCTCACCAGACTTATG-1,2.0,0.0,0.0,0.0,1.0,0.0,0.0
AGTGCGGAGGCTAGAA-1,8.0,0.0,0.0,0.0,0.0,0.0,1.0
TTGCAGCCAATTAGGA-1,7.0,0.0,0.0,0.0,1.0,0.0,0.0
CACCGGTAGCCTAATA-3,30.0,0.0,0.0,0.0,0.0,1.0,0.0
GCTGCACAGGGTTAGA-1,33.0,1.0,0.0,0.0,0.0,0.0,0.0
ACGTCCAAGTTATGTG-2,2.0,0.0,0.0,0.0,1.0,0.0,0.0
TCAGGTCCACCTAAGC-1,1.0,0.0,0.0,0.0,1.0,0.0,0.0
AGTGCGGAGGTTTGCG-3,19.0,1.0,0.0,0.0,0.0,0.0,0.0
CGCACAATCGAGGTGG-3,31.0,0.24483511612846504,,,0.34550975661796685,0.2764681959007302,0.13318693135283804
CCTCAGTTCTTGGACG-1,16.0,0.0,0.0,0.0,1.0,0.0,0.0
AGTGGACAGGAGGGTT-3,20.0,0.0,0.0,0.0,0.0,1.0,0.0
GCCTGACAGACACTTA-3,14.0,0.0,0.0,0.0,0.0,1.0,0.0
GTTTACCGTTGAGCCG-1,37.0,0.0,0.0,0.0,1.0,0.0,0.0
CAATAGCTCGCTAGTG-3,27.0,1.0,0.0,0.0,0.0,0.0,0.0
TTGGGCCAGCTCAAAC-3,7.0,0.0,0.0,0.0,0.0,1.0,0.0
AGAAACCCAATCCTGA-3,19.0,0.28880190709864184,,,0.19477936981053914,0.2980900086334725,0.21832871445734645
AATTTGGTCCTCATCA-2,4.0,0.0,0.0,0.0,0.0,0.0,1.0
GGTTTAATCTTAGCGG-2,3.0,0.0,0.0,0.0,1.0,0.0,0.0
GGTTGGTGTCTTACTA-3,34.0,0.23141187017972628,0.0,0.0,0.21203187960198364,0.23517958103089368,0.32137666918739655
ATAGGTACAATAAGCA-1,9.0,0.0,0.0,0.0,1.0,0.0,0.0
AGTAATGCAATCCCTT-3,1.0,0.2431277739439729,,,0.27520525106868904,0.22514867316661977,0.2565183018207184
CCTCAATGTACAAAGA-3,17.0,0.28041555117654665,,,0.21377517180417943,0.21373583317818393,0.29207344384108996
CCAACATAGCTCATAA-3,14.0,1.0,0.0,0.0,0.0,0.0,0.0
GTAAGGTCACCTGCTC-2,10.0,0.26490417044114983,0.0,0.0,0.1425309127782741,0.3402195170606928,0.2523453997198832
TCGCGCACAGCACGTT-2,1.0,0.0,0.0,0.0,1.0,0.0,0.0
TCCCGTTAGGCCAATT-1,3.0,0.0,0.0,0.0,1.0,0.0,0.0
ACCTTCATCGGCTATG-3,14.0,1.0,0.0,0.0,0.0,0.0,0.0
CTATGATCACAATTAC-1,34.0,0.0,0.0,0.0,1.0,0.0,0.0
GCTGTGATCATTTGCT-1,1.0,1.0,0.0,0.0,0.0,0.0,0.0
GCTAGCGGTCATAACG-1,34.0,0.0,0.0,0.0,1.0,0.0,0.0
GCGAAGTAGGAATAAC-3,25.0,1.0,0.0,0.0,0.0,0.0,0.0
GGATGTAAGTATTGCA-3,13.0,0.2379245460670892,,,0.33034621848395457,0.2084468038321267,0.22328243161682945
CCCTAATGTAGCCATA-3,20.0,0.0,0.0,0.0,0.0,1.0,0.0
ACAGCCGGTTAGGACC-1,22.0,0.0,0.0,0.0,1.0,0.0,0.0
CTTTGTCCACCTGGTG-3,9.0,0.25657805136510725,,,0.19608879238864382,0.26842478255731234,0.2789083736889367
AAGCAAGTCGATTCTT-1,13.0,0.0,0.0,0.0,1.0,0.0,0.0
AAGGTCAAGGCCAATT-1,2.0,0.0,0.0,0.0,1.0,0.0,0.0
GGTCAAGCACTAAGCC-2,21.0,1.0,0.0,0.0,0.0,0.0,0.0
CTCGACAAGCGGCTGT-1,6.0,0.0,0.0,0.0,1.0,0.0,0.0
GTTGGAGCAGCTTACA-1,30.0,0.0,0.0,0.0,1.0,0.0,0.0
AGGACGTAGGCGCTAC-3,15.0,0.25404889456095253,,,0.3994002521455771,0.19749238598555172,0.14905846730791872
TGGTCATAGCTAATTG-1,10.0,0.0,0.0,0.0,0.0,0.0,1.0
CAGCAAGCAGGAACAT-2,35.0,0.0,0.0,0.0,0.0,0.0,1.0
ATGAGCCGTCAATACG-1,28.0,0.0,0.0,0.0,0.0,0.0,1.0
AGGACGTAGCCTGACA-1,28.0,0.0,0.0,0.0,1.0,0.0,0.0
GTGAATCTCCTAAGAC-2,6.0,0.0,0.0,0.0,1.0,0.0,0.0
ATGCAAACATGCTATG-2,14.0,0.25490642483705084,0.0,0.0,0.203860627012991,0.27543380527416844,0.2657991428757897
CTTCAAGCATCGCTCC-3,15.0,1.0,0.0,0.0,0.0,0.0,0.0
CCTATTTAGGAGCACG-1,11.0,0.0,0.0,0.0,1.0,0.0,0.0
TTACCTGTCATGGCTG-1,2.0,0.0,0.0,0.0,1.0,0.0,0.0
CCTAAATCATGGCCTG-1,7.0,0.0,0.0,0.0,1.0,0.0,0.0
CGCTACTTCACGCATG-1,1.0,1.0,0.0,0.0,0.0,0.0,0.0
GGCGTTATCTAATCCT-1,15.0,0.0,0.0,0.0,1.0,0.0,0.0
GAACACAAGATTGAGG-3,10.0,0.26490417044114983,,,0.1425309127782741,0.3402195170606928,0.2523453997198832
CGCTAATAGGAGGGTT-3,20.0,0.255116509861887,,,0.11378520411624034,0.3739473542312623,0.25715093179061016
TCGTTAGCACTTACAG-2,1.0,0.2431277739439729,0.0,0.0,0.27520525106868904,0.22514867316661977,0.2565183018207184
TACCTTAGTTAGACCA-3,23.0,1.0,0.0,0.0,0.0,0.0,0.0
TTGATGTCAGGCGATA-1,6.0,0.0,0.0,0.0,1.0,0.0,0.0
TCTAACCGTAATGGCC-1,11.0,0.0,0.0,0.0,0.0,0.0,1.0
GAGGCCTTCCGTAAAC-3,31.0,0.24483511612846504,,,0.34550975661796685,0.2764681959007302,0.13318693135283804
AGCACAGCATAATTGC-2,11.0,0.26017380928088074,0.0,0.0,0.3107460265472086,0.2228172513789396,0.20626291279297101
ACCAGGACATCAGTAT-2,9.0,0.0,0.0,0.0,1.0,0.0,0.0
CAGTACCCAATTAGCT-1,7.0,0.0,0.0,0.0,1.0,0.0,0.0
CATAATGTCCCTCACG-1,17.0,0.0,0.0,0.0,1.0,0.0,0.0
TGTGATCAGACAACAG-1,27.0,0.0,0.0,0.0,1.0,0.0,0.0
TTTAACGAGACAGGCG-3,16.0,0.19281102196304184,,,0.24608965471250854,0.23107341591095565,0.33002590741349397
GGACGGATCATGGTTA-2,4.0,1.0,0.0,0.0,0.0,0.0,0.0
AGGACGTAGGTGTTAC-2,1.0,0.0,0.0,0.0,1.0,0.0,0.0
CTACAACAGTTAGTGC-3,33.0,0.0,0.0,0.0,0.0,1.0,0.0
TCTAATCTCCACCTTA-3,2.0,0.21079074246169519,,,0.3110256879333526,0.2245883274521365,0.25359524215281576
AGGTTTGGTCACCAAA-3,8.0,0.22347106138460127,,,0.25914442347718897,0.16517053432406306,0.3522139808141467
GGCCAACTCGTCAAGT-3,7.0,0.23707317196827163,,,0.3805360488007793,0.2041805565917011,0.17821022263924788
TATTAGCCATTGGGAG-3,14.0,0.0,0.0,0.0,0.0,1.0,0.0
TATTAGGTCCTCACTA-3,16.0,0.0,0.0,0.0,0.0,0.0,1.0
AGAATCGAGCCTGTTC-1,38.0,0.0,0.0,0.0,1.0,0.0,0.0
TTAGACTCATGGTTAT-2,19.0,0.0,0.0,0.0,0.0,0.0,1.0
TTTGCATTCCCTGACT-3,31.0,0.24483511612846504,0.0,0.0,0.34550975661796685,0.2764681959007302,0.13318693135283804
TAATGCATCACTAGGT-3,23.0,1.0,0.0,0.0,0.0,0.0,0.0
GGCGATACAAGCTTAT-3,9.0,1.0,0.0,0.0,0.0,0.0,0.0
TTAGCTGCATCGTTCT-2,14.0,0.0,0.0,0.0,0.0,0.0,1.0
TAGGCTTAGAATCTCA-3,23.0,0.2890753295347951,,,0.21326803108883835,0.2250748294409998,0.2725818099353668
GTACTGGTCCCGTTTA-3,6.0,1.0,0.0,0.0,0.0,0.0,0.0
AGTACGCGTCAGGCAT-3,26.0,1.0,0.0,0.0,0.0,0.0,0.0
GTAAGCAAGTCAGGCC-2,15.0,1.0,0.0,0.0,0.0,0.0,0.0
ATTTGCAAGCGATAAG-2,26.0,0.0,0.0,0.0,0.0,0.0,1.0
TGAGCTTAGCCACAAT-1,24.0,0.0,0.0,0.0,1.0,0.0,0.0
CCATAAGGTTTGAGGC-2,5.0,0.25007613426230707,,,0.2764713286099489,0.24316603374735998,0.23028650338038426
AGGTCAAAGCGAGGTG-2,5.0,0.0,0.0,0.0,1.0,0.0,0.0
ACGTCCAAGGAGGGTT-2,18.0,0.23638071763888321,0.0,0.0,0.28964209218552694,0.2590708442645409,0.21490634591104896
CAGCAAGCAGAGGGAG-2,1.0,0.2431277739439729,0.0,0.0,0.27520525106868904,0.22514867316661977,0.2565183018207184
GTAGGCGAGATAACCC-3,28.0,1.0,0.0,0.0,0.0,0.0,0.0
TATCACGCACTCGCTC-1,27.0,0.0,0.0,0.0,1.0,0.0,0.0
GAAAGCCAGCGGATAA-3,12.0,0.22393288850727908,0.0,0.0,0.21148179656914845,0.3491266157595441,0.21545869916402838
ATCTTTGGTACCCACC-3,25.0,0.0,0.0,0.0,0.0,1.0,0.0
GGCCGTTAGTCGCTAG-3,25.0,0.25294349983189635,0.0,0.0,0.22563202807869934,0.20762681900387653,0.31379765308552765
CCCTCATAGTCATGCG-3,24.0,0.21845905187174444,,,0.2480843926368116,0.19755649681913243,0.33590005867231154
GCATATATCGCCTGTT-1,28.0,1.0,0.0,0.0,0.0,0.0,0.0
GTTCACCTCTAATTGG-2,12.0,1.0,0.0,0.0,0.0,0.0,0.0
ACGAATCTCCTAGTAA-3,13.0,0.2379245460670892,,,0.33034621848395457,0.2084468038321267,0.22328243161682945
ATTCCGGAGCCACATG-3,4.0,1.0,0.0,0.0,0.0,0.0,0.0
TTGCTCTCACAATTAC-3,3.0,1.0,0.0,0.0,0.0,0.0,0.0
ACCACATAGGCAAGTA-3,28.0,1.0,0.0,0.0,0.0,0.0,0.0
GTCCAAGTCCCTCAAC-1,12.0,0.0,0.0,0.0,1.0,0.0,0.0
GAGGTTAAGCGAGCGA-3,11.0,0.0,0.0,0.0,0.0,1.0,0.0
CGACCTGCAACCCTAA-3,32.0,1.0,0.0,0.0,0.0,0.0,0.0
CATAATCCAGCTTAAT-2,18.0,0.23638071763888321,,,0.28964209218552694,0.2590708442645409,0.21490634591104896
CCAACCCGTTCCGCAC-2,22.0,0.0,0.0,0.0,0.0,0.0,1.0
GGATTATGTCACAGAC-2,23.0,0.0,0.0,0.0,0.0,0.0,1.0
TCAGGAGCATCCTAGA-3,13.0,0.2379245460670892,,,0.33034621848395457,0.2084468038321267,0.22328243161682945
TGTCCTTCACACAATT-1,1.0,0.0,0.0,0.0,1.0,0.0,0.0
TCTTAGTTCATGGTGT-2,24.0,1.0,0.0,0.0,0.0,0.0,0.0
GGTGAGGTCCCGTTTA-3,19.0,0.28880190709864184,0.0,0.0,0.19477936981053914,0.2980900086334725,0.21832871445734645
ATTTGCAAGGCATGAA-3,22.0,0.0,0.0,0.0,0.0,1.0,0.0
GGCCGTTAGCGGGCAA-1,15.0,0.0,0.0,0.0,1.0,0.0,0.0
ACTTTGTTCATAACCA-3,2.0,0.21079074246169519,,,0.3110256879333526,0.2245883274521365,0.25359524215281576
ATCAAGACACTTCACT-1,28.0,0.0,0.0,0.0,1.0,0.0,0.0
GGAACAATCACAGCCA-2,4.0,0.0,0.0,0.0,1.0,0.0,0.0
CTGTACCTCATGACCG-1,35.0,0.0,0.0,0.0,1.0,0.0,0.0
GTGCTCAAGAAAGCAT-1,34.0,0.0,0.0,0.0,1.0,0.0,0.0
AGCGGACCATGTCAGC-2,30.0,0.0,0.0,0.0,0.0,0.0,1.0
ACCCGCTGTCACCTAT-3,26.0,0.3005755128437196,,,0.19364293997678975,0.3106467509625101,0.19513479621698074
GACCTCAAGTCACCAG-3,36.0,0.0,0.0,0.0,0.0,1.0,0.0
GAGCCACTCATGCTTT-2,4.0,0.2789549502429366,0.0,0.0,0.1885732419812842,0.21961014244052887,0.31286166533525034
ATCCTGACATCCTAGA-2,16.0,0.19281102196304184,,,0.24608965471250854,0.23107341591095565,0.33002590741349397
AATTACCCAGGCTTCG-2,31.0,0.0,0.0,0.0,1.0,0.0,0.0
CTGCTCCCAGTACCGT-1,6.0,0.0,0.0,0.0,1.0,0.0,0.0
TCATACTTCAGGTTTA-1,25.0,1.0,0.0,0.0,0.0,0.0,0.0
AACCTCCTCCCTCAAC-3,18.0,0.23638071763888321,,,0.28964209218552694,0.2590708442645409,0.21490634591104896
CAATAAGCAACATAAG-3,19.0,0.28880190709864184,,,0.19477936981053914,0.2980900086334725,0.21832871445734645
AGCTACGTCCCGCCTA-1,30.0,0.0,0.0,0.0,1.0,0.0,0.0
GACCTGATCGCGACAC-3,12.0,0.22393288850727908,,,0.21148179656914845,0.3491266157595441,0.21545869916402838
ACCTTCATCTAATCTC-2,10.0,1.0,0.0,0.0,0.0,0.0,0.0
GATAGACCAAGGACCA-3,28.0,0.0,0.0,0.0,0.0,0.0,1.0
ACGTACCCAAGGTGGC-3,36.0,0.0,0.0,0.0,0.0,1.0,0.0
GCTATAGGTTCGGTAA-2,18.0,0.0,0.0,0.0,1.0,0.0,0.0
GGAGGTTAGCTATGAC-1,5.0,0.0,0.0,0.0,1.0,0.0,0.0
TGTAATGTCGGGACCT-3,2.0,0.21079074246169519,,,0.3110256879333526,0.2245883274521365,0.25359524215281576
TGTCAGTAGTCACTAA-2,34.0,0.23141187017972628,,,0.21203187960198364,0.23517958103089368,0.32137666918739655
ACCAGCTCATTATGGT-3,20.0,1.0,0.0,0.0,0.0,0.0,0.0
ACTTGTAAGTTTGCGG-3,6.0,0.28619740144106137,,,0.20095345838278786,0.28595501190791156,0.2268941282682392
GTATCGCCATGGCCCA-3,11.0,1.0,0.0,0.0,0.0,0.0,0.0
ATCTTTGGTCAGGCAT-3,27.0,0.0,0.0,0.0,0.0,1.0,0.0
TGAGTGAAGCTAAAGG-2,35.0,0.2399263636153897,,,0.17564806529159285,0.22166609309080135,0.362759478002216
CGTTATCGTAACCTAG-3,4.0,0.2789549502429366,,,0.1885732419812842,0.21961014244052887,0.31286166533525034
GATTCAGGTCAGGCAT-3,27.0,1.0,0.0,0.0,0.0,0.0,0.0
GGCGGTAAGTGAACAG-3,19.0,0.28880190709864184,0.0,0.0,0.19477936981053914,0.2980900086334725,0.21832871445734645
ACGCTTGAGCATGTCG-3,25.0,0.25294349983189635,,,0.22563202807869934,0.20762681900387653,0.31379765308552765
ATTGTCCGTTGCAATG-1,6.0,0.0,0.0,0.0,1.0,0.0,0.0
CGCAAATTCATCCTCA-2,7.0,1.0,0.0,0.0,0.0,0.0,0.0
ACTAACGGTGGTTAGC-2,2.0,0.0,0.0,0.0,0.0,0.0,1.0
TAGGGTTTCTAGCTAA-3,11.0,0.26017380928088074,,,0.3107460265472086,0.2228172513789396,0.20626291279297101
CTACGAAGTTTCGCCA-1,9.0,1.0,0.0,0.0,0.0,0.0,0.0
CACTGACCAGAAATTG-3,15.0,0.25404889456095253,0.0,0.0,0.3994002521455771,0.19749238598555172,0.14905846730791872
GGATTATGTAGGATCC-1,16.0,0.0,0.0,0.0,0.0,0.0,1.0
GATTGGTTCGATATTG-1,5.0,1.0,0.0,0.0,0.0,0.0,0.0
ATTCATGAGGCCGGAA-1,2.0,0.0,0.0,0.0,1.0,0.0,0.0
GTCCGTAAGGACCTGC-1,9.0,0.0,0.0,0.0,1.0,0.0,0.0
TAGGCTAGTTTATCTG-2,12.0,0.22393288850727908,,,0.21148179656914845,0.3491266157595441,0.21545869916402838
CAGCTCAAGTCTTGAA-1,4.0,0.0,0.0,0.0,1.0,0.0,0.0
GATTCGCCAGGCCAAA-3,24.0,1.0,0.0,0.0,0.0,0.0,0.0
AGTAGCTTCATTAGTG-2,14.0,0.0,0.0,0.0,0.43406022845275183,0.0,0.5659397715472482
CATAGACTCGATCAGT-2,4.0,0.0,0.0,0.0,1.0,0.0,0.0
AACCTTGCACAGGGAC-3,13.0,0.2379245460670892,,,0.33034621848395457,0.2084468038321267,0.22328243161682945
ATCTTTGGTGTCCTGC-1,2.0,1.0,0.0,0.0,0.0,0.0,0.0
TATGGTCAGTCATTTC-3,4.0,1.0,0.0,0.0,0.0,0.0,0.0
AAAGCACCAAACCCTA-2,35.0,0.2399263636153897,,,0.17564806529159285,0.22166609309080135,0.362759478002216
GTAGCTGTCGTGCTTC-3,5.0,1.0,0.0,0.0,0.0,0.0,0.0
ACACTAATCCGCTAGA-3,3.0,0.0,0.0,0.0,0.0,1.0,0.0
ACACTTAAGCTGTACG-3,36.0,1.0,0.0,0.0,0.0,0.0,0.0
CATAATGTCGCTCCAT-3,2.0,0.21079074246169519,,,0.3110256879333526,0.2245883274521365,0.25359524215281576
TACCTCATCCAGGGAG-3,11.0,0.26017380928088074,,,0.3107460265472086,0.2228172513789396,0.20626291279297101
CGAACCGGTAACGGGA-2,19.0,0.0,0.0,0.0,1.0,0.0,0.0
CGAGCTGGTCAAGTAT-1,6.0,0.0,0.0,0.0,1.0,0.0,0.0
AACTTAGTCAAGGACA-2,22.0,0.0,0.0,0.0,1.0,0.0,0.0
GTATTGTCACCATATG-2,20.0,1.0,0.0,0.0,0.0,0.0,0.0
GCTGATCCATTAAACC-3,33.0,0.0,0.0,0.0,0.0,1.0,0.0
GTGCAAGCATAAGTCT-3,15.0,0.25404889456095253,,,0.3994002521455771,0.19749238598555172,0.14905846730791872
TGTGGCCAGTCATCCC-3,7.0,1.0,0.0,0.0,0.0,0.0,0.0
GCAAGTGCACACAATT-2,33.0,1.0,0.0,0.0,0.0,0.0,0.0
ATGGCCGGTCAGTAAT-2,28.0,1.0,0.0,0.0,0.0,0.0,0.0
CAGAATCTCATAGCCG-3,2.0,0.21079074246169519,,,0.3110256879333526,0.2245883274521365,0.25359524215281576
CTTCAATTCTGCAACG-3,15.0,0.25404889456095253,,,0.3994002521455771,0.19749238598555172,0.14905846730791872
CGCAATAGTATTGCAG-2,5.0,0.0,0.0,0.0,0.0,1.0,0.0
GCCTGCTGTTTGCTGT-3,3.0,0.0,0.0,0.0,0.0,1.0,0.0
TCAGCAAGTGATCAGC-3,34.0,0.23141187017972628,0.0,0.0,0.21203187960198364,0.23517958103089368,0.32137666918739655
TCACATAAGCAAGACA-3,9.0,1.0,0.0,0.0,0.0,0.0,0.0
GGCATTAGTTTGCAGA-2,9.0,0.25657805136510725,0.0,0.0,0.19608879238864382,0.26842478255731234,0.2789083736889367
ATGGTGCGTAACAGGG-2,25.0,0.25294349983189635,,,0.22563202807869934,0.20762681900387653,0.31379765308552765
GCGCTAGGTCCTTTAA-1,26.0,0.0,0.0,0.0,1.0,0.0,0.0
CAGGATGCATGTTGTG-1,28.0,0.0,0.0,0.0,0.0,0.0,1.0
TTTGTGTTCCGTAAAC-2,14.0,0.25490642483705084,,,0.203860627012991,0.27543380527416844,0.2657991428757897
AATTTGCCACAATGTT-3,11.0,1.0,0.0,0.0,0.0,0.0,0.0
AAGTGCAAGGCTATGT-2,17.0,0.0,0.0,0.0,0.4226070116481075,0.0,0.5773929883518925
AAGCAAGTCGTACCGA-3,29.0,0.31074906515307005,,,0.233016360882147,0.22003051032240445,0.2362040636423785
CGGTTATAGGCATTGT-2,35.0,0.2399263636153897,,,0.17564806529159285,0.22166609309080135,0.362759478002216
AGTCCTTGTAACCACA-3,1.0,1.0,0.0,0.0,0.0,0.0,0.0
GGATACTTCATGAGCT-3,14.0,1.0,0.0,0.0,0.0,0.0,0.0
CCCTCAGTCCGGTTAG-3,7.0,1.0,0.0,0.0,0.0,0.0,0.0
ACCAAACTCTTAAGTG-3,3.0,0.0,0.0,0.0,0.0,0.0,1.0
GTTTGCTGTACTTAGG-2,18.0,0.23638071763888321,,,0.28964209218552694,0.2590708442645409,0.21490634591104896
TAGCATATCATGGCTG-1,5.0,0.0,0.0,0.0,1.0,0.0,0.0
CTACCGGCAACGTGCT-2,34.0,0.0,0.0,0.0,1.0,0.0,0.0
TACCAGGTCGTTATAG-1,21.0,0.0,0.0,0.0,1.0,0.0,0.0
TGGACTAGTCGTAAAT-3,34.0,1.0,0.0,0.0,0.0,0.0,0.0
TCTCACCAGTCAATCA-3,10.0,1.0,0.0,0.0,0.0,0.0,0.0
AGTAGGATCGCCTAAG-2,8.0,1.0,0.0,0.0,0.0,0.0,0.0
CGATTTGCATAACGGG-3,26.0,0.3005755128437196,,,0.19364293997678975,0.3106467509625101,0.19513479621698074
ATTGCGCCAATTGAAG-2,20.0,1.0,0.0,0.0,0.0,0.0,0.0
ATCATCAAGTAAGTCC-3,24.0,1.0,0.0,0.0,0.0,0.0,0.0
CAACAGGCATAACGGG-1,18.0,0.0,0.0,0.0,1.0,0.0,0.0
AGGTTGCGTCGAAGTC-2,7.0,0.0,0.0,0.0,1.0,0.0,0.0
GCTGTAAGTGTGAGAG-3,33.0,0.25254537146409556,,,0.23028304051452006,0.2665285948922042,0.25064299312918015
GTGTTACAGCTTCTCA-3,4.0,1.0,0.0,0.0,0.0,0.0,0.0
ACCTAAGGTACGCGCA-3,2.0,0.30594862358424835,0.0,0.0,0.0,0.32597489270457897,0.3680764837111727
TTGACTAAGTTTCCGC-3,4.0,0.2789549502429366,,,0.1885732419812842,0.21961014244052887,0.31286166533525034
CACCAACCACAAACTT-3,17.0,0.0,0.0,0.0,0.0,1.0,0.0
GTTCGCTTCACTTCAT-1,11.0,0.0,0.0,0.0,1.0,0.0,0.0
AAGTTACGTTGAGCCG-3,17.0,0.28041555117654665,0.0,0.0,0.21377517180417943,0.21373583317818393,0.29207344384108996
TTTGTGTTCTTAGCGG-2,17.0,0.0,0.0,0.0,1.0,0.0,0.0
TAGTTGTCACTAAGAA-2,6.0,0.28619740144106137,0.0,0.0,0.20095345838278786,0.28595501190791156,0.2268941282682392
GGCTGGTTCGCTAGAT-3,10.0,0.0,0.0,0.0,0.0,1.0,0.0
TCCGGAATCAGAAACG-3,1.0,0.0,0.0,0.0,0.0,1.0,0.0
TCGTTAAAGACAACGA-2,31.0,0.24483511612846504,0.0,0.0,0.34550975661796685,0.2764681959007302,0.13318693135283804
TTTGCATTCGTTTCCA-2,10.0,1.0,0.0,0.0,0.0,0.0,0.0
GATTGATGTCGTAAAT-3,27.0,0.2659503422898086,,,0.3090767064839525,0.2252336567198111,0.1997392945064278
TGTTGTTTCCGGCTAA-3,3.0,1.0,0.0,0.0,0.0,0.0,0.0
CGAAGCGAGAGGCTAA-3,13.0,1.0,0.0,0.0,0.0,0.0,0.0
TATATCCTCGGCTAGC-2,8.0,0.22347106138460127,0.0,0.0,0.25914442347718897,0.16517053432406306,0.3522139808141467
CAATAGCTCATGCATA-2,2.0,0.0,0.0,0.0,0.0,1.0,0.0
CTAATGTCATGGCCTG-2,5.0,0.0,0.0,0.0,1.0,0.0,0.0
CTAACCCTCGCAGGCT-3,34.0,0.0,0.0,0.0,0.0,0.0,1.0
GGTGATTTCGCTCCAT-3,23.0,0.2890753295347951,,,0.21326803108883835,0.2250748294409998,0.2725818099353668
CAATGCCCACTGACCG-2,15.0,0.0,0.0,0.0,1.0,0.0,0.0
CTAGCGGGTAGTTAAC-2,31.0,0.0,0.0,0.0,1.0,0.0,0.0
AAGCCACGTACAATGT-3,14.0,1.0,0.0,0.0,0.0,0.0,0.0
AATTACCCAGGTATTT-2,3.0,0.0,0.0,0.0,0.0,0.0,1.0
CATTGTGCAATTATGC-3,7.0,0.0,0.0,0.0,0.0,1.0,0.0
CCTTCAATCCTGATTT-1,16.0,0.0,0.0,0.0,1.0,0.0,0.0
TCAAACCAGGAACCAA-3,7.0,0.23707317196827163,,,0.3805360488007793,0.2041805565917011,0.17821022263924788
TGGTGCATCAGCAAAG-2,4.0,1.0,0.0,0.0,0.0,0.0,0.0
GTTAAGCTCATGCGTG-1,5.0,0.0,0.0,0.0,1.0,0.0,0.0
TCAGGAGCACCGTTCC-2,27.0,0.0,0.0,0.0,0.0,0.0,1.0
CTTGGACCACGTAAGG-2,4.0,0.0,0.0,0.0,0.37606724069221203,0.0,0.623932759307788
AACGCCCAGTAAGTGG-1,4.0,0.0,0.0,0.0,0.0,0.0,1.0
GGTGAGTAGCTACTGG-1,1.0,1.0,0.0,0.0,0.0,0.0,0.0
TTGCGTCTCATTTGCT-3,4.0,1.0,0.0,0.0,0.0,0.0,0.0
AAGCTATGTCACAGCG-3,17.0,1.0,0.0,0.0,0.0,0.0,0.0
CTGCTATGTTTGAGCA-2,19.0,1.0,0.0,0.0,0.0,0.0,0.0
TCAGTGAGTGTTAAAC-3,8.0,0.0,0.0,0.0,0.0,1.0,0.0
GATTCGCCATAATCGT-1,2.0,0.0,0.0,0.0,1.0,0.0,0.0
AAGGATTAGACAAAGT-2,28.0,0.0,0.0,0.0,0.5049925766353235,0.0,0.4950074233646764
TATGGGCGTTGTCCAT-1,15.0,1.0,0.0,0.0,0.0,0.0,0.0
GTTTGCTGTTAGAGGG-1,2.0,0.0,0.0,0.0,0.0,0.0,1.0
CGCAATCCACCTGCCT-3,29.0,1.0,0.0,0.0,0.0,0.0,0.0
GGGCCTAGTGGAAGGC-2,18.0,0.0,0.0,0.0,0.0,1.0,0.0
GGACCTCAGCACTAGT-3,22.0,0.0,0.0,0.0,0.0,1.0,0.0
TCCATAAAGTCCTTTG-2,34.0,0.0,0.0,0.0,0.0,0.0,1.0
TTGTTGTTCCTACCTA-3,36.0,1.0,0.0,0.0,0.0,0.0,0.0
TCTGTGACACTTAACG-3,8.0,0.22347106138460127,,,0.25914442347718897,0.16517053432406306,0.3522139808141467
ATGACTCAGCGAGTAA-3,1.0,1.0,0.0,0.0,0.0,0.0,0.0
TACCTCATCAGCAAAG-2,30.0,0.2305508875130836,0.0,0.0,0.30015485066475694,0.2562706347632869,0.21302362705887254
CATTATCTCATGGTTA-1,9.0,0.0,0.0,0.0,1.0,0.0,0.0
TGATCGAGTGTTAAAC-1,5.0,0.0,0.0,0.0,1.0,0.0,0.0
CACGCTAAGATAGACG-2,15.0,0.25404889456095253,,,0.3994002521455771,0.19749238598555172,0.14905846730791872
TCGTTTCCATAAGTCT-1,23.0,0.0,0.0,0.0,1.0,0.0,0.0
GACCTTTGTGTTTCAC-3,20.0,0.255116509861887,,,0.11378520411624034,0.3739473542312623,0.25715093179061016
AGTACGCGTTTGCTGT-2,2.0,0.21079074246169519,,,0.3110256879333526,0.2245883274521365,0.25359524215281576
GCGCAAACACTTGTTC-3,4.0,0.2789549502429366,,,0.1885732419812842,0.21961014244052887,0.31286166533525034
AACGCCCAGAGAAGGG-1,1.0,0.0,0.0,0.0,1.0,0.0,0.0
TCCTAGTGTATTACCC-1,8.0,1.0,0.0,0.0,0.0,0.0,0.0
GTTGGCCAGCACGTTG-2,6.0,1.0,0.0,0.0,0.0,0.0,0.0
GGTTAATGTTTAACGG-2,34.0,0.0,0.0,0.0,1.0,0.0,0.0
CCTTCAGGTAAAGCGG-1,15.0,0.0,0.0,0.0,1.0,0.0,0.0
TCCTCACAGGCGAAAC-2,30.0,0.0,0.0,0.0,0.584893684544589,0.0,0.415106315455411
AATTTGCCAAAGGTAC-3,31.0,0.24483511612846504,,,0.34550975661796685,0.2764681959007302,0.13318693135283804
TCGTTACGTACTGATG-3,12.0,1.0,0.0,0.0,0.0,0.0,0.0
CTATTGAAGTCAATCA-2,30.0,0.0,0.0,0.0,1.0,0.0,0.0
CGCTAATAGCCTAACG-1,30.0,1.0,0.0,0.0,0.0,0.0,0.0
CCCGTTGTCTGTTGCC-2,8.0,0.0,0.0,0.0,0.423882981992502,0.0,0.576117018007498
CACAGGGAGCTTAACA-2,32.0,0.0,0.0,0.0,1.0,0.0,0.0
GGTAACTTCCCATAAA-2,25.0,0.25294349983189635,0.0,0.0,0.22563202807869934,0.20762681900387653,0.31379765308552765
CGCTTACTCCTTAATC-3,19.0,0.0,0.0,0.0,0.0,1.0,0.0
AGTAGGATCGCCTAAG-3,26.0,0.0,0.0,0.0,0.0,1.0,0.0
GCAGCTATCGATTTGA-3,5.0,0.25007613426230707,,,0.2764713286099489,0.24316603374735998,0.23028650338038426
ATCCGTGAGTTGTCAA-3,12.0,0.22393288850727908,,,0.21148179656914845,0.3491266157595441,0.21545869916402838
GGTCATTAGGCCTTAG-1,25.0,0.0,0.0,0.0,1.0,0.0,0.0
TATAGCTCACTTAACG-2,13.0,0.2379245460670892,,,0.33034621848395457,0.2084468038321267,0.22328243161682945
GAGGTAGGTAGCCTAA-2,25.0,0.0,0.0,0.0,0.0,0.0,1.0
TTTAGGATCATGCTTT-2,17.0,0.0,0.0,0.0,1.0,0.0,0.0
TTGCTTTAGATAACCC-2,33.0,1.0,0.0,0.0,0.0,0.0,0.0
AACCGCTCAGAGAGCC-2,15.0,0.0,0.0,0.0,0.7282229965156795,0.0,0.27177700348432055
TAGCGGCTCAGGAACA-3,31.0,0.24483511612846504,,,0.34550975661796685,0.2764681959007302,0.13318693135283804
ACTCGCGCACCTCACC-2,6.0,0.0,0.0,0.0,1.0,0.0,0.0
TAGTTTGAGCGGGCAA-1,3.0,0.0,0.0,0.0,1.0,0.0,0.0
TTTCACCCATTGTGCA-3,9.0,0.25657805136510725,,,0.19608879238864382,0.26842478255731234,0.2789083736889367
GTAGCCATCATTTGTC-1,16.0,0.0,0.0,0.0,1.0,0.0,0.0
TCGTTAAAGGGCTTAT-1,21.0,0.0,0.0,0.0,1.0,0.0,0.0
TCGTTAAAGGGCCATC-3,36.0,0.0,0.0,0.0,0.0,1.0,0.0
CTAGGACGTGACATGC-3,31.0,0.24483511612846504,,,0.34550975661796685,0.2764681959007302,0.13318693135283804
ACAGGAATCATGCTTT-2,27.0,0.0,0.0,0.0,0.0,1.0,0.0
AGCCAGTGTGTGAGAG-1,13.0,0.0,0.0,0.0,1.0,0.0,0.0
TAACCGGTCTAACCAA-1,38.0,0.0,0.0,0.0,0.0,0.0,1.0
ACGGTACGTTTGGCGG-2,15.0,0.25404889456095253,,,0.3994002521455771,0.19749238598555172,0.14905846730791872
GCTCTGGCATTATGAC-3,32.0,0.36818404740057686,0.0,0.0,0.0,0.3637847516918263,0.26803120090759697
CGCTTCTAGACTATTG-3,15.0,1.0,0.0,0.0,0.0,0.0,0.0
CAGTACCCACCTAAGC-1,33.0,0.0,0.0,0.0,1.0,0.0,0.0
CATAGACTCATGCTCC-1,17.0,0.0,0.0,0.0,1.0,0.0,0.0
GATTATGTCGAGGAGT-3,15.0,0.0,0.0,0.0,0.0,1.0,0.0
GAACTTATCGATTCTT-1,4.0,0.0,0.0,0.0,1.0,0.0,0.0
CGCATTTGTTTGCTGT-2,10.0,0.0,0.0,0.0,1.0,0.0,0.0
GGTACTTAGTAACGGA-1,37.0,0.0,0.0,0.0,1.0,0.0,0.0
GGTACTAGTGGTTAGC-2,9.0,0.25657805136510725,,,0.19608879238864382,0.26842478255731234,0.2789083736889367
CCTCCTGAGGCTGGCT-3,14.0,0.25490642483705084,0.0,0.0,0.203860627012991,0.27543380527416844,0.2657991428757897
CATAATGTCCTTGAGG-2,10.0,0.0,0.0,0.0,0.0,0.0,1.0
CGGATAAAGTTATGGC-3,13.0,0.0,0.0,0.0,0.0,1.0,0.0
TATTTGCTCCGGTTAG-3,10.0,1.0,0.0,0.0,0.0,0.0,0.0
AAGCCTGTCTCCATAT-1,28.0,0.0,0.0,0.0,0.0,0.0,1.0
AAGCCACGTTCAAGAT-1,2.0,0.0,0.0,0.0,1.0,0.0,0.0
TGGTTGAGTCCGCTGT-3,24.0,1.0,0.0,0.0,0.0,0.0,0.0
GGTGAGTAGAGGCTAA-3,12.0,0.0,0.0,0.0,0.0,1.0,0.0
GAACCGCTCTAATCCT-3,32.0,1.0,0.0,0.0,0.0,0.0,0.0
ATTCATGAGGAGGTTA-2,10.0,0.26490417044114983,0.0,0.0,0.1425309127782741,0.3402195170606928,0.2523453997198832
AGAAACTAGGAACCGG-3,28.0,0.24355764626440804,,,0.2713230524219713,0.21916108471229478,0.2659582166013259
GTCTTGCTCCTTAAGA-3,34.0,0.23141187017972628,,,0.21203187960198364,0.23517958103089368,0.32137666918739655
GATTACGGTATTGTCC-1,22.0,0.0,0.0,0.0,1.0,0.0,0.0
CTTACCGGTTATCCGT-2,1.0,0.0,0.0,0.0,1.0,0.0,0.0
TACCGTTGTGACATGC-3,5.0,0.25007613426230707,,,0.2764713286099489,0.24316603374735998,0.23028650338038426
AGCAGGTAGTCATCCC-3,4.0,0.2789549502429366,,,0.1885732419812842,0.21961014244052887,0.31286166533525034
GATTTGCAGTCATCCC-3,21.0,0.36496857686394185,,,0.2425919314203312,0.14718681699163197,0.24525267472409484
TGTTGTAAGAATGACG-1,15.0,0.0,0.0,0.0,1.0,0.0,0.0
GCCTCAAAGGCTGTGC-1,24.0,0.0,0.0,0.0,1.0,0.0,0.0
TATGCATCATGGAGGC-1,17.0,0.0,0.0,0.0,1.0,0.0,0.0
AGCAATTGTAATGGCC-3,4.0,1.0,0.0,0.0,0.0,0.0,0.0
AGCCTGGGTGTGTGGT-3,17.0,1.0,0.0,0.0,0.0,0.0,0.0
GATTGTTCATCATGGC-3,13.0,0.2379245460670892,,,0.33034621848395457,0.2084468038321267,0.22328243161682945
TACCTCATCGTTAGTA-1,20.0,0.0,0.0,0.0,1.0,0.0,0.0
CGATTATCATCGCTTT-3,3.0,0.0,0.0,0.0,0.0,1.0,0.0
TGTTATGAGCCGCTTT-3,15.0,1.0,0.0,0.0,0.0,0.0,0.0
TACAACATCCGCACAA-3,22.0,0.0,0.0,0.0,0.0,1.0,0.0
TGTGGCCAGTACCGCA-1,13.0,0.0,0.0,0.0,1.0,0.0,0.0
GCTCATTGTTGCTGGG-1,21.0,0.0,0.0,0.0,1.0,0.0,0.0
CTAACCACAACATAAG-3,14.0,1.0,0.0,0.0,0.0,0.0,0.0
TGCTTGTGTGTTGTGA-3,7.0,1.0,0.0,0.0,0.0,0.0,0.0
AAGGATTAGGCTACAT-1,31.0,0.0,0.0,0.0,1.0,0.0,0.0
GACTTAGGTTTAGTCC-3,26.0,0.3005755128437196,0.0,0.0,0.19364293997678975,0.3106467509625101,0.19513479621698074
TTAGCGGTCCAGGGAG-3,4.0,1.0,0.0,0.0,0.0,0.0,0.0
TGTTGTTTCGTTACTT-3,13.0,0.0,0.0,0.0,0.0,0.0,1.0
CTCCGTCCAAGCGAGC-3,1.0,0.2431277739439729,,,0.27520525106868904,0.22514867316661977,0.2565183018207184
ATTACTGAGCAGCTCA-2,12.0,0.0,0.0,0.0,1.0,0.0,0.0
TATCACGCACCAGCAT-3,1.0,1.0,0.0,0.0,0.0,0.0,0.0
CCCAAACCATCGTTCT-3,17.0,0.0,0.0,0.0,0.0,1.0,0.0
TTGATGTCAGGCCTTG-3,36.0,0.2461747580345537,,,0.1850283944180879,0.27103139859455855,0.2977654489527998
GCTTAGTAGCACTAGT-2,5.0,0.25007613426230707,0.0,0.0,0.2764713286099489,0.24316603374735998,0.23028650338038426
GAGGCAAGTATTTGCC-2,36.0,0.2461747580345537,,,0.1850283944180879,0.27103139859455855,0.2977654489527998
CGTTTGGAGGAACGCG-3,22.0,0.0,0.0,0.0,0.0,1.0,0.0
TAGGCTGTCACGCATG-2,24.0,0.0,0.0,0.0,0.0,0.0,1.0
TTACCTGTCGATCAGT-3,29.0,0.0,0.0,0.0,0.0,0.0,1.0
TCAAGGAAGAACCTAC-2,11.0,0.26017380928088074,,,0.3107460265472086,0.2228172513789396,0.20626291279297101
TGTGTTAAGCGATAGA-3,7.0,1.0,0.0,0.0,0.0,0.0,0.0
AACATCATCCTGATTT-1,19.0,1.0,0.0,0.0,0.0,0.0,0.0
GTATGTTCAAACCTTG-2,8.0,0.0,0.0,0.0,0.0,0.0,1.0
TTGCCCGTCCCTCTAA-3,38.0,0.19027885726034566,,,0.23574107619489226,0.2789089395946002,0.2950711269501618
TGTAATGTCCTAGTTT-2,24.0,0.0,0.0,0.0,1.0,0.0,0.0
TGGTCAAGTGTAATAC-2,14.0,0.0,0.0,0.0,0.0,0.0,1.0
AGGCGGATCGCTCACT-3,8.0,0.22347106138460127,,,0.25914442347718897,0.16517053432406306,0.3522139808141467
GTTGCGGGTGAGCGAA-2,4.0,0.0,0.0,0.0,1.0,0.0,0.0
CTAATCCGTAATGACT-3,6.0,1.0,0.0,0.0,0.0,0.0,0.0
AAAGCACCACCTGCTC-1,24.0,1.0,0.0,0.0,0.0,0.0,0.0
GCTTACCTCGTTCACC-1,4.0,1.0,0.0,0.0,0.0,0.0,0.0
TACCTTTAGGCTACAT-1,35.0,0.0,0.0,0.0,1.0,0.0,0.0
TTTACGAAGTTCCTGC-3,2.0,1.0,0.0,0.0,0.0,0.0,0.0
AGAGAGGAGTGAGCGG-3,27.0,0.2659503422898086,,,0.3090767064839525,0.2252336567198111,0.1997392945064278
TTCAGGTAGTACTGGT-3,31.0,0.24483511612846504,0.0,0.0,0.34550975661796685,0.2764681959007302,0.13318693135283804
CGGTTATAGTTATTCC-2,16.0,0.0,0.0,0.0,1.0,0.0,0.0
GGATGTAAGATGGAGC-1,31.0,0.0,0.0,0.0,1.0,0.0,0.0
GTTTAGCAGCAGGTTT-1,24.0,0.0,0.0,0.0,1.0,0.0,0.0
GGTCCGTAGTCTCACC-3,20.0,0.0,0.0,0.0,0.0,1.0,0.0
TTGCATTTCTAATCAG-2,30.0,0.0,0.0,0.0,0.0,0.0,1.0
CGTTAACAGTTTGGTA-3,7.0,0.23707317196827163,,,0.3805360488007793,0.2041805565917011,0.17821022263924788
TGTGCGCAGCTCAATA-1,25.0,0.0,0.0,0.0,1.0,0.0,0.0
AGCACAGCACATAGCC-3,32.0,0.23501474983514806,,,0.36169219852304807,0.23220664506324848,0.1710864065785554
TTAGGCTAGGGCCATC-1,26.0,0.0,0.0,0.0,1.0,0.0,0.0
CCACATTGTCACAAAT-3,10.0,0.26490417044114983,,,0.1425309127782741,0.3402195170606928,0.2523453997198832
GGAACAATCTCACTAT-3,3.0,0.2510908928836586,0.0,0.0,0.23769248350866462,0.29944475183729763,0.2117718717703792
AGTAAGTAGTTTGAGC-1,5.0,0.0,0.0,0.0,1.0,0.0,0.0
AGATGAAGTCTCAGCC-3,38.0,0.19027885726034566,,,0.23574107619489226,0.2789089395946002,0.2950711269501618
GGCATTGTCACTAAGC-3,19.0,1.0,0.0,0.0,0.0,0.0,0.0
CCAGCCTGTCATGCCC-2,17.0,0.28041555117654665,0.0,0.0,0.21377517180417943,0.21373583317818393,0.29207344384108996
AGGGCCTTCTACTAAG-2,3.0,1.0,0.0,0.0,0.0,0.0,0.0
CGCTAATAGGCAGGTG-1,29.0,0.0,0.0,0.0,1.0,0.0,0.0
AGGTATTGTGGTTAGC-2,37.0,0.0,0.0,0.0,1.0,0.0,0.0
TGACCTTGTCCTAATC-3,35.0,1.0,0.0,0.0,0.0,0.0,0.0
TCAACAATCTGCAAGT-3,8.0,0.0,0.0,0.0,0.0,1.0,0.0
AGTCCTTGTCACCAAA-1,12.0,0.0,0.0,0.0,1.0,0.0,0.0
AGAGAAGCATCACTTC-1,19.0,0.0,0.0,0.0,1.0,0.0,0.0
CTATTGAAGGCTGGCT-2,6.0,0.0,0.0,0.0,1.0,0.0,0.0
ACGAAGTCATAGTCAT-3,11.0,1.0,0.0,0.0,0.0,0.0,0.0
GGTACTAGTTGTTGCT-2,1.0,1.0,0.0,0.0,0.0,0.0,0.0
GTCCTCAGTTAATGCG-1,9.0,0.0,0.0,0.0,1.0,0.0,0.0
TGATTGCAGGTGTTAC-3,15.0,0.25404889456095253,0.0,0.0,0.3994002521455771,0.19749238598555172,0.14905846730791872
CTTCGCGTCACTAGGT-1,11.0,0.0,0.0,0.0,1.0,0.0,0.0
ACCAGGGAGGCTGTGC-3,11.0,1.0,0.0,0.0,0.0,0.0,0.0
CTTCAGGAGGCTACAT-1,22.0,0.0,0.0,0.0,1.0,0.0,0.0
GGTACTAGTTGCGCGA-3,4.0,0.2789549502429366,,,0.1885732419812842,0.21961014244052887,0.31286166533525034
AAGGAAGCATTAAGCT-1,9.0,1.0,0.0,0.0,0.0,0.0,0.0
CTCTCACAGCTACTGG-3,19.0,0.0,0.0,0.0,0.0,1.0,0.0
CAACTAGGTGTTTGAG-1,5.0,0.0,0.0,0.0,1.0,0.0,0.0
ACGACTTAGATGCCTG-1,28.0,0.0,0.0,0.0,1.0,0.0,0.0
CGATTCCTCCTAAGAC-3,20.0,0.255116509861887,,,0.11378520411624034,0.3739473542312623,0.25715093179061016
CCGTTGCGTTGTAACG-3,28.0,1.0,0.0,0.0,0.0,0.0,0.0
GAAGCCTGTTTCCGGC-3,9.0,0.0,0.0,0.0,0.0,1.0,0.0
GCATTGCCACCTCACC-1,3.0,0.0,0.0,0.0,0.0,0.0,1.0
TGAAGGATCGCTAGAT-1,31.0,0.0,0.0,0.0,1.0,0.0,0.0
GTCAATATCCGCAAGC-2,13.0,0.0,0.0,0.0,1.0,0.0,0.0
GTTGCCCGTTAGGCGT-3,6.0,0.28619740144106137,,,0.20095345838278786,0.28595501190791156,0.2268941282682392
TGACCAAGTCATGAGC-2,25.0,1.0,0.0,0.0,0.0,0.0,0.0
GCCCGTTGTATTCGCT-3,23.0,0.0,0.0,0.0,0.0,1.0,0.0
TAGTGAGAGTAACCAC-2,2.0,0.0,0.0,0.0,1.0,0.0,0.0
ACACTTGCAATCCTGA-3,9.0,0.0,0.0,0.0,0.0,1.0,0.0
TGAGCAAAGTGCTGTG-2,38.0,0.0,0.0,0.0,1.0,0.0,0.0
GTCCTAGAGCGTGCGT-2,7.0,0.0,0.0,0.0,1.0,0.0,0.0
GCTAAGTTCCGGGACT-2,29.0,0.31074906515307005,0.0,0.0,0.233016360882147,0.22003051032240445,0.2362040636423785
ACTAATCCAGTAAGTA-1,3.0,0.0,0.0,0.0,1.0,0.0,0.0
TGAGAACCAGGTTACC-1,26.0,0.0,0.0,0.0,1.0,0.0,0.0
TGTATCCGTATTACCC-3,38.0,0.19027885726034566,,,0.23574107619489226,0.2789089395946002,0.2950711269501618
ATTGGCTAGGCCTTAG-2,4.0,0.0,0.0,0.0,1.0,0.0,0.0
GACCGTTCATGTCAGC-2,10.0,0.0,0.0,0.0,0.0,0.0,1.0
GTTAAGCTCTAATCCT-3,22.0,0.22299113408910365,,,0.2286831626631811,0.3006206801642622,0.24770502308345307
GGCATTAGTTTCCGGC-3,4.0,0.34378327740148595,0.0,0.0,0.0,0.2706469071549443,0.3855698154435696
GCGCTTGCATGAGTTT-3,6.0,0.0,0.0,0.0,0.0,1.0,0.0
TTTGGTGCAGAACCGA-2,25.0,0.0,0.0,0.0,0.0,0.0,1.0
CAATGAACATGTCAGC-3,3.0,0.0,0.0,0.0,0.0,1.0,0.0
TTGTGTGCATAGACCC-1,3.0,0.0,0.0,0.0,1.0,0.0,0.0
ACACTAATCTCGACCT-3,20.0,0.0,0.0,0.0,0.0,1.0,0.0
CGTTAACAGTTTGTCT-2,23.0,0.2890753295347951,0.0,0.0,0.21326803108883835,0.2250748294409998,0.2725818099353668
TGTCCTTCAAACAACA-2,23.0,0.0,0.0,0.0,0.0,0.0,1.0
CAAGTGAAGTAGCCAT-3,18.0,0.23638071763888321,,,0.28964209218552694,0.2590708442645409,0.21490634591104896
TTTAACGAGGTCGATT-3,1.0,0.0,0.0,0.0,0.0,1.0,0.0
AAGTAGCCACCTGGTG-2,28.0,0.0,0.0,0.0,1.0,0.0,0.0
AGGGCTACAGGAACCA-3,33.0,1.0,0.0,0.0,0.0,0.0,0.0
GGTGAGGTCATGGTGT-2,5.0,0.25007613426230707,,,0.2764713286099489,0.24316603374735998,0.23028650338038426
GTAGCTGTCAAACACC-3,33.0,0.25254537146409556,,,0.23028304051452006,0.2665285948922042,0.25064299312918015
ACTGAAACAGACAAAC-1,2.0,0.0,0.0,0.0,1.0,0.0,0.0
TAGTGTGGTAGTTGGC-2,30.0,1.0,0.0,0.0,0.0,0.0,0.0
TCCACAACAGCATGGA-2,16.0,0.0,0.0,0.0,0.0,0.0,1.0
AATTGGGAGCATGCAT-2,24.0,0.0,0.0,0.0,0.0,1.0,0.0
ATACCGGTCGTTATAG-2,38.0,0.0,0.0,0.0,0.0,0.0,1.0
GGTTGGTGTTTAGCTC-1,13.0,0.0,0.0,0.0,1.0,0.0,0.0
CTATTCAGTGTTGTGA-3,15.0,1.0,0.0,0.0,0.0,0.0,0.0
CCCAGTTTCTAGCGTG-2,38.0,0.19027885726034566,0.0,0.0,0.23574107619489226,0.2789089395946002,0.2950711269501618
ATCCCGCGTCCTTTAA-2,1.0,0.0,0.0,0.0,0.0,0.0,1.0
TATGAAGCAATGAGGT-3,25.0,0.25294349983189635,0.0,0.0,0.22563202807869934,0.20762681900387653,0.31379765308552765
TGGCTTTGTAATGACT-1,12.0,1.0,0.0,0.0,0.0,0.0,0.0
GATCACTAGCCAGTAT-3,27.0,0.2659503422898086,0.0,0.0,0.3090767064839525,0.2252336567198111,0.1997392945064278
CTTAAGATCTAGCGTG-3,1.0,0.2431277739439729,0.0,0.0,0.27520525106868904,0.22514867316661977,0.2565183018207184
GCGGGTTTCCTGAATA-3,20.0,0.255116509861887,,,0.11378520411624034,0.3739473542312623,0.25715093179061016
TAACCAGGTCCGCTGT-3,26.0,0.3005755128437196,,,0.19364293997678975,0.3106467509625101,0.19513479621698074
TCACGGATCGAGCAAA-3,28.0,0.24355764626440804,,,0.2713230524219713,0.21916108471229478,0.2659582166013259
TGTTGCACAACCCTCC-3,32.0,0.23501474983514806,,,0.36169219852304807,0.23220664506324848,0.1710864065785554
CTTGAATCAGGCCAAA-1,2.0,0.0,0.0,0.0,1.0,0.0,0.0
AGGTTGCGTGTTGTGA-3,37.0,1.0,0.0,0.0,0.0,0.0,0.0
CAAGACAAGGCACAGG-3,12.0,0.22393288850727908,,,0.21148179656914845,0.3491266157595441,0.21545869916402838
TTAGCAGGTAGGATCC-1,15.0,0.0,0.0,0.0,1.0,0.0,0.0
CTGGCTAAGAATCTCA-2,10.0,0.0,0.0,0.0,1.0,0.0,0.0
CAGAATCTCCTAAATG-1,14.0,0.0,0.0,0.0,1.0,0.0,0.0
CGCATATAGCCTGGTA-3,9.0,0.25657805136510725,,,0.19608879238864382,0.26842478255731234,0.2789083736889367
ATTCATGAGTAGCGCC-2,3.0,0.2510908928836586,0.0,0.0,0.23769248350866462,0.29944475183729763,0.2117718717703792
TGCTCAACACGTAAGG-3,16.0,0.0,0.0,0.0,0.0,1.0,0.0
TTGCAGCCACCAACCG-3,23.0,0.2890753295347951,0.0,0.0,0.21326803108883835,0.2250748294409998,0.2725818099353668
ACAGGATCACATACTG-2,26.0,0.0,0.0,0.0,1.0,0.0,0.0
TGCTCTCAGGCCCAGT-2,12.0,0.0,0.0,0.0,1.0,0.0,0.0
AATCGCCCATGACTAT-3,31.0,0.24483511612846504,0.0,0.0,0.34550975661796685,0.2764681959007302,0.13318693135283804
CCAAACCCATAAAGCA-2,15.0,1.0,0.0,0.0,0.0,0.0,0.0
GGATGAATCCCTCACG-3,8.0,0.22347106138460127,,,0.25914442347718897,0.16517053432406306,0.3522139808141467
TGGATTCAGTTATCCT-1,7.0,0.0,0.0,0.0,1.0,0.0,0.0
GTCAAACTCGCGACAC-2,37.0,0.0,0.0,0.0,1.0,0.0,0.0
TCCTTAGTCGGTTAGT-3,10.0,1.0,0.0,0.0,0.0,0.0,0.0
TCCAGCAAGTACCGCA-2,26.0,0.3005755128437196,0.0,0.0,0.19364293997678975,0.3106467509625101,0.19513479621698074
CTATGATCATGAATCT-2,12.0,0.22393288850727908,,,0.21148179656914845,0.3491266157595441,0.21545869916402838
CGGCTCACATGGCCTG-1,38.0,0.0,0.0,0.0,0.0,0.0,1.0
AATATCCCACAAGCCT-3,4.0,0.0,0.0,0.0,0.0,1.0,0.0
AGGTTGCGTAAATTGC-3,2.0,0.21079074246169519,,,0.3110256879333526,0.2245883274521365,0.25359524215281576
TTAAGGTGTTAGTGAT-2,20.0,0.0,0.0,0.0,0.0,0.0,1.0
AGTAACCTCATAACGC-1,30.0,0.0,0.0,0.0,1.0,0.0,0.0
CCTGTATGTAACCAGC-3,9.0,1.0,0.0,0.0,0.0,0.0,0.0
TCCTTGCAGCTTATGA-3,31.0,0.24483511612846504,,,0.34550975661796685,0.2764681959007302,0.13318693135283804
TGCTATGCAGCTCAAC-3,27.0,0.2659503422898086,,,0.3090767064839525,0.2252336567198111,0.1997392945064278
GCAGCTATCGCTAGTG-1,33.0,0.0,0.0,0.0,0.0,0.0,1.0
TTCCCACAGTGAACGA-2,12.0,1.0,0.0,0.0,0.0,0.0,0.0
ACGGTACGTGTGCAAC-1,12.0,0.0,0.0,0.0,0.0,0.0,1.0
GGAACGGTCTAGCTTT-1,26.0,1.0,0.0,0.0,0.0,0.0,0.0
TAAAGCCTCACATTGA-2,4.0,0.2789549502429366,0.0,0.0,0.1885732419812842,0.21961014244052887,0.31286166533525034
TTAAGCCAGACTTATG-1,32.0,1.0,0.0,0.0,0.0,0.0,0.0
ACCCGCTGTTAATGCG-1,13.0,1.0,0.0,0.0,0.0,0.0,0.0
TACCGAAGTTGGTTAG-1,15.0,0.0,0.0,0.0,1.0,0.0,0.0
CAGGTCCAGCCAAATC-3,15.0,0.25404889456095253,,,0.3994002521455771,0.19749238598555172,0.14905846730791872
CAATAAGCACAGACTC-1,4.0,0.0,0.0,0.0,1.0,0.0,0.0
CAAGGGAGTCTAACAG-1,7.0,0.0,0.0,0.0,1.0,0.0,0.0
ACTAACCAGCTGTACG-3,19.0,0.28880190709864184,,,0.19477936981053914,0.2980900086334725,0.21832871445734645
CACAATATCACACAGT-3,9.0,1.0,0.0,0.0,0.0,0.0,0.0
AGCTACGTCCGCAACA-3,7.0,1.0,0.0,0.0,0.0,0.0,0.0
ATGGTGCGTCCTAAGA-1,38.0,0.0,0.0,0.0,1.0,0.0,0.0
CCACAATAGCAAGATG-3,33.0,0.25254537146409556,0.0,0.0,0.23028304051452006,0.2665285948922042,0.25064299312918015
CTGCTCCCATTTAAGC-3,38.0,0.19027885726034566,,,0.23574107619489226,0.2789089395946002,0.2950711269501618
GGTATTGGTCCGTAGG-2,27.0,0.0,0.0,0.0,0.6074429771908764,0.0,0.3925570228091237
TTTAACGAGACAAACG-1,4.0,0.0,0.0,0.0,1.0,0.0,0.0
TTGTGCCTCGCGACAC-3,2.0,1.0,0.0,0.0,0.0,0.0,0.0
AAGCCTCCAGTTGCGT-3,19.0,1.0,0.0,0.0,0.0,0.0,0.0
CGCATTTGTTAAGCGC-2,38.0,0.0,0.0,0.0,1.0,0.0,0.0
AGCAATACAGGCTTGT-3,10.0,1.0,0.0,0.0,0.0,0.0,0.0
CGGCAATGTGAGGTAG-3,15.0,1.0,0.0,0.0,0.0,0.0,0.0
GTGCTCAAGAGGAGTC-1,27.0,0.0,0.0,0.0,0.0,0.0,1.0
GGGATTAAGAACCTGT-2,15.0,0.0,0.0,0.0,0.0,0.0,1.0
GGTCTTTGTTAAGCCA-2,25.0,0.25294349983189635,0.0,0.0,0.22563202807869934,0.20762681900387653,0.31379765308552765
TCCTTAGTCAAGTGTC-2,20.0,1.0,0.0,0.0,0.0,0.0,0.0
GGCATGGAGCACGTTG-1,5.0,1.0,0.0,0.0,0.0,0.0,0.0
CAAACACTCCTGAGTG-3,6.0,0.28619740144106137,,,0.20095345838278786,0.28595501190791156,0.2268941282682392
GGCATTAGTGCATTAG-2,1.0,0.0,0.0,0.0,0.0,0.0,1.0
GTGATCAGTGAGCGAA-2,13.0,0.0,0.0,0.0,1.0,0.0,0.0
GCCAGGTTCACAGACT-2,7.0,0.0,0.0,0.0,1.0,0.0,0.0
AGGTTTATCGCTAGTG-2,15.0,0.0,0.0,0.0,1.0,0.0,0.0
GTTCTTAGTGTTTGTC-2,7.0,0.23707317196827163,0.0,0.0,0.3805360488007793,0.2041805565917011,0.17821022263924788
TAATGCATCGCAAACT-2,28.0,0.0,0.0,0.0,1.0,0.0,0.0
TAATGGTGTAATAGCT-3,29.0,1.0,0.0,0.0,0.0,0.0,0.0
CCGCTAGCATCTTGAG-2,16.0,1.0,0.0,0.0,0.0,0.0,0.0
GTCATGCCAATAGCCC-2,25.0,0.0,0.0,0.0,0.0,0.0,1.0
GCCATGATCAGGATGA-2,16.0,0.0,0.0,0.0,1.0,0.0,0.0
GTTCCTGGTTGTTCAC-2,13.0,0.0,0.0,0.0,1.0,0.0,0.0
GAACCTTAGTTCCCAC-3,3.0,0.2510908928836586,,,0.23769248350866462,0.29944475183729763,0.2117718717703792
TGGCGGTTCTTGTCCA-3,20.0,0.255116509861887,,,0.11378520411624034,0.3739473542312623,0.25715093179061016
GGTCCGTAGCGATAAG-2,26.0,0.0,0.0,0.0,0.0,1.0,0.0
GGTTTAATCAATAGCC-2,10.0,1.0,0.0,0.0,0.0,0.0,0.0
GTTCCCAGTTATCCGT-2,29.0,0.0,0.0,0.0,0.0,0.0,1.0
ATTGTGATCTTGATGA-2,29.0,1.0,0.0,0.0,0.0,0.0,0.0
AGCGGATAGGATGATG-2,15.0,0.0,0.0,0.0,1.0,0.0,0.0
TAGCTTGCATGGCCTG-2,1.0,0.2431277739439729,,,0.27520525106868904,0.22514867316661977,0.2565183018207184
TCGCATTGTAGTTAAC-3,6.0,0.28619740144106137,,,0.20095345838278786,0.28595501190791156,0.2268941282682392
CTGTTCATCGGGCCAT-3,11.0,1.0,0.0,0.0,0.0,0.0,0.0
AAGCGAGGTTAACAGT-2,22.0,0.0,0.0,0.0,0.0,0.0,1.0
GAGGTACAGTGAGCAA-3,24.0,0.21845905187174444,0.0,0.0,0.2480843926368116,0.19755649681913243,0.33590005867231154
CGCTAATAGGTGAAAT-2,17.0,1.0,0.0,0.0,0.0,0.0,0.0
AGCTTAATCACCAATA-3,19.0,0.28880190709864184,,,0.19477936981053914,0.2980900086334725,0.21832871445734645
AACAAGCCAAGATTCT-1,24.0,0.0,0.0,0.0,1.0,0.0,0.0
ACGGTACGTCATGCAA-1,34.0,0.0,0.0,0.0,1.0,0.0,0.0
ACCATTAAGGATGATG-3,16.0,0.0,0.0,0.0,0.0,1.0,0.0
GATGACTTCTTTGAGA-1,31.0,0.0,0.0,0.0,1.0,0.0,0.0
CAGGAAGGTTGGTGAC-2,9.0,1.0,0.0,0.0,0.0,0.0,0.0
TGGTTAATCGATTTGA-2,8.0,0.22347106138460127,,,0.25914442347718897,0.16517053432406306,0.3522139808141467
CTTTGGGAGGGACTAA-1,4.0,0.0,0.0,0.0,1.0,0.0,0.0
GACCTGATCTAATCTC-3,28.0,1.0,0.0,0.0,0.0,0.0,0.0
TATAACCCATTGCGTA-3,19.0,0.28880190709864184,,,0.19477936981053914,0.2980900086334725,0.21832871445734645
TTGCCCGTCGAAGCGG-2,4.0,0.0,0.0,0.0,0.0,0.0,1.0
CTCTAGCTCGAGGTGG-3,11.0,1.0,0.0,0.0,0.0,0.0,0.0
CGCGATTCAGAAATTG-3,29.0,1.0,0.0,0.0,0.0,0.0,0.0
GGTGAGGTCACTAATG-1,11.0,0.0,0.0,0.0,1.0,0.0,0.0
AATCTTGAGCAGCTCA-3,9.0,0.25657805136510725,,,0.19608879238864382,0.26842478255731234,0.2789083736889367
AGAATCTGTGCGCGTA-3,15.0,0.25404889456095253,,,0.3994002521455771,0.19749238598555172,0.14905846730791872
CTCATTTAGTGTGATC-2,8.0,0.22347106138460127,,,0.25914442347718897,0.16517053432406306,0.3522139808141467
GTTGGAGCATAAGTCT-3,2.0,0.21079074246169519,,,0.3110256879333526,0.2245883274521365,0.25359524215281576
TTGACATCAGTGAACG-3,18.0,1.0,0.0,0.0,0.0,0.0,0.0
CTTGTTCCAGGCATCT-1,29.0,0.0,0.0,0.0,1.0,0.0,0.0
ATCTATGAGAAAGGAA-2,7.0,1.0,0.0,0.0,0.0,0.0,0.0
GCGATTAGTGAGCAAG-2,30.0,0.0,0.0,0.0,1.0,0.0,0.0
GCCTTAACAACTCGCG-3,12.0,0.22393288850727908,,,0.21148179656914845,0.3491266157595441,0.21545869916402838
GAGCATGCACAGGGAC-2,16.0,0.0,0.0,0.0,1.0,0.0,0.0
AGGGCTACATGACTAT-2,5.0,0.0,0.0,0.0,1.0,0.0,0.0
TAAAGCCTCGCCTGTT-2,32.0,0.0,0.0,0.0,1.0,0.0,0.0
ATTACCCGTATTCGCT-3,24.0,0.21845905187174444,,,0.2480843926368116,0.19755649681913243,0.33590005867231154
GGTATTTCAGGTCCTG-3,5.0,0.25007613426230707,,,0.2764713286099489,0.24316603374735998,0.23028650338038426
AAACAGCCAACCCTAA-3,22.0,0.22299113408910365,,,0.2286831626631811,0.3006206801642622,0.24770502308345307
TAGTGTGGTTGCACGG-3,1.0,0.0,0.0,0.0,0.0,1.0,0.0
CATTGCGAGGCACAGG-3,2.0,0.21079074246169519,,,0.3110256879333526,0.2245883274521365,0.25359524215281576
CATTGCGAGAGCCGCT-2,25.0,1.0,0.0,0.0,0.0,0.0,0.0
CGCAATGTCTAGCTTT-1,12.0,0.0,0.0,0.0,1.0,0.0,0.0
AGCTTAATCCCTGTTA-1,4.0,0.0,0.0,0.0,1.0,0.0,0.0
TGTCATAAGGCGCACT-1,38.0,0.0,0.0,0.0,1.0,0.0,0.0
GTCAATATCCCGCATT-1,11.0,0.0,0.0,0.0,1.0,0.0,0.0
AAGAATCAGGTAGCTT-2,9.0,0.0,0.0,0.0,0.0,0.0,1.0
GGCATGGAGCACCACA-2,37.0,0.15830411656991292,0.0,0.0,0.21353305020503288,0.2890839998065646,0.33907883341848966
TTGCTTTAGTAACGGA-1,16.0,0.0,0.0,0.0,0.0,0.0,1.0
AAATGCCTCACTTCAT-1,20.0,0.0,0.0,0.0,1.0,0.0,0.0
ATTAGTCCAGCGCTTG-1,7.0,0.0,0.0,0.0,1.0,0.0,0.0
GTCAATATCTTGAGGT-3,22.0,0.22299113408910365,0.0,0.0,0.2286831626631811,0.3006206801642622,0.24770502308345307
TTTAGGATCAGTATTG-3,20.0,1.0,0.0,0.0,0.0,0.0,0.0
GTTAACGGTTTCAGGA-1,11.0,0.0,0.0,0.0,1.0,0.0,0.0
CTGTAACAGGTGTCCA-3,25.0,1.0,0.0,0.0,0.0,0.0,0.0
GGCGGTTTCGCTTGCT-2,35.0,0.0,0.0,0.0,0.0,0.0,1.0
CACATTAAGCGGATAA-3,28.0,0.24355764626440804,,,0.2713230524219713,0.21916108471229478,0.2659582166013259
CGTTTGGAGACACCGC-1,15.0,0.0,0.0,0.0,0.0,0.0,1.0
CCCAATTGTTACGCGG-3,29.0,0.31074906515307005,0.0,0.0,0.233016360882147,0.22003051032240445,0.2362040636423785
AATTGACGTTCAAGCA-1,15.0,0.0,0.0,0.0,1.0,0.0,0.0
ATTGTGATCGCAAACT-1,16.0,0.0,0.0,0.0,1.0,0.0,0.0
TGGTTAATCCTTCGTA-3,20.0,0.255116509861887,,,0.11378520411624034,0.3739473542312623,0.25715093179061016
ATGACGAAGCTCAAAC-3,21.0,0.0,0.0,0.0,0.0,1.0,0.0
CCTTAGTGTTTCAGGA-3,4.0,0.2789549502429366,,,0.1885732419812842,0.21961014244052887,0.31286166533525034
GGTTACTAGCATGGTT-2,6.0,0.28619740144106137,0.0,0.0,0.20095345838278786,0.28595501190791156,0.2268941282682392
AAACGGATCGCAATCG-2,8.0,0.22347106138460127,0.0,0.0,0.25914442347718897,0.16517053432406306,0.3522139808141467
CTCCTCACACGTTACA-2,12.0,1.0,0.0,0.0,0.0,0.0,0.0
TGTCCTTCAGTAGGAT-3,34.0,0.23141187017972628,,,0.21203187960198364,0.23517958103089368,0.32137666918739655
CATGGCGGTAAGCTTG-3,27.0,0.2659503422898086,,,0.3090767064839525,0.2252336567198111,0.1997392945064278
TTAAGTGTCATTACAG-1,4.0,0.0,0.0,0.0,1.0,0.0,0.0
TGCTTGTGTTTGGGTA-3,17.0,0.0,0.0,0.0,0.0,1.0,0.0
CTAGTCGAGTAGAGGC-2,22.0,0.0,0.0,0.0,1.0,0.0,0.0
CTAATAGTCGCTAGAT-1,3.0,0.0,0.0,0.0,1.0,0.0,0.0
AGTTTGATCCAAACAC-1,16.0,0.0,0.0,0.0,1.0,0.0,0.0
AACAAAGGTTATCGAG-2,28.0,0.0,0.0,0.0,1.0,0.0,0.0
ATGCTTAAGGCATGAA-1,24.0,0.0,0.0,0.0,0.0,0.0,1.0
GACATTATCATGCTCC-2,18.0,0.0,0.0,0.0,0.0,0.0,1.0
AGGCGGATCTGGCATG-3,21.0,0.36496857686394185,,,0.2425919314203312,0.14718681699163197,0.24525267472409484
TTGGGTTAGGCAGGTG-2,16.0,1.0,0.0,0.0,0.0,0.0,0.0
GCAGGCAAGGCTGGCT-2,12.0,0.0,0.0,0.0,0.0,1.0,0.0
GGTGAGTAGGCTGTCA-3,30.0,0.2305508875130836,,,0.30015485066475694,0.2562706347632869,0.21302362705887254
CCATAGCCACTCAACA-1,13.0,0.0,0.0,0.0,1.0,0.0,0.0
GGTCTTGAGTGAACGA-2,27.0,1.0,0.0,0.0,0.0,0.0,0.0
CGGTTATAGGGCTAAA-3,6.0,0.28619740144106137,0.0,0.0,0.20095345838278786,0.28595501190791156,0.2268941282682392
CAATCTAAGGCCTGGT-3,14.0,0.25490642483705084,,,0.203860627012991,0.27543380527416844,0.2657991428757897
GTCCTCCCAGCAGGTA-2,33.0,0.0,0.0,0.0,1.0,0.0,0.0
ATGCATTCATTAGCCA-2,19.0,0.28880190709864184,0.0,0.0,0.19477936981053914,0.2980900086334725,0.21832871445734645
CGAGGTGAGAAAGCAT-3,2.0,0.21079074246169519,,,0.3110256879333526,0.2245883274521365,0.25359524215281576
CTGACCAAGGAGGTTA-2,8.0,0.0,0.0,0.0,0.0,0.0,1.0
ACGTTACAGGATGATG-1,18.0,1.0,0.0,0.0,0.0,0.0,0.0
GCCTACTTCAATAGCC-3,1.0,1.0,0.0,0.0,0.0,0.0,0.0
GCTTTGTGTTGAAGCC-3,20.0,0.2878720949445188,0.0,0.0,0.0,0.4219601793697779,0.29016772568570315
CGGCCATAGGTCCTAG-2,32.0,0.23501474983514806,,,0.36169219852304807,0.23220664506324848,0.1710864065785554
CAACTAGGTCAGGCAT-2,9.0,1.0,0.0,0.0,0.0,0.0,0.0
ACTAACTCATGGCCCA-1,6.0,0.0,0.0,0.0,1.0,0.0,0.0
GTAAGCGCACCAGCAT-2,12.0,0.22393288850727908,0.0,0.0,0.21148179656914845,0.3491266157595441,0.21545869916402838
AGCGCCTAGTTAGCCG-3,6.0,1.0,0.0,0.0,0.0,0.0,0.0
GTTACTCGTTGCTGGG-2,24.0,0.0,0.0,0.0,0.0,0.0,1.0
TAAGGCTTCCTCAGCT-3,38.0,1.0,0.0,0.0,0.0,0.0,0.0
TACGGTTAGGCTACAT-1,4.0,0.0,0.0,0.0,1.0,0.0,0.0
AATGAAGGTAGCAGCT-2,38.0,0.0,0.0,0.0,0.44411389715257116,0.0,0.5558861028474288
CCTAAGCCACATAGCC-3,28.0,1.0,0.0,0.0,0.0,0.0,0.0
ATGACCAGTAAGTCGC-3,31.0,0.24483511612846504,,,0.34550975661796685,0.2764681959007302,0.13318693135283804
GCCTGCTGTTGGCGTG-2,20.0,0.2878720949445188,0.0,0.0,0.0,0.4219601793697779,0.29016772568570315
TGCTAGCCACAATTAC-1,30.0,0.0,0.0,0.0,1.0,0.0,0.0
CAGCTCAAGTGACCTG-3,28.0,0.0,0.0,0.0,0.0,1.0,0.0
CGGTTTCTCCTAAGAC-1,30.0,0.0,0.0,0.0,1.0,0.0,0.0
GGTGTGACACAGACTC-1,1.0,0.0,0.0,0.0,0.0,0.0,1.0
CATTATGAGCTTACTT-1,15.0,0.0,0.0,0.0,1.0,0.0,0.0
TGCATCCTCATGGTTA-3,2.0,0.21079074246169519,0.0,0.0,0.3110256879333526,0.2245883274521365,0.25359524215281576
CGCTTGCGTTGGTTAG-1,24.0,1.0,0.0,0.0,0.0,0.0,0.0
CTGGCTAAGTCATTTC-2,25.0,0.0,0.0,0.0,0.0,1.0,0.0
ATTGCAGGTGAATCGC-3,13.0,0.2379245460670892,,,0.33034621848395457,0.2084468038321267,0.22328243161682945
AATTACCCACTTCACT-2,30.0,0.2305508875130836,,,0.30015485066475694,0.2562706347632869,0.21302362705887254
ACCTCACTCATTGACA-1,6.0,0.0,0.0,0.0,1.0,0.0,0.0
CATAATCCATCACTTC-2,15.0,0.25404889456095253,,,0.3994002521455771,0.19749238598555172,0.14905846730791872
TATGGGCGTGAATCGC-3,29.0,0.0,0.0,0.0,0.0,1.0,0.0
GTATTGATCGACAAAG-3,32.0,0.23501474983514806,,,0.36169219852304807,0.23220664506324848,0.1710864065785554
CCATCATGTTCCTGTG-1,6.0,0.0,0.0,0.0,0.0,0.0,1.0
TCCCGTTAGCGAGTAA-1,19.0,0.0,0.0,0.0,1.0,0.0,0.0
GTAGGAGGTGCGCAAT-2,11.0,0.0,0.0,0.0,1.0,0.0,0.0
TCACCGGCATTGCGTA-3,31.0,0.0,0.0,0.0,0.0,1.0,0.0
CCATAATCAACAACAA-1,1.0,0.0,0.0,0.0,1.0,0.0,0.0
CTGAATATCGCTTGCT-2,13.0,0.0,0.0,0.0,1.0,0.0,0.0
CACTAGCCACATGCTA-1,31.0,0.0,0.0,0.0,1.0,0.0,0.0
CTTACTAGTGTAACCA-1,2.0,0.0,0.0,0.0,1.0,0.0,0.0
CGTGCTGCAGTTATGT-1,17.0,0.0,0.0,0.0,1.0,0.0,0.0
ACGCACGGTGATTTGG-2,17.0,0.0,0.0,0.0,1.0,0.0,0.0
CAGGAAGGTGTCCAAA-3,12.0,0.22393288850727908,,,0.21148179656914845,0.3491266157595441,0.21545869916402838
TGACCTTGTTAGGACC-3,10.0,0.0,0.0,0.0,0.0,1.0,0.0
TAGGGTTTCAATCTAG-3,2.0,0.21079074246169519,,,0.3110256879333526,0.2245883274521365,0.25359524215281576
GAGTATCTCCTCCTAA-1,10.0,0.0,0.0,0.0,0.0,0.0,1.0
GCGCCTTGTTAAGTGT-2,13.0,1.0,0.0,0.0,0.0,0.0,0.0
GTCCTAGAGCCTGAGC-1,27.0,0.0,0.0,0.0,1.0,0.0,0.0
CACTTTGTCACATTGA-1,14.0,1.0,0.0,0.0,0.0,0.0,0.0
TCGCGCACAACTCGCG-2,1.0,1.0,0.0,0.0,0.0,0.0,0.0
CCAGACTCAATTAGCT-2,2.0,0.0,0.0,0.0,1.0,0.0,0.0
AGGACTAAGGCATGTT-3,13.0,0.2379245460670892,,,0.33034621848395457,0.2084468038321267,0.22328243161682945
CAATCCCTCATCACTT-3,33.0,0.25254537146409556,,,0.23028304051452006,0.2665285948922042,0.25064299312918015
TACTGGCCACCTCAGG-1,11.0,0.0,0.0,0.0,1.0,0.0,0.0
AGTAAGTAGGACAACA-3,13.0,0.0,0.0,0.0,0.0,0.0,1.0
CCTAATAAGGTCCAAT-2,12.0,0.0,0.0,0.0,0.0,1.0,0.0
ACCTTCCAGCTGAGGG-3,15.0,0.25404889456095253,0.0,0.0,0.3994002521455771,0.19749238598555172,0.14905846730791872
GCAGCTATCAAGTGTC-2,11.0,0.0,0.0,0.0,1.0,0.0,0.0
TAGCGGACAGCAAATA-2,26.0,0.3005755128437196,0.0,0.0,0.19364293997678975,0.3106467509625101,0.19513479621698074
TTGTTTGGTAGGTGTC-1,18.0,0.0,0.0,0.0,1.0,0.0,0.0
CCGGTTAAGTCGCTAG-1,8.0,0.0,0.0,0.0,1.0,0.0,0.0
GATAACGAGCCGCAGT-2,33.0,0.0,0.0,0.0,1.0,0.0,0.0
CCACAGGGTTAGCGTA-2,12.0,1.0,0.0,0.0,0.0,0.0,0.0
AGCTAACTCTTTAAGG-3,25.0,0.25294349983189635,,,0.22563202807869934,0.20762681900387653,0.31379765308552765
TCCTTTACAGCAAATA-1,10.0,0.0,0.0,0.0,0.0,0.0,1.0
TGCTTCATCCGGTTAG-1,1.0,0.0,0.0,0.0,1.0,0.0,0.0
TTGTTGCGTGACCTGG-3,1.0,0.2431277739439729,,,0.27520525106868904,0.22514867316661977,0.2565183018207184
TCAGGTTAGGTGTCCA-1,31.0,0.0,0.0,0.0,1.0,0.0,0.0
TATTCGTTCCTCAGTC-2,13.0,0.0,0.0,0.0,1.0,0.0,0.0
ACCTACCTCCAACTGG-1,11.0,0.0,0.0,0.0,1.0,0.0,0.0
GTTTAGCAGACTAAGG-3,27.0,0.2659503422898086,,,0.3090767064839525,0.2252336567198111,0.1997392945064278
ATAGGTACAAACGGGC-3,26.0,1.0,0.0,0.0,0.0,0.0,0.0
TTGTGCGAGTTCCTCA-2,4.0,0.2789549502429366,0.0,0.0,0.1885732419812842,0.21961014244052887,0.31286166533525034
AGAAAGGCAATGAATG-3,29.0,0.31074906515307005,,,0.233016360882147,0.22003051032240445,0.2362040636423785
GCAATGTTCTTGGATA-3,7.0,0.23707317196827163,,,0.3805360488007793,0.2041805565917011,0.17821022263924788
ACGATTCAGTAACTCA-1,20.0,0.0,0.0,0.0,1.0,0.0,0.0
GTTAGGCGTAACAGGG-2,12.0,0.0,0.0,0.0,0.0,0.0,1.0
CGTTAGGTCACGCGGT-1,1.0,0.0,0.0,0.0,1.0,0.0,0.0
GCCTTTATCGTTAGTA-3,5.0,1.0,0.0,0.0,0.0,0.0,0.0
TGAACAACAAGCTTAT-1,31.0,0.0,0.0,0.0,1.0,0.0,0.0
ACAGTATGTAAGCACC-3,3.0,0.0,0.0,0.0,0.0,1.0,0.0
CCGTTTGGTTGAGGTC-1,27.0,0.0,0.0,0.0,1.0,0.0,0.0
AATCTCAAGGTTAGCT-3,27.0,0.2659503422898086,,,0.3090767064839525,0.2252336567198111,0.1997392945064278
TCAATCGCAACCTAAT-2,28.0,0.24355764626440804,0.0,0.0,0.2713230524219713,0.21916108471229478,0.2659582166013259
CCTAAAGGTTGCTTCG-3,15.0,0.25404889456095253,,,0.3994002521455771,0.19749238598555172,0.14905846730791872
CGCTATGAGTAACGGA-3,12.0,0.0,0.0,0.0,0.0,1.0,0.0
GCATTAGGTTAGCCAA-1,9.0,0.0,0.0,0.0,1.0,0.0,0.0
TATCACGCAAGGAATC-1,31.0,0.0,0.0,0.0,1.0,0.0,0.0
ATTGCAGGTCATAAGT-2,6.0,0.28619740144106137,0.0,0.0,0.20095345838278786,0.28595501190791156,0.2268941282682392
CATCCTGGTTCCGGCT-3,2.0,0.21079074246169519,,,0.3110256879333526,0.2245883274521365,0.25359524215281576
GGGTATTTCGGCTATG-3,17.0,1.0,0.0,0.0,0.0,0.0,0.0
AGAAACTAGTGACCTG-2,1.0,0.0,0.0,0.0,0.0,0.0,1.0
TCACCTGGTCACCAAA-1,1.0,0.0,0.0,0.0,1.0,0.0,0.0
CGACTAAGTTCGGTAA-1,3.0,0.0,0.0,0.0,1.0,0.0,0.0
GTCATTAAGACTATTG-3,10.0,1.0,0.0,0.0,0.0,0.0,0.0
CGAAGTAAGGACCGCT-1,1.0,0.0,0.0,0.0,1.0,0.0,0.0
AACCCGCAGTAAGTCC-2,17.0,0.0,0.0,0.0,1.0,0.0,0.0
GGCTATTAGCCGCTAA-3,6.0,0.3581736313654754,0.0,0.0,0.0,0.3578702829113801,0.28395608572314446
ACCAAGCGTTTAGCTC-2,23.0,0.0,0.0,0.0,1.0,0.0,0.0
TTAGGAACATCGTTCT-2,20.0,0.0,0.0,0.0,0.0,1.0,0.0
TGATCAATCATTCATC-3,8.0,0.0,0.0,0.0,0.0,1.0,0.0
TGTCATAAGGACAATG-1,29.0,0.0,0.0,0.0,1.0,0.0,0.0
AATCATGTCGGCTAGC-3,2.0,0.21079074246169519,,,0.3110256879333526,0.2245883274521365,0.25359524215281576
GGCTAGACACTAAGTT-1,12.0,0.0,0.0,0.0,1.0,0.0,0.0
CAAGTATGTGGAAGGC-1,13.0,0.0,0.0,0.0,1.0,0.0,0.0
GAACACAAGTAATCCA-1,7.0,0.0,0.0,0.0,1.0,0.0,0.0
CCGCTAAAGACTTATG-2,26.0,0.0,0.0,0.0,1.0,0.0,0.0
TGTGGCTCATATTGAC-1,30.0,0.0,0.0,0.0,1.0,0.0,0.0
GGAAACTCAGGTATTT-3,8.0,0.22347106138460127,,,0.25914442347718897,0.16517053432406306,0.3522139808141467
CGGAGTCTCCTAAGAC-2,30.0,0.0,0.0,0.0,1.0,0.0,0.0
GGGCCTAGTAACAGGG-3,7.0,0.23707317196827163,,,0.3805360488007793,0.2041805565917011,0.17821022263924788
ATTCAACCATCCAGGT-2,6.0,0.0,0.0,0.0,0.0,1.0,0.0
AATTACCCATCGTTCT-1,9.0,0.0,0.0,0.0,1.0,0.0,0.0
ACTGAAACAGTAAAGC-2,14.0,1.0,0.0,0.0,0.0,0.0,0.0
GGACGAAGTTCAAGCA-3,22.0,1.0,0.0,0.0,0.0,0.0,0.0
TAAGTGCTCTTAGTCT-3,7.0,1.0,0.0,0.0,0.0,0.0,0.0
GGTGAGCCAAGTCGCT-1,38.0,0.0,0.0,0.0,1.0,0.0,0.0
AGGACGTAGGCGTAAA-3,7.0,0.23707317196827163,,,0.3805360488007793,0.2041805565917011,0.17821022263924788
CTCGCTAGTGGGAACA-2,17.0,0.0,0.0,0.0,0.0,0.0,1.0
GCTTATCGTGATGATT-1,24.0,0.0,0.0,0.0,1.0,0.0,0.0
GACCTCAAGTAGCTTA-2,5.0,0.0,0.0,0.0,1.0,0.0,0.0
TGGGCATGTAGCTAAT-3,24.0,0.0,0.0,0.0,0.0,1.0,0.0
GTAGGCGAGTGAGCAA-3,34.0,0.23141187017972628,,,0.21203187960198364,0.23517958103089368,0.32137666918739655
CCCGCAACAATTGCGC-2,27.0,0.2659503422898086,,,0.3090767064839525,0.2252336567198111,0.1997392945064278
AACGACAAGTTCCCAC-2,1.0,0.0,0.0,0.0,1.0,0.0,0.0
GCTAGCTCATTGTCCT-1,1.0,0.0,0.0,0.0,1.0,0.0,0.0
AGTCCTGAGGTTACGT-3,15.0,0.0,0.0,0.0,0.0,1.0,0.0
AAAGGCTCAGGCCTTG-3,5.0,0.25007613426230707,,,0.2764713286099489,0.24316603374735998,0.23028650338038426
TACCTGCTCTAACCAA-2,24.0,0.21845905187174444,0.0,0.0,0.2480843926368116,0.19755649681913243,0.33590005867231154
ACGACTTAGCGGATAA-3,1.0,0.2431277739439729,,,0.27520525106868904,0.22514867316661977,0.2565183018207184
AATATCCCAATCCCTT-3,29.0,0.40515735838965017,0.0,0.0,0.0,0.28687771042348803,0.3079649311868619
TCCTGGTTCCCTCACG-1,37.0,0.0,0.0,0.0,0.0,0.0,1.0
TGTGGAGCATAAGTTC-1,27.0,0.0,0.0,0.0,1.0,0.0,0.0
ACAGGTAAGTAGAGGC-2,26.0,1.0,0.0,0.0,0.0,0.0,0.0
GTTCCTTCATCCCTCA-2,3.0,0.0,0.0,0.0,1.0,0.0,0.0
CTTTAGTTCGCTAAGT-3,6.0,0.28619740144106137,,,0.20095345838278786,0.28595501190791156,0.2268941282682392
GGATATTGTATTGTCC-1,16.0,0.0,0.0,0.0,1.0,0.0,0.0
CGAAGCGAGGTCAAAG-2,12.0,0.22393288850727908,,,0.21148179656914845,0.3491266157595441,0.21545869916402838
TTTAACCTCGATCAGT-2,30.0,0.2305508875130836,0.0,0.0,0.30015485066475694,0.2562706347632869,0.21302362705887254
AAGCTATGTTGTTCAC-3,1.0,0.2431277739439729,,,0.27520525106868904,0.22514867316661977,0.2565183018207184
GTAAGCAAGCCGGTAC-3,7.0,0.23707317196827163,,,0.3805360488007793,0.2041805565917011,0.17821022263924788
CAGGTGGAGGATGATG-3,16.0,0.19281102196304184,,,0.24608965471250854,0.23107341591095565,0.33002590741349397
AGCGCCTAGTAAACCC-2,32.0,0.0,0.0,0.0,1.0,0.0,0.0
CAGCTAAGTTGGCGTG-2,5.0,1.0,0.0,0.0,0.0,0.0,0.0
GGCTAGACATGAGCAG-2,18.0,0.0,0.0,0.0,0.0,0.0,1.0
GGTACTAGTGAGACTC-2,9.0,0.0,0.0,0.0,1.0,0.0,0.0
GGCGTTATCGTTTCCA-1,34.0,0.0,0.0,0.0,1.0,0.0,0.0
AGGATTGAGCGGGCAA-2,13.0,0.0,0.0,0.0,1.0,0.0,0.0
ATTCCGGAGCAGGTTT-3,6.0,0.28619740144106137,,,0.20095345838278786,0.28595501190791156,0.2268941282682392
CTCCAACTCGGGCCAT-1,30.0,0.0,0.0,0.0,1.0,0.0,0.0
TCGATTAAGCCATCAG-2,27.0,0.2659503422898086,0.0,0.0,0.3090767064839525,0.2252336567198111,0.1997392945064278
TGTGGCCAGGTTTACA-2,5.0,0.0,0.0,0.0,1.0,0.0,0.0
GGATTTATCTTGAGGT-2,29.0,0.0,0.0,0.0,0.0,1.0,0.0
TGTTACTTCTTGGATA-2,4.0,0.0,0.0,0.0,0.0,0.0,1.0
CAGATTCAGCTCAAAC-2,24.0,0.0,0.0,0.0,1.0,0.0,0.0
GGAGTCTGTAAGCTCA-3,38.0,0.19027885726034566,,,0.23574107619489226,0.2789089395946002,0.2950711269501618
CTGTATTTCAATGAGG-2,4.0,0.2789549502429366,0.0,0.0,0.1885732419812842,0.21961014244052887,0.31286166533525034
ACTTGCACAGCTAATT-2,22.0,0.0,0.0,0.0,1.0,0.0,0.0
GGCTAGTGTTAATGAC-3,22.0,0.22299113408910365,,,0.2286831626631811,0.3006206801642622,0.24770502308345307
GAGCAAATCAGAAACG-1,34.0,0.0,0.0,0.0,1.0,0.0,0.0
TAGTAAGCACAATACT-1,13.0,1.0,0.0,0.0,0.0,0.0,0.0
ACCTGGTCAGGCTTCG-3,1.0,0.2431277739439729,,,0.27520525106868904,0.22514867316661977,0.2565183018207184
GCTGTGCAGCTGGAAA-2,1.0,0.0,0.0,0.0,1.0,0.0,0.0
CGTGGTTCATAATGAG-3,4.0,1.0,0.0,0.0,0.0,0.0,0.0
CTTGAATCATAAGTCT-1,38.0,0.0,0.0,0.0,0.0,0.0,1.0
TGGTGATTCAACCAAC-1,22.0,0.0,0.0,0.0,1.0,0.0,0.0
ATCCCGCGTGCAATGC-1,7.0,0.0,0.0,0.0,1.0,0.0,0.0
TACATCAAGGCTAGAA-1,11.0,0.0,0.0,0.0,1.0,0.0,0.0
CCTAAGGTCAGGCCTA-2,14.0,0.25490642483705084,,,0.203860627012991,0.27543380527416844,0.2657991428757897
TCAGGAGCAATTAAGG-3,33.0,1.0,0.0,0.0,0.0,0.0,0.0
ATTCCTCCACCTGCCT-3,34.0,1.0,0.0,0.0,0.0,0.0,0.0
GTAAGCAAGAGCCGCT-3,1.0,0.2431277739439729,,,0.27520525106868904,0.22514867316661977,0.2565183018207184
CGATCCTTCATTATGG-3,11.0,1.0,0.0,0.0,0.0,0.0,0.0
CCGACAGGTTCCGGGA-1,18.0,0.0,0.0,0.0,1.0,0.0,0.0
GTGCTTCTCTTGAGCG-2,17.0,0.0,0.0,0.0,0.0,0.0,1.0
CCATAATCAGGCAAGC-2,11.0,0.0,0.0,0.0,0.0,0.0,1.0
TGAACAGAGACAACGA-3,2.0,0.21079074246169519,,,0.3110256879333526,0.2245883274521365,0.25359524215281576
AGGACTAAGTTCCCAC-2,1.0,0.0,0.0,0.0,1.0,0.0,0.0
TCCCTGGTCGCTAGAT-3,20.0,0.255116509861887,,,0.11378520411624034,0.3739473542312623,0.25715093179061016
TGGACCGGTGTCACGG-1,11.0,0.0,0.0,0.0,0.0,0.0,1.0
GGGATTAAGCTACTGG-2,37.0,0.0,0.0,0.0,0.0,0.0,1.0
GCAGGACCACTAAGCC-2,37.0,0.0,0.0,0.0,0.0,0.0,1.0
ATGGCCGGTGATGAAA-1,12.0,0.0,0.0,0.0,1.0,0.0,0.0
CTGTTTAGTTGGGTTA-2,13.0,0.0,0.0,0.0,1.0,0.0,0.0
GACCTCAAGGGACCTC-2,3.0,0.0,0.0,0.0,0.5288350026357407,0.0,0.4711649973642594
GTTCGCTTCCTTTACG-3,38.0,0.19027885726034566,0.0,0.0,0.23574107619489226,0.2789089395946002,0.2950711269501618
AACATAGCATCATGGC-2,30.0,0.0,0.0,0.0,1.0,0.0,0.0
TGATCAATCCTCATCA-3,6.0,0.28619740144106137,,,0.20095345838278786,0.28595501190791156,0.2268941282682392
ACCTTGCTCGCTTGCT-1,28.0,0.0,0.0,0.0,1.0,0.0,0.0
TGCTTCCAGGTCATTA-2,6.0,1.0,0.0,0.0,0.0,0.0,0.0
GTTGCTGAGTTTCCTG-1,31.0,0.0,0.0,0.0,1.0,0.0,0.0
TATGGATGTTCCTGAT-3,2.0,0.21079074246169519,,,0.3110256879333526,0.2245883274521365,0.25359524215281576
CGTTAGTAGCATGCAT-1,4.0,0.0,0.0,0.0,0.0,0.0,1.0
GTTTCCTCAGCCGCTA-2,5.0,0.34563403518185115,0.0,0.0,0.0,0.33608347998177696,0.31828248483637184
AGTAACCTCGATAACC-3,31.0,1.0,0.0,0.0,0.0,0.0,0.0
TCCTAGTGTTCATCTA-3,36.0,1.0,0.0,0.0,0.0,0.0,0.0
GCCAATTAGACACTTA-2,31.0,1.0,0.0,0.0,0.0,0.0,0.0
CTGACCAAGCAGGTGG-1,14.0,1.0,0.0,0.0,0.0,0.0,0.0
TTAAGGTGTTTAAAGC-2,7.0,0.23707317196827163,0.0,0.0,0.3805360488007793,0.2041805565917011,0.17821022263924788
GTAAGCAAGCTTCCCG-2,26.0,0.3005755128437196,0.0,0.0,0.19364293997678975,0.3106467509625101,0.19513479621698074
TCCTTAGTCATCCACC-2,33.0,0.0,0.0,0.0,1.0,0.0,0.0
CAATCTAAGCGAGGTG-1,16.0,0.0,0.0,0.0,1.0,0.0,0.0
GGCTTCAAGGAACGGT-2,11.0,0.26017380928088074,0.0,0.0,0.3107460265472086,0.2228172513789396,0.20626291279297101
GGAGCGATCACAGCGC-3,15.0,0.25404889456095253,0.0,0.0,0.3994002521455771,0.19749238598555172,0.14905846730791872
CGGCTAATCACAAGCT-3,23.0,1.0,0.0,0.0,0.0,0.0,0.0
ACCTGGATCCCATAGG-3,15.0,1.0,0.0,0.0,0.0,0.0,0.0
TACTGGCCAAGGTATA-1,15.0,0.0,0.0,0.0,1.0,0.0,0.0
ACACCTTGTGAAGCCT-3,17.0,0.28041555117654665,,,0.21377517180417943,0.21373583317818393,0.29207344384108996
TGCTGGATCCCGCAAA-3,1.0,0.2431277739439729,,,0.27520525106868904,0.22514867316661977,0.2565183018207184
GTGCACGGTCAGGAAG-3,13.0,0.0,0.0,0.0,0.0,0.0,1.0
TAGACCAGTACAAAGA-3,15.0,1.0,0.0,0.0,0.0,0.0,0.0
CAAACAACAAGGATTA-3,5.0,0.25007613426230707,,,0.2764713286099489,0.24316603374735998,0.23028650338038426
GGCCAACTCAAATCGC-2,37.0,1.0,0.0,0.0,0.0,0.0,0.0
CGGGCTTAGGTCTTGG-2,17.0,0.28041555117654665,0.0,0.0,0.21377517180417943,0.21373583317818393,0.29207344384108996
ACACGGACAGGCTAGA-1,22.0,0.0,0.0,0.0,1.0,0.0,0.0
GTACTAGGTAGCCATA-1,31.0,0.0,0.0,0.0,1.0,0.0,0.0
AGCTAACTCCTCAGCT-1,19.0,0.0,0.0,0.0,1.0,0.0,0.0
AGTTATGTCGCAACAT-3,3.0,0.2510908928836586,,,0.23769248350866462,0.29944475183729763,0.2117718717703792
AGTGGACAGCGGTTAT-2,30.0,0.0,0.0,0.0,0.0,1.0,0.0
ACGCAAGCAAATACCT-3,4.0,0.2789549502429366,,,0.1885732419812842,0.21961014244052887,0.31286166533525034
GGCTGTCAGAGGATAT-2,25.0,0.0,0.0,0.0,1.0,0.0,0.0
CACTGACCATTAGCGC-1,1.0,0.0,0.0,0.0,1.0,0.0,0.0
TCATTGCGTTTAGTCC-1,13.0,0.0,0.0,0.0,1.0,0.0,0.0
TCTATGTTCACGCATG-1,13.0,0.0,0.0,0.0,1.0,0.0,0.0
TGGCTAAGTATGGTGC-3,30.0,1.0,0.0,0.0,0.0,0.0,0.0
GGGTTACGTTAGCCAA-1,18.0,0.0,0.0,0.0,1.0,0.0,0.0
GTTTACCGTTGAAGCC-3,27.0,0.2659503422898086,0.0,0.0,0.3090767064839525,0.2252336567198111,0.1997392945064278
CTTGTTCCATGCTCCC-3,6.0,1.0,0.0,0.0,0.0,0.0,0.0
GAGCTAGCACAGAAAC-1,22.0,0.0,0.0,0.0,1.0,0.0,0.0
AAGACAAGTCCTTAGT-3,16.0,1.0,0.0,0.0,0.0,0.0,0.0
GGCTAGTGTTCATTTG-3,21.0,1.0,0.0,0.0,0.0,0.0,0.0
GATTCGCCAGAGAGCC-1,21.0,1.0,0.0,0.0,0.0,0.0,0.0
TAAGGACCAGGGAGCT-2,20.0,0.0,0.0,0.0,0.0,0.0,1.0
TTCCTCAAGGAGCACG-1,10.0,0.0,0.0,0.0,1.0,0.0,0.0
TTCCCGCCAGTTTGTG-1,18.0,0.0,0.0,0.0,1.0,0.0,0.0
GCAATCTAGGAACGGT-3,3.0,1.0,0.0,0.0,0.0,0.0,0.0
ACCAGGGAGTCCTGAG-2,38.0,0.0,0.0,0.0,0.0,0.0,1.0
ACTTACAAGTAGGATG-3,12.0,0.0,0.0,0.0,0.0,0.0,1.0
TAAGCTGGTCTAACCT-2,7.0,0.23707317196827163,0.0,0.0,0.3805360488007793,0.2041805565917011,0.17821022263924788
CTTTGGTGTCCTAACT-3,14.0,0.25490642483705084,,,0.203860627012991,0.27543380527416844,0.2657991428757897
TAGTTTGAGTTATCTC-3,7.0,0.23707317196827163,,,0.3805360488007793,0.2041805565917011,0.17821022263924788
ACGAAGTCACAATACT-1,26.0,0.0,0.0,0.0,1.0,0.0,0.0
AACTAGCTCACGAATC-3,19.0,0.0,0.0,0.0,0.0,1.0,0.0
ATGAGCCGTTAGCGTA-2,15.0,0.25404889456095253,0.0,0.0,0.3994002521455771,0.19749238598555172,0.14905846730791872
GTCTAATCAAGCGAGC-3,10.0,1.0,0.0,0.0,0.0,0.0,0.0
ATTATGGTCTACCTGC-2,1.0,0.0,0.0,0.0,1.0,0.0,0.0
TTGTGTGCACCTCAGG-3,17.0,0.0,0.0,0.0,0.0,1.0,0.0
TGGCTATAGTAAGGGC-2,21.0,0.0,0.0,0.0,0.49727296021084233,0.0,0.5027270397891578
CGCGGATTCTCCATAT-1,17.0,0.0,0.0,0.0,1.0,0.0,0.0
TGTAAGCTCATCACTT-2,14.0,0.25490642483705084,,,0.203860627012991,0.27543380527416844,0.2657991428757897
CCCTCACCAGGCTGTT-3,14.0,1.0,0.0,0.0,0.0,0.0,0.0
ATGGTTATCAGAAACG-2,35.0,1.0,0.0,0.0,0.0,0.0,0.0
TTGTTGCGTAATGGCC-3,34.0,0.0,0.0,0.0,0.0,1.0,0.0
GCCTTAGAGCCGCTAA-1,15.0,1.0,0.0,0.0,0.0,0.0,0.0
CCAGCCTGTGTGTGGT-2,3.0,0.0,0.0,0.0,0.0,0.0,1.0
CAGGCTATCCTAAGGT-3,15.0,0.0,0.0,0.0,0.0,1.0,0.0
GACGTAAAGTTTCCTG-3,2.0,0.21079074246169519,,,0.3110256879333526,0.2245883274521365,0.25359524215281576
GCTGGTTCATTAAACC-2,1.0,1.0,0.0,0.0,0.0,0.0,0.0
CATAATCCATTGTGAT-3,6.0,0.28619740144106137,,,0.20095345838278786,0.28595501190791156,0.2268941282682392
AGCTACGTCATAACGC-1,17.0,0.0,0.0,0.0,1.0,0.0,0.0
TAAAGCCTCCCGTTTA-2,34.0,0.0,0.0,0.0,0.0,0.0,1.0
TCTCGCCCACTTACAG-1,11.0,0.0,0.0,0.0,1.0,0.0,0.0
TGGACGGAGGCTTAGT-1,7.0,0.0,0.0,0.0,1.0,0.0,0.0
CCGTTGCGTTACAAAC-1,3.0,0.0,0.0,0.0,1.0,0.0,0.0
CGCAAATTCAAACCGT-1,14.0,0.0,0.0,0.0,1.0,0.0,0.0
CCCAGCACACTAGGTC-2,8.0,0.22347106138460127,,,0.25914442347718897,0.16517053432406306,0.3522139808141467
GCGAAGCCACATAGCC-1,33.0,0.0,0.0,0.0,1.0,0.0,0.0
GAAGTGATCCGGTTGA-2,31.0,0.37408520387301186,0.0,0.0,0.0,0.42241759704789456,0.2034971990790936
TAAGCTATCGAGGAGT-3,13.0,0.0,0.0,0.0,0.0,1.0,0.0
CGCTCAGCAGGCGATA-2,35.0,0.0,0.0,0.0,0.0,0.0,1.0
TCTCAAGCACCCACAG-3,1.0,0.2431277739439729,,,0.27520525106868904,0.22514867316661977,0.2565183018207184
GGTAGGAGTTAACAGT-2,1.0,1.0,0.0,0.0,0.0,0.0,0.0
GGGCTAACAATTAGGA-3,17.0,0.28041555117654665,,,0.21377517180417943,0.21373583317818393,0.29207344384108996
ATTCATGAGAGGAGTC-3,18.0,0.23638071763888321,,,0.28964209218552694,0.2590708442645409,0.21490634591104896
AGGTTGCGTGAAACAA-3,4.0,0.2789549502429366,,,0.1885732419812842,0.21961014244052887,0.31286166533525034
ACAAAGGTCTTGCAGG-3,6.0,1.0,0.0,0.0,0.0,0.0,0.0
GTAGTTTCAGCAAGTG-1,27.0,0.0,0.0,0.0,1.0,0.0,0.0
AAGGTGCAGCCAAATC-3,7.0,0.23707317196827163,,,0.3805360488007793,0.2041805565917011,0.17821022263924788
ACGCTTGAGGTTTACA-2,25.0,0.25294349983189635,0.0,0.0,0.22563202807869934,0.20762681900387653,0.31379765308552765
CGCATTACACATTAAC-2,19.0,0.0,0.0,0.0,0.0,0.0,1.0
TAGCCTGAGGCTACTG-3,32.0,0.23501474983514806,,,0.36169219852304807,0.23220664506324848,0.1710864065785554
GACCTCAAGGCGCTAC-2,20.0,0.2878720949445188,0.0,0.0,0.0,0.4219601793697779,0.29016772568570315
AGTTGTCAGCCGCTTT-3,31.0,0.24483511612846504,,,0.34550975661796685,0.2764681959007302,0.13318693135283804
GGAAGCTAGTTAGACC-1,20.0,0.0,0.0,0.0,1.0,0.0,0.0
ATGGCCGGTTAGGTTG-1,23.0,1.0,0.0,0.0,0.0,0.0,0.0
AGAGAAGCACCCTCAC-2,33.0,0.0,0.0,0.0,0.0,1.0,0.0
AGCCGGTTCTCCATGC-1,9.0,0.0,0.0,0.0,1.0,0.0,0.0
CTAGGCGGTTTCCGGC-3,19.0,1.0,0.0,0.0,0.0,0.0,0.0
TGAACAACATAAACCT-3,34.0,0.23141187017972628,,,0.21203187960198364,0.23517958103089368,0.32137666918739655
ACCAAACTCATAATCG-2,14.0,0.25490642483705084,0.0,0.0,0.203860627012991,0.27543380527416844,0.2657991428757897
TCTAGCCTCATGGTGT-1,1.0,0.0,0.0,0.0,1.0,0.0,0.0
CTAAATGTCCAAACAC-2,21.0,0.0,0.0,0.0,0.0,0.0,1.0
GGCTGGTTCCTCAGCT-1,4.0,0.0,0.0,0.0,1.0,0.0,0.0
GGAAACTCAACCTGGT-1,4.0,0.0,0.0,0.0,1.0,0.0,0.0
CATCCTGGTAAAGCGG-3,3.0,0.2510908928836586,,,0.23769248350866462,0.29944475183729763,0.2117718717703792
GATTAGTGTAACAGGG-2,25.0,0.0,0.0,0.0,1.0,0.0,0.0
CTATAACCACCTCACC-3,23.0,0.2890753295347951,0.0,0.0,0.21326803108883835,0.2250748294409998,0.2725818099353668
GGATAACCAATCCCTT-2,7.0,0.23707317196827163,,,0.3805360488007793,0.2041805565917011,0.17821022263924788
GAGGACTAGGTAAGGC-3,12.0,1.0,0.0,0.0,0.0,0.0,0.0
TACGTACAGCAAGGGT-1,10.0,0.0,0.0,0.0,1.0,0.0,0.0
AGGGCTACAAGGAATC-2,21.0,0.36496857686394185,,,0.2425919314203312,0.14718681699163197,0.24525267472409484
AGGTTAGAGGTTTGCG-1,31.0,0.0,0.0,0.0,1.0,0.0,0.0
TGTTGTTTCAAGCTTA-3,31.0,0.24483511612846504,,,0.34550975661796685,0.2764681959007302,0.13318693135283804
AAAGGTTAGCCTTAAA-1,26.0,0.0,0.0,0.0,1.0,0.0,0.0
CTCTCACAGCATGTCG-3,24.0,1.0,0.0,0.0,0.0,0.0,0.0
AGGAACGGTAAGGTTT-3,33.0,0.25254537146409556,,,0.23028304051452006,0.2665285948922042,0.25064299312918015
ACCTCACTCATGAAGG-1,15.0,0.0,0.0,0.0,1.0,0.0,0.0
ATCCACCTCGGGCCAT-2,10.0,0.26490417044114983,0.0,0.0,0.1425309127782741,0.3402195170606928,0.2523453997198832
AACAGGATCAGCACGC-3,4.0,1.0,0.0,0.0,0.0,0.0,0.0
CATAGGCGTAGGTTAT-1,29.0,0.0,0.0,0.0,1.0,0.0,0.0
GGCTAGACACTATGGC-2,29.0,0.31074906515307005,,,0.233016360882147,0.22003051032240445,0.2362040636423785
ATCATCAAGTCAGGCC-2,10.0,1.0,0.0,0.0,0.0,0.0,0.0
GTGTGCGGTCCGGTTC-2,12.0,1.0,0.0,0.0,0.0,0.0,0.0
CCTTATGTCGCACACA-1,24.0,1.0,0.0,0.0,0.0,0.0,0.0
AATGCATGTAGTTAAC-1,10.0,0.0,0.0,0.0,1.0,0.0,0.0
CCTACTTCAAAGCTAA-3,33.0,0.0,0.0,0.0,0.0,1.0,0.0
GCTGACATCCCGCCTA-1,5.0,0.0,0.0,0.0,1.0,0.0,0.0
GCCTTAGAGGCTTAAC-2,8.0,0.0,0.0,0.0,1.0,0.0,0.0
TTCCTCAAGTTTGTCT-3,38.0,0.19027885726034566,,,0.23574107619489226,0.2789089395946002,0.2950711269501618
ACGTCCAAGACAAACG-2,28.0,0.24355764626440804,0.0,0.0,0.2713230524219713,0.21916108471229478,0.2659582166013259
AGCTGCTCAAAGCTCC-3,16.0,0.0,0.0,0.0,0.0,1.0,0.0
ACTTGCACAATTGAAG-3,20.0,0.2878720949445188,0.0,0.0,0.0,0.4219601793697779,0.29016772568570315
GGTCAAGCAGCAAGGC-1,1.0,0.0,0.0,0.0,1.0,0.0,0.0
CGTTAGGTCTTAGCGG-3,17.0,0.28041555117654665,,,0.21377517180417943,0.21373583317818393,0.29207344384108996
TTTCTCACACATAGCC-1,25.0,0.0,0.0,0.0,1.0,0.0,0.0
ATTACGTCACAGAACG-2,19.0,0.0,0.0,0.0,1.0,0.0,0.0
GAGGTTAAGGCATGAA-3,31.0,0.24483511612846504,,,0.34550975661796685,0.2764681959007302,0.13318693135283804
CTGATCACACACTAAT-1,37.0,1.0,0.0,0.0,0.0,0.0,0.0
GCGCAATGTGTCCAGG-3,29.0,0.31074906515307005,,,0.233016360882147,0.22003051032240445,0.2362040636423785
TAGACCAGTGAGCAAG-3,3.0,0.2510908928836586,0.0,0.0,0.23769248350866462,0.29944475183729763,0.2117718717703792
TCGCATTGTAATCGTG-3,26.0,0.3005755128437196,,,0.19364293997678975,0.3106467509625101,0.19513479621698074
ATTACGTCATGGAGGC-3,12.0,0.22393288850727908,,,0.21148179656914845,0.3491266157595441,0.21545869916402838
GTCATCCTCCAGGTCA-1,31.0,0.0,0.0,0.0,1.0,0.0,0.0
CCCAAATAGTTTGGGT-3,36.0,0.30206544172637545,0.0,0.0,0.0,0.332565449812248,0.36536910846137655
CCCAAACCATAAGCAA-3,36.0,0.2461747580345537,,,0.1850283944180879,0.27103139859455855,0.2977654489527998
AGCCGGTTCATGCGTG-2,31.0,0.0,0.0,0.0,1.0,0.0,0.0
CCTCAGTTCTAAGTCA-2,4.0,0.2789549502429366,0.0,0.0,0.1885732419812842,0.21961014244052887,0.31286166533525034
CAGGCTATCGCCTGTT-3,24.0,0.21845905187174444,,,0.2480843926368116,0.19755649681913243,0.33590005867231154
CGAATATGTTAAGCGC-3,28.0,0.24355764626440804,,,0.2713230524219713,0.21916108471229478,0.2659582166013259
CAGCTATAGCCTGATG-3,1.0,0.2431277739439729,,,0.27520525106868904,0.22514867316661977,0.2565183018207184
TTGTTGTTCTTGGATA-1,6.0,0.0,0.0,0.0,1.0,0.0,0.0
CGGGTATGTCAGGCCA-2,17.0,1.0,0.0,0.0,0.0,0.0,0.0
CGATATTCATAACGGG-3,13.0,1.0,0.0,0.0,0.0,0.0,0.0
CGAAGGCCACCTAAGC-2,14.0,0.25490642483705084,,,0.203860627012991,0.27543380527416844,0.2657991428757897
GTTACGCCAATCCTGA-2,1.0,0.2431277739439729,0.0,0.0,0.27520525106868904,0.22514867316661977,0.2565183018207184
AGTGTGGCAATCATGT-3,17.0,1.0,0.0,0.0,0.0,0.0,0.0
CCTATAGCATTAAAGG-3,9.0,0.25657805136510725,,,0.19608879238864382,0.26842478255731234,0.2789083736889367
GAGTTGCGTCACGAAC-3,3.0,0.2510908928836586,,,0.23769248350866462,0.29944475183729763,0.2117718717703792
ATATGCTCAGTAAGTA-2,9.0,0.0,0.0,0.0,0.0,0.0,1.0
CGTGTTACACAATGTT-1,1.0,0.0,0.0,0.0,1.0,0.0,0.0
TCTAACCGTTAGCTGA-3,23.0,0.0,0.0,0.0,0.0,1.0,0.0
CTCCTAATCACGAATC-3,4.0,0.0,0.0,0.0,0.0,1.0,0.0
TGCTCTCAGTTGTCAA-3,15.0,1.0,0.0,0.0,0.0,0.0,0.0
CAAGGTAAGTGACCTG-1,5.0,0.0,0.0,0.0,1.0,0.0,0.0
GTTCTCATCTGGTCCT-1,30.0,0.0,0.0,0.0,1.0,0.0,0.0
GGGTTACGTTAAGCGC-1,34.0,0.0,0.0,0.0,1.0,0.0,0.0
GTCTCACTCTCCATAT-2,24.0,1.0,0.0,0.0,0.0,0.0,0.0
CAATGACTCTAGCTAA-1,29.0,0.0,0.0,0.0,1.0,0.0,0.0
CATTATGAGCAGCTCA-3,12.0,0.22393288850727908,,,0.21148179656914845,0.3491266157595441,0.21545869916402838
AAGCCTCCACCATATG-3,33.0,1.0,0.0,0.0,0.0,0.0,0.0
CCTTCAATCCCGCCTA-2,8.0,0.0,0.0,0.0,1.0,0.0,0.0
TCCGGTTTCGGTTACG-3,15.0,0.25404889456095253,,,0.3994002521455771,0.19749238598555172,0.14905846730791872
ATGAGCCGTTAACAGT-1,8.0,0.0,0.0,0.0,1.0,0.0,0.0
TTAAGTGTCAAGCGCC-3,36.0,0.2461747580345537,,,0.1850283944180879,0.27103139859455855,0.2977654489527998
TTGTTCCCAGAGAGCC-3,25.0,0.25294349983189635,,,0.22563202807869934,0.20762681900387653,0.31379765308552765
ACTCGCTTCCGGTTGA-3,19.0,0.28880190709864184,,,0.19477936981053914,0.2980900086334725,0.21832871445734645
CTCTCACAGGCATGAA-2,11.0,0.0,0.0,0.0,0.0,0.0,1.0
CAGCCTAAGCATGACT-3,9.0,0.0,0.0,0.0,0.0,1.0,0.0
GGTAATTGTTTATTCG-3,14.0,1.0,0.0,0.0,0.0,0.0,0.0
TGTGGAGCAGGAAGCC-2,24.0,0.21845905187174444,0.0,0.0,0.2480843926368116,0.19755649681913243,0.33590005867231154
AGCCTGGGTCGCAAAC-1,26.0,0.0,0.0,0.0,1.0,0.0,0.0
TCAAGCTAGGCTGTGC-2,12.0,0.22393288850727908,0.0,0.0,0.21148179656914845,0.3491266157595441,0.21545869916402838
CATTGCGAGCACTAAC-3,4.0,1.0,0.0,0.0,0.0,0.0,0.0
GCTTAAATCACCATTT-3,6.0,0.0,0.0,0.0,0.0,1.0,0.0
GCGGTTGGTGATTACG-3,5.0,0.25007613426230707,,,0.2764713286099489,0.24316603374735998,0.23028650338038426
CCCGCAACACCTCACC-1,27.0,0.0,0.0,0.0,0.0,0.0,1.0
GTTACTCGTTGGCCGA-2,22.0,0.0,0.0,0.0,1.0,0.0,0.0
TGCTAGCCATTGACAT-3,32.0,0.0,0.0,0.0,0.0,1.0,0.0
CTCGCTAGTCTCACTG-3,15.0,0.0,0.0,0.0,0.0,1.0,0.0
CGAGCTGGTGTCCTGC-1,30.0,0.0,0.0,0.0,1.0,0.0,0.0
AGAACAAGTTCATCTA-3,10.0,1.0,0.0,0.0,0.0,0.0,0.0
AACCTCCTCTTAGCCC-3,10.0,0.26490417044114983,,,0.1425309127782741,0.3402195170606928,0.2523453997198832
CAAAGTGAGGCTACAT-3,9.0,0.0,0.0,0.0,0.0,1.0,0.0
CGAAGCCTCCAATTAG-2,12.0,1.0,0.0,0.0,0.0,0.0,0.0
TCCTTAGTCCTTTACG-3,26.0,0.3005755128437196,,,0.19364293997678975,0.3106467509625101,0.19513479621698074
TTGAGGCGTTAGTACG-1,13.0,1.0,0.0,0.0,0.0,0.0,0.0
CCGCTAGCATTGCGAC-3,16.0,0.19281102196304184,,,0.24608965471250854,0.23107341591095565,0.33002590741349397
CGCAATCCAACTAGAA-3,25.0,0.0,0.0,0.0,0.0,0.0,1.0
CTTGTTCCAGACAAAC-3,22.0,0.0,0.0,0.0,0.0,1.0,0.0
TAGGCTGTCAACAAGG-3,20.0,1.0,0.0,0.0,0.0,0.0,0.0
GCGAAGTAGGCATGAA-1,4.0,0.0,0.0,0.0,1.0,0.0,0.0
GGTCAGGAGCATGTTA-3,30.0,0.2305508875130836,,,0.30015485066475694,0.2562706347632869,0.21302362705887254
CTTGAATCAATTTAGC-1,33.0,0.0,0.0,0.0,1.0,0.0,0.0
CATCACACATTGGGAG-3,12.0,1.0,0.0,0.0,0.0,0.0,0.0
AGCAACAAGCCTGTGA-2,7.0,0.0,0.0,0.0,1.0,0.0,0.0
GCCTGACAGACAAGTG-2,4.0,0.2789549502429366,,,0.1885732419812842,0.21961014244052887,0.31286166533525034
TGTTATGAGGCCCAGT-1,26.0,0.0,0.0,0.0,1.0,0.0,0.0
CTCCGGACAGCTAACC-3,15.0,0.25404889456095253,,,0.3994002521455771,0.19749238598555172,0.14905846730791872
TGATCACAGCATTATG-3,3.0,0.2510908928836586,,,0.23769248350866462,0.29944475183729763,0.2117718717703792
GACGCAACAGTCTAGC-2,14.0,0.0,0.0,0.0,0.0,1.0,0.0
TAGCGGCTCAAAGGCA-2,16.0,0.0,0.0,0.0,0.0,0.0,1.0
GCCTGCTGTTAGTGAT-3,10.0,1.0,0.0,0.0,0.0,0.0,0.0
TCACCTCAGGACCTTG-2,8.0,0.0,0.0,0.0,0.0,0.0,1.0
AGCCGGTTCTTGCTAT-3,14.0,0.0,0.0,0.0,0.0,1.0,0.0
TTAATCGAGTCACCTC-2,24.0,0.0,0.0,0.0,0.42481335261697223,0.0,0.5751866473830277
GTCCATTGTTAAGGTT-1,16.0,0.0,0.0,0.0,1.0,0.0,0.0
TAGTGTGGTTATGTGG-2,11.0,0.26017380928088074,,,0.3107460265472086,0.2228172513789396,0.20626291279297101
TTCATTCAGCATGTTA-1,21.0,0.0,0.0,0.0,1.0,0.0,0.0
AATTCGTCACAGAAAC-1,2.0,0.0,0.0,0.0,1.0,0.0,0.0
CGGTTTGAGTTAGCCG-1,7.0,1.0,0.0,0.0,0.0,0.0,0.0
GCAAGTGCAATTGACT-1,10.0,0.0,0.0,0.0,1.0,0.0,0.0
TGGCCTGCACAACAAA-1,7.0,0.0,0.0,0.0,0.0,0.0,1.0
CTGATCACACAAAGCG-3,14.0,1.0,0.0,0.0,0.0,0.0,0.0
TGCATTAAGGGTTAGA-3,10.0,0.26490417044114983,,,0.1425309127782741,0.3402195170606928,0.2523453997198832
ACGATTCAGCTTACTT-2,15.0,0.25404889456095253,,,0.3994002521455771,0.19749238598555172,0.14905846730791872
CATAGACTCACGCCAA-3,9.0,1.0,0.0,0.0,0.0,0.0,0.0
AAAGGAGCACCCACAG-1,30.0,1.0,0.0,0.0,0.0,0.0,0.0
CATGAGGCATCAATCG-3,28.0,0.0,0.0,0.0,0.0,1.0,0.0
AGGAACGGTTACCGGG-1,15.0,0.0,0.0,0.0,1.0,0.0,0.0
ATCACAATCCGCTAGA-1,23.0,0.0,0.0,0.0,1.0,0.0,0.0
GGACAGCCACAGGATG-2,12.0,0.0,0.0,0.0,1.0,0.0,0.0
GTGAACAAGTAACCAC-3,15.0,1.0,0.0,0.0,0.0,0.0,0.0
CGTCATTGTGGAAGGC-2,4.0,0.0,0.0,0.0,1.0,0.0,0.0
CACTTAAAGCCGGTAC-2,9.0,0.0,0.0,0.0,0.0,0.0,1.0
CAGCATGTCTGTTGCC-2,11.0,0.26017380928088074,,,0.3107460265472086,0.2228172513789396,0.20626291279297101
CTAAGGTTCTAGCTTT-1,13.0,0.0,0.0,0.0,1.0,0.0,0.0
CAAGGTAAGGCTAGAA-1,1.0,0.0,0.0,0.0,1.0,0.0,0.0
GACCGTTCACGCAACT-2,5.0,0.25007613426230707,0.0,0.0,0.2764713286099489,0.24316603374735998,0.23028650338038426
TAACCTAAGTACCGCA-3,35.0,1.0,0.0,0.0,0.0,0.0,0.0
GCTCATTGTAGGTTGC-2,21.0,0.0,0.0,0.0,0.49727296021084233,0.0,0.5027270397891578
TACCGCAAGACAACAG-1,15.0,1.0,0.0,0.0,0.0,0.0,0.0
GATTGTTCATTATGGT-3,7.0,1.0,0.0,0.0,0.0,0.0,0.0
CGTGCTGCAGGCTAAG-1,4.0,0.0,0.0,0.0,1.0,0.0,0.0
TTGACTAAGGCCCAGT-3,15.0,0.25404889456095253,,,0.3994002521455771,0.19749238598555172,0.14905846730791872
AAGGATTAGTCATGCG-3,28.0,0.24355764626440804,0.0,0.0,0.2713230524219713,0.21916108471229478,0.2659582166013259
CAGAACCGTACCTTAC-3,13.0,0.2379245460670892,,,0.33034621848395457,0.2084468038321267,0.22328243161682945
GAACACAAGGCCATCA-2,24.0,0.0,0.0,0.0,1.0,0.0,0.0
CCAGGATGTTGGTGAC-3,35.0,1.0,0.0,0.0,0.0,0.0,0.0
GCATATATCCGTCCAT-3,25.0,0.25294349983189635,,,0.22563202807869934,0.20762681900387653,0.31379765308552765
GGTCAATTCCTGTTCA-3,11.0,0.26017380928088074,0.0,0.0,0.3107460265472086,0.2228172513789396,0.20626291279297101
AGCTACTAGCACGTTG-2,28.0,0.24355764626440804,0.0,0.0,0.2713230524219713,0.21916108471229478,0.2659582166013259
CACATACAGCGAAGTA-2,4.0,0.0,0.0,0.0,0.0,0.0,1.0
AACCTAATCCATAAGC-2,8.0,0.0,0.0,0.0,1.0,0.0,0.0
CACATTAAGTTTCCGC-1,35.0,0.0,0.0,0.0,1.0,0.0,0.0
ATGTCAATCATGGTGT-2,22.0,0.0,0.0,0.0,0.0,0.0,1.0
TTAACTGAGCGGTTAT-1,28.0,0.0,0.0,0.0,1.0,0.0,0.0
TAGCTTAAGCAGGTTT-2,22.0,0.22299113408910365,,,0.2286831626631811,0.3006206801642622,0.24770502308345307
TGGTTCTGTTAGGCTA-1,4.0,0.0,0.0,0.0,0.0,0.0,1.0
CGAGTCGGTAACGTGC-1,13.0,0.0,0.0,0.0,1.0,0.0,0.0
CTTACTAGTTTGAGGC-3,32.0,1.0,0.0,0.0,0.0,0.0,0.0
TACCAAATCGTGCCTT-1,33.0,0.0,0.0,0.0,1.0,0.0,0.0
CCTTAGTGTCACAGCG-3,3.0,0.2510908928836586,0.0,0.0,0.23769248350866462,0.29944475183729763,0.2117718717703792
ATAATGGCACAGAAAC-2,13.0,1.0,0.0,0.0,0.0,0.0,0.0
CGGACCTAGCGAGGTG-1,1.0,0.0,0.0,0.0,1.0,0.0,0.0
AGGTTGCGTTAACACG-1,30.0,0.0,0.0,0.0,1.0,0.0,0.0
AGGGCCTTCCCTCATA-1,31.0,0.0,0.0,0.0,0.0,0.0,1.0
TACGTAATCATTACTC-2,4.0,0.0,0.0,0.0,0.0,0.0,1.0
TTTGGTGCAAGGCCAA-1,23.0,0.0,0.0,0.0,0.0,0.0,1.0
CGAGTCGGTGTCCAGG-3,19.0,0.28880190709864184,,,0.19477936981053914,0.2980900086334725,0.21832871445734645
GGGTTATTCTCAATGA-1,9.0,0.0,0.0,0.0,1.0,0.0,0.0
TGAGCACGTCCTTCTC-1,18.0,0.0,0.0,0.0,1.0,0.0,0.0
CCGTTACTCTCCTCAA-3,23.0,0.2890753295347951,,,0.21326803108883835,0.2250748294409998,0.2725818099353668
TTCAACCGTAGCCTCC-1,33.0,0.0,0.0,0.0,1.0,0.0,0.0
ATAACGACAATTAACC-2,31.0,0.37408520387301186,0.0,0.0,0.0,0.42241759704789456,0.2034971990790936
CTTTAGTTCTAGCGTG-3,30.0,1.0,0.0,0.0,0.0,0.0,0.0
GGCCTCTGTTTACTTG-3,11.0,1.0,0.0,0.0,0.0,0.0,0.0
ACGTCCTTCAGGCTAT-2,23.0,0.2890753295347951,,,0.21326803108883835,0.2250748294409998,0.2725818099353668
AGCGATTTCAAGCTAC-2,24.0,0.21845905187174444,,,0.2480843926368116,0.19755649681913243,0.33590005867231154
GTCCATTGTGATTACG-1,30.0,0.0,0.0,0.0,1.0,0.0,0.0
GCTTAGTAGCTGTCAG-2,15.0,0.25404889456095253,,,0.3994002521455771,0.19749238598555172,0.14905846730791872
GGCTGAGAGACTTACA-3,10.0,0.0,0.0,0.0,0.0,1.0,0.0
TAAGCCTAGGTAACGA-2,14.0,0.25490642483705084,0.0,0.0,0.203860627012991,0.27543380527416844,0.2657991428757897
ACGTTGTAGTTCCTGC-1,18.0,0.0,0.0,0.0,1.0,0.0,0.0
CAATGTCAGTGAACGA-2,28.0,0.0,0.0,0.0,1.0,0.0,0.0
TGCCGGTAGAGGAAGG-3,18.0,0.23638071763888321,,,0.28964209218552694,0.2590708442645409,0.21490634591104896
CACATTAAGCGAGCGA-3,31.0,0.24483511612846504,,,0.34550975661796685,0.2764681959007302,0.13318693135283804
TGCTCAACATAACGGG-2,20.0,1.0,0.0,0.0,0.0,0.0,0.0
AGAGATTAGACAACGA-3,9.0,0.25657805136510725,,,0.19608879238864382,0.26842478255731234,0.2789083736889367
TCAGCGATCACCTGTC-3,6.0,0.3581736313654754,0.0,0.0,0.0,0.3578702829113801,0.28395608572314446
TTTCTTGCATAACGGG-2,37.0,1.0,0.0,0.0,0.0,0.0,0.0
TGTGGCCAGACTAAGG-1,3.0,0.0,0.0,0.0,1.0,0.0,0.0
GCAGCAACAGGCCATT-3,5.0,0.25007613426230707,,,0.2764713286099489,0.24316603374735998,0.23028650338038426
ATCCCGCGTTAAGCGC-1,8.0,0.0,0.0,0.0,1.0,0.0,0.0
GAAGTAAGTACCGGAT-3,15.0,0.0,0.0,0.0,0.0,1.0,0.0
CCAGGAACAGTAATAG-3,11.0,0.26017380928088074,,,0.3107460265472086,0.2228172513789396,0.20626291279297101
ATATGCATCGTTTCGC-1,4.0,0.0,0.0,0.0,1.0,0.0,0.0
TGATGACTCGCTAGTG-3,1.0,0.2431277739439729,,,0.27520525106868904,0.22514867316661977,0.2565183018207184
CACAGGGAGAATGACG-3,28.0,1.0,0.0,0.0,0.0,0.0,0.0
GAGAAACGTAGCTAGC-1,8.0,0.0,0.0,0.0,1.0,0.0,0.0
TGATCGAGTGTCCAAA-3,14.0,0.25490642483705084,,,0.203860627012991,0.27543380527416844,0.2657991428757897
GGCGGTAAGTTCCTCA-1,23.0,0.0,0.0,0.0,0.0,0.0,1.0
TGCGGTTCAATCCCTT-2,6.0,0.0,0.0,0.0,1.0,0.0,0.0
GCCTGACAGTAGGATG-2,33.0,0.0,0.0,0.0,1.0,0.0,0.0
TGCTTCATCAGCTAAC-2,16.0,0.0,0.0,0.0,0.0,1.0,0.0
CCTTGTTCAATATGGA-3,34.0,0.23141187017972628,,,0.21203187960198364,0.23517958103089368,0.32137666918739655
GATTATGTCCAAGTGT-2,1.0,0.0,0.0,0.0,0.0,0.0,1.0
GGAGCGATCTCGCCTG-2,7.0,0.0,0.0,0.0,0.0,1.0,0.0
CATAATGTCCCGTTGT-3,26.0,0.3005755128437196,,,0.19364293997678975,0.3106467509625101,0.19513479621698074
TATTAGCCACAACAGG-1,4.0,0.0,0.0,0.0,0.0,0.0,1.0
AGTCAATGTTTGGGCG-3,15.0,0.25404889456095253,,,0.3994002521455771,0.19749238598555172,0.14905846730791872
TGCACCTTCCTCACTA-3,17.0,0.28041555117654665,,,0.21377517180417943,0.21373583317818393,0.29207344384108996
AAAGGCTCAATTAACC-2,22.0,0.22299113408910365,,,0.2286831626631811,0.3006206801642622,0.24770502308345307
ATTTGCGCACCAGGTT-3,20.0,0.0,0.0,0.0,0.0,1.0,0.0
GGTTGCTCATCCCTCA-2,27.0,1.0,0.0,0.0,0.0,0.0,0.0
GCTCTGGCATAGCGAG-3,1.0,1.0,0.0,0.0,0.0,0.0,0.0
ACGACAAAGGCACAGG-2,37.0,1.0,0.0,0.0,0.0,0.0,0.0
TGGATTCAGCTGGACC-1,14.0,0.0,0.0,0.0,0.0,0.0,1.0
GTCTAACAGGAGCATA-2,11.0,0.0,0.0,0.0,1.0,0.0,0.0
GAGGACTAGCTGGCTA-3,6.0,0.28619740144106137,,,0.20095345838278786,0.28595501190791156,0.2268941282682392
CTAACCTGTTACCTGT-3,27.0,1.0,0.0,0.0,0.0,0.0,0.0
ATGCAAACATAGCAGG-3,19.0,1.0,0.0,0.0,0.0,0.0,0.0
ACACTTAAGTGTGATC-1,24.0,1.0,0.0,0.0,0.0,0.0,0.0
CCACACAAGGAGGACT-2,11.0,0.0,0.0,0.0,0.0,0.0,1.0
GAGGCAAGTCCAAGAC-3,2.0,0.0,0.0,0.0,0.0,1.0,0.0
GGTTGAGCACGTAAGG-3,1.0,1.0,0.0,0.0,0.0,0.0,0.0
GGTATGTTCTCCTCAA-1,34.0,0.0,0.0,0.0,1.0,0.0,0.0
ATACCTGCAGTTAGCC-1,27.0,0.0,0.0,0.0,1.0,0.0,0.0
AACGGTAAGCTTAACA-3,30.0,1.0,0.0,0.0,0.0,0.0,0.0
ATAAGCCTCGTTATAG-3,7.0,0.23707317196827163,,,0.3805360488007793,0.2041805565917011,0.17821022263924788
TACGGTTAGCTGAGGG-3,17.0,1.0,0.0,0.0,0.0,0.0,0.0
ACCAATATCTAATCAG-3,1.0,0.2431277739439729,,,0.27520525106868904,0.22514867316661977,0.2565183018207184
ATCCAACAGGAACCGG-1,15.0,0.0,0.0,0.0,1.0,0.0,0.0
GAAACTGAGTGACCTG-2,25.0,0.25294349983189635,0.0,0.0,0.22563202807869934,0.20762681900387653,0.31379765308552765
GATTAGCTCTCCATAT-1,30.0,0.0,0.0,0.0,1.0,0.0,0.0
TTTGACTTCCCTCGCA-2,7.0,0.0,0.0,0.0,1.0,0.0,0.0
GTACTAGGTTCAAGAT-1,26.0,0.0,0.0,0.0,1.0,0.0,0.0
ATGGCTGTCTAAGTCA-3,5.0,0.25007613426230707,,,0.2764713286099489,0.24316603374735998,0.23028650338038426
AAGTTACGTACTGAAT-1,18.0,0.0,0.0,0.0,1.0,0.0,0.0
CCAACCAAGTTTAACG-2,33.0,0.0,0.0,0.0,1.0,0.0,0.0
TGTGGCGGTTGCTGGG-3,32.0,0.23501474983514806,,,0.36169219852304807,0.23220664506324848,0.1710864065785554
TGTAATGTCCTTCGTA-3,23.0,0.2890753295347951,,,0.21326803108883835,0.2250748294409998,0.2725818099353668
TCGGTTACATTATGCG-3,3.0,1.0,0.0,0.0,0.0,0.0,0.0
TATCACAAGGTGCGGA-2,19.0,1.0,0.0,0.0,0.0,0.0,0.0
GGTTACCCAAGGATTA-3,25.0,0.25294349983189635,,,0.22563202807869934,0.20762681900387653,0.31379765308552765
GTGTTCCTCTTGTTCG-3,27.0,0.2659503422898086,,,0.3090767064839525,0.2252336567198111,0.1997392945064278
AGGACGTAGAAGCTAG-2,33.0,0.25254537146409556,0.0,0.0,0.23028304051452006,0.2665285948922042,0.25064299312918015
CTTCGCGTCCCATAGG-3,31.0,1.0,0.0,0.0,0.0,0.0,0.0
GGGCATTGTGTTGCAA-3,33.0,1.0,0.0,0.0,0.0,0.0,0.0
GGTCGGTTCAATGTGC-2,4.0,0.0,0.0,0.0,0.0,1.0,0.0
AACATAGCACGTTACA-3,27.0,0.2659503422898086,,,0.3090767064839525,0.2252336567198111,0.1997392945064278
CATTTGTTCCCTGTTA-3,25.0,0.25294349983189635,,,0.22563202807869934,0.20762681900387653,0.31379765308552765
CTGCTATGTAACGGGA-2,29.0,0.0,0.0,0.0,1.0,0.0,0.0
CGGTTGGGTTTGGCGG-2,16.0,1.0,0.0,0.0,0.0,0.0,0.0
CTATGTTTCCGCACAA-3,18.0,0.23638071763888321,,,0.28964209218552694,0.2590708442645409,0.21490634591104896
ATGTGAGAGTTGTCTT-3,2.0,0.21079074246169519,0.0,0.0,0.3110256879333526,0.2245883274521365,0.25359524215281576
CCAGCTGCACCAGCAT-2,9.0,0.0,0.0,0.0,1.0,0.0,0.0
CGTGAGGAGGTGTTAC-3,1.0,0.2431277739439729,,,0.27520525106868904,0.22514867316661977,0.2565183018207184
GTGAATCTCTCAATTC-1,15.0,0.0,0.0,0.0,0.0,0.0,1.0
CTTCTCAAGTAACAGG-3,15.0,0.25404889456095253,,,0.3994002521455771,0.19749238598555172,0.14905846730791872
CTACAACAGAACCTGT-1,5.0,0.0,0.0,0.0,1.0,0.0,0.0
GCCATTACAGTCTATG-3,32.0,1.0,0.0,0.0,0.0,0.0,0.0
CGGAATCGTTTATCTG-2,26.0,0.0,0.0,0.0,1.0,0.0,0.0
GCGGTTATCCTAGTCC-1,21.0,0.0,0.0,0.0,1.0,0.0,0.0
GATGGCTGTCATCATC-3,32.0,0.23501474983514806,,,0.36169219852304807,0.23220664506324848,0.1710864065785554
TGTGCGCAGTTCCTGC-2,35.0,0.0,0.0,0.0,1.0,0.0,0.0
CTAGTTGCAAGACTCC-2,11.0,0.0,0.0,0.0,0.0,1.0,0.0
AGGTCAAAGTCATCCC-3,15.0,0.25404889456095253,,,0.3994002521455771,0.19749238598555172,0.14905846730791872
ACCAGCTCACTGGCTG-3,16.0,0.19281102196304184,,,0.24608965471250854,0.23107341591095565,0.33002590741349397
TACTTGTTCTGCAACG-3,11.0,0.26017380928088074,,,0.3107460265472086,0.2228172513789396,0.20626291279297101
CGATTGAGTAATCACG-3,18.0,0.23638071763888321,0.0,0.0,0.28964209218552694,0.2590708442645409,0.21490634591104896
GATCAGTTCCAGGTCA-1,23.0,0.0,0.0,0.0,1.0,0.0,0.0
AGTCAAGAGCACGTTG-2,16.0,0.0,0.0,0.0,1.0,0.0,0.0
TGAAGCAAGCTCCTAC-2,9.0,0.0,0.0,0.0,1.0,0.0,0.0
AGTTACTCAAGCTAAA-3,15.0,0.25404889456095253,,,0.3994002521455771,0.19749238598555172,0.14905846730791872
AAGTTTGTCACACAGT-3,12.0,0.22393288850727908,,,0.21148179656914845,0.3491266157595441,0.21545869916402838
TAGAGCCGTTAACGAT-2,11.0,0.0,0.0,0.0,0.6010457516339869,0.0,0.39895424836601306
CCTACTTCAAACGGGC-2,27.0,0.2659503422898086,0.0,0.0,0.3090767064839525,0.2252336567198111,0.1997392945064278
TGCCGGTAGACAACGA-1,6.0,0.0,0.0,0.0,1.0,0.0,0.0
TTAGGCCCAAACTCAT-1,2.0,0.0,0.0,0.0,0.0,0.0,1.0
TCTTCAAGTTTACCGT-2,12.0,0.0,0.0,0.0,1.0,0.0,0.0
TAGGTGCGTTTGGGTA-3,12.0,0.22393288850727908,,,0.21148179656914845,0.3491266157595441,0.21545869916402838
ACAAACTGTGTCCTGC-1,11.0,0.0,0.0,0.0,1.0,0.0,0.0
AACAAGCCATTGACAT-2,8.0,0.0,0.0,0.0,0.0,0.0,1.0
GGTGATTTCTTAATGG-3,13.0,1.0,0.0,0.0,0.0,0.0,0.0
CTGAAACTCCAAGTGT-2,5.0,0.25007613426230707,0.0,0.0,0.2764713286099489,0.24316603374735998,0.23028650338038426
GTTCGCTTCCCATAAA-2,17.0,0.28041555117654665,,,0.21377517180417943,0.21373583317818393,0.29207344384108996
TTTGCGGAGCTTTGGG-3,25.0,0.0,0.0,0.0,0.0,1.0,0.0
GGGTGAAGTCAGTAAT-3,31.0,0.24483511612846504,,,0.34550975661796685,0.2764681959007302,0.13318693135283804
TCCGCCATCAATGACC-1,36.0,0.0,0.0,0.0,1.0,0.0,0.0
GGTACTTAGGCTGGCT-2,31.0,0.24483511612846504,,,0.34550975661796685,0.2764681959007302,0.13318693135283804
CGAAGAATCCGCATGA-2,13.0,1.0,0.0,0.0,0.0,0.0,0.0
TACAACATCGGGATTT-1,31.0,0.0,0.0,0.0,0.0,0.0,1.0
GTAGTTATCCTAAGGT-3,17.0,0.28041555117654665,,,0.21377517180417943,0.21373583317818393,0.29207344384108996
AGTCCTTGTCGAAGTC-3,23.0,0.0,0.0,0.0,0.0,1.0,0.0
GAGGAGGCATGTCAAT-1,15.0,0.0,0.0,0.0,1.0,0.0,0.0
CGCCAAATCCCGTTGT-2,34.0,0.0,0.0,0.0,1.0,0.0,0.0
GACATAGAGGGATGCG-3,3.0,0.2510908928836586,,,0.23769248350866462,0.29944475183729763,0.2117718717703792
GGCCTTAAGTCAGTAC-3,1.0,0.2431277739439729,,,0.27520525106868904,0.22514867316661977,0.2565183018207184
TGAGGGCCAGGCCTTG-3,13.0,0.0,0.0,0.0,0.0,1.0,0.0
GTACAATGTAGCTGCG-2,4.0,0.0,0.0,0.0,1.0,0.0,0.0
GGTATTTCATTGCGAC-3,21.0,0.36496857686394185,,,0.2425919314203312,0.14718681699163197,0.24525267472409484
AGCACTTAGGCGCTAC-3,25.0,0.25294349983189635,,,0.22563202807869934,0.20762681900387653,0.31379765308552765
TCCGGTTTCCAACTGG-3,13.0,1.0,0.0,0.0,0.0,0.0,0.0
CGAGCTGGTTGCTGGG-2,15.0,0.0,0.0,0.0,1.0,0.0,0.0
GCAGCAACAAGTGTTT-1,17.0,0.0,0.0,0.0,1.0,0.0,0.0
TCACGGATCACTTCAT-2,6.0,0.28619740144106137,,,0.20095345838278786,0.28595501190791156,0.2268941282682392
CTGTGTGAGCAGGTGG-3,24.0,0.21845905187174444,,,0.2480843926368116,0.19755649681913243,0.33590005867231154
CTTATGTTCACTCAAA-3,35.0,0.2399263636153897,,,0.17564806529159285,0.22166609309080135,0.362759478002216
TTCAGCACAATAAGCA-3,15.0,0.25404889456095253,,,0.3994002521455771,0.19749238598555172,0.14905846730791872
CGGCTCACATTGCAGC-1,33.0,0.0,0.0,0.0,1.0,0.0,0.0
GTTGTTGCAGCATGAG-2,26.0,0.3005755128437196,0.0,0.0,0.19364293997678975,0.3106467509625101,0.19513479621698074
GGTTGAGCAGCACGAA-3,24.0,0.21845905187174444,,,0.2480843926368116,0.19755649681913243,0.33590005867231154
AACTACTCACCCACCT-3,9.0,0.25657805136510725,,,0.19608879238864382,0.26842478255731234,0.2789083736889367
AATCTTGAGCTGCACA-1,29.0,1.0,0.0,0.0,0.0,0.0,0.0
TCCGGTAAGTAATCCA-1,17.0,0.0,0.0,0.0,1.0,0.0,0.0
AGGTATTGTGGGAACA-3,27.0,0.0,0.0,0.0,0.0,0.0,1.0
TGCTAACAGGATAAAC-1,12.0,0.0,0.0,0.0,1.0,0.0,0.0
GCCCAAATCAGGTCCA-2,19.0,1.0,0.0,0.0,0.0,0.0,0.0
TGATCGAGTCATTAGG-3,4.0,0.2789549502429366,0.0,0.0,0.1885732419812842,0.21961014244052887,0.31286166533525034
AAGGTCAAGGCTATGT-2,37.0,0.0,0.0,0.0,0.0,0.0,1.0
CCGTTGCGTGTTGCTT-1,31.0,0.0,0.0,0.0,1.0,0.0,0.0
CATTTGTTCCTGGTCT-3,23.0,0.2890753295347951,,,0.21326803108883835,0.2250748294409998,0.2725818099353668
GCTGTGATCCCTTGCG-1,25.0,0.0,0.0,0.0,1.0,0.0,0.0
TCATTGTTCAATCTCT-2,1.0,0.2431277739439729,,,0.27520525106868904,0.22514867316661977,0.2565183018207184
GGCTGAGAGACAGGCG-2,1.0,0.0,0.0,0.0,1.0,0.0,0.0
GTTGGCCAGGTCGATT-3,12.0,0.0,0.0,0.0,0.0,1.0,0.0
TTTGCGACACATTAAC-2,4.0,0.2789549502429366,0.0,0.0,0.1885732419812842,0.21961014244052887,0.31286166533525034
GCAGGATAGTAACAGG-3,5.0,1.0,0.0,0.0,0.0,0.0,0.0
GGGTTACGTAGGTTTG-3,10.0,1.0,0.0,0.0,0.0,0.0,0.0
CCTGGATCAATTGAAG-2,14.0,0.0,0.0,0.0,0.0,0.0,1.0
AAAGCAAGTGTGTGGT-1,21.0,0.0,0.0,0.0,1.0,0.0,0.0
AGCAATTGTGAGCACT-1,9.0,0.0,0.0,0.0,1.0,0.0,0.0
TAGTTTGAGCGATACT-1,23.0,0.0,0.0,0.0,1.0,0.0,0.0
GAGCAAATCGCTAAGT-3,11.0,0.26017380928088074,,,0.3107460265472086,0.2228172513789396,0.20626291279297101
CGCACAATCTAATTGG-1,15.0,1.0,0.0,0.0,0.0,0.0,0.0
TGCTTTAGTTTAACCC-3,20.0,0.255116509861887,,,0.11378520411624034,0.3739473542312623,0.25715093179061016
GAGTGATCACCTATAG-2,14.0,0.0,0.0,0.0,1.0,0.0,0.0
TGAGGCACAGCAACAG-2,22.0,1.0,0.0,0.0,0.0,0.0,0.0
AATTACCCAGTAGCCT-1,28.0,0.0,0.0,0.0,0.0,0.0,1.0
GCATGAAAGCCGGTAC-1,24.0,1.0,0.0,0.0,0.0,0.0,0.0
CCTTCAGGTCTATCGT-1,25.0,0.0,0.0,0.0,0.0,0.0,1.0
GTACCTTGTGTTTGTC-2,15.0,0.0,0.0,0.0,0.0,0.0,1.0
TACAACATCCGCACAA-2,16.0,0.19281102196304184,0.0,0.0,0.24608965471250854,0.23107341591095565,0.33002590741349397
GACCTAAGTTAGCAGC-2,14.0,1.0,0.0,0.0,0.0,0.0,0.0
TCATTACTCCTCACTA-3,17.0,1.0,0.0,0.0,0.0,0.0,0.0
GACAATACAAACATAG-3,36.0,0.2461747580345537,,,0.1850283944180879,0.27103139859455855,0.2977654489527998
AGACCCGGTGGTTCTT-2,24.0,0.0,0.0,0.0,0.0,0.0,1.0
TGGCTTTGTATTCGCT-1,4.0,1.0,0.0,0.0,0.0,0.0,0.0
CAACAATGTGCGCAAT-3,3.0,0.2510908928836586,0.0,0.0,0.23769248350866462,0.29944475183729763,0.2117718717703792
TGTTGTGCATCCATCT-1,2.0,0.0,0.0,0.0,1.0,0.0,0.0
TGAGCCGGTGTCACGG-3,35.0,0.2399263636153897,0.0,0.0,0.17564806529159285,0.22166609309080135,0.362759478002216
GTTAATGTCAGCTAAC-3,9.0,0.25657805136510725,,,0.19608879238864382,0.26842478255731234,0.2789083736889367
GCATCCTTCAGGTTTA-1,7.0,0.0,0.0,0.0,1.0,0.0,0.0
CAGGACACACAATGTT-3,14.0,0.0,0.0,0.0,0.0,0.0,1.0
GGAAACTCATCCTAGA-2,15.0,0.0,0.0,0.0,1.0,0.0,0.0
CCAGCCTGTTTCCTCC-3,5.0,0.25007613426230707,,,0.2764713286099489,0.24316603374735998,0.23028650338038426
TAAAGCCTCTCCATAT-3,7.0,0.23707317196827163,0.0,0.0,0.3805360488007793,0.2041805565917011,0.17821022263924788
GGTCCTGCACAAAGGT-2,35.0,0.2399263636153897,,,0.17564806529159285,0.22166609309080135,0.362759478002216
GCTATAGGTAGCTAAT-1,24.0,0.0,0.0,0.0,0.0,0.0,1.0
CCAAGTTAGTTGTCCC-3,4.0,0.2789549502429366,,,0.1885732419812842,0.21961014244052887,0.31286166533525034
GCTGTGATCCCTCAGT-2,16.0,0.25574794558564723,0.0,0.0,0.0,0.3064998608327089,0.43775219358164397
AGCTAAACAACTGGCT-2,4.0,0.2789549502429366,0.0,0.0,0.1885732419812842,0.21961014244052887,0.31286166533525034
GCAGGATAGGGATGAC-3,4.0,0.2789549502429366,0.0,0.0,0.1885732419812842,0.21961014244052887,0.31286166533525034
TCATGAGGTCCTAGTT-2,4.0,0.0,0.0,0.0,0.0,0.0,1.0
CGATATTCACCTCAGG-1,1.0,0.0,0.0,0.0,1.0,0.0,0.0
TGATCAATCCCGTTAC-1,5.0,0.0,0.0,0.0,1.0,0.0,0.0
CGTTGCAAGAACCTAC-2,3.0,1.0,0.0,0.0,0.0,0.0,0.0
GTCCTCCCATCAATCG-2,27.0,0.0,0.0,0.0,1.0,0.0,0.0
CCTAAGTAGTCACGAT-2,23.0,0.2890753295347951,0.0,0.0,0.21326803108883835,0.2250748294409998,0.2725818099353668
CCTACTTCAGGTTAAA-2,14.0,0.3201781415239845,0.0,0.0,0.0,0.3459617933990345,0.333860065076981
AGTTGCAGTGCATTTC-2,9.0,0.0,0.0,0.0,0.0,0.0,1.0
CGCCTCATCCAGGTCA-3,12.0,0.22393288850727908,,,0.21148179656914845,0.3491266157595441,0.21545869916402838
GCTGTAAGTGGTTAGC-3,3.0,0.2510908928836586,,,0.23769248350866462,0.29944475183729763,0.2117718717703792
TATGACATCCGGGACT-1,3.0,0.0,0.0,0.0,1.0,0.0,0.0
GGGCAATAGACAACAG-1,34.0,0.0,0.0,0.0,0.0,0.0,1.0
GTTAGACTCTCCTCAA-3,11.0,0.0,0.0,0.0,0.0,1.0,0.0
CCTAAGGTCATGGCTG-2,27.0,1.0,0.0,0.0,0.0,0.0,0.0
CTTGCAACAGTCTATG-3,3.0,0.2510908928836586,0.0,0.0,0.23769248350866462,0.29944475183729763,0.2117718717703792
TAGTAGGAGGTGTCCA-2,19.0,0.0,0.0,0.0,0.0,1.0,0.0
TAAGGACCACCTAATG-1,33.0,0.0,0.0,0.0,1.0,0.0,0.0
AGGAGCTAGCGAGTAA-3,3.0,0.2510908928836586,,,0.23769248350866462,0.29944475183729763,0.2117718717703792
GAGAGGCGTCCAAGAC-1,35.0,0.0,0.0,0.0,0.0,0.0,1.0
CAATCGCCAGCAAGAT-1,14.0,0.0,0.0,0.0,1.0,0.0,0.0
GCCACTAAGTCAGTAC-1,28.0,0.0,0.0,0.0,1.0,0.0,0.0
GCACGCTAGGCGCATC-1,4.0,0.0,0.0,0.0,1.0,0.0,0.0
GAGCTTAGTGCAACTA-2,38.0,0.19027885726034566,,,0.23574107619489226,0.2789089395946002,0.2950711269501618
AGTTATGTCGTTATCT-2,14.0,0.0,0.0,0.0,0.0,1.0,0.0
ACCCGGTAGCACAGGG-3,5.0,0.25007613426230707,,,0.2764713286099489,0.24316603374735998,0.23028650338038426
AACCTTGCAATTATGC-2,18.0,0.0,0.0,0.0,0.0,0.0,1.0
GTAGGTGCAGTACCGT-1,2.0,0.0,0.0,0.0,0.0,0.0,1.0
CTATTACTCTTGAGGT-3,3.0,0.2510908928836586,,,0.23769248350866462,0.29944475183729763,0.2117718717703792
AGAGAGGAGACAAGTG-3,20.0,0.255116509861887,,,0.11378520411624034,0.3739473542312623,0.25715093179061016
TAGGCTTAGAGAGCCG-3,1.0,0.2431277739439729,,,0.27520525106868904,0.22514867316661977,0.2565183018207184
CGTCCTAGTTGAGGTC-3,35.0,0.0,0.0,0.0,0.0,1.0,0.0
TTAGCTGCAATTAGCT-2,6.0,0.28619740144106137,,,0.20095345838278786,0.28595501190791156,0.2268941282682392
AGTATAGCAGGAAGCC-1,24.0,0.0,0.0,0.0,0.0,0.0,1.0
TCGTTAGCAGCAATAA-2,16.0,1.0,0.0,0.0,0.0,0.0,0.0
CAGGAAGGTCCGTAGG-1,3.0,1.0,0.0,0.0,0.0,0.0,0.0
AGGAGCTAGGCTACAT-3,30.0,0.2305508875130836,,,0.30015485066475694,0.2562706347632869,0.21302362705887254
GCTGTACCAGATTCAT-3,4.0,0.2789549502429366,,,0.1885732419812842,0.21961014244052887,0.31286166533525034
TGTGGCCAGGTCCGTA-1,13.0,0.0,0.0,0.0,1.0,0.0,0.0
TGGTCATAGTGAGGTA-2,14.0,0.0,0.0,0.0,0.0,1.0,0.0
GAAGCCTGTGCGCATG-2,10.0,1.0,0.0,0.0,0.0,0.0,0.0
TTGCTTAGTGATGATT-2,11.0,1.0,0.0,0.0,0.0,0.0,0.0
GGTGCTGGTAGCTAAT-2,27.0,0.2659503422898086,0.0,0.0,0.3090767064839525,0.2252336567198111,0.1997392945064278
ATCACAATCCAGCACA-1,2.0,0.0,0.0,0.0,0.0,0.0,1.0
TCAGTAGGTTAGTGAT-1,14.0,0.0,0.0,0.0,1.0,0.0,0.0
TTGTTTGGTTGTTCAC-3,4.0,0.0,0.0,0.0,0.0,1.0,0.0
ACGACAAAGTCAATTG-1,19.0,0.0,0.0,0.0,1.0,0.0,0.0
GCGCAAACACAATTAC-3,10.0,0.26490417044114983,,,0.1425309127782741,0.3402195170606928,0.2523453997198832
CTGTACCTCCTCATGC-3,8.0,1.0,0.0,0.0,0.0,0.0,0.0
GCACCTAAGTAGAGGC-2,6.0,0.28619740144106137,,,0.20095345838278786,0.28595501190791156,0.2268941282682392
GTGCACGGTTCTTTAG-2,1.0,0.0,0.0,0.0,1.0,0.0,0.0
TGGTTGAGTCATCATC-3,14.0,0.25490642483705084,,,0.203860627012991,0.27543380527416844,0.2657991428757897
AGGTACGCAAAGCTCC-2,13.0,0.0,0.0,0.0,1.0,0.0,0.0
ACGCCTTTCAGTGAAG-3,38.0,0.0,0.0,0.0,0.0,1.0,0.0
GTGGACACACTTACAG-2,15.0,0.0,0.0,0.0,0.0,0.0,1.0
CCCAGCACACACTAAT-1,30.0,0.0,0.0,0.0,1.0,0.0,0.0
ACTGAATGTTAGCCAA-1,34.0,0.0,0.0,0.0,1.0,0.0,0.0
TTACACCGTTAGCATG-3,28.0,0.24355764626440804,,,0.2713230524219713,0.21916108471229478,0.2659582166013259
CTGTGTGAGTAACCCG-2,15.0,0.0,0.0,0.0,1.0,0.0,0.0
ATAACGACAAGATTCT-3,6.0,1.0,0.0,0.0,0.0,0.0,0.0
AATTACCCACCCTCAC-3,14.0,1.0,0.0,0.0,0.0,0.0,0.0
TGGACAAAGTATTGGC-2,1.0,0.0,0.0,0.0,1.0,0.0,0.0
CCTATTTAGTTATGGC-2,23.0,0.0,0.0,0.0,0.0,0.0,1.0
AAGCAAGTCAATGTGC-3,1.0,0.0,0.0,0.0,0.0,0.0,1.0
TTAGTCAAGCGGCTGT-3,8.0,1.0,0.0,0.0,0.0,0.0,0.0
ATGAAGCCAGTTATGT-1,25.0,0.0,0.0,0.0,1.0,0.0,0.0
GAAGGATGTAAACAAG-2,22.0,0.0,0.0,0.0,1.0,0.0,0.0
CTCAATAAGCCTAATA-3,15.0,0.25404889456095253,,,0.3994002521455771,0.19749238598555172,0.14905846730791872
AACAGATAGTTATGTG-1,11.0,0.0,0.0,0.0,1.0,0.0,0.0
GCGAAGTAGAGGAGTC-3,35.0,1.0,0.0,0.0,0.0,0.0,0.0
GCGCGATTCCATCAGG-3,14.0,0.0,0.0,0.0,0.0,0.0,1.0
CGCCTGTGTGTTTGAG-3,37.0,0.0,0.0,0.0,0.0,1.0,0.0
TCCATAAAGGCCGGAA-3,29.0,0.31074906515307005,,,0.233016360882147,0.22003051032240445,0.2362040636423785
GAGTAATAGACTCGCA-2,1.0,0.2431277739439729,0.0,0.0,0.27520525106868904,0.22514867316661977,0.2565183018207184
AAGCTCCCAACCGCCA-2,27.0,0.2659503422898086,,,0.3090767064839525,0.2252336567198111,0.1997392945064278
CCTTTAGTCTGCAAGT-1,5.0,0.0,0.0,0.0,1.0,0.0,0.0
GCCTTGCGTCATGCAA-2,17.0,1.0,0.0,0.0,0.0,0.0,0.0
GTTAACGGTAACAGGG-2,21.0,0.36496857686394185,,,0.2425919314203312,0.14718681699163197,0.24525267472409484
CTTAAGATCACTAATG-3,12.0,1.0,0.0,0.0,0.0,0.0,0.0
GATCAGGCATTGTTGG-2,23.0,0.0,0.0,0.0,0.0,1.0,0.0
TACCGAAGTTGGTGAC-1,15.0,0.0,0.0,0.0,1.0,0.0,0.0
GGCAAGCCAGGCATGA-3,23.0,0.2890753295347951,,,0.21326803108883835,0.2250748294409998,0.2725818099353668
GAGTATCTCATGGTGT-2,30.0,0.0,0.0,0.0,0.0,0.0,1.0
GTGGTTAGTTAGAGGG-2,9.0,1.0,0.0,0.0,0.0,0.0,0.0
CGCGGATTCATGGCTG-1,9.0,0.0,0.0,0.0,1.0,0.0,0.0
TTGTGAGGTTAGGTTG-3,1.0,0.2431277739439729,0.0,0.0,0.27520525106868904,0.22514867316661977,0.2565183018207184
CTAGGCGGTAATTAGC-3,15.0,0.25404889456095253,,,0.3994002521455771,0.19749238598555172,0.14905846730791872
TCCTTCAAGGGCTTAT-2,14.0,1.0,0.0,0.0,0.0,0.0,0.0
GCTGACATCCATCAGG-1,11.0,0.0,0.0,0.0,1.0,0.0,0.0
GGAGCATAGGCGCTAC-2,6.0,0.0,0.0,0.0,1.0,0.0,0.0
AAACGCGCAACAGGAT-3,22.0,1.0,0.0,0.0,0.0,0.0,0.0
GGGAATATCGGCTAGC-3,1.0,1.0,0.0,0.0,0.0,0.0,0.0
CTTAAGATCATTATGG-3,21.0,0.48186518206539586,0.0,0.0,0.0,0.19432961318677844,0.32380520474782576
TGGTGCATCTCAATAG-3,8.0,0.22347106138460127,,,0.25914442347718897,0.16517053432406306,0.3522139808141467
TTTCTCACACCTGCTC-3,11.0,0.0,0.0,0.0,0.0,0.0,1.0
AATTTGCCACTAGCGT-3,12.0,0.22393288850727908,,,0.21148179656914845,0.3491266157595441,0.21545869916402838
TGCTCTCAGAGGAGGA-2,1.0,0.2431277739439729,,,0.27520525106868904,0.22514867316661977,0.2565183018207184
AGAACCAAGGGATGAC-2,4.0,1.0,0.0,0.0,0.0,0.0,0.0
CGCCTCATCCCGTTAC-3,14.0,1.0,0.0,0.0,0.0,0.0,0.0
GTCATCCTCCATAAGC-3,16.0,1.0,0.0,0.0,0.0,0.0,0.0
GGTTATATCAAGTGAG-1,8.0,0.0,0.0,0.0,1.0,0.0,0.0
TAATCACCAATTGACT-2,15.0,0.0,0.0,0.0,1.0,0.0,0.0
CCGTTTGGTCACCTAT-3,4.0,0.2789549502429366,,,0.1885732419812842,0.21961014244052887,0.31286166533525034
CGTGACATCAGCAAAG-2,1.0,0.0,0.0,0.0,1.0,0.0,0.0
CGACCTGCAAGGCCAA-3,10.0,0.26490417044114983,,,0.1425309127782741,0.3402195170606928,0.2523453997198832
CATGCGGGTCGTAAAT-2,9.0,0.0,0.0,0.0,0.0,1.0,0.0
ATCAATCCACATGCTA-2,14.0,0.0,0.0,0.0,0.0,0.0,1.0
ATGGACAAGGCGAATA-2,33.0,0.0,0.0,0.0,0.0,0.0,1.0
TAGGCTAGTCCTAAGA-2,29.0,0.31074906515307005,0.0,0.0,0.233016360882147,0.22003051032240445,0.2362040636423785
GGTGAGGTCTCACTAT-2,24.0,0.2905366635995692,0.0,0.0,0.0,0.26273759300185556,0.44672574339857524
CTAGTTGCAATTTGGT-1,38.0,0.0,0.0,0.0,1.0,0.0,0.0
CACATTAAGGTCCACA-3,35.0,0.2399263636153897,,,0.17564806529159285,0.22166609309080135,0.362759478002216
TCAGGTTAGTAGGCGG-3,37.0,0.15830411656991292,0.0,0.0,0.21353305020503288,0.2890839998065646,0.33907883341848966
CAGAATCTCCTGTTCA-2,25.0,0.0,0.0,0.0,0.0,0.0,1.0
GGAACCTGTGCAATGC-3,16.0,0.19281102196304184,,,0.24608965471250854,0.23107341591095565,0.33002590741349397
GGTACTAGTGTGAGAG-3,16.0,0.19281102196304184,,,0.24608965471250854,0.23107341591095565,0.33002590741349397
AAAGCGGGTACCGTTT-1,21.0,0.0,0.0,0.0,0.0,0.0,1.0
CCCTTAATCCCTCAGT-3,26.0,0.0,0.0,0.0,0.0,1.0,0.0
TTGTGAGGTGCTCCGT-2,25.0,0.25294349983189635,,,0.22563202807869934,0.20762681900387653,0.31379765308552765
ATTGTGATCTTAAGTG-3,9.0,0.0,0.0,0.0,0.0,0.0,1.0
ATTTGTGAGGACACTT-1,5.0,0.0,0.0,0.0,1.0,0.0,0.0
CCTATATTCAGTGAAG-2,36.0,0.0,0.0,0.0,0.0,0.0,1.0
TGGCCTTTCCGTTATT-2,13.0,0.2379245460670892,,,0.33034621848395457,0.2084468038321267,0.22328243161682945
CAGGTCCAGTTCCCGT-3,2.0,0.30594862358424835,0.0,0.0,0.0,0.32597489270457897,0.3680764837111727
CTGCTACTCAAACACC-1,11.0,1.0,0.0,0.0,0.0,0.0,0.0
GAGGCCTTCAATGTCA-3,14.0,0.3201781415239845,0.0,0.0,0.0,0.3459617933990345,0.333860065076981
ACCCAACCATTTGCTC-2,18.0,0.0,0.0,0.0,0.0,0.0,1.0
GCCATTACAGCATGTC-3,6.0,1.0,0.0,0.0,0.0,0.0,0.0
TGTTGTAAGGATCACT-3,11.0,0.26017380928088074,,,0.3107460265472086,0.2228172513789396,0.20626291279297101
GTGGATGCAGGCCATT-3,29.0,0.0,0.0,0.0,0.0,1.0,0.0
GGTTGGTGTGGGTACT-3,26.0,0.3005755128437196,0.0,0.0,0.19364293997678975,0.3106467509625101,0.19513479621698074
CAGCTATAGTGCACGC-1,8.0,0.0,0.0,0.0,1.0,0.0,0.0
GGTGAGGTCATAATCG-3,9.0,1.0,0.0,0.0,0.0,0.0,0.0
ACATTAGTCGTGCTTC-3,38.0,0.19027885726034566,,,0.23574107619489226,0.2789089395946002,0.2950711269501618
GTGCAAGCATCAGTAT-1,10.0,0.0,0.0,0.0,1.0,0.0,0.0
GAGGCCTTCGCCTGTT-3,15.0,0.25404889456095253,,,0.3994002521455771,0.19749238598555172,0.14905846730791872
TGCTGGATCTTGCAGG-2,38.0,0.0,0.0,0.0,1.0,0.0,0.0
TTCAACCGTGTTAAAC-1,15.0,0.0,0.0,0.0,1.0,0.0,0.0
AGGGCTACACCTGTAA-3,6.0,0.28619740144106137,,,0.20095345838278786,0.28595501190791156,0.2268941282682392
TTATCCGTCCCGCATT-2,13.0,0.2379245460670892,,,0.33034621848395457,0.2084468038321267,0.22328243161682945
GGCTTAAGTTTGTCTA-3,26.0,0.0,0.0,0.0,0.0,1.0,0.0
GTGCTGATCGTAATCA-1,18.0,0.0,0.0,0.0,1.0,0.0,0.0
CGTTAGGTCATTGCAA-3,1.0,0.2431277739439729,,,0.27520525106868904,0.22514867316661977,0.2565183018207184
CACATTAAGGATCACT-3,31.0,0.24483511612846504,,,0.34550975661796685,0.2764681959007302,0.13318693135283804
TCAGCGATCATGTGGT-2,28.0,0.24355764626440804,0.0,0.0,0.2713230524219713,0.21916108471229478,0.2659582166013259
CCTTGTTCAAACTAAG-2,26.0,1.0,0.0,0.0,0.0,0.0,0.0
ATCCGTGAGGAAGCAC-3,28.0,0.0,0.0,0.0,0.0,1.0,0.0
ACTTACTTCCAAATCA-1,11.0,0.0,0.0,0.0,1.0,0.0,0.0
TGTGCGGGTTAGGTTG-1,15.0,1.0,0.0,0.0,0.0,0.0,0.0
GTGGTTAGTTGCACAA-1,35.0,0.0,0.0,0.0,1.0,0.0,0.0
CACTGACCACTGACTA-2,24.0,0.0,0.0,0.0,1.0,0.0,0.0
TCGCATTGTATTGTCC-2,20.0,0.0,0.0,0.0,1.0,0.0,0.0
CTTTCTTGTTAACGAT-3,30.0,1.0,0.0,0.0,0.0,0.0,0.0
AATTGGGAGCTGTACG-3,25.0,0.0,0.0,0.0,0.0,0.0,1.0
ACCCGGTAGGCTACTG-1,30.0,0.0,0.0,0.0,1.0,0.0,0.0
TTGACTAAGGCCAATT-3,17.0,0.28041555117654665,,,0.21377517180417943,0.21373583317818393,0.29207344384108996
CCACTTGGTGCAACTA-2,17.0,0.0,0.0,0.0,1.0,0.0,0.0
GTTACTCGTTAGAGCC-3,28.0,0.24355764626440804,,,0.2713230524219713,0.21916108471229478,0.2659582166013259
ACTCCTCAGTAGCCAT-3,10.0,0.0,0.0,0.0,0.0,1.0,0.0
TGACTTAAGGACACTT-2,15.0,0.25404889456095253,,,0.3994002521455771,0.19749238598555172,0.14905846730791872
CTGGATGTCAGGTCCA-2,8.0,0.22347106138460127,0.0,0.0,0.25914442347718897,0.16517053432406306,0.3522139808141467
CCAGGAACAGTGAACG-2,14.0,0.0,0.0,0.0,1.0,0.0,0.0
GCAATCTAGGTTACAC-2,32.0,0.0,0.0,0.0,0.6788789847408974,0.0,0.3211210152591026
CTCTGTTCAAACCTTG-3,13.0,0.2379245460670892,,,0.33034621848395457,0.2084468038321267,0.22328243161682945
ACGTACCCAGTTTACG-3,4.0,0.0,0.0,0.0,0.0,1.0,0.0
TACTGACAGAAAGCAT-3,29.0,0.0,0.0,0.0,0.0,1.0,0.0
TTGCTCTCACTTACAG-3,11.0,0.26017380928088074,,,0.3107460265472086,0.2228172513789396,0.20626291279297101
ATGGCTGTCATGAAGG-1,15.0,0.0,0.0,0.0,1.0,0.0,0.0
CAAGCTAGTGCTCACC-2,21.0,0.0,0.0,0.0,0.49727296021084233,0.0,0.5027270397891578
TGGATTGGTTAGGTTG-2,7.0,0.23707317196827163,,,0.3805360488007793,0.2041805565917011,0.17821022263924788
TATCGCGAGCTGTAAC-3,24.0,0.0,0.0,0.0,0.0,1.0,0.0
CGACAAGCAAGATTCT-1,3.0,0.0,0.0,0.0,1.0,0.0,0.0
GGTTCTTGTGTTTCAC-3,9.0,0.25657805136510725,,,0.19608879238864382,0.26842478255731234,0.2789083736889367
GCTTGACCATAAGTCT-3,1.0,0.0,0.0,0.0,0.0,1.0,0.0
ATTGTGATCACCTGTC-2,2.0,0.0,0.0,0.0,0.0,1.0,0.0
ATGGTGCGTCATCAAG-3,4.0,1.0,0.0,0.0,0.0,0.0,0.0
GCCATGATCCCATAAA-1,32.0,0.0,0.0,0.0,1.0,0.0,0.0
TTTATGGAGGCCTTAG-2,1.0,0.2431277739439729,,,0.27520525106868904,0.22514867316661977,0.2565183018207184
GCAAGTGCAGGAACAT-3,13.0,0.2379245460670892,,,0.33034621848395457,0.2084468038321267,0.22328243161682945
CGTCCTAGTGCAACTA-1,3.0,0.0,0.0,0.0,1.0,0.0,0.0
CACAGGGAGGAACCGG-2,2.0,0.21079074246169519,,,0.3110256879333526,0.2245883274521365,0.25359524215281576
CATAGACTCTTTGACT-3,35.0,0.2399263636153897,,,0.17564806529159285,0.22166609309080135,0.362759478002216
GCCTGACAGGAGCATA-3,35.0,0.2399263636153897,,,0.17564806529159285,0.22166609309080135,0.362759478002216
CGAACAAAGAAAGGAA-1,4.0,1.0,0.0,0.0,0.0,0.0,0.0
GCGTGCTAGGGATGAC-2,6.0,0.0,0.0,0.0,0.0,0.0,1.0
CTCGCTCCACAATACT-3,6.0,0.28619740144106137,,,0.20095345838278786,0.28595501190791156,0.2268941282682392
CAGGTTTAGTTGTCTT-3,17.0,0.28041555117654665,0.0,0.0,0.21377517180417943,0.21373583317818393,0.29207344384108996
TGCATCCTCGGTTTCC-3,37.0,0.15830411656991292,,,0.21353305020503288,0.2890839998065646,0.33907883341848966
AATGCGCGTTAACGAT-3,11.0,1.0,0.0,0.0,0.0,0.0,0.0
TTAACCAAGACTAAGG-2,9.0,0.0,0.0,0.0,0.4128209732447477,0.0,0.5871790267552524
GCCAATAGTGCTTTAC-1,31.0,0.0,0.0,0.0,1.0,0.0,0.0
GCCTGTGCAGCCAGTT-2,30.0,0.0,0.0,0.0,1.0,0.0,0.0
TGTTGGCCATGGCCCA-2,1.0,0.2431277739439729,0.0,0.0,0.27520525106868904,0.22514867316661977,0.2565183018207184
CAGGCTATCGAGCAAA-3,35.0,0.2399263636153897,,,0.17564806529159285,0.22166609309080135,0.362759478002216
CACAAGCGTTATTGCC-1,25.0,1.0,0.0,0.0,0.0,0.0,0.0
GATGCATTCATGCATA-3,5.0,0.25007613426230707,,,0.2764713286099489,0.24316603374735998,0.23028650338038426
TCGGTTACAGTCTATG-3,2.0,0.21079074246169519,,,0.3110256879333526,0.2245883274521365,0.25359524215281576
GTTGGCGGTCATCAAG-2,11.0,0.0,0.0,0.0,1.0,0.0,0.0
TGTGAAACATACTCCT-1,6.0,0.0,0.0,0.0,1.0,0.0,0.0
TGCTTCCAGTACCGCA-3,7.0,0.23707317196827163,,,0.3805360488007793,0.2041805565917011,0.17821022263924788
GCCAATTAGACTTATG-1,29.0,0.0,0.0,0.0,1.0,0.0,0.0
ACGGGAAGTAAGGTTT-2,33.0,0.3281016071581825,0.0,0.0,0.0,0.34626831539526715,0.3256300774465504
GGTGCTGGTCATAGAT-2,4.0,0.2789549502429366,0.0,0.0,0.1885732419812842,0.21961014244052887,0.31286166533525034
GGCCAACTCGAAGTGA-2,14.0,0.0,0.0,0.0,1.0,0.0,0.0
AATTTGCCAGGCTTGT-3,15.0,0.25404889456095253,,,0.3994002521455771,0.19749238598555172,0.14905846730791872
AAGCGAATCCTGAGTG-2,4.0,1.0,0.0,0.0,0.0,0.0,0.0
CAGGCTGGTGTTTGAG-2,21.0,0.36496857686394185,0.0,0.0,0.2425919314203312,0.14718681699163197,0.24525267472409484
TTCACTGTCCGGGACT-3,1.0,1.0,0.0,0.0,0.0,0.0,0.0
AGGAAACGTTGGTTAG-1,26.0,0.0,0.0,0.0,1.0,0.0,0.0
CCCTCACCATGTTGTG-2,9.0,0.0,0.0,0.0,0.0,0.0,1.0
ATGCGATTCCGTTAAA-3,13.0,0.2379245460670892,,,0.33034621848395457,0.2084468038321267,0.22328243161682945
GGTGAGGTCGACCTGA-2,2.0,1.0,0.0,0.0,0.0,0.0,0.0
GCAGGTTGTTTAGCTC-1,13.0,1.0,0.0,0.0,0.0,0.0,0.0
CAATGAACATAAACCT-3,11.0,0.26017380928088074,,,0.3107460265472086,0.2228172513789396,0.20626291279297101
CTAATGTCAATAACCT-2,1.0,0.0,0.0,0.0,1.0,0.0,0.0
AGCGTGCTCCCGCATT-3,22.0,0.22299113408910365,0.0,0.0,0.2286831626631811,0.3006206801642622,0.24770502308345307
GTAGGCGAGGTGTCCA-2,14.0,1.0,0.0,0.0,0.0,0.0,0.0
AAACATGCAGGCTGTT-3,25.0,0.25294349983189635,,,0.22563202807869934,0.20762681900387653,0.31379765308552765
CAGCATGTCCAGGTTG-3,9.0,0.25657805136510725,,,0.19608879238864382,0.26842478255731234,0.2789083736889367
CATGAGGCACGTAATT-3,10.0,0.26490417044114983,,,0.1425309127782741,0.3402195170606928,0.2523453997198832
AACATAGCATTGTCCT-1,15.0,0.0,0.0,0.0,1.0,0.0,0.0
AAGACCAAGTTACCGG-1,18.0,0.0,0.0,0.0,1.0,0.0,0.0
GACCTAAGTATGGTGC-2,35.0,0.2399263636153897,0.0,0.0,0.17564806529159285,0.22166609309080135,0.362759478002216
ACAACAGAGCGAGCGA-2,26.0,0.3005755128437196,,,0.19364293997678975,0.3106467509625101,0.19513479621698074
ATGACAACATGTTTGG-1,30.0,1.0,0.0,0.0,0.0,0.0,0.0
GGCCTTAAGTAGCTTA-2,14.0,1.0,0.0,0.0,0.0,0.0,0.0
GTTAGGCGTCTTGCAT-3,17.0,0.0,0.0,0.0,0.0,0.0,1.0
CACTGACCAGCACGAA-1,7.0,0.0,0.0,0.0,1.0,0.0,0.0
CAGCATGTCTGTAATG-3,32.0,1.0,0.0,0.0,0.0,0.0,0.0
CTTTGTCCAGGTTATT-3,13.0,0.0,0.0,0.0,0.0,1.0,0.0
CTCCTGAGTACGGTAC-2,37.0,0.0,0.0,0.0,0.0,0.0,1.0
CCTGCTCCATGCATAT-1,8.0,0.0,0.0,0.0,1.0,0.0,0.0
TTAATCGAGTTGGCCA-3,28.0,0.24355764626440804,,,0.2713230524219713,0.21916108471229478,0.2659582166013259
ATGGCCGGTTAATGAC-3,3.0,0.2510908928836586,0.0,0.0,0.23769248350866462,0.29944475183729763,0.2117718717703792
CCTGGTAAGTAGCCAT-1,15.0,0.0,0.0,0.0,1.0,0.0,0.0
CGTGGTTCAAACGCGA-2,8.0,0.0,0.0,0.0,1.0,0.0,0.0
GACCTGATCACTCAAA-1,11.0,0.0,0.0,0.0,0.0,0.0,1.0
GCAGGATAGTTTGAGC-1,24.0,0.0,0.0,0.0,1.0,0.0,0.0
GTCTAACAGTTCCCAC-2,35.0,0.0,0.0,0.0,0.0,0.0,1.0
ACGGGAAGTTATCCGT-3,2.0,0.0,0.0,0.0,0.0,0.0,1.0
CGAGGCAAGTAGCTTA-1,15.0,1.0,0.0,0.0,0.0,0.0,0.0
TATGCATCAAGTGAAC-2,9.0,1.0,0.0,0.0,0.0,0.0,0.0
ACAAAGGTCGAAGTGA-3,19.0,1.0,0.0,0.0,0.0,0.0,0.0
GTTCATTTCTGCAAAC-3,4.0,0.2789549502429366,,,0.1885732419812842,0.21961014244052887,0.31286166533525034
GCCTAATAGGCTACAT-3,1.0,0.2431277739439729,,,0.27520525106868904,0.22514867316661977,0.2565183018207184
TTTCCGGGTTAGGTTG-2,10.0,0.0,0.0,0.0,0.0,0.0,1.0
TTTGCGACAGGCAAGC-2,13.0,1.0,0.0,0.0,0.0,0.0,0.0
TGGACCGGTTCCTGAT-3,30.0,0.2305508875130836,,,0.30015485066475694,0.2562706347632869,0.21302362705887254
CGAAGCGAGCTTGCTC-1,33.0,0.0,0.0,0.0,1.0,0.0,0.0
AAATGCCTCATCACTT-1,31.0,0.0,0.0,0.0,1.0,0.0,0.0
AAGCATGAGCAACATC-1,7.0,0.0,0.0,0.0,1.0,0.0,0.0
AGCCTCCGTCACACCC-1,15.0,0.0,0.0,0.0,1.0,0.0,0.0
ACCGAAGCAGTTTACG-3,15.0,0.0,0.0,0.0,0.0,1.0,0.0
ATTGCACAGGCAGGTG-2,22.0,1.0,0.0,0.0,0.0,0.0,0.0
GAGTAACCACCTAATG-1,36.0,0.0,0.0,0.0,1.0,0.0,0.0
GATGGCTGTGAGACTC-3,30.0,1.0,0.0,0.0,0.0,0.0,0.0
AGTTTGATCCCATAGG-2,27.0,0.3849202144226616,0.0,0.0,0.0,0.3259893809247868,0.28909040465255154
GGGTCAACACCCACCT-3,1.0,1.0,0.0,0.0,0.0,0.0,0.0
GATCAGGCAATAACCT-1,22.0,0.0,0.0,0.0,1.0,0.0,0.0
TGCTCAACAATAGCCC-3,33.0,0.0,0.0,0.0,0.0,0.0,1.0
TGTGCTGAGCCTCTGT-2,30.0,0.0,0.0,0.0,1.0,0.0,0.0
ATGTCAATCTAAATCG-2,37.0,0.0,0.0,0.0,0.0,0.0,1.0
ATGGCCGGTTTCAGGA-3,9.0,0.0,0.0,0.0,0.0,1.0,0.0
TTCCCGCCAGAACCGA-1,1.0,0.0,0.0,0.0,0.0,0.0,1.0
AACAAAGGTTAAGCGC-3,1.0,1.0,0.0,0.0,0.0,0.0,0.0
CGAGTCGGTAATCGCA-3,28.0,0.24355764626440804,,,0.2713230524219713,0.21916108471229478,0.2659582166013259
GTAAGCTTCATGCTCC-2,11.0,0.26017380928088074,,,0.3107460265472086,0.2228172513789396,0.20626291279297101
AACAGCAAGTAACCCG-3,8.0,0.22347106138460127,,,0.25914442347718897,0.16517053432406306,0.3522139808141467
GGGCATGAGAGAGGAG-3,21.0,0.36496857686394185,0.0,0.0,0.2425919314203312,0.14718681699163197,0.24525267472409484
GTAGGATCAAAGCGGC-1,33.0,0.0,0.0,0.0,1.0,0.0,0.0
GAGGCAAGTTAAGTGT-2,15.0,0.0,0.0,0.0,0.0,0.0,1.0
CTGGCTAAGTCATGCG-1,21.0,0.0,0.0,0.0,1.0,0.0,0.0
AACCCGCAGCACAGGG-2,2.0,1.0,0.0,0.0,0.0,0.0,0.0
GCGGGTTTCCCTGATC-2,23.0,1.0,0.0,0.0,0.0,0.0,0.0
TTCCCACAGGACTTAC-3,29.0,0.0,0.0,0.0,0.0,1.0,0.0
GATTGTTCAATCCTAG-1,19.0,0.0,0.0,0.0,1.0,0.0,0.0
GTGTCCAAGCGCATTG-3,4.0,0.2789549502429366,0.0,0.0,0.1885732419812842,0.21961014244052887,0.31286166533525034
TTTCATCAGCCTTAAA-2,26.0,0.0,0.0,0.0,0.0,1.0,0.0
TTTCATCAGCCGCAGT-3,24.0,1.0,0.0,0.0,0.0,0.0,0.0
ATATGTCCAACTAACT-1,34.0,0.0,0.0,0.0,0.0,0.0,1.0
AGGTTTATCCTAGTAA-1,32.0,0.0,0.0,0.0,0.0,0.0,1.0
ACCCGTAAGGAGGGTT-3,24.0,0.21845905187174444,,,0.2480843926368116,0.19755649681913243,0.33590005867231154
CTTCTCAAGGCGCTAC-3,37.0,0.15830411656991292,,,0.21353305020503288,0.2890839998065646,0.33907883341848966
GCCCAAATCATAATCG-2,16.0,1.0,0.0,0.0,0.0,0.0,0.0
AGAGAAGCATTGCAGC-3,1.0,0.2431277739439729,,,0.27520525106868904,0.22514867316661977,0.2565183018207184
AAAGGACGTTGTAACG-2,30.0,1.0,0.0,0.0,0.0,0.0,0.0
TATCGAGGTACCGGAT-1,8.0,0.0,0.0,0.0,0.0,0.0,1.0
TGCAAGCGTTGTTGTC-3,6.0,0.28619740144106137,,,0.20095345838278786,0.28595501190791156,0.2268941282682392
CGTTAAATCCGTTAAA-3,37.0,0.0,0.0,0.0,0.0,1.0,0.0
ATGAATGCAGCGCTTG-3,1.0,0.2431277739439729,,,0.27520525106868904,0.22514867316661977,0.2565183018207184
TTTCCTGAGGTTACGT-2,4.0,0.2789549502429366,0.0,0.0,0.1885732419812842,0.21961014244052887,0.31286166533525034
CTTGAACAGCACTTGG-2,1.0,0.0,0.0,0.0,0.5175720533220929,0.0,0.48242794667790717
CGGATAAAGCCACAAT-3,34.0,0.23141187017972628,,,0.21203187960198364,0.23517958103089368,0.32137666918739655
GGTTAATGTGATGAGG-2,35.0,0.0,0.0,0.0,1.0,0.0,0.0
GCAGGTTGTAGGTTAT-1,32.0,0.0,0.0,0.0,1.0,0.0,0.0
TCTAGCGAGGACCGCT-1,7.0,1.0,0.0,0.0,0.0,0.0,0.0
TGCCGGTAGCTGTAAC-1,36.0,0.0,0.0,0.0,1.0,0.0,0.0
GGTGAGTAGTAACCAC-3,1.0,0.2431277739439729,0.0,0.0,0.27520525106868904,0.22514867316661977,0.2565183018207184
TCAAGCTAGTGAGGTA-1,30.0,0.0,0.0,0.0,1.0,0.0,0.0
CCAACCCGTATTCGCT-2,10.0,0.26490417044114983,,,0.1425309127782741,0.3402195170606928,0.2523453997198832
TGTAAGCTCAGTTCCC-1,34.0,0.0,0.0,0.0,1.0,0.0,0.0
TTGCAATCATTATGGT-2,32.0,0.0,0.0,0.0,0.0,0.0,1.0
GGGTGTTGTTTACTTG-2,23.0,0.0,0.0,0.0,1.0,0.0,0.0
GGCGGTTTCTGTGCCT-1,34.0,0.0,0.0,0.0,1.0,0.0,0.0
GGATGAATCCGCCTCA-2,16.0,1.0,0.0,0.0,0.0,0.0,0.0
AAACGGATCCTCCCTC-3,20.0,0.255116509861887,,,0.11378520411624034,0.3739473542312623,0.25715093179061016
CGGACCTAGTCATCCC-3,35.0,1.0,0.0,0.0,0.0,0.0,0.0
GAACCAGCATGGAGGC-2,24.0,0.0,0.0,0.0,1.0,0.0,0.0
GACGTAAAGTCGCTAG-2,4.0,0.2789549502429366,,,0.1885732419812842,0.21961014244052887,0.31286166533525034
TTGGTGAGTTGGCCGA-2,28.0,0.0,0.0,0.0,1.0,0.0,0.0
GTTGTTGCATGAGTTT-3,25.0,1.0,0.0,0.0,0.0,0.0,0.0
TCATTTGGTGAGGTAG-3,10.0,0.0,0.0,0.0,0.0,1.0,0.0
GGATTATGTACCGTTT-1,5.0,0.0,0.0,0.0,1.0,0.0,0.0
CACATACAGTCATTAG-3,30.0,0.2305508875130836,,,0.30015485066475694,0.2562706347632869,0.21302362705887254
TTAGCGGTCGGGACTC-3,26.0,0.3005755128437196,,,0.19364293997678975,0.3106467509625101,0.19513479621698074
TACGTTAAGACAGGCG-1,29.0,0.0,0.0,0.0,1.0,0.0,0.0
GATGACTTCCAATTAG-2,5.0,0.25007613426230707,,,0.2764713286099489,0.24316603374735998,0.23028650338038426
AGCGGATAGGAGCACG-3,33.0,1.0,0.0,0.0,0.0,0.0,0.0
TACATCAAGCTGAGGG-3,7.0,1.0,0.0,0.0,0.0,0.0,0.0
TTACACCGTTTGGGTA-2,9.0,0.25657805136510725,0.0,0.0,0.19608879238864382,0.26842478255731234,0.2789083736889367
TGAACAGAGGTCGATT-3,17.0,0.28041555117654665,,,0.21377517180417943,0.21373583317818393,0.29207344384108996
TGACTCCTCAAGTGAG-2,16.0,0.0,0.0,0.0,0.0,0.0,1.0
CAATGTCAGCTTCTCA-1,3.0,1.0,0.0,0.0,0.0,0.0,0.0
AGTTTGATCCCTCTAA-2,16.0,0.19281102196304184,0.0,0.0,0.24608965471250854,0.23107341591095565,0.33002590741349397
GGGCGAATCCCGAAGC-1,15.0,0.0,0.0,0.0,1.0,0.0,0.0
GACTTACAGTCAGGCC-1,27.0,0.0,0.0,0.0,1.0,0.0,0.0
GAGGGAGCATGCATAT-3,36.0,0.2461747580345537,0.0,0.0,0.1850283944180879,0.27103139859455855,0.2977654489527998
AGCTATATCTTAGCCC-1,17.0,0.0,0.0,0.0,0.0,0.0,1.0
ATCCGTGAGGAGTCTT-3,7.0,0.23707317196827163,,,0.3805360488007793,0.2041805565917011,0.17821022263924788
CAATGAACATCAGTAT-2,24.0,0.21845905187174444,0.0,0.0,0.2480843926368116,0.19755649681913243,0.33590005867231154
CTACGAAGTCACGAAC-3,2.0,0.21079074246169519,,,0.3110256879333526,0.2245883274521365,0.25359524215281576
CTAATCCGTCACACCC-3,14.0,0.25490642483705084,,,0.203860627012991,0.27543380527416844,0.2657991428757897
GTTTGTCGTTACAAAC-2,33.0,0.0,0.0,0.0,1.0,0.0,0.0
TGATGATGTTGTGACA-3,34.0,0.0,0.0,0.0,0.0,1.0,0.0
TGGACCGGTTACCTGT-3,29.0,0.31074906515307005,,,0.233016360882147,0.22003051032240445,0.2362040636423785
CCTAAGCCATAAGTCT-3,19.0,0.28880190709864184,,,0.19477936981053914,0.2980900086334725,0.21832871445734645
CTCCGTCCAGGGAGCT-1,11.0,0.0,0.0,0.0,1.0,0.0,0.0
GAGCTTGTCAAATCGC-3,28.0,0.24355764626440804,0.0,0.0,0.2713230524219713,0.21916108471229478,0.2659582166013259
GAGGCTACATCAGCAC-3,1.0,0.2431277739439729,,,0.27520525106868904,0.22514867316661977,0.2565183018207184
ACCTTCATCAGGAACA-2,8.0,0.22347106138460127,0.0,0.0,0.25914442347718897,0.16517053432406306,0.3522139808141467
TCTTAGTTCATTGCAA-2,32.0,0.0,0.0,0.0,1.0,0.0,0.0
GATCAGGCAAGCTTTG-1,21.0,1.0,0.0,0.0,0.0,0.0,0.0
CCACAATAGTCGCTAG-3,26.0,0.0,0.0,0.0,0.0,1.0,0.0
CCGCTAAAGGCCTGGT-3,8.0,0.0,0.0,0.0,0.0,1.0,0.0
AATCTTGAGGCGCATC-2,18.0,0.0,0.0,0.0,0.0,0.0,1.0
CCTTCGTAGCTCCTAC-2,23.0,0.0,0.0,0.0,0.4389587339151013,0.0,0.5610412660848987
CTTGCAACATCCAGGT-2,10.0,0.0,0.0,0.0,1.0,0.0,0.0
AATTACCCAGACAAAC-3,5.0,0.0,0.0,0.0,0.0,1.0,0.0
ATGTGAGAGACACTTA-3,11.0,0.26017380928088074,,,0.3107460265472086,0.2228172513789396,0.20626291279297101
AAGAACAGTTATAGCG-3,24.0,0.21845905187174444,,,0.2480843926368116,0.19755649681913243,0.33590005867231154
TCTCAATTCAGAAACG-2,27.0,0.0,0.0,0.0,1.0,0.0,0.0
CGTGAGGAGCGGGCAA-2,19.0,0.28880190709864184,0.0,0.0,0.19477936981053914,0.2980900086334725,0.21832871445734645
TCGTCAACACCTCGCT-1,22.0,0.0,0.0,0.0,1.0,0.0,0.0
TACTGGCCACAGACTC-3,7.0,0.23707317196827163,,,0.3805360488007793,0.2041805565917011,0.17821022263924788
TACGTAATCCCTGGTT-2,6.0,0.28619740144106137,0.0,0.0,0.20095345838278786,0.28595501190791156,0.2268941282682392
TACAACATCTCAATTC-2,14.0,0.0,0.0,0.0,0.0,0.0,1.0
TGCTCACTCCTCACTA-3,11.0,0.0,0.0,0.0,0.0,1.0,0.0
TTGTTCCCATCCCTCA-3,5.0,0.25007613426230707,,,0.2764713286099489,0.24316603374735998,0.23028650338038426
GCGATTAGTAGGTTGC-2,27.0,0.0,0.0,0.0,1.0,0.0,0.0
TGAGTGAAGAGAGGAG-2,18.0,0.23638071763888321,,,0.28964209218552694,0.2590708442645409,0.21490634591104896
AACAAGCCACATAACT-2,13.0,0.0,0.0,0.0,1.0,0.0,0.0
TTGTCCATCGAGGAAC-2,3.0,0.0,0.0,0.0,1.0,0.0,0.0
AACATCATCCTTCGTA-3,12.0,0.22393288850727908,,,0.21148179656914845,0.3491266157595441,0.21545869916402838
TCATTACTCCTAAGGT-2,27.0,1.0,0.0,0.0,0.0,0.0,0.0
GTAAGGTCAAGCCACT-3,5.0,0.25007613426230707,,,0.2764713286099489,0.24316603374735998,0.23028650338038426
CGCTCCATCGAAGCGG-1,19.0,0.0,0.0,0.0,1.0,0.0,0.0
CGCCACACAGTTTGTG-3,17.0,0.28041555117654665,,,0.21377517180417943,0.21373583317818393,0.29207344384108996
CATATCGCACCGGCTA-3,9.0,1.0,0.0,0.0,0.0,0.0,0.0
CGTGTTACAATGAATG-3,14.0,0.25490642483705084,,,0.203860627012991,0.27543380527416844,0.2657991428757897
AAAGGAGCACATAGCC-2,31.0,0.0,0.0,0.0,1.0,0.0,0.0
GCGCGATTCGTTAACA-1,15.0,1.0,0.0,0.0,0.0,0.0,0.0
AAGAATCAGGGCTAAA-1,31.0,0.0,0.0,0.0,0.0,0.0,1.0
TCCTGGTTCCTTGTTG-2,19.0,0.0,0.0,0.0,0.0,1.0,0.0
TTGATGTCAGATAGAC-3,3.0,0.2510908928836586,,,0.23769248350866462,0.29944475183729763,0.2117718717703792
CAGCTCAAGCTGTCAG-3,15.0,0.0,0.0,0.0,0.0,1.0,0.0
AAGGTGCAGTCTTGAA-3,25.0,0.0,0.0,0.0,0.0,1.0,0.0
TCAAGACTCATTACTC-2,5.0,0.25007613426230707,,,0.2764713286099489,0.24316603374735998,0.23028650338038426
TCTAACTTCCGCACAA-2,2.0,0.0,0.0,0.0,0.5508575246863168,0.0,0.4491424753136833
ACACCTTGTTATTGCC-2,9.0,0.25657805136510725,0.0,0.0,0.19608879238864382,0.26842478255731234,0.2789083736889367
TTTCATCAGTCCTGAG-2,1.0,0.0,0.0,0.0,1.0,0.0,0.0
ATGAAGTAGTTGCGTG-3,16.0,0.19281102196304184,,,0.24608965471250854,0.23107341591095565,0.33002590741349397
TTTAGCTTCAAACTCA-3,12.0,0.22393288850727908,,,0.21148179656914845,0.3491266157595441,0.21545869916402838
CCGTGCTGTTTAGCTC-1,1.0,1.0,0.0,0.0,0.0,0.0,0.0
GTTGCTGAGGCTAATC-3,35.0,0.2399263636153897,0.0,0.0,0.17564806529159285,0.22166609309080135,0.362759478002216
GTTTGTTTCATCCTGC-3,15.0,0.25404889456095253,,,0.3994002521455771,0.19749238598555172,0.14905846730791872
CTAGTGAGTAAATTGC-2,12.0,0.22393288850727908,0.0,0.0,0.21148179656914845,0.3491266157595441,0.21545869916402838
GTTCTTGTCAATCATG-1,24.0,1.0,0.0,0.0,0.0,0.0,0.0
TAGTGGCGTACTTAGG-3,35.0,0.0,0.0,0.0,0.0,1.0,0.0
AGTGAGTCAGCATTAT-3,12.0,0.0,0.0,0.0,0.0,1.0,0.0
GTAGGAGGTGTTTGAG-2,12.0,0.22393288850727908,0.0,0.0,0.21148179656914845,0.3491266157595441,0.21545869916402838
GCAAACCGTCATGCCC-3,3.0,1.0,0.0,0.0,0.0,0.0,0.0
AACAAAGGTAAACAAG-1,27.0,0.0,0.0,0.0,1.0,0.0,0.0
GACCGAACAGTTTCTC-1,34.0,0.0,0.0,0.0,1.0,0.0,0.0
AATTAGGCACCGGTAT-3,12.0,0.22393288850727908,,,0.21148179656914845,0.3491266157595441,0.21545869916402838
CGCATGATCTTAGGGT-3,16.0,0.19281102196304184,,,0.24608965471250854,0.23107341591095565,0.33002590741349397
TTAAGGACATGGCCCA-1,11.0,0.0,0.0,0.0,1.0,0.0,0.0
GGCTCACAGTTCCTGC-3,34.0,0.2936817673065708,0.0,0.0,0.0,0.29846331969889894,0.4078549129945302
AGGCCCAGTCACAGCG-1,26.0,0.0,0.0,0.0,1.0,0.0,0.0
TGGTAAACAAGTTATC-3,19.0,0.28880190709864184,,,0.19477936981053914,0.2980900086334725,0.21832871445734645
GATGCATTCCCTCAGT-1,1.0,0.0,0.0,0.0,1.0,0.0,0.0
CGTCCTAGTGTTCCCA-2,8.0,0.301639170259685,0.0,0.0,0.0,0.22294565844977138,0.47541517129054367
CATGCATAGGAACCGG-1,15.0,0.0,0.0,0.0,1.0,0.0,0.0
CACTAGCCATAGACCC-2,10.0,0.0,0.0,0.0,1.0,0.0,0.0
ACAACAGAGTTATCCT-3,22.0,1.0,0.0,0.0,0.0,0.0,0.0
GGGCATGAGGAAGCTA-1,20.0,0.0,0.0,0.0,1.0,0.0,0.0
GACACCGGTGGGTACT-1,25.0,0.0,0.0,0.0,1.0,0.0,0.0
TACAGCTAGCAGGCCT-2,10.0,0.0,0.0,0.0,0.0,0.0,1.0
GTAGGTGCACCAGCAT-3,12.0,0.22393288850727908,,,0.21148179656914845,0.3491266157595441,0.21545869916402838
GAAAGCCAGTAGGATG-2,12.0,0.22393288850727908,0.0,0.0,0.21148179656914845,0.3491266157595441,0.21545869916402838
AGCCTAAGTTGCACGG-3,15.0,1.0,0.0,0.0,0.0,0.0,0.0
ACCTCACTCCATAATG-2,1.0,0.0,0.0,0.0,0.0,0.0,1.0
TTAAGGACAAACTGTT-1,18.0,0.0,0.0,0.0,1.0,0.0,0.0
CTTAAGATCGTCCTTA-1,2.0,0.0,0.0,0.0,1.0,0.0,0.0
AAGTTTGTCGCTAGTG-2,9.0,0.25657805136510725,,,0.19608879238864382,0.26842478255731234,0.2789083736889367
AAAGGCTCACGTGCTG-3,5.0,1.0,0.0,0.0,0.0,0.0,0.0
CCAGGATGTTATCCGT-3,3.0,0.0,0.0,0.0,0.0,1.0,0.0
CGATCCTTCAGCTAAC-2,21.0,0.36496857686394185,0.0,0.0,0.2425919314203312,0.14718681699163197,0.24525267472409484
GCCAATAGTCCAAGAC-3,5.0,0.25007613426230707,,,0.2764713286099489,0.24316603374735998,0.23028650338038426
GAGTTGCGTAAGCACC-1,36.0,0.0,0.0,0.0,1.0,0.0,0.0
TTCCACGGTAGGTTGC-1,23.0,0.0,0.0,0.0,1.0,0.0,0.0
CTGTAACAGTTACCGG-3,17.0,1.0,0.0,0.0,0.0,0.0,0.0
AATTGGACATCGCTTT-1,3.0,0.0,0.0,0.0,1.0,0.0,0.0
CGGTTCCGTTCCTGTG-3,15.0,0.0,0.0,0.0,0.0,1.0,0.0
GATAAGCCAATAATGG-2,31.0,0.24483511612846504,,,0.34550975661796685,0.2764681959007302,0.13318693135283804
TGTGGAGCATAGACTT-3,33.0,0.3281016071581825,0.0,0.0,0.0,0.34626831539526715,0.3256300774465504
AAATGCCTCAATGACC-1,15.0,0.0,0.0,0.0,1.0,0.0,0.0
CTTCATCCACATAGCC-1,20.0,0.0,0.0,0.0,1.0,0.0,0.0
CGCTCCATCCGTTAAA-3,9.0,0.25657805136510725,,,0.19608879238864382,0.26842478255731234,0.2789083736889367
CAACCCGCAGGCTAAG-3,2.0,0.0,0.0,0.0,0.0,0.0,1.0
ACCTTGCTCGATAACC-3,24.0,0.0,0.0,0.0,0.0,1.0,0.0
AGCATTTCAGGAACTG-1,30.0,1.0,0.0,0.0,0.0,0.0,0.0
TGAGGCACACGTAAGG-2,2.0,0.21079074246169519,0.0,0.0,0.3110256879333526,0.2245883274521365,0.25359524215281576
ATGCAAACATCAATCG-1,13.0,0.0,0.0,0.0,1.0,0.0,0.0
GCCAATTAGTAGCGCC-1,30.0,0.0,0.0,0.0,1.0,0.0,0.0
TTAGACTCAGGAACTG-2,38.0,0.0,0.0,0.0,0.0,0.0,1.0
GCACATTAGCAACATC-2,34.0,1.0,0.0,0.0,0.0,0.0,0.0
TAATGCATCGTTTCGC-1,20.0,1.0,0.0,0.0,0.0,0.0,0.0
GCCTGACAGGTAGCTT-2,19.0,0.0,0.0,0.0,1.0,0.0,0.0
AAGGTGCAGGCGCATC-1,15.0,0.0,0.0,0.0,1.0,0.0,0.0
CTAAGTCAGGAAGCAC-3,11.0,0.26017380928088074,0.0,0.0,0.3107460265472086,0.2228172513789396,0.20626291279297101
CCGCCAACAGATTCAT-1,3.0,0.0,0.0,0.0,1.0,0.0,0.0
GGACAGCCAATTAACC-2,11.0,0.0,0.0,0.0,1.0,0.0,0.0
CGTGCTGCAACACTTG-1,33.0,0.0,0.0,0.0,1.0,0.0,0.0
GGCGCTAGTGATGAAA-1,1.0,0.0,0.0,0.0,1.0,0.0,0.0
GACCTAAGTTCAAGCA-2,30.0,0.0,0.0,0.0,0.0,0.0,1.0
TTGTCCGGTCCTAACT-1,18.0,0.0,0.0,0.0,1.0,0.0,0.0
AGGCTAAAGCCGCAAC-2,9.0,0.0,0.0,0.0,1.0,0.0,0.0
GTATTGATCAGAAACG-2,15.0,0.0,0.0,0.0,0.0,0.0,1.0
TCATAACCAGCTAACC-1,15.0,0.0,0.0,0.0,1.0,0.0,0.0
CGCTATGAGTTGGGCC-3,21.0,0.36496857686394185,,,0.2425919314203312,0.14718681699163197,0.24525267472409484
TTCCCACAGCCTTAAA-1,15.0,0.0,0.0,0.0,1.0,0.0,0.0
ATTTAGGTCACGAATC-3,1.0,0.2431277739439729,,,0.27520525106868904,0.22514867316661977,0.2565183018207184
AGCAATACAATTGACT-3,20.0,0.255116509861887,,,0.11378520411624034,0.3739473542312623,0.25715093179061016
CGAAGAATCTTGAGGT-3,21.0,0.0,0.0,0.0,0.0,1.0,0.0
AGCCGCTAGAGGAGTC-1,14.0,0.0,0.0,0.0,1.0,0.0,0.0
AGTGCACGTGAGCGAA-1,21.0,0.0,0.0,0.0,1.0,0.0,0.0
GGGAATATCAAACCGT-2,1.0,1.0,0.0,0.0,0.0,0.0,0.0
GTTCTCATCCAGGTTG-2,16.0,0.25574794558564723,0.0,0.0,0.0,0.3064998608327089,0.43775219358164397
TTCACTGTCCGTGACA-1,30.0,0.0,0.0,0.0,1.0,0.0,0.0
GTTAAACGTGAAACAA-2,15.0,0.0,0.0,0.0,1.0,0.0,0.0
TGAAGTGAGGCAAGTA-2,38.0,1.0,0.0,0.0,0.0,0.0,0.0
CTTGTCCAGCTGAGGG-3,17.0,0.0,0.0,0.0,0.0,1.0,0.0
GTAAGCAAGCTCAAAC-1,13.0,0.0,0.0,0.0,1.0,0.0,0.0
GGAGGTTAGGAATAAC-3,38.0,0.19027885726034566,0.0,0.0,0.23574107619489226,0.2789089395946002,0.2950711269501618
CGCAAATTCGAGGTGG-1,1.0,0.0,0.0,0.0,1.0,0.0,0.0
TTCCTCAAGACAACAG-1,7.0,0.0,0.0,0.0,0.0,0.0,1.0
CATGAGGCACCCTCAC-3,11.0,1.0,0.0,0.0,0.0,0.0,0.0
GAGCTGCTCGCAGGCT-2,12.0,0.22393288850727908,,,0.21148179656914845,0.3491266157595441,0.21545869916402838
AATTAGGCAAAGCGGC-1,7.0,0.0,0.0,0.0,0.0,0.0,1.0
TTCAGCACAAGGATTA-1,2.0,0.0,0.0,0.0,1.0,0.0,0.0
GTTTACCGTTCGCTTG-2,22.0,0.0,0.0,0.0,0.0,0.0,1.0
TATCACAAGAGCCGCT-2,16.0,0.19281102196304184,,,0.24608965471250854,0.23107341591095565,0.33002590741349397
GCCATGATCCTACCTA-3,1.0,0.2431277739439729,,,0.27520525106868904,0.22514867316661977,0.2565183018207184
TCCATTGTCCTAATGA-2,13.0,0.0,0.0,0.0,1.0,0.0,0.0
GTGGTTAGTGTCCAAA-1,17.0,0.0,0.0,0.0,1.0,0.0,0.0
CGCGATTCAAAGGTAC-1,3.0,0.0,0.0,0.0,0.0,0.0,1.0
GGACGGATCATTAGCA-1,32.0,0.0,0.0,0.0,1.0,0.0,0.0
GGAGCGATCATGGCTG-3,24.0,1.0,0.0,0.0,0.0,0.0,0.0
ATGCAAACAAGGTGGC-2,29.0,0.0,0.0,0.0,0.4966031926642348,0.0,0.5033968073357652
CCAGTTTGTTGTTGGA-2,19.0,0.0,0.0,0.0,1.0,0.0,0.0
GTTCGCTTCTTAGCGG-3,21.0,0.0,0.0,0.0,0.0,1.0,0.0
ATTACCCGTATTGTCC-1,3.0,0.0,0.0,0.0,1.0,0.0,0.0
ATGTTGTCAGAAATTG-3,37.0,0.15830411656991292,,,0.21353305020503288,0.2890839998065646,0.33907883341848966
CTAACCACAGACAAAC-3,7.0,1.0,0.0,0.0,0.0,0.0,0.0
TGTGCTGAGCGGCTGT-3,36.0,0.2461747580345537,,,0.1850283944180879,0.27103139859455855,0.2977654489527998
CGTAGCGGTGCATTAG-3,10.0,0.26490417044114983,,,0.1425309127782741,0.3402195170606928,0.2523453997198832
CTAATTGAGTTAACCA-1,16.0,0.0,0.0,0.0,1.0,0.0,0.0
AAGTTACGTTTCCGGC-2,29.0,0.31074906515307005,0.0,0.0,0.233016360882147,0.22003051032240445,0.2362040636423785
CTGCTCCCACAAAGGT-2,9.0,0.0,0.0,0.0,1.0,0.0,0.0
GCCTACTTCTCACATT-1,32.0,0.0,0.0,0.0,1.0,0.0,0.0
GTATTGCAGACTAAGG-3,4.0,1.0,0.0,0.0,0.0,0.0,0.0
CCAAACTAGTACCGCA-1,33.0,0.0,0.0,0.0,0.0,0.0,1.0
GACACCGGTTGGGTTA-3,18.0,0.23638071763888321,,,0.28964209218552694,0.2590708442645409,0.21490634591104896
TACAGCTAGCTGGACC-1,7.0,1.0,0.0,0.0,0.0,0.0,0.0
TGTGATCAGCTAATCA-3,13.0,0.2379245460670892,,,0.33034621848395457,0.2084468038321267,0.22328243161682945
GATAAGCCAACGTGCT-1,33.0,0.0,0.0,0.0,1.0,0.0,0.0
GCCCAAATCTCACTAT-1,2.0,0.0,0.0,0.0,1.0,0.0,0.0
CAATGCCCAATCCTAG-3,5.0,0.25007613426230707,,,0.2764713286099489,0.24316603374735998,0.23028650338038426
TTGCAAGGTTATCGAG-2,10.0,0.0,0.0,0.0,0.0,1.0,0.0
TACCAAATCCATAAGC-3,5.0,0.25007613426230707,,,0.2764713286099489,0.24316603374735998,0.23028650338038426
AAGGCCCTCTTGCAAA-2,5.0,0.0,0.0,0.0,0.0,0.0,1.0
TGTGTGAGTCAGTAAT-3,32.0,0.23501474983514806,0.0,0.0,0.36169219852304807,0.23220664506324848,0.1710864065785554
TGATTAGTCGTTACTT-3,33.0,0.0,0.0,0.0,0.0,0.0,1.0
CGGTAACGTTGTTGTC-1,33.0,0.0,0.0,0.0,0.0,0.0,1.0
CCATATTTCTCCTCTT-3,34.0,1.0,0.0,0.0,0.0,0.0,0.0
TCAAGACTCGCTAGCA-3,5.0,1.0,0.0,0.0,0.0,0.0,0.0
ACGCCTAAGCTACTGG-2,18.0,0.0,0.0,0.0,1.0,0.0,0.0
AACCTAATCGTTAGTA-1,34.0,0.0,0.0,0.0,1.0,0.0,0.0
CCCAATTGTTTGGCTT-3,10.0,0.26490417044114983,,,0.1425309127782741,0.3402195170606928,0.2523453997198832
GTGAATCTCACAGCGC-2,12.0,0.0,0.0,0.0,1.0,0.0,0.0
CGTATTGCAGGGAGGA-3,3.0,0.2510908928836586,,,0.23769248350866462,0.29944475183729763,0.2117718717703792
GCTGACCAGCACGATT-3,10.0,0.0,0.0,0.0,0.0,0.0,1.0
AGCATTTCAGAAATGC-3,5.0,1.0,0.0,0.0,0.0,0.0,0.0
AGAACAAGTCCGCTGT-1,31.0,0.0,0.0,0.0,1.0,0.0,0.0
CATAACGGTGCTTTAC-3,15.0,0.25404889456095253,,,0.3994002521455771,0.19749238598555172,0.14905846730791872
TAAGGACCATATTGAC-1,15.0,0.0,0.0,0.0,1.0,0.0,0.0
GAGAGGCGTAAGTCGC-3,31.0,1.0,0.0,0.0,0.0,0.0,0.0
CCGTTATGTTGCTGGG-3,3.0,0.2510908928836586,,,0.23769248350866462,0.29944475183729763,0.2117718717703792
CTGTTTAGTATTCGCT-3,1.0,0.0,0.0,0.0,0.0,1.0,0.0
GGAGGTTAGCCTAATA-2,25.0,0.25294349983189635,0.0,0.0,0.22563202807869934,0.20762681900387653,0.31379765308552765
AGTACGCGTGCTCCGT-2,18.0,0.0,0.0,0.0,0.0,0.0,1.0
CTCTGTTCAAACAACA-1,13.0,0.0,0.0,0.0,1.0,0.0,0.0
GCTGCACAGTTACCGG-2,35.0,0.2399263636153897,0.0,0.0,0.17564806529159285,0.22166609309080135,0.362759478002216
ATGTTTGAGCTGCACA-2,7.0,0.0,0.0,0.0,1.0,0.0,0.0
CAACTAGGTGTTGTGA-3,15.0,0.4229920100175108,0.0,0.0,0.0,0.32882528953945067,0.24818270044303847
GCGCTAGGTTGAAGCC-3,9.0,0.25657805136510725,,,0.19608879238864382,0.26842478255731234,0.2789083736889367
TTAGGCGTCCTGGTGA-3,15.0,1.0,0.0,0.0,0.0,0.0,0.0
TGTCATAAGAACAAGT-1,11.0,0.0,0.0,0.0,1.0,0.0,0.0
CTAAAGCTCTTTGTAC-1,27.0,0.0,0.0,0.0,1.0,0.0,0.0
ACCAGGACAGCTCAAC-2,22.0,0.0,0.0,0.0,0.0,0.0,1.0
GAGTATCTCATTGCGG-3,36.0,0.2461747580345537,,,0.1850283944180879,0.27103139859455855,0.2977654489527998
GAAGGCTAGTTATGTG-3,5.0,0.25007613426230707,,,0.2764713286099489,0.24316603374735998,0.23028650338038426
GGTACCGGTCACTCGC-3,19.0,1.0,0.0,0.0,0.0,0.0,0.0
GACTTAGGTTAGTGAT-2,3.0,1.0,0.0,0.0,0.0,0.0,0.0
AACGCCCAGTCACTAA-1,11.0,0.0,0.0,0.0,1.0,0.0,0.0
CGAAGGCCACCTCACC-3,12.0,0.22393288850727908,,,0.21148179656914845,0.3491266157595441,0.21545869916402838
TATCGCACATAGCAGG-2,21.0,0.0,0.0,0.0,1.0,0.0,0.0
CTAAATGTCGAAGTGA-2,19.0,0.28880190709864184,0.0,0.0,0.19477936981053914,0.2980900086334725,0.21832871445734645
GGATTTATCACATTGA-1,1.0,0.0,0.0,0.0,1.0,0.0,0.0
GGAGTCTGTCACAAAT-3,16.0,0.25574794558564723,0.0,0.0,0.0,0.3064998608327089,0.43775219358164397
CTCGCTCCATAATGTC-2,22.0,0.0,0.0,0.0,1.0,0.0,0.0
TAGGAGTCAACTAGCC-2,25.0,0.0,0.0,0.0,0.0,1.0,0.0
CACTAGCCAATTGCGC-3,25.0,0.25294349983189635,,,0.22563202807869934,0.20762681900387653,0.31379765308552765
TTTCACCCAGGTTAAA-2,7.0,0.23707317196827163,,,0.3805360488007793,0.2041805565917011,0.17821022263924788
TTGAGGCGTAGCTGCG-2,6.0,0.0,0.0,0.0,1.0,0.0,0.0
CCAACATAGAAACTGG-3,23.0,0.2890753295347951,,,0.21326803108883835,0.2250748294409998,0.2725818099353668
AGTGCACGTATTCGCT-3,31.0,0.0,0.0,0.0,0.0,1.0,0.0
TTCCCGCCAGCATGGA-1,18.0,0.0,0.0,0.0,1.0,0.0,0.0
AGTTTGATCCGCTAGA-1,35.0,0.0,0.0,0.0,1.0,0.0,0.0
AGTACGCGTTAGAGGG-3,11.0,0.26017380928088074,,,0.3107460265472086,0.2228172513789396,0.20626291279297101
TTACGTTTCAAGGACA-2,16.0,0.0,0.0,0.0,0.0,0.0,1.0
CCAGACTCACCAGGTT-3,4.0,1.0,0.0,0.0,0.0,0.0,0.0
AGCGCCTAGTAAGTCC-3,6.0,1.0,0.0,0.0,0.0,0.0,0.0
CGGGACAAGTGCACGC-3,5.0,0.25007613426230707,,,0.2764713286099489,0.24316603374735998,0.23028650338038426
GACCTCAAGCTCCCTG-2,5.0,0.25007613426230707,,,0.2764713286099489,0.24316603374735998,0.23028650338038426
TGCTGGATCCGTTAAA-2,2.0,0.0,0.0,0.0,0.0,0.0,1.0
CTAGGACGTGCGCATG-3,15.0,0.25404889456095253,,,0.3994002521455771,0.19749238598555172,0.14905846730791872
ACAACAGAGCTCGCTT-3,10.0,0.26490417044114983,0.0,0.0,0.1425309127782741,0.3402195170606928,0.2523453997198832
TAAAGCCTCATTAGTG-3,1.0,0.2431277739439729,,,0.27520525106868904,0.22514867316661977,0.2565183018207184
TTAGCAATCCGGTTAG-1,15.0,0.0,0.0,0.0,1.0,0.0,0.0
CATTGTGCATTGCGAC-3,10.0,0.0,0.0,0.0,0.0,1.0,0.0
CTCGACAAGTGAGGTA-3,24.0,0.21845905187174444,,,0.2480843926368116,0.19755649681913243,0.33590005867231154
TCAGGTTAGGGTGAAC-1,30.0,0.0,0.0,0.0,1.0,0.0,0.0
TACGCACCATTAAGTC-1,3.0,1.0,0.0,0.0,0.0,0.0,0.0
GTTTATCTCAGGCCTA-3,38.0,0.0,0.0,0.0,0.0,1.0,0.0
TTTCGTCCACAGGATG-2,6.0,0.3581736313654754,0.0,0.0,0.0,0.3578702829113801,0.28395608572314446
CCCAAATAGCGAGGTG-3,1.0,0.0,0.0,0.0,0.0,1.0,0.0
GGTACAAAGAGCCGCT-3,26.0,0.3005755128437196,,,0.19364293997678975,0.3106467509625101,0.19513479621698074
GCAAACAAGGATGATG-3,29.0,0.31074906515307005,0.0,0.0,0.233016360882147,0.22003051032240445,0.2362040636423785
TTTGGCTGTAACCAGC-2,37.0,1.0,0.0,0.0,0.0,0.0,0.0
CGCACACAGGTACCGC-3,9.0,0.0,0.0,0.0,0.0,1.0,0.0
TCGTTAAAGGCATTGT-3,3.0,0.2510908928836586,,,0.23769248350866462,0.29944475183729763,0.2117718717703792
ACCTCACTCATGCAAC-3,9.0,0.25657805136510725,,,0.19608879238864382,0.26842478255731234,0.2789083736889367
GTTACCTGTTCCGGGA-1,5.0,0.0,0.0,0.0,1.0,0.0,0.0
AGTCCTTGTACTTAGG-3,26.0,0.3005755128437196,,,0.19364293997678975,0.3106467509625101,0.19513479621698074
TGTAATGTCCCATAGG-2,30.0,0.0,0.0,0.0,1.0,0.0,0.0
GCTCCTTAGCAAGGGT-3,27.0,0.2659503422898086,,,0.3090767064839525,0.2252336567198111,0.1997392945064278
TGGCTAAGTAACCACA-3,5.0,0.0,0.0,0.0,0.0,0.0,1.0
GGTTTAATCGATCAGT-2,1.0,0.2431277739439729,,,0.27520525106868904,0.22514867316661977,0.2565183018207184
GTAAGCAAGGTAAGCA-3,12.0,0.22393288850727908,0.0,0.0,0.21148179656914845,0.3491266157595441,0.21545869916402838
AGTTGGCGTGGATTCA-2,28.0,0.0,0.0,0.0,0.0,0.0,1.0
AGTATAGCAGTTAGCC-3,8.0,1.0,0.0,0.0,0.0,0.0,0.0
GGGAGTAGTCATTGAG-1,15.0,0.0,0.0,0.0,1.0,0.0,0.0
TTTACGAAGTAGCGCC-2,12.0,1.0,0.0,0.0,0.0,0.0,0.0
TCATTACTCCTTCGTA-3,37.0,0.0,0.0,0.0,0.0,0.0,1.0
AATGTCCAGGCCTAAT-1,32.0,0.0,0.0,0.0,1.0,0.0,0.0
ACGCACGGTCCTTTAA-2,4.0,1.0,0.0,0.0,0.0,0.0,0.0
AAAGGACGTCCGGTTC-2,33.0,0.0,0.0,0.0,1.0,0.0,0.0
TCGTTAAAGCTCAATA-1,8.0,0.0,0.0,0.0,1.0,0.0,0.0
CAGAATCTCATCCACC-3,20.0,0.255116509861887,,,0.11378520411624034,0.3739473542312623,0.25715093179061016
GTTACCTGTTAGCAGC-2,3.0,0.2510908928836586,,,0.23769248350866462,0.29944475183729763,0.2117718717703792
AGGAACGGTAAAGCGG-3,2.0,0.0,0.0,0.0,0.0,1.0,0.0
TGCTCCGTCTGTGCAG-1,6.0,0.0,0.0,0.0,0.0,0.0,1.0
GCTCTGGCATAGACCC-3,37.0,0.0,0.0,0.0,0.0,1.0,0.0
AATCTTGAGCACAGGG-1,35.0,0.0,0.0,0.0,1.0,0.0,0.0
AGTCAAGAGTTATTCC-3,14.0,1.0,0.0,0.0,0.0,0.0,0.0
GCAGGTGAGATAACCC-3,7.0,1.0,0.0,0.0,0.0,0.0,0.0
AGTAATGCATTGCAGC-2,37.0,0.0,0.0,0.0,1.0,0.0,0.0
GCCCAAATCCAGCACA-3,32.0,1.0,0.0,0.0,0.0,0.0,0.0
GGCTATGTCGGTTTCC-1,8.0,0.0,0.0,0.0,1.0,0.0,0.0
AGAGAAGCAGTTGCGT-3,24.0,1.0,0.0,0.0,0.0,0.0,0.0
CCTCAAACAAGCCACT-3,5.0,1.0,0.0,0.0,0.0,0.0,0.0
GTATCGCCAGCTCAAC-2,29.0,0.31074906515307005,,,0.233016360882147,0.22003051032240445,0.2362040636423785
TGTATCGCATTGTGAT-3,15.0,0.25404889456095253,,,0.3994002521455771,0.19749238598555172,0.14905846730791872
ATGACAACAGTCTAGC-3,36.0,0.2461747580345537,,,0.1850283944180879,0.27103139859455855,0.2977654489527998
GCTAACAGTGTGCACG-2,9.0,0.0,0.0,0.0,1.0,0.0,0.0
TCCATAAAGCGCCTAA-1,4.0,0.0,0.0,0.0,1.0,0.0,0.0
TTGCAAGGTCACAGAC-3,10.0,0.26490417044114983,,,0.1425309127782741,0.3402195170606928,0.2523453997198832
TAACAAGCAGGTCCTG-3,31.0,0.24483511612846504,0.0,0.0,0.34550975661796685,0.2764681959007302,0.13318693135283804
TTAGCTGCACAGAAAC-3,9.0,0.0,0.0,0.0,0.0,0.0,1.0
CACAAGCGTAACTACG-3,22.0,0.0,0.0,0.0,0.0,1.0,0.0
TCCAGGATCATGGTGT-1,23.0,0.0,0.0,0.0,1.0,0.0,0.0
TAATTGCCATTATGCG-3,7.0,0.23707317196827163,,,0.3805360488007793,0.2041805565917011,0.17821022263924788
AATAGCTGTGGTGAGA-1,35.0,0.0,0.0,0.0,1.0,0.0,0.0
CTCAATAAGCCTGACA-1,28.0,0.0,0.0,0.0,1.0,0.0,0.0
GGTTGCGGTTGTTGTC-1,24.0,0.0,0.0,0.0,1.0,0.0,0.0
AAGTAGCCAGCATGGA-3,30.0,0.2305508875130836,,,0.30015485066475694,0.2562706347632869,0.21302362705887254
CATAACGGTGCATTAG-3,8.0,0.22347106138460127,,,0.25914442347718897,0.16517053432406306,0.3522139808141467
CCCAACCGTTTGGCGG-3,22.0,1.0,0.0,0.0,0.0,0.0,0.0
GCTAAGAAGTTATCCT-1,10.0,0.0,0.0,0.0,1.0,0.0,0.0
CCATCACTCGTACCGA-1,15.0,0.0,0.0,0.0,1.0,0.0,0.0
TTGGGTTAGTAAGTGG-1,6.0,0.0,0.0,0.0,1.0,0.0,0.0
GGCTGAGAGTTTGCGG-1,24.0,0.0,0.0,0.0,1.0,0.0,0.0
AAGTGAAGTCGACTAA-3,20.0,0.2878720949445188,0.0,0.0,0.0,0.4219601793697779,0.29016772568570315
GACAATACAGAACCGA-3,1.0,1.0,0.0,0.0,0.0,0.0,0.0
AGTAACACACATAACT-2,18.0,0.23638071763888321,,,0.28964209218552694,0.2590708442645409,0.21490634591104896
TTCATTCAGGGATGCG-1,14.0,0.0,0.0,0.0,1.0,0.0,0.0
GGTCGGTTCGTTAGCG-2,19.0,0.28880190709864184,,,0.19477936981053914,0.2980900086334725,0.21832871445734645
TATTAGGTCGGTACGC-1,6.0,0.0,0.0,0.0,0.0,0.0,1.0
GTTACTAAGGCTTAAC-3,2.0,0.21079074246169519,,,0.3110256879333526,0.2245883274521365,0.25359524215281576
CGTAATGGTGAGACTC-3,5.0,0.0,0.0,0.0,0.0,1.0,0.0
CCGATGCAGTATCGCG-2,15.0,0.0,0.0,0.0,1.0,0.0,0.0
GTACGTAGTCACAGAC-3,15.0,0.25404889456095253,,,0.3994002521455771,0.19749238598555172,0.14905846730791872
CTCATCATCGTTAAGC-3,1.0,0.2431277739439729,,,0.27520525106868904,0.22514867316661977,0.2565183018207184
CTAGGACGTATTACCC-2,16.0,0.19281102196304184,0.0,0.0,0.24608965471250854,0.23107341591095565,0.33002590741349397
AACTTAGTCAGTGAAG-3,36.0,1.0,0.0,0.0,0.0,0.0,0.0
ACTAACTCAGTTTCTC-3,16.0,0.19281102196304184,,,0.24608965471250854,0.23107341591095565,0.33002590741349397
GCCATTACATGTTGCA-3,20.0,0.0,0.0,0.0,0.0,1.0,0.0
CTCGCTCCATTGTGGC-1,27.0,0.0,0.0,0.0,1.0,0.0,0.0
GGAGTGAGTAAGCTCA-3,12.0,0.22393288850727908,,,0.21148179656914845,0.3491266157595441,0.21545869916402838
GACCTGCAGCCTCTGT-1,4.0,0.0,0.0,0.0,1.0,0.0,0.0
CATATCGCAGAGAGCC-1,3.0,1.0,0.0,0.0,0.0,0.0,0.0
TCCATGCTCCCTCATA-3,22.0,0.22299113408910365,,,0.2286831626631811,0.3006206801642622,0.24770502308345307
GTACTAGGTCACAGAC-2,23.0,0.0,0.0,0.0,0.0,0.0,1.0
ACTTACAAGCTGTACG-1,26.0,0.0,0.0,0.0,1.0,0.0,0.0
TGCTTGCTCGCCTGTT-3,17.0,0.28041555117654665,0.0,0.0,0.21377517180417943,0.21373583317818393,0.29207344384108996
GTGCCTTTCAGGCCTA-3,2.0,0.21079074246169519,,,0.3110256879333526,0.2245883274521365,0.25359524215281576
AGCAAATAGGATCCGC-1,14.0,0.0,0.0,0.0,1.0,0.0,0.0
TCTAGCACACGGTTTA-3,19.0,0.28880190709864184,,,0.19477936981053914,0.2980900086334725,0.21832871445734645
AACCTTAAGAGGCTAA-1,36.0,1.0,0.0,0.0,0.0,0.0,0.0
ACTTACTTCCCTGATC-3,35.0,0.2910484630575379,0.0,0.0,0.0,0.26889740141049095,0.4400541355319712
CTTCAGGAGTATCGCG-3,7.0,0.0,0.0,0.0,0.0,1.0,0.0
ATCGCTTGTAGCAGCT-3,2.0,0.0,0.0,0.0,0.0,1.0,0.0
CGCACCACAACTAGAA-3,2.0,0.21079074246169519,,,0.3110256879333526,0.2245883274521365,0.25359524215281576
TCGATTAAGGCAGGTG-3,11.0,0.26017380928088074,,,0.3107460265472086,0.2228172513789396,0.20626291279297101
GGGTTTGTCGGTTTCC-2,21.0,1.0,0.0,0.0,0.0,0.0,0.0
CGCGGATTCACCATTT-1,33.0,0.0,0.0,0.0,1.0,0.0,0.0
CTACCTCAGCGAGGTG-1,23.0,0.0,0.0,0.0,1.0,0.0,0.0
GGTGATTTCACGCATG-1,13.0,0.0,0.0,0.0,1.0,0.0,0.0
TTTGTCTAGGCTGTCA-2,34.0,0.23141187017972628,,,0.21203187960198364,0.23517958103089368,0.32137666918739655
TCAATCGCAATTGAGA-2,14.0,0.0,0.0,0.0,0.0,0.0,1.0
GAGGGAGCACACTAAT-3,38.0,0.0,0.0,0.0,0.0,1.0,0.0
ATGATGACAGTAAAGC-3,8.0,0.22347106138460127,,,0.25914442347718897,0.16517053432406306,0.3522139808141467
GTATGTTCACAGAACG-1,2.0,0.0,0.0,0.0,1.0,0.0,0.0
CTAAGTCAGTTATCCT-2,23.0,1.0,0.0,0.0,0.0,0.0,0.0
CTAATCGCAATGCCCG-3,33.0,0.25254537146409556,,,0.23028304051452006,0.2665285948922042,0.25064299312918015
CCCTCATAGATGGACA-3,12.0,0.22393288850727908,,,0.21148179656914845,0.3491266157595441,0.21545869916402838
CTCTAAGCAATTGAGA-1,5.0,0.0,0.0,0.0,1.0,0.0,0.0
AAACGCGCAACTAGGG-3,33.0,0.25254537146409556,,,0.23028304051452006,0.2665285948922042,0.25064299312918015
ACCAGGCTCAACCAAC-1,32.0,0.0,0.0,0.0,1.0,0.0,0.0
CTTATGTTCATAGACC-3,6.0,0.28619740144106137,,,0.20095345838278786,0.28595501190791156,0.2268941282682392
CGTCATTGTAACGGGA-3,21.0,0.36496857686394185,,,0.2425919314203312,0.14718681699163197,0.24525267472409484
GCTCATTGTTATCCGT-1,12.0,0.0,0.0,0.0,1.0,0.0,0.0
TAGCCTCTCCTCGATC-1,12.0,0.0,0.0,0.0,1.0,0.0,0.0
TATGACATCATTGTCT-2,20.0,0.0,0.0,0.0,0.0,0.0,1.0
AGGATGCAGCACTAGT-1,9.0,0.0,0.0,0.0,0.0,0.0,1.0
CAGATTCAGTAGAGGC-3,27.0,0.2659503422898086,,,0.3090767064839525,0.2252336567198111,0.1997392945064278
CAGGATGCATGGCCCA-3,2.0,1.0,0.0,0.0,0.0,0.0,0.0
CATGCGCAGATGCCTG-2,16.0,0.0,0.0,0.0,1.0,0.0,0.0
CAAAGGATCATTACTC-3,10.0,0.26490417044114983,,,0.1425309127782741,0.3402195170606928,0.2523453997198832
AACAAAGGTGAGAAAC-2,15.0,0.0,0.0,0.0,0.0,0.0,1.0
GTTCGCGCACAACAGG-2,23.0,0.0,0.0,0.0,1.0,0.0,0.0
ACACTTGCAATACTGT-3,2.0,0.21079074246169519,,,0.3110256879333526,0.2245883274521365,0.25359524215281576
CAAGACAAGTAAACCC-3,29.0,0.31074906515307005,,,0.233016360882147,0.22003051032240445,0.2362040636423785
CTGTGTGAGGGTCCAC-3,24.0,1.0,0.0,0.0,0.0,0.0,0.0
TATGGGCGTTTCCTCC-3,7.0,0.23707317196827163,,,0.3805360488007793,0.2041805565917011,0.17821022263924788
TGAACAACAGGAACAT-3,1.0,1.0,0.0,0.0,0.0,0.0,0.0
GAGTTACTCCACCTTA-3,17.0,1.0,0.0,0.0,0.0,0.0,0.0
CGCATTACAGGAATCG-2,23.0,0.0,0.0,0.0,1.0,0.0,0.0
TAGTAGGAGATAGACG-2,1.0,0.0,0.0,0.0,0.0,0.0,1.0
TTGACATCATGGCCCA-2,3.0,0.2510908928836586,0.0,0.0,0.23769248350866462,0.29944475183729763,0.2117718717703792
ACTATCCGTTTGACCT-3,1.0,1.0,0.0,0.0,0.0,0.0,0.0
GTTGGCCAGTGACCTG-2,7.0,0.0,0.0,0.0,1.0,0.0,0.0
TAATCCGCACGGTTTA-3,9.0,0.0,0.0,0.0,0.0,1.0,0.0
TGGCCATCAGGCGATA-2,3.0,0.32938268015426625,0.0,0.0,0.0,0.3928135894757391,0.2778037303699947
CGTACGGGTAAATTGC-2,15.0,0.25404889456095253,,,0.3994002521455771,0.19749238598555172,0.14905846730791872
TTTAACGAGGTCCTGA-1,15.0,0.0,0.0,0.0,1.0,0.0,0.0
AGGTTACTCCATTACT-2,23.0,0.0,0.0,0.0,1.0,0.0,0.0
CTAGCGGGTCATGCAA-2,17.0,0.0,0.0,0.0,1.0,0.0,0.0
CGACAAGCAACAGGAT-3,18.0,1.0,0.0,0.0,0.0,0.0,0.0
CTCATTTAGGCTTAAC-1,4.0,0.0,0.0,0.0,1.0,0.0,0.0
CCTGTTGGTCACCAAA-2,9.0,0.0,0.0,0.0,1.0,0.0,0.0
CTTTGGGAGACAACAG-1,15.0,0.0,0.0,0.0,1.0,0.0,0.0
ACCAGGGAGGCGGGTA-2,14.0,0.0,0.0,0.0,0.0,0.0,1.0
TATCACGCATAGCTTG-1,15.0,0.0,0.0,0.0,1.0,0.0,0.0
TGAACAGAGTGAGCGG-1,9.0,0.0,0.0,0.0,1.0,0.0,0.0
AATCCATCAATTAAGG-3,11.0,0.26017380928088074,,,0.3107460265472086,0.2228172513789396,0.20626291279297101
ATGTTGTCATAGCTTG-1,5.0,0.0,0.0,0.0,1.0,0.0,0.0
ATGCAAACAGCCAGTT-2,1.0,0.0,0.0,0.0,1.0,0.0,0.0
GTCATCCTCCATAAGC-1,15.0,0.0,0.0,0.0,1.0,0.0,0.0
TACTTGTTCTCCTCTT-3,8.0,1.0,0.0,0.0,0.0,0.0,0.0
AGTGCACGTCACAAAT-3,14.0,1.0,0.0,0.0,0.0,0.0,0.0
CTCCGGACATAGGCGA-3,1.0,0.2431277739439729,,,0.27520525106868904,0.22514867316661977,0.2565183018207184
ACTAGGCGTGATCAGC-3,11.0,1.0,0.0,0.0,0.0,0.0,0.0
TATGGGCGTTTCAGGA-3,10.0,0.26490417044114983,,,0.1425309127782741,0.3402195170606928,0.2523453997198832
TGGTCCTTCATGGTTA-1,15.0,1.0,0.0,0.0,0.0,0.0,0.0
TTAGAAGCAGCAAGAT-3,1.0,0.2431277739439729,,,0.27520525106868904,0.22514867316661977,0.2565183018207184
CGGTTTGAGCTCGCTT-2,13.0,0.0,0.0,0.0,0.5966927803028572,0.0,0.4033072196971427
TGGACAAAGGTAAGGC-3,35.0,1.0,0.0,0.0,0.0,0.0,0.0
AACAGATAGGTCCTGA-2,11.0,0.0,0.0,0.0,0.0,0.0,1.0
GGGCATTGTTTGCGCC-2,6.0,0.0,0.0,0.0,0.46968468364108146,0.0,0.5303153163589185
AATGCATGTAATCGCA-2,1.0,0.0,0.0,0.0,1.0,0.0,0.0
AGGGCTACATATTGAC-1,26.0,0.0,0.0,0.0,1.0,0.0,0.0
TTCTTAGGTACTGAAT-3,5.0,0.25007613426230707,,,0.2764713286099489,0.24316603374735998,0.23028650338038426
TGTTGGCCATAAGCAA-1,25.0,0.0,0.0,0.0,1.0,0.0,0.0
TGGCGGTTCGTTAAGC-3,1.0,0.2431277739439729,,,0.27520525106868904,0.22514867316661977,0.2565183018207184
GCAAGTCGTCTAACAG-1,31.0,1.0,0.0,0.0,0.0,0.0,0.0
TGCTCTCAGGGTGGAT-2,33.0,0.0,0.0,0.0,0.4788325530431318,0.0,0.5211674469568682
AACCCGCAGCACAGAA-3,17.0,0.3566607681673278,0.0,0.0,0.0,0.27185078048050393,0.3714884513521683
GAGGTAGGTTGGCCGA-2,35.0,0.2399263636153897,0.0,0.0,0.17564806529159285,0.22166609309080135,0.362759478002216
GTTCATTTCCCAGTAG-3,35.0,0.2399263636153897,,,0.17564806529159285,0.22166609309080135,0.362759478002216
GTCAAACTCCCGTTTA-3,11.0,0.0,0.0,0.0,0.0,1.0,0.0
AAACGGATCAATGTCA-1,16.0,0.0,0.0,0.0,1.0,0.0,0.0
CGTTAGTAGTAGCCAT-3,28.0,0.24355764626440804,0.0,0.0,0.2713230524219713,0.21916108471229478,0.2659582166013259
CAGGCTGGTGCAACTA-3,27.0,0.2659503422898086,,,0.3090767064839525,0.2252336567198111,0.1997392945064278
TATAACCCAACGTGCT-1,32.0,0.0,0.0,0.0,0.0,0.0,1.0
AGGATTGAGCTTACTT-3,16.0,0.0,0.0,0.0,0.0,0.0,1.0
GACCTTTGTTAGAGGG-1,14.0,0.0,0.0,0.0,0.0,0.0,1.0
TAATCCGCACCAGGTT-1,37.0,0.0,0.0,0.0,1.0,0.0,0.0
TGCTTCATCCAGGTCA-3,32.0,1.0,0.0,0.0,0.0,0.0,0.0
CGGGCTTAGGTCAAAG-3,11.0,0.0,0.0,0.0,0.0,1.0,0.0
GGAACCTGTTTCCGGC-1,35.0,0.0,0.0,0.0,0.0,0.0,1.0
TATCGAGGTTGCAATG-2,32.0,0.0,0.0,0.0,1.0,0.0,0.0
GAAGGAACACTAAGTT-2,8.0,0.0,0.0,0.0,0.0,0.0,1.0
CTCGTTATCACAGACT-2,4.0,0.2789549502429366,,,0.1885732419812842,0.21961014244052887,0.31286166533525034
CTAGTTGCAGATAGAC-2,37.0,0.0,0.0,0.0,0.3864069096829383,0.0,0.6135930903170617
ACCTGTTGTTACCGGG-3,32.0,0.23501474983514806,,,0.36169219852304807,0.23220664506324848,0.1710864065785554
TATAACCCATGTCGCG-1,14.0,1.0,0.0,0.0,0.0,0.0,0.0
TAGCTTGCACATTAAC-3,22.0,0.0,0.0,0.0,0.0,1.0,0.0
ACACTTAAGCATGTCG-2,4.0,0.0,0.0,0.0,0.0,0.0,1.0
GCTCCTTAGGGCTAAA-2,33.0,0.25254537146409556,0.0,0.0,0.23028304051452006,0.2665285948922042,0.25064299312918015
TTGTCCATCTAATCAG-2,29.0,0.0,0.0,0.0,0.0,0.0,1.0
ATATGTCCAATCCTGA-2,18.0,0.23638071763888321,0.0,0.0,0.28964209218552694,0.2590708442645409,0.21490634591104896
ACTTATGAGCCGGTAC-2,37.0,0.0,0.0,0.0,0.0,0.0,1.0
AGTTGGCGTACTGAAT-3,6.0,0.28619740144106137,,,0.20095345838278786,0.28595501190791156,0.2268941282682392
CACAAGCGTTGCACAA-3,32.0,0.23501474983514806,0.0,0.0,0.36169219852304807,0.23220664506324848,0.1710864065785554
GCGCCTTGTCCGTGAG-3,4.0,0.2789549502429366,0.0,0.0,0.1885732419812842,0.21961014244052887,0.31286166533525034
AGTCCTTGTTCGCTCA-3,22.0,0.22299113408910365,,,0.2286831626631811,0.3006206801642622,0.24770502308345307
GTACTAATCGCAGGCT-1,5.0,0.0,0.0,0.0,1.0,0.0,0.0
TCCTTAGTCGTTAAGC-3,6.0,0.0,0.0,0.0,0.0,0.0,1.0
TGCTAGCCAGCTCAAC-3,15.0,0.25404889456095253,,,0.3994002521455771,0.19749238598555172,0.14905846730791872
TGAACAACAGGTATTT-3,25.0,0.25294349983189635,,,0.22563202807869934,0.20762681900387653,0.31379765308552765
CAGCATTAGGGCCACT-2,15.0,0.25404889456095253,,,0.3994002521455771,0.19749238598555172,0.14905846730791872
GAAAGGCTCGCAATCG-3,4.0,0.0,0.0,0.0,0.0,1.0,0.0
AGCTCATAGCGCTCAA-2,5.0,0.0,0.0,0.0,0.0,0.0,1.0
ATGTTCAAGCACAGCC-3,25.0,1.0,0.0,0.0,0.0,0.0,0.0
ACCACACCAGAGGCTA-2,38.0,0.0,0.0,0.0,0.0,0.0,1.0
TCACATAAGGCTACTG-1,36.0,0.0,0.0,0.0,1.0,0.0,0.0
GCTTCGCGTAAGGTTT-3,4.0,1.0,0.0,0.0,0.0,0.0,0.0
CGCCACACACATTGCA-3,22.0,1.0,0.0,0.0,0.0,0.0,0.0
GTTACTAAGGAATAAC-3,23.0,0.2890753295347951,,,0.21326803108883835,0.2250748294409998,0.2725818099353668
TGAGAACCAACACCTA-1,2.0,1.0,0.0,0.0,0.0,0.0,0.0
CAGGGTGAGCTCCTAC-3,10.0,0.26490417044114983,,,0.1425309127782741,0.3402195170606928,0.2523453997198832
TCCCTCACACGGTACT-2,34.0,0.0,0.0,0.0,1.0,0.0,0.0
GACTTGGTCGCTCCAT-3,8.0,0.22347106138460127,,,0.25914442347718897,0.16517053432406306,0.3522139808141467
AAGGATGTCTGTAAGC-2,38.0,1.0,0.0,0.0,0.0,0.0,0.0
TGGGCATGTTTCAGGA-3,12.0,0.22393288850727908,,,0.21148179656914845,0.3491266157595441,0.21545869916402838
TAAGTGCTCTAATCAG-3,15.0,0.0,0.0,0.0,0.0,1.0,0.0
TACCAGGTCGGTCAAT-3,29.0,0.31074906515307005,,,0.233016360882147,0.22003051032240445,0.2362040636423785
GAGCGGTCATAATGTC-3,12.0,0.22393288850727908,,,0.21148179656914845,0.3491266157595441,0.21545869916402838
GCAGGTTGTACCGTTT-1,13.0,0.0,0.0,0.0,0.0,0.0,1.0
AGTGTGGCAATGAATG-2,12.0,1.0,0.0,0.0,0.0,0.0,0.0
CTAGCTGAGTGCACGC-1,31.0,0.0,0.0,0.0,0.0,0.0,1.0
CGTTAACAGCTGTACG-3,11.0,0.26017380928088074,0.0,0.0,0.3107460265472086,0.2228172513789396,0.20626291279297101
GGTTTGTAGGGCCACT-1,8.0,0.0,0.0,0.0,1.0,0.0,0.0
GGTACTAGTTTGTCTA-2,4.0,1.0,0.0,0.0,0.0,0.0,0.0
AACCTCACACCTAATG-3,2.0,0.21079074246169519,,,0.3110256879333526,0.2245883274521365,0.25359524215281576
TACGGTTAGGTTTGCG-3,33.0,1.0,0.0,0.0,0.0,0.0,0.0
CTTGCAACAATTATGC-3,25.0,1.0,0.0,0.0,0.0,0.0,0.0
TGAGGCACATTCCTCG-3,12.0,0.0,0.0,0.0,0.0,1.0,0.0
TCTTTGTAGCTTAACA-3,11.0,1.0,0.0,0.0,0.0,0.0,0.0
AGAGATTAGCAAACCT-2,25.0,0.25294349983189635,,,0.22563202807869934,0.20762681900387653,0.31379765308552765
GTACAATGTTACATCC-1,16.0,0.0,0.0,0.0,1.0,0.0,0.0
TAAGCTATCCTCACAC-3,25.0,0.25294349983189635,,,0.22563202807869934,0.20762681900387653,0.31379765308552765
CAAGCTAGTGATCATG-1,15.0,0.0,0.0,0.0,1.0,0.0,0.0
ATCACACAGCTGGAAA-3,27.0,1.0,0.0,0.0,0.0,0.0,0.0
AGTTACATCTAACTGA-2,9.0,0.0,0.0,0.0,0.0,0.0,1.0
CCAGCTGCAAGTAAGC-1,35.0,0.0,0.0,0.0,1.0,0.0,0.0
AAAGCAAGTGACATAT-2,7.0,1.0,0.0,0.0,0.0,0.0,0.0
GTTAACCAGCCGGTAC-1,15.0,0.0,0.0,0.0,1.0,0.0,0.0
AGCTGCTCAGTAATAG-3,36.0,0.2461747580345537,,,0.1850283944180879,0.27103139859455855,0.2977654489527998
ATGTAAGCATATAACC-3,29.0,1.0,0.0,0.0,0.0,0.0,0.0
TTGGTGAGTTTCCGGC-3,2.0,0.21079074246169519,,,0.3110256879333526,0.2245883274521365,0.25359524215281576
CCGCTAGCACTAAGTT-3,15.0,0.25404889456095253,,,0.3994002521455771,0.19749238598555172,0.14905846730791872
AACTCACAGGACCGCT-2,33.0,0.25254537146409556,0.0,0.0,0.23028304051452006,0.2665285948922042,0.25064299312918015
AGGAGCTAGGCATTAC-1,30.0,0.0,0.0,0.0,1.0,0.0,0.0
GTCATCACAGTTAGCC-1,5.0,0.0,0.0,0.0,1.0,0.0,0.0
GCAAGCCTCCAACTGG-2,38.0,0.19027885726034566,,,0.23574107619489226,0.2789089395946002,0.2950711269501618
CGATTCCTCCATAAGC-3,11.0,0.26017380928088074,,,0.3107460265472086,0.2228172513789396,0.20626291279297101
ACCCAGGGTTGCTGGG-1,29.0,0.0,0.0,0.0,1.0,0.0,0.0
AAAGGCTCATCCCTCA-2,12.0,0.28399203408741175,0.0,0.0,0.0,0.44276291180151617,0.2732450541110721
CAGTATGGTGTTGTGA-1,18.0,0.0,0.0,0.0,1.0,0.0,0.0
AGTTTGATCCCGAACA-2,9.0,0.0,0.0,0.0,1.0,0.0,0.0
ATTCAACCACCGGCTA-3,25.0,1.0,0.0,0.0,0.0,0.0,0.0
AGTAACCTCAGAAACG-2,30.0,0.0,0.0,0.0,0.0,1.0,0.0
CTATGGCCAATTATGC-1,3.0,0.0,0.0,0.0,1.0,0.0,0.0
GGTTACCCAGTAAAGC-3,17.0,0.0,0.0,0.0,0.0,0.0,1.0
GTGCTTCTCCTTGTTG-1,1.0,0.0,0.0,0.0,1.0,0.0,0.0
CCTCCTGAGGTAACGA-3,12.0,0.22393288850727908,,,0.21148179656914845,0.3491266157595441,0.21545869916402838
GCAAGTGCAGCCGCTA-2,11.0,0.0,0.0,0.0,0.0,1.0,0.0
AGTGATGAGCGGTTAT-3,16.0,0.19281102196304184,,,0.24608965471250854,0.23107341591095565,0.33002590741349397
AGGTATTGTCATGCCC-1,29.0,0.0,0.0,0.0,1.0,0.0,0.0
CCAAACTAGGTTAGCT-1,33.0,0.0,0.0,0.0,1.0,0.0,0.0
TCAGTGAGTAGCTGGT-3,17.0,0.28041555117654665,,,0.21377517180417943,0.21373583317818393,0.29207344384108996
TGGTGATTCCCGCATT-2,6.0,0.0,0.0,0.0,0.0,0.0,1.0
CCTTGCGTCGGTTTCC-2,31.0,0.0,0.0,0.0,0.0,1.0,0.0
CGTGCTGCAGGCTAAG-3,19.0,0.28880190709864184,,,0.19477936981053914,0.2980900086334725,0.21832871445734645
ATTTGCAAGATGCCTG-2,23.0,0.0,0.0,0.0,1.0,0.0,0.0
GATTGTTCACTTCACT-3,12.0,0.22393288850727908,,,0.21148179656914845,0.3491266157595441,0.21545869916402838
CCCGTTGTCTGTAATG-1,7.0,0.0,0.0,0.0,1.0,0.0,0.0
TCAGCAAGTCATCATC-3,33.0,0.25254537146409556,,,0.23028304051452006,0.2665285948922042,0.25064299312918015
ACCAGGCTCTTGAGGT-2,34.0,1.0,0.0,0.0,0.0,0.0,0.0
ACAGGAATCCGCAAGC-1,8.0,0.0,0.0,0.0,1.0,0.0,0.0
GTGTTACAGAGGGACT-2,7.0,0.23707317196827163,0.0,0.0,0.3805360488007793,0.2041805565917011,0.17821022263924788
CATAGCTAGGCTACAT-3,21.0,0.36496857686394185,,,0.2425919314203312,0.14718681699163197,0.24525267472409484
GATCACTAGTGAGCGG-2,3.0,1.0,0.0,0.0,0.0,0.0,0.0
TCAAGGTTCGGTTTGG-3,2.0,0.21079074246169519,0.0,0.0,0.3110256879333526,0.2245883274521365,0.25359524215281576
AGTGTGGCAAACTAAG-3,21.0,0.36496857686394185,,,0.2425919314203312,0.14718681699163197,0.24525267472409484
ACTATCCGTGGTTAGC-2,14.0,0.0,0.0,0.0,1.0,0.0,0.0
GTTTCAGCACAAAGAC-3,30.0,1.0,0.0,0.0,0.0,0.0,0.0
ACGCAAGCAACATAAG-3,27.0,0.0,0.0,0.0,0.0,1.0,0.0
AGACCCGGTGAGGTAG-1,24.0,1.0,0.0,0.0,0.0,0.0,0.0
ATGGTTATCGATCAGT-2,10.0,0.0,0.0,0.0,1.0,0.0,0.0
TAAGGACCATCATGGC-3,34.0,0.23141187017972628,,,0.21203187960198364,0.23517958103089368,0.32137666918739655
CGGTTTGAGCACAGAA-3,32.0,0.23501474983514806,,,0.36169219852304807,0.23220664506324848,0.1710864065785554
CGGGTATGTTTATTCG-2,25.0,0.0,0.0,0.0,1.0,0.0,0.0
ATTCCGGAGCTGTCAG-3,4.0,0.2789549502429366,,,0.1885732419812842,0.21961014244052887,0.31286166533525034
GAGTGTTTCCTCGATC-2,6.0,0.0,0.0,0.0,0.0,0.0,1.0
AAGGATCCAACTAGGG-1,9.0,0.0,0.0,0.0,0.0,0.0,1.0
ACGCAAGCATTAAGCT-3,11.0,1.0,0.0,0.0,0.0,0.0,0.0
CGAGCGAAGGTTAGAG-1,24.0,0.0,0.0,0.0,1.0,0.0,0.0
ACGAATCTCGGTCAGC-1,1.0,1.0,0.0,0.0,0.0,0.0,0.0
CCAACCCGTGTTGTGA-1,12.0,0.0,0.0,0.0,1.0,0.0,0.0
ATTGTGATCAAACCGT-3,4.0,1.0,0.0,0.0,0.0,0.0,0.0
GGTCCGTAGTAAGTGG-2,30.0,0.2305508875130836,,,0.30015485066475694,0.2562706347632869,0.21302362705887254
CCTGGATCAGTTTGGC-1,34.0,0.0,0.0,0.0,1.0,0.0,0.0
GTCCTAGAGGTGAAGC-2,33.0,0.0,0.0,0.0,0.4788325530431318,0.0,0.5211674469568682
TACCTGCTCAGTGAAG-2,4.0,0.2789549502429366,,,0.1885732419812842,0.21961014244052887,0.31286166533525034
TTTAGCAAGTGCACGC-3,6.0,1.0,0.0,0.0,0.0,0.0,0.0
GCACGAACACTAAGTT-3,3.0,0.2510908928836586,0.0,0.0,0.23769248350866462,0.29944475183729763,0.2117718717703792
GTGATGAAGCTTTGGG-3,12.0,0.28399203408741175,0.0,0.0,0.0,0.44276291180151617,0.2732450541110721
CGGTGAACAGCTCAAC-3,13.0,0.2379245460670892,,,0.33034621848395457,0.2084468038321267,0.22328243161682945
CGTGACATCAGGCCTA-2,33.0,1.0,0.0,0.0,0.0,0.0,0.0
GTGCGGTTCGGTTTGG-1,6.0,0.0,0.0,0.0,1.0,0.0,0.0
CCAGCTAAGGCCAATT-2,11.0,0.26017380928088074,0.0,0.0,0.3107460265472086,0.2228172513789396,0.20626291279297101
GTTAAACGTTAGGCGT-2,14.0,0.0,0.0,0.0,1.0,0.0,0.0
ACACAATGTTGGTGAC-2,31.0,0.0,0.0,0.0,0.0,1.0,0.0
CGATGTCCATGTCGCG-3,4.0,0.2789549502429366,,,0.1885732419812842,0.21961014244052887,0.31286166533525034
TGATCACAGTATCGCG-3,22.0,0.28910445525737666,0.0,0.0,0.0,0.3897499258569757,0.3211456188856476
TCGCTAACAGCTTACA-1,19.0,0.0,0.0,0.0,1.0,0.0,0.0
GGTCCGTAGCTGTAAC-3,19.0,1.0,0.0,0.0,0.0,0.0,0.0
AACGCCCAGTTTGGTA-2,5.0,0.25007613426230707,0.0,0.0,0.2764713286099489,0.24316603374735998,0.23028650338038426
GGCTTAAGTTATCCGT-3,24.0,1.0,0.0,0.0,0.0,0.0,0.0
GGCATTGTCATGGCTG-2,22.0,0.22299113408910365,0.0,0.0,0.2286831626631811,0.3006206801642622,0.24770502308345307
GAAGTAAGTGCTCCGT-1,21.0,0.0,0.0,0.0,1.0,0.0,0.0
TACGTACAGCTTTGGG-2,8.0,1.0,0.0,0.0,0.0,0.0,0.0
AGCTACTAGGTCATTA-3,22.0,0.22299113408910365,,,0.2286831626631811,0.3006206801642622,0.24770502308345307
TAGGTTATCATTAGCA-2,4.0,0.2789549502429366,,,0.1885732419812842,0.21961014244052887,0.31286166533525034
TACTCGCTCATGGTTA-1,12.0,0.0,0.0,0.0,1.0,0.0,0.0
ATGGCCCAGATAACCC-3,25.0,1.0,0.0,0.0,0.0,0.0,0.0
CACGCAATCGATAACC-3,32.0,0.23501474983514806,,,0.36169219852304807,0.23220664506324848,0.1710864065785554
CTTACTAGTCCTCCAA-2,15.0,0.0,0.0,0.0,1.0,0.0,0.0
TATGCATCAATTGAGA-3,2.0,0.0,0.0,0.0,0.0,0.0,1.0
AAAGGAGCACAAAGCG-1,29.0,1.0,0.0,0.0,0.0,0.0,0.0
TACCTGCTCTATGACA-3,11.0,0.26017380928088074,,,0.3107460265472086,0.2228172513789396,0.20626291279297101
AGGAAACGTAACCTAG-3,4.0,0.2789549502429366,,,0.1885732419812842,0.21961014244052887,0.31286166533525034
AAGCCACGTTAGACCA-1,11.0,0.0,0.0,0.0,1.0,0.0,0.0
CCAACATAGTAACGGA-3,1.0,0.0,0.0,0.0,0.0,1.0,0.0
GATGACTTCATGGTGT-2,30.0,0.0,0.0,0.0,0.584893684544589,0.0,0.415106315455411
CTGTACCTCCGCATGA-3,2.0,1.0,0.0,0.0,0.0,0.0,0.0
CTGTACCTCATGCTTT-1,11.0,0.0,0.0,0.0,1.0,0.0,0.0
GCTTAACAGGCCTAAT-2,37.0,0.20128514823309865,0.0,0.0,0.0,0.36757297923571886,0.4311418725311825
ACGAAGTCATTGACAT-3,22.0,1.0,0.0,0.0,0.0,0.0,0.0
AGTGGACAGCAAGATG-2,22.0,0.0,0.0,0.0,0.48003533568904594,0.0,0.5199646643109541
CGCAATTAGGGTGGAT-3,14.0,1.0,0.0,0.0,0.0,0.0,0.0
TTACGTTTCGCCTAAG-3,11.0,0.3774716132248756,0.0,0.0,0.0,0.32327307489102325,0.2992553118841011
ATAGCATGTTTGAGCA-2,15.0,0.0,0.0,0.0,1.0,0.0,0.0
TCCATAAAGCCTGAGC-1,2.0,0.0,0.0,0.0,1.0,0.0,0.0
AATGCATGTTACTAGG-1,32.0,0.0,0.0,0.0,1.0,0.0,0.0
GGCTAGTGTTCGGTAA-3,2.0,0.21079074246169519,,,0.3110256879333526,0.2245883274521365,0.25359524215281576
ATTGACTCATAGCAGG-3,18.0,0.23638071763888321,,,0.28964209218552694,0.2590708442645409,0.21490634591104896
GGAGTCTGTGAGCGAA-3,15.0,0.25404889456095253,,,0.3994002521455771,0.19749238598555172,0.14905846730791872
GAAGCCTGTCAGTAAT-3,26.0,0.3005755128437196,0.0,0.0,0.19364293997678975,0.3106467509625101,0.19513479621698074
TTCCTCAAGGTCTTGG-1,27.0,0.0,0.0,0.0,1.0,0.0,0.0
GTCTAACAGGATGATG-3,33.0,1.0,0.0,0.0,0.0,0.0,0.0
GCATGAGCATGTTGTG-3,15.0,0.25404889456095253,0.0,0.0,0.3994002521455771,0.19749238598555172,0.14905846730791872
GTCCAAGTCTGGCAAT-1,2.0,0.0,0.0,0.0,1.0,0.0,0.0
CATCCTGGTATTCGCT-2,24.0,0.21845905187174444,0.0,0.0,0.2480843926368116,0.19755649681913243,0.33590005867231154
GCATATATCATGGTGT-3,9.0,1.0,0.0,0.0,0.0,0.0,0.0
GGGTGAAGTCACACCC-1,1.0,0.0,0.0,0.0,1.0,0.0,0.0
ACACTTGCACGAATCC-2,27.0,0.0,0.0,0.0,0.0,0.0,1.0
AAGCCTTAGTAGCTTA-2,1.0,0.0,0.0,0.0,1.0,0.0,0.0
GAGGTGAGTTAACAGT-3,32.0,0.23501474983514806,,,0.36169219852304807,0.23220664506324848,0.1710864065785554
GCGTAACGTCGACTAA-3,32.0,0.23501474983514806,,,0.36169219852304807,0.23220664506324848,0.1710864065785554
CAGGCTATCCTCACAC-3,3.0,1.0,0.0,0.0,0.0,0.0,0.0
GGCATTGTCCTGGTGA-3,28.0,0.24355764626440804,,,0.2713230524219713,0.21916108471229478,0.2659582166013259
TTCGTGCTCTTAGCGG-3,27.0,1.0,0.0,0.0,0.0,0.0,0.0
TACAATGTCGATAACC-1,25.0,0.0,0.0,0.0,0.0,0.0,1.0
CTAAGTCAGGATAAAC-3,27.0,0.2659503422898086,,,0.3090767064839525,0.2252336567198111,0.1997392945064278
TGGTTGAGTGGTTATG-1,4.0,0.0,0.0,0.0,1.0,0.0,0.0
CTCTGTTCATGGTTAT-3,8.0,0.22347106138460127,,,0.25914442347718897,0.16517053432406306,0.3522139808141467
GTAAGCTTCGAAGCGG-1,5.0,0.0,0.0,0.0,1.0,0.0,0.0
AGGTCATTCCCTCAGT-3,2.0,0.21079074246169519,,,0.3110256879333526,0.2245883274521365,0.25359524215281576
GAGCAAATCGCAACAT-2,15.0,0.0,0.0,0.0,0.0,1.0,0.0
GCATCCTTCTCAATTC-2,8.0,0.0,0.0,0.0,1.0,0.0,0.0
GTTCTCATCAATGAGG-3,15.0,0.25404889456095253,0.0,0.0,0.3994002521455771,0.19749238598555172,0.14905846730791872
TGACTCCTCCAAACAC-1,4.0,0.0,0.0,0.0,1.0,0.0,0.0
AGTAGGATCATGAGCT-2,2.0,0.30594862358424835,0.0,0.0,0.0,0.32597489270457897,0.3680764837111727
ACTAATCCACCTGGTG-3,29.0,0.31074906515307005,,,0.233016360882147,0.22003051032240445,0.2362040636423785
ATTGCGCCAAGATTCT-1,15.0,0.0,0.0,0.0,1.0,0.0,0.0
TCAAACCAGACTTATG-2,3.0,1.0,0.0,0.0,0.0,0.0,0.0
GCAGGCTTCCTTAGGG-3,24.0,0.21845905187174444,,,0.2480843926368116,0.19755649681913243,0.33590005867231154
GTGAACAAGTAGGCGG-2,26.0,0.3005755128437196,0.0,0.0,0.19364293997678975,0.3106467509625101,0.19513479621698074
TAGAGCCGTGTGTGGT-1,11.0,0.0,0.0,0.0,1.0,0.0,0.0
CTTAGGAGTCCGGTTC-3,22.0,0.22299113408910365,,,0.2286831626631811,0.3006206801642622,0.24770502308345307
CCTAAGTAGGCTTAAC-3,3.0,0.2510908928836586,0.0,0.0,0.23769248350866462,0.29944475183729763,0.2117718717703792
TAGTAAGCACAGGGAC-3,9.0,0.25657805136510725,,,0.19608879238864382,0.26842478255731234,0.2789083736889367
GTACTGGTCTCAATGA-2,33.0,0.0,0.0,0.0,1.0,0.0,0.0
CTGTACCTCGCTTGCT-3,18.0,0.23638071763888321,,,0.28964209218552694,0.2590708442645409,0.21490634591104896
AAGGATCCAAATATCC-3,2.0,1.0,0.0,0.0,0.0,0.0,0.0
CCGCTTAGTAGGTTTG-1,7.0,0.0,0.0,0.0,1.0,0.0,0.0
AGATGAAGTAACTACG-2,31.0,1.0,0.0,0.0,0.0,0.0,0.0
TGCATGAGTTGCGCGA-3,15.0,1.0,0.0,0.0,0.0,0.0,0.0
AGCTAAACAATGCGCT-1,15.0,1.0,0.0,0.0,0.0,0.0,0.0
GGTTGCATCACTCGCT-2,14.0,0.0,0.0,0.0,1.0,0.0,0.0
CCCTCAGTCATTGCGG-1,15.0,0.0,0.0,0.0,1.0,0.0,0.0
AAGACCAAGTACCGCA-3,14.0,0.25490642483705084,0.0,0.0,0.203860627012991,0.27543380527416844,0.2657991428757897
GCTATAGGTTATTGCC-3,9.0,0.25657805136510725,,,0.19608879238864382,0.26842478255731234,0.2789083736889367
ATAGGTACACCTGCTC-1,16.0,0.0,0.0,0.0,1.0,0.0,0.0
ATGAATGCAGTTATGT-3,8.0,0.22347106138460127,,,0.25914442347718897,0.16517053432406306,0.3522139808141467
AGCTTTAAGGTTACAC-1,2.0,0.0,0.0,0.0,1.0,0.0,0.0
TCTAGCCTCGGTTTCC-1,18.0,0.0,0.0,0.0,1.0,0.0,0.0
ATGTCATCATCCAGGT-1,12.0,0.0,0.0,0.0,1.0,0.0,0.0
GCCAACATCCATAAGC-3,21.0,1.0,0.0,0.0,0.0,0.0,0.0
ATTGCGCCATCCAGGT-1,14.0,0.0,0.0,0.0,1.0,0.0,0.0
GTAGTTTCATCCAGGT-3,9.0,0.25657805136510725,,,0.19608879238864382,0.26842478255731234,0.2789083736889367
ACAGGAATCGTTATAG-2,14.0,0.0,0.0,0.0,1.0,0.0,0.0
AGACCCGGTGTTTGAG-2,6.0,0.0,0.0,0.0,0.0,0.0,1.0
GCCTCGACAGTTATCG-2,4.0,1.0,0.0,0.0,0.0,0.0,0.0
CCTTACTCACCGGTAT-3,21.0,0.36496857686394185,0.0,0.0,0.2425919314203312,0.14718681699163197,0.24525267472409484
TACTTCGTCTAAGTGC-1,14.0,0.0,0.0,0.0,1.0,0.0,0.0
CGGGACAAGGTCCTAG-3,4.0,0.2789549502429366,,,0.1885732419812842,0.21961014244052887,0.31286166533525034
GTGCTCCGTAGCTGGT-2,7.0,0.0,0.0,0.0,1.0,0.0,0.0
AGCGCTCAGCGGCTGT-3,12.0,0.0,0.0,0.0,0.0,1.0,0.0
GTCCATTGTTCCTGAT-3,14.0,0.25490642483705084,,,0.203860627012991,0.27543380527416844,0.2657991428757897
TGTGGAGCATCACAGC-3,27.0,0.2659503422898086,,,0.3090767064839525,0.2252336567198111,0.1997392945064278
GGAAACTCAAGGTATA-1,15.0,0.0,0.0,0.0,1.0,0.0,0.0
GCGCTTAAGACACCGC-1,7.0,0.0,0.0,0.0,1.0,0.0,0.0
GTTGGAGCATAGCAGG-1,31.0,0.0,0.0,0.0,1.0,0.0,0.0
TGGATTGGTAATAGCT-2,26.0,0.0,0.0,0.0,0.0,0.0,1.0
CAGCTAAGTATTGGTG-2,15.0,0.0,0.0,0.0,1.0,0.0,0.0
CGTGGTTCAGGTTATT-2,15.0,0.25404889456095253,,,0.3994002521455771,0.19749238598555172,0.14905846730791872
ACTCGCTTCGCTAGAT-1,30.0,0.0,0.0,0.0,1.0,0.0,0.0
TTCATTCAGTAACGAG-2,38.0,0.19027885726034566,0.0,0.0,0.23574107619489226,0.2789089395946002,0.2950711269501618
GGTGAGCCACTCAACA-1,25.0,0.0,0.0,0.0,1.0,0.0,0.0
CCCTCACCACAAAGAC-3,10.0,0.26490417044114983,0.0,0.0,0.1425309127782741,0.3402195170606928,0.2523453997198832
GTATTGATCTTAGCGG-2,17.0,0.0,0.0,0.0,0.0,0.0,1.0
AGAAAGGCAGTCTAAT-2,14.0,0.0,0.0,0.0,0.0,0.0,1.0
ATATGCATCCTAAGGT-2,4.0,0.0,0.0,0.0,0.0,0.0,1.0
GACTATTCAATTTGGT-3,24.0,0.21845905187174444,,,0.2480843926368116,0.19755649681913243,0.33590005867231154
CGCAAATTCTAAGGAG-1,23.0,0.0,0.0,0.0,1.0,0.0,0.0
ACTTTGTTCCATCAGG-2,5.0,0.0,0.0,0.0,0.5455689308719414,0.0,0.4544310691280588
AGAGATTAGTTAACCA-3,28.0,0.0,0.0,0.0,0.0,1.0,0.0
TACTTCGTCTACCTGC-1,15.0,0.0,0.0,0.0,1.0,0.0,0.0
GATTGCGTCAGGGCCT-2,5.0,0.0,0.0,0.0,0.0,0.0,1.0
CATCACACAGGTTAAA-1,3.0,0.0,0.0,0.0,1.0,0.0,0.0
AAAGGCTCAGAAATTG-3,20.0,1.0,0.0,0.0,0.0,0.0,0.0
TTAGCGGTCCCAGTAG-3,28.0,0.24355764626440804,,,0.2713230524219713,0.21916108471229478,0.2659582166013259
GCACTAAGTGTGCACG-1,3.0,0.0,0.0,0.0,1.0,0.0,0.0
GATCAGGCAGCATGTC-3,13.0,0.2379245460670892,,,0.33034621848395457,0.2084468038321267,0.22328243161682945
CAAACATGTTTCGCGC-2,33.0,1.0,0.0,0.0,0.0,0.0,0.0
CGGTGAACATAAGTCT-3,3.0,0.2510908928836586,,,0.23769248350866462,0.29944475183729763,0.2117718717703792
GCCCATAAGAGGGACT-1,32.0,0.0,0.0,0.0,1.0,0.0,0.0
ACCATTAAGCAAGATG-2,23.0,1.0,0.0,0.0,0.0,0.0,0.0
TGCTTCCAGGTTAGAG-3,5.0,0.25007613426230707,,,0.2764713286099489,0.24316603374735998,0.23028650338038426
CCGCAAATCCTACCTA-1,23.0,0.0,0.0,0.0,1.0,0.0,0.0
CTACTAAAGCCGGTAC-1,5.0,0.0,0.0,0.0,1.0,0.0,0.0
GTCTTGCTCTTGGATA-2,7.0,1.0,0.0,0.0,0.0,0.0,0.0
AAGCGAATCCGGGACT-3,33.0,0.25254537146409556,,,0.23028304051452006,0.2665285948922042,0.25064299312918015
CTAGTGAGTGGAAACG-3,15.0,0.25404889456095253,,,0.3994002521455771,0.19749238598555172,0.14905846730791872
TTGCTTAGTGAACAAA-3,4.0,0.2789549502429366,,,0.1885732419812842,0.21961014244052887,0.31286166533525034
GTTGTGAGTTGTCATC-3,10.0,0.26490417044114983,,,0.1425309127782741,0.3402195170606928,0.2523453997198832
GGTGTGACACCTCAGG-2,20.0,0.255116509861887,,,0.11378520411624034,0.3739473542312623,0.25715093179061016
TCCTGGTTCCGGGACT-3,34.0,1.0,0.0,0.0,0.0,0.0,0.0
TAGACCAGTTTAGCGA-3,32.0,0.23501474983514806,,,0.36169219852304807,0.23220664506324848,0.1710864065785554
CATTGCGAGCTCCCTG-3,32.0,0.23501474983514806,,,0.36169219852304807,0.23220664506324848,0.1710864065785554
TGGTCATAGGGCTTAT-2,36.0,0.2461747580345537,0.0,0.0,0.1850283944180879,0.27103139859455855,0.2977654489527998
CCGTTGCGTATTTGCC-3,38.0,0.0,0.0,0.0,0.0,1.0,0.0
TTCCTTCTCGTTACAA-2,38.0,0.0,0.0,0.0,1.0,0.0,0.0
CGATCCTTCTAATCTC-1,12.0,0.0,0.0,0.0,1.0,0.0,0.0
GTTCTTAGTGCTGGTG-3,32.0,1.0,0.0,0.0,0.0,0.0,0.0
CAACAGGCAATTAGCT-3,2.0,0.21079074246169519,,,0.3110256879333526,0.2245883274521365,0.25359524215281576
ACCTTGCTCATTGACA-3,1.0,0.0,0.0,0.0,0.0,1.0,0.0
GGTCGGTTCTTAGTGA-1,31.0,0.0,0.0,0.0,1.0,0.0,0.0
GGTAAACCATTGGGAG-2,5.0,1.0,0.0,0.0,0.0,0.0,0.0
ACTCGCGCAGATAGAC-3,10.0,1.0,0.0,0.0,0.0,0.0,0.0
TACTGCACACTAAGAA-2,33.0,1.0,0.0,0.0,0.0,0.0,0.0
CATGAGGCAGCTCATA-3,30.0,0.2305508875130836,,,0.30015485066475694,0.2562706347632869,0.21302362705887254
TTGCAATCATAAAGCA-1,31.0,0.0,0.0,0.0,1.0,0.0,0.0
ATGTAAGCAAGCTACC-3,12.0,0.28399203408741175,0.0,0.0,0.0,0.44276291180151617,0.2732450541110721
TCTAGCCTCCTGGTCT-3,35.0,0.2399263636153897,,,0.17564806529159285,0.22166609309080135,0.362759478002216
CTGACCAAGTAGGCGG-3,10.0,0.0,0.0,0.0,0.0,1.0,0.0
CTTCTCAAGTTCCCGT-3,12.0,0.0,0.0,0.0,0.0,1.0,0.0
AAACATGCAGGTCCTG-2,15.0,0.0,0.0,0.0,1.0,0.0,0.0
GGTTTCCTCGATTATG-3,13.0,0.2379245460670892,,,0.33034621848395457,0.2084468038321267,0.22328243161682945
TGACCTTGTTAGCAGC-3,9.0,0.25657805136510725,0.0,0.0,0.19608879238864382,0.26842478255731234,0.2789083736889367
AGCGCTCAGGCATTGT-3,17.0,0.0,0.0,0.0,0.0,0.0,1.0
GCTGCACAGCGGTTAT-2,16.0,0.0,0.0,0.0,0.0,0.0,1.0
CGTACGGGTTAGAGCC-2,9.0,1.0,0.0,0.0,0.0,0.0,0.0
TTATAGCCAATCGCAC-2,28.0,0.0,0.0,0.0,0.5049925766353235,0.0,0.4950074233646764
GTTCCTTCAGCATTAT-3,1.0,0.2431277739439729,,,0.27520525106868904,0.22514867316661977,0.2565183018207184
TATGTGATCACTCAAA-2,12.0,1.0,0.0,0.0,0.0,0.0,0.0
ATGGACAAGACTCGCA-3,16.0,1.0,0.0,0.0,0.0,0.0,0.0
AAAGGCTCAGCACCAT-3,26.0,1.0,0.0,0.0,0.0,0.0,0.0
CCTAAGTAGAAACTGG-2,12.0,0.0,0.0,0.0,0.0,0.0,1.0
GTGCACGGTTCCGGCT-3,22.0,0.22299113408910365,,,0.2286831626631811,0.3006206801642622,0.24770502308345307
CATAATCCATAGCTGC-1,15.0,1.0,0.0,0.0,0.0,0.0,0.0
TACCGCAAGGACACTT-3,13.0,0.2379245460670892,,,0.33034621848395457,0.2084468038321267,0.22328243161682945
AATGGCGCACTGGCTG-1,25.0,0.0,0.0,0.0,1.0,0.0,0.0
GACTATTCATGTTGTG-3,18.0,0.23638071763888321,,,0.28964209218552694,0.2590708442645409,0.21490634591104896
CTTACCGGTGCTTAGA-1,15.0,0.0,0.0,0.0,1.0,0.0,0.0
TACTTCGTCGCACACA-1,38.0,0.0,0.0,0.0,1.0,0.0,0.0
GCTTGACCAGCACGAA-2,19.0,0.0,0.0,0.0,1.0,0.0,0.0
ATTGCTCGTGGTGAGA-3,14.0,0.25490642483705084,,,0.203860627012991,0.27543380527416844,0.2657991428757897
AACTGTTCAAACCTAT-1,29.0,0.0,0.0,0.0,1.0,0.0,0.0
TGACCAAGTACCAGGT-1,3.0,0.0,0.0,0.0,1.0,0.0,0.0
CCATTGTGTTAACAGT-3,21.0,0.36496857686394185,,,0.2425919314203312,0.14718681699163197,0.24525267472409484
TCCCGGACACATTGCA-2,5.0,0.0,0.0,0.0,1.0,0.0,0.0
GCCTTAACATCACAGC-3,22.0,0.0,0.0,0.0,0.0,1.0,0.0
CTGAAACTCCGCCTCA-2,26.0,0.0,0.0,0.0,1.0,0.0,0.0
GACTCACCAAAGCTAA-2,4.0,0.0,0.0,0.0,1.0,0.0,0.0
TAGCTAGGTAATGACT-2,15.0,0.0,0.0,0.0,1.0,0.0,0.0
CTTCAATTCCTTAGTT-3,5.0,0.0,0.0,0.0,0.0,1.0,0.0
CCTACTTCAGGAACTG-3,1.0,0.2431277739439729,,,0.27520525106868904,0.22514867316661977,0.2565183018207184
CAACCCTTCGCATTAA-3,7.0,1.0,0.0,0.0,0.0,0.0,0.0
CAGGACCTCGAGCAAA-2,3.0,0.2510908928836586,0.0,0.0,0.23769248350866462,0.29944475183729763,0.2117718717703792
CCAGGATGTGGAGCAA-3,22.0,0.0,0.0,0.0,0.0,0.0,1.0
CGACCTGCATGTCGCG-2,3.0,0.2510908928836586,,,0.23769248350866462,0.29944475183729763,0.2117718717703792
TTACGTTTCAGGGCCT-2,21.0,0.36496857686394185,,,0.2425919314203312,0.14718681699163197,0.24525267472409484
GACTTGGTCAAGTGAG-2,9.0,0.25657805136510725,0.0,0.0,0.19608879238864382,0.26842478255731234,0.2789083736889367
CAACCCGCACAACAGG-1,15.0,0.0,0.0,0.0,1.0,0.0,0.0
TTGCCCGTCTTGACCC-1,5.0,0.0,0.0,0.0,1.0,0.0,0.0
CGAAATGAGGGCCATC-3,19.0,1.0,0.0,0.0,0.0,0.0,0.0
TCTAACTTCCTCATGC-3,37.0,0.15830411656991292,,,0.21353305020503288,0.2890839998065646,0.33907883341848966
TTGTGCGAGTTAGAGG-3,13.0,0.2379245460670892,,,0.33034621848395457,0.2084468038321267,0.22328243161682945
ATTGGTTCAACTAGAA-3,3.0,0.2510908928836586,,,0.23769248350866462,0.29944475183729763,0.2117718717703792
ATTCCTCCAAACCCTA-2,12.0,0.22393288850727908,0.0,0.0,0.21148179656914845,0.3491266157595441,0.21545869916402838
GGGCCTAGTGTTGCTT-3,11.0,0.26017380928088074,,,0.3107460265472086,0.2228172513789396,0.20626291279297101
TAGGGTTTCTTGAGCG-3,21.0,0.36496857686394185,,,0.2425919314203312,0.14718681699163197,0.24525267472409484
AGCAAGGGTTTAGCTC-2,11.0,0.0,0.0,0.0,0.6010457516339869,0.0,0.39895424836601306
TATGTGATCGAGCTAT-2,13.0,0.0,0.0,0.0,0.0,0.0,1.0
TTCAACCGTAACGAGG-3,3.0,0.2510908928836586,0.0,0.0,0.23769248350866462,0.29944475183729763,0.2117718717703792
GAGGCAAGTGTGCAAC-2,4.0,0.0,0.0,0.0,0.37606724069221203,0.0,0.623932759307788
TATAGCTCAGGTTACC-3,10.0,1.0,0.0,0.0,0.0,0.0,0.0
ACCTTGCTCCTCAGCT-3,31.0,0.24483511612846504,,,0.34550975661796685,0.2764681959007302,0.13318693135283804
TATCGAGGTGTCCAAA-3,10.0,0.26490417044114983,,,0.1425309127782741,0.3402195170606928,0.2523453997198832
TGCATTAAGCTGTACG-2,12.0,0.0,0.0,0.0,0.0,0.0,1.0
TCAAGCTAGCATGGTT-2,6.0,0.0,0.0,0.0,1.0,0.0,0.0
CAGCCTAAGCCGCTAA-2,21.0,0.36496857686394185,0.0,0.0,0.2425919314203312,0.14718681699163197,0.24525267472409484
AGACAATAGTCATGCG-3,38.0,0.19027885726034566,,,0.23574107619489226,0.2789089395946002,0.2950711269501618
TCGGTTCTCACAGACT-3,22.0,0.0,0.0,0.0,0.0,1.0,0.0
CAAACAACAGAGAGCC-3,28.0,1.0,0.0,0.0,0.0,0.0,0.0
ACCAAACTCCGTAAAC-2,4.0,1.0,0.0,0.0,0.0,0.0,0.0
GGCCTCTGTGGTTATG-2,14.0,0.25490642483705084,,,0.203860627012991,0.27543380527416844,0.2657991428757897
CCCTCATAGGCCTGGT-1,26.0,0.0,0.0,0.0,1.0,0.0,0.0
GTGTAACTCATGGTGT-1,2.0,0.0,0.0,0.0,1.0,0.0,0.0
GATGCTTAGTTGGCCA-3,12.0,0.22393288850727908,,,0.21148179656914845,0.3491266157595441,0.21545869916402838
ACCCAACCAGCTAATT-1,13.0,0.0,0.0,0.0,1.0,0.0,0.0
TCGACAAGTTTAACGG-1,28.0,0.0,0.0,0.0,1.0,0.0,0.0
GTACTTAAGCTAAAGG-3,4.0,0.2789549502429366,,,0.1885732419812842,0.21961014244052887,0.31286166533525034
GCTAGCCAGCTCAAAC-3,8.0,1.0,0.0,0.0,0.0,0.0,0.0
GCTATAGGTTACTAGG-1,15.0,0.0,0.0,0.0,1.0,0.0,0.0
ATGGACAAGGGTCTAT-2,27.0,0.2659503422898086,0.0,0.0,0.3090767064839525,0.2252336567198111,0.1997392945064278
GCTAAGAAGCCTGACA-1,35.0,0.0,0.0,0.0,1.0,0.0,0.0
AGCCGCTAGATGGAGC-1,28.0,0.0,0.0,0.0,0.0,0.0,1.0
GCTGATCCACCTATAG-2,18.0,0.0,0.0,0.0,0.0,1.0,0.0
CTTCGCGTCTTTGTAC-2,4.0,0.2789549502429366,0.0,0.0,0.1885732419812842,0.21961014244052887,0.31286166533525034
TGATCAATCTACTAAG-1,21.0,1.0,0.0,0.0,0.0,0.0,0.0
GCGGAACCATCCCTCA-2,7.0,0.0,0.0,0.0,1.0,0.0,0.0
GCGCAAACACTTACAG-3,34.0,1.0,0.0,0.0,0.0,0.0,0.0
TGATCGAGTTTGCAGA-2,5.0,0.25007613426230707,0.0,0.0,0.2764713286099489,0.24316603374735998,0.23028650338038426
TACGTAATCCGGTTAG-3,5.0,0.25007613426230707,,,0.2764713286099489,0.24316603374735998,0.23028650338038426
CCGGTAGGTCAACAAT-3,1.0,0.2431277739439729,,,0.27520525106868904,0.22514867316661977,0.2565183018207184
CTTACCGGTCAACAAT-3,8.0,0.22347106138460127,,,0.25914442347718897,0.16517053432406306,0.3522139808141467
AACAAAGGTTAACAGT-1,10.0,0.0,0.0,0.0,0.0,0.0,1.0
TCATTTGGTTTATCTG-2,1.0,0.0,0.0,0.0,1.0,0.0,0.0
AGTGCGGAGCGGCTGT-3,1.0,0.2431277739439729,,,0.27520525106868904,0.22514867316661977,0.2565183018207184
AGCTGCTCAGTTAAAG-3,33.0,1.0,0.0,0.0,0.0,0.0,0.0
GCAGCTATCCGCCTCA-2,10.0,0.0,0.0,0.0,0.0,0.0,1.0
CAATGCCCAAGGAATC-1,36.0,0.0,0.0,0.0,1.0,0.0,0.0
GGAGTGAGTCATTGAG-3,10.0,1.0,0.0,0.0,0.0,0.0,0.0
TTGGGTTAGCCGCTAA-3,37.0,0.0,0.0,0.0,0.0,0.0,1.0
GATCGAGCACATTGCA-2,11.0,0.0,0.0,0.0,1.0,0.0,0.0
TGATCACAGGTGAAAT-3,30.0,0.0,0.0,0.0,0.0,1.0,0.0
ATCCGTGAGCATTAGC-3,9.0,0.25657805136510725,,,0.19608879238864382,0.26842478255731234,0.2789083736889367
TATCGAGGTACCGAAC-3,12.0,1.0,0.0,0.0,0.0,0.0,0.0
GGTACAAAGGTGAAGC-3,33.0,0.0,0.0,0.0,0.0,1.0,0.0
CCCTCACCAGTTTACG-2,5.0,0.0,0.0,0.0,0.0,0.0,1.0
CATAGGTTCGTTAGCG-2,25.0,0.0,0.0,0.0,0.0,0.0,1.0
AGCACAGCAAGACTCC-3,14.0,1.0,0.0,0.0,0.0,0.0,0.0
ACAGGAATCATGTTTC-3,34.0,0.23141187017972628,0.0,0.0,0.21203187960198364,0.23517958103089368,0.32137666918739655
GAGTAACCACCATATG-2,27.0,0.0,0.0,0.0,1.0,0.0,0.0
CGATGTCCAGCTTACA-2,2.0,0.21079074246169519,,,0.3110256879333526,0.2245883274521365,0.25359524215281576
GTCCAGGGTGGATTCA-2,10.0,0.0,0.0,0.0,0.36095077943916737,0.0,0.6390492205608327
GGTACCGGTACTTCAC-2,22.0,0.22299113408910365,,,0.2286831626631811,0.3006206801642622,0.24770502308345307
TTCGGTACACTAGCGT-1,24.0,0.0,0.0,0.0,1.0,0.0,0.0
ACGCCTAAGCTTGCTC-3,2.0,0.21079074246169519,,,0.3110256879333526,0.2245883274521365,0.25359524215281576
ACCAGGCTCATGCATA-3,3.0,0.2510908928836586,,,0.23769248350866462,0.29944475183729763,0.2117718717703792
AAGCAAGTCGTTTCGC-3,21.0,0.36496857686394185,0.0,0.0,0.2425919314203312,0.14718681699163197,0.24525267472409484
CACTAGCCACAGAAAC-1,11.0,0.0,0.0,0.0,1.0,0.0,0.0
TTGGTGAGTTCGGTAA-2,32.0,0.0,0.0,0.0,0.0,0.0,1.0
TACTTCGTCTACTAAG-3,6.0,0.28619740144106137,,,0.20095345838278786,0.28595501190791156,0.2268941282682392
ATTTGCAAGAGCCGCT-3,19.0,0.28880190709864184,0.0,0.0,0.19477936981053914,0.2980900086334725,0.21832871445734645
AACGCCCAGCACAGGG-3,21.0,1.0,0.0,0.0,0.0,0.0,0.0
ACGAGTAAGCATGCAT-1,15.0,1.0,0.0,0.0,0.0,0.0,0.0
CTAACCACATGATTGT-1,28.0,0.0,0.0,0.0,1.0,0.0,0.0
AAGGATGTCTCCTCTT-3,5.0,0.0,0.0,0.0,0.0,1.0,0.0
GCTAAGCGTGATGATT-2,6.0,0.28619740144106137,0.0,0.0,0.20095345838278786,0.28595501190791156,0.2268941282682392
AACTCACAGTGAACGA-3,34.0,1.0,0.0,0.0,0.0,0.0,0.0
GGAGCAAGTCATCAAG-1,8.0,1.0,0.0,0.0,0.0,0.0,0.0
GCTTACCTCCTTGTTG-3,11.0,0.0,0.0,0.0,0.0,1.0,0.0
GTGGCTTCAACTAGCC-2,9.0,0.0,0.0,0.0,1.0,0.0,0.0
GAGATAAGTTTGCGCC-3,32.0,0.23501474983514806,,,0.36169219852304807,0.23220664506324848,0.1710864065785554
TGCACACCAGGAATCG-1,23.0,0.0,0.0,0.0,1.0,0.0,0.0
CTATTACTCCTCAGCT-3,7.0,0.23707317196827163,0.0,0.0,0.3805360488007793,0.2041805565917011,0.17821022263924788
GGTCATTAGGTCCTAG-1,30.0,1.0,0.0,0.0,0.0,0.0,0.0
CCCGCAACAGTAATAG-3,15.0,1.0,0.0,0.0,0.0,0.0,0.0
ATTGAAGCAAGGTATA-2,1.0,1.0,0.0,0.0,0.0,0.0,0.0
ATGCGATTCGTTTCGC-3,7.0,0.23707317196827163,,,0.3805360488007793,0.2041805565917011,0.17821022263924788
TACAGGTTCTTGTCTG-1,11.0,1.0,0.0,0.0,0.0,0.0,0.0
ACCCTGTTCTGGCATG-2,19.0,0.0,0.0,0.0,0.0,1.0,0.0
CAAGGCTGTTGTAAAC-3,6.0,0.0,0.0,0.0,0.0,1.0,0.0
GTGAACAAGAGGATAT-2,14.0,0.25490642483705084,0.0,0.0,0.203860627012991,0.27543380527416844,0.2657991428757897
CATAATCCAGGAACCA-1,18.0,0.0,0.0,0.0,1.0,0.0,0.0
GGTGCTTCACTATGGC-1,31.0,0.0,0.0,0.0,1.0,0.0,0.0
AGTGCGGAGACAAACG-2,14.0,0.0,0.0,0.0,1.0,0.0,0.0
CTGTTAAAGAAGGTGC-2,16.0,0.19281102196304184,0.0,0.0,0.24608965471250854,0.23107341591095565,0.33002590741349397
GGTGTGACAAAGCCTC-3,15.0,0.25404889456095253,,,0.3994002521455771,0.19749238598555172,0.14905846730791872
GCTAAGCGTATTGAGT-3,30.0,1.0,0.0,0.0,0.0,0.0,0.0
TGAGCAAAGGACAACA-2,24.0,0.21845905187174444,,,0.2480843926368116,0.19755649681913243,0.33590005867231154
CACGCAATCGTGCTTC-3,9.0,0.25657805136510725,,,0.19608879238864382,0.26842478255731234,0.2789083736889367
ACCATTAAGGGATTAG-2,14.0,0.25490642483705084,0.0,0.0,0.203860627012991,0.27543380527416844,0.2657991428757897
GGATGTAAGCTAATTG-3,2.0,0.21079074246169519,,,0.3110256879333526,0.2245883274521365,0.25359524215281576
AGGTTGCGTAAATTGC-2,25.0,0.32664509510163875,0.0,0.0,0.0,0.2681242336104492,0.40523067128791207
TCATCCATCCCTCTAA-1,10.0,0.0,0.0,0.0,1.0,0.0,0.0
GCTATAGGTTAAGCCA-3,19.0,0.28880190709864184,,,0.19477936981053914,0.2980900086334725,0.21832871445734645
ATCCGTGAGGCGGGTA-3,29.0,0.31074906515307005,,,0.233016360882147,0.22003051032240445,0.2362040636423785
CAATGCCCACAATGTT-3,30.0,0.2305508875130836,,,0.30015485066475694,0.2562706347632869,0.21302362705887254
GTGAGGAGTCCTAAGA-1,9.0,0.0,0.0,0.0,1.0,0.0,0.0
CAGGATGCAATTAAGG-3,8.0,1.0,0.0,0.0,0.0,0.0,0.0
GTAGCGCTCCGCAAAT-1,22.0,0.0,0.0,0.0,1.0,0.0,0.0
GTCATGCCAGAGGGAG-3,12.0,1.0,0.0,0.0,0.0,0.0,0.0
ACATCATCAGTGAACG-3,1.0,0.2431277739439729,,,0.27520525106868904,0.22514867316661977,0.2565183018207184
ACTATGTCAAGGACCA-1,2.0,0.0,0.0,0.0,1.0,0.0,0.0
CCTGTTGGTTACTTGC-2,29.0,0.31074906515307005,,,0.233016360882147,0.22003051032240445,0.2362040636423785
CCTTTAGTCTAACTGA-3,21.0,0.0,0.0,0.0,0.0,1.0,0.0
TCTAACTTCGGTCAAT-2,9.0,1.0,0.0,0.0,0.0,0.0,0.0
ACCAAACTCGGTCAGC-1,2.0,1.0,0.0,0.0,0.0,0.0,0.0
TACGGTTAGACCATAC-3,31.0,1.0,0.0,0.0,0.0,0.0,0.0
ATATGTCCAACTAGGG-1,6.0,0.0,0.0,0.0,1.0,0.0,0.0
ACTCGCGCAGATAGAC-1,3.0,1.0,0.0,0.0,0.0,0.0,0.0
CTTCTAAGTCAAGTGC-1,25.0,0.0,0.0,0.0,1.0,0.0,0.0
GCGCAATGTAACAGGG-1,18.0,1.0,0.0,0.0,0.0,0.0,0.0
CCTGAATAGGGACCTC-1,2.0,0.0,0.0,0.0,1.0,0.0,0.0
TAATGCATCCTAAGTA-1,6.0,1.0,0.0,0.0,0.0,0.0,0.0
TGCGGTTCAATTTGGT-3,3.0,0.0,0.0,0.0,0.0,0.0,1.0
TGTATCGCAGTATGTT-3,8.0,1.0,0.0,0.0,0.0,0.0,0.0
CCTTCAGGTTATCCTA-1,16.0,0.0,0.0,0.0,0.0,0.0,1.0
CTTCAGGAGCCGGTAC-1,19.0,0.0,0.0,0.0,1.0,0.0,0.0
GCGTTTCTCTTAAGTG-3,23.0,1.0,0.0,0.0,0.0,0.0,0.0
CAGTATGGTTAGTACG-2,3.0,0.0,0.0,0.0,1.0,0.0,0.0
GATCAAGAGGAACCGG-2,4.0,0.2789549502429366,,,0.1885732419812842,0.21961014244052887,0.31286166533525034
GCAATGTTCCAACTGG-2,9.0,0.25657805136510725,,,0.19608879238864382,0.26842478255731234,0.2789083736889367
AGCCGGTTCCATAAGC-1,25.0,0.0,0.0,0.0,1.0,0.0,0.0
CCTGTATGTTGCGCGA-3,1.0,0.2431277739439729,0.0,0.0,0.27520525106868904,0.22514867316661977,0.2565183018207184
TTTCTCACACAGGATG-1,4.0,0.0,0.0,0.0,1.0,0.0,0.0
GTGAATCTCTGCAACG-1,1.0,0.0,0.0,0.0,1.0,0.0,0.0
ATAACGACAGTTATCG-3,3.0,1.0,0.0,0.0,0.0,0.0,0.0
GGCCTTAAGCTCCCTG-3,8.0,1.0,0.0,0.0,0.0,0.0,0.0
TGCCGGTAGGTGCTGC-3,26.0,0.3005755128437196,,,0.19364293997678975,0.3106467509625101,0.19513479621698074
TTATCCTAGGTAAGGC-1,4.0,0.0,0.0,0.0,1.0,0.0,0.0
GTCGCAATCACGCGGT-2,34.0,1.0,0.0,0.0,0.0,0.0,0.0
ACTTATCTCCGGTTGA-2,11.0,0.0,0.0,0.0,1.0,0.0,0.0
GGTACAAAGCATCCAG-1,14.0,0.0,0.0,0.0,1.0,0.0,0.0
TCAGGTTAGCTCGCTT-2,19.0,0.0,0.0,0.0,1.0,0.0,0.0
TGCATGAGTCATTGAG-2,6.0,0.0,0.0,0.0,1.0,0.0,0.0
CCATAAATCCAAGTTA-2,13.0,0.2379245460670892,,,0.33034621848395457,0.2084468038321267,0.22328243161682945
ACACTTGCAACTCGCG-2,11.0,0.0,0.0,0.0,1.0,0.0,0.0
CAGGACCTCCCGCATT-3,11.0,1.0,0.0,0.0,0.0,0.0,0.0
CTGGTAAGTCACAAAT-1,7.0,0.0,0.0,0.0,1.0,0.0,0.0
GGTCAGGAGTGTTGTA-3,13.0,1.0,0.0,0.0,0.0,0.0,0.0
GTAATAGCAAGGTACG-3,6.0,0.28619740144106137,,,0.20095345838278786,0.28595501190791156,0.2268941282682392
AAACGTACAGGCAAGC-1,2.0,0.0,0.0,0.0,1.0,0.0,0.0
GCAGGTTGTCTCACTG-1,22.0,0.0,0.0,0.0,1.0,0.0,0.0
ATTGACTCAGGATGGC-1,10.0,0.0,0.0,0.0,1.0,0.0,0.0
CTTTCTTGTTGGTGAC-1,15.0,0.0,0.0,0.0,1.0,0.0,0.0
CACTAGCCATCAGTAT-1,15.0,0.0,0.0,0.0,1.0,0.0,0.0
GGGCTAACACAGAACG-1,29.0,0.0,0.0,0.0,1.0,0.0,0.0
CTAGCGGGTCATGCCC-1,11.0,0.0,0.0,0.0,1.0,0.0,0.0
TGGTGATTCATTGACA-2,28.0,0.24355764626440804,,,0.2713230524219713,0.21916108471229478,0.2659582166013259
GCAAACTTCGATTCTT-3,5.0,0.25007613426230707,,,0.2764713286099489,0.24316603374735998,0.23028650338038426
CATCAATCACGTGCTG-1,28.0,0.0,0.0,0.0,1.0,0.0,0.0
CCTCCTCTCATTTGTC-3,16.0,1.0,0.0,0.0,0.0,0.0,0.0
TGTGGAGCATTAGGCC-3,19.0,0.0,0.0,0.0,0.0,0.0,1.0
AACCTCCTCACCATTT-3,16.0,0.25574794558564723,0.0,0.0,0.0,0.3064998608327089,0.43775219358164397
GTCTATCGTTTCGCGC-2,15.0,0.25404889456095253,,,0.3994002521455771,0.19749238598555172,0.14905846730791872
ACTCACCTCGCATTAA-2,6.0,0.0,0.0,0.0,1.0,0.0,0.0
GGTTAATGTTATCCGT-2,9.0,0.0,0.0,0.0,1.0,0.0,0.0
CTTACTAGTTGCGGAT-2,33.0,0.0,0.0,0.0,0.0,1.0,0.0
CACAATATCCATAATG-2,23.0,0.0,0.0,0.0,0.0,0.0,1.0
GAGCGGTCACGTAATT-3,33.0,0.25254537146409556,,,0.23028304051452006,0.2665285948922042,0.25064299312918015
TCATGCCTCTTGGATA-1,9.0,0.0,0.0,0.0,0.0,0.0,1.0
GTAGCTGTCTAAGTGC-3,1.0,0.0,0.0,0.0,0.0,1.0,0.0
ATAACGACAATGCGCT-1,5.0,0.0,0.0,0.0,1.0,0.0,0.0
CGAAGAATCGCTAAGT-3,17.0,0.28041555117654665,,,0.21377517180417943,0.21373583317818393,0.29207344384108996
GGCAGGATCGCGCTAA-3,14.0,0.25490642483705084,,,0.203860627012991,0.27543380527416844,0.2657991428757897
GCACTAAGTTAGTTGG-1,37.0,0.0,0.0,0.0,1.0,0.0,0.0
TATCACAAGGTACCGC-3,22.0,0.22299113408910365,,,0.2286831626631811,0.3006206801642622,0.24770502308345307
GGGTCAACAACTCGCG-3,3.0,0.0,0.0,0.0,0.0,1.0,0.0
ATTATCCTCCTTCGTA-3,26.0,0.3005755128437196,,,0.19364293997678975,0.3106467509625101,0.19513479621698074
GAGTGATCACCGGTAT-1,28.0,0.0,0.0,0.0,1.0,0.0,0.0
TGCTATGCAAGCGAGC-3,26.0,1.0,0.0,0.0,0.0,0.0,0.0
CCGCTAGCACCACAAC-3,3.0,1.0,0.0,0.0,0.0,0.0,0.0
CCGCTTAGTTGGATCA-2,31.0,0.24483511612846504,0.0,0.0,0.34550975661796685,0.2764681959007302,0.13318693135283804
GACTATTCATCAGTAT-1,7.0,0.0,0.0,0.0,1.0,0.0,0.0
CGAGGCAAGCAGGCCT-1,31.0,0.0,0.0,0.0,1.0,0.0,0.0
GACTTAGGTTACGCAA-2,37.0,0.0,0.0,0.0,1.0,0.0,0.0
TACTTGTTCAATCTAG-3,12.0,0.22393288850727908,,,0.21148179656914845,0.3491266157595441,0.21545869916402838
ACAGTATGTCACACCC-3,4.0,0.2789549502429366,,,0.1885732419812842,0.21961014244052887,0.31286166533525034
AATGTCCAGTCACTAA-3,3.0,1.0,0.0,0.0,0.0,0.0,0.0
CTAGGCGGTAGGATTT-2,10.0,0.0,0.0,0.0,1.0,0.0,0.0
GACCTTTGTCAACAAT-3,3.0,0.2510908928836586,,,0.23769248350866462,0.29944475183729763,0.2117718717703792
ACCTTGCTCCAACTGG-1,5.0,0.0,0.0,0.0,1.0,0.0,0.0
CAGGCTATCAATCTCT-3,12.0,0.22393288850727908,,,0.21148179656914845,0.3491266157595441,0.21545869916402838
TCAGTAATCATCCTAT-1,6.0,0.0,0.0,0.0,1.0,0.0,0.0
TCTTTGTAGGCGCTTA-1,15.0,0.0,0.0,0.0,1.0,0.0,0.0
GTAGGTGCACACAATT-3,22.0,1.0,0.0,0.0,0.0,0.0,0.0
CTCCATCAGCTATTGA-2,1.0,0.0,0.0,0.0,1.0,0.0,0.0
AGCGGATAGAGCCGCT-3,7.0,1.0,0.0,0.0,0.0,0.0,0.0
AAGCGTTTCTTTAAGG-1,13.0,0.0,0.0,0.0,1.0,0.0,0.0
CTCCGTCCAATGAAGC-1,18.0,1.0,0.0,0.0,0.0,0.0,0.0
CTTATTGGTTTATCGC-2,7.0,0.0,0.0,0.0,1.0,0.0,0.0
CTCACTCAGCATGTTA-1,3.0,0.0,0.0,0.0,1.0,0.0,0.0
TCAAGCTAGGCAAGTA-3,16.0,0.19281102196304184,,,0.24608965471250854,0.23107341591095565,0.33002590741349397
TCTATGTTCTTAGTCT-2,11.0,1.0,0.0,0.0,0.0,0.0,0.0
TTATCCTAGTGAGAGC-2,20.0,0.0,0.0,0.0,1.0,0.0,0.0
TTAACCAAGGGTGGAT-2,3.0,0.2510908928836586,0.0,0.0,0.23769248350866462,0.29944475183729763,0.2117718717703792
AGCACAGCAAACTGTT-1,30.0,0.0,0.0,0.0,1.0,0.0,0.0
CAGATTCAGTGTTGCG-1,8.0,0.0,0.0,0.0,1.0,0.0,0.0
TTCCCACAGGAGGTTA-3,17.0,0.28041555117654665,,,0.21377517180417943,0.21373583317818393,0.29207344384108996
CTCCATCAGGGATGCG-2,16.0,0.0,0.0,0.0,1.0,0.0,0.0
CCTTAACGTGGTTAGC-3,4.0,0.2789549502429366,,,0.1885732419812842,0.21961014244052887,0.31286166533525034
GGGCAATAGCGCCTTT-3,1.0,0.2431277739439729,,,0.27520525106868904,0.22514867316661977,0.2565183018207184
GAACGAATCCCTTGCG-2,11.0,0.0,0.0,0.0,0.0,0.0,1.0
GTGGCTTCAATACTGT-1,3.0,0.0,0.0,0.0,1.0,0.0,0.0
AACTAGCTCAGTTCCC-3,9.0,0.0,0.0,0.0,0.0,1.0,0.0
GGTATTGGTCCACAAA-3,27.0,1.0,0.0,0.0,0.0,0.0,0.0
ACGCCACAGCACAGCC-2,34.0,0.23141187017972628,0.0,0.0,0.21203187960198364,0.23517958103089368,0.32137666918739655
GTTAACGGTCACCAAA-3,22.0,1.0,0.0,0.0,0.0,0.0,0.0
TCGCTAACAAAGCTAA-3,9.0,0.25657805136510725,,,0.19608879238864382,0.26842478255731234,0.2789083736889367
ACCAAGCGTAAGGTTT-3,12.0,0.0,0.0,0.0,0.0,1.0,0.0
GAGCATGCAGGAACAT-3,11.0,0.26017380928088074,,,0.3107460265472086,0.2228172513789396,0.20626291279297101
TACCTTAGTTGGATAT-2,4.0,0.0,0.0,0.0,1.0,0.0,0.0
GCCCATAAGTGCTGTG-3,1.0,0.2431277739439729,,,0.27520525106868904,0.22514867316661977,0.2565183018207184
GCGCGATTCCAACTGG-3,19.0,0.28880190709864184,,,0.19477936981053914,0.2980900086334725,0.21832871445734645
ATATGTCCAGTTTCTC-3,9.0,0.25657805136510725,,,0.19608879238864382,0.26842478255731234,0.2789083736889367
AGGCTAAAGTTTGCGG-2,23.0,0.0,0.0,0.0,1.0,0.0,0.0
TGTAAGTGTGGAAGGC-1,28.0,0.0,0.0,0.0,1.0,0.0,0.0
AACCGCTCAGTTATGT-3,15.0,0.25404889456095253,,,0.3994002521455771,0.19749238598555172,0.14905846730791872
CCTAATAAGGTAGCTT-3,19.0,1.0,0.0,0.0,0.0,0.0,0.0
ACAACAGAGATAGACG-3,10.0,0.0,0.0,0.0,0.0,1.0,0.0
GTTCGCTTCAAGGACA-3,23.0,1.0,0.0,0.0,0.0,0.0,0.0
TGGTCCTTCATAAGCC-2,2.0,0.0,0.0,0.0,1.0,0.0,0.0
TCAGGAGCAGTTTGGC-2,16.0,0.19281102196304184,0.0,0.0,0.24608965471250854,0.23107341591095565,0.33002590741349397
GTTCGCTTCGTAACGT-3,9.0,0.25657805136510725,,,0.19608879238864382,0.26842478255731234,0.2789083736889367
TTTGTTGGTTGCACAA-2,24.0,1.0,0.0,0.0,0.0,0.0,0.0
GGCCTTAAGTAATCCA-1,30.0,0.0,0.0,0.0,1.0,0.0,0.0
CCGTTAACAGCAGGTA-1,25.0,0.0,0.0,0.0,1.0,0.0,0.0
TGAGCTTAGGTGTTAC-1,14.0,0.0,0.0,0.0,1.0,0.0,0.0
AGGTTAACATGGTTAT-1,12.0,0.0,0.0,0.0,1.0,0.0,0.0
GCGAAGTAGCGATACT-1,7.0,0.0,0.0,0.0,1.0,0.0,0.0
CGTTTGGAGATGGACA-3,15.0,0.25404889456095253,,,0.3994002521455771,0.19749238598555172,0.14905846730791872
GGTGCTTCATTGTTGG-1,10.0,0.0,0.0,0.0,0.0,0.0,1.0
CCTAAGGTCATTGTCT-1,36.0,0.0,0.0,0.0,1.0,0.0,0.0
TCGGTTACAGCTCAAC-1,9.0,0.0,0.0,0.0,1.0,0.0,0.0
AATTGGACAGAGGGAG-2,3.0,1.0,0.0,0.0,0.0,0.0,0.0
TACGTACAGCCTAACG-2,12.0,0.0,0.0,0.0,1.0,0.0,0.0
TCGTGCTTCGCAAACT-3,12.0,0.0,0.0,0.0,0.0,1.0,0.0
CTAACCCTCTTAGCGG-3,21.0,0.36496857686394185,,,0.2425919314203312,0.14718681699163197,0.24525267472409484
ATCATCAAGCTCCTAC-1,31.0,0.0,0.0,0.0,1.0,0.0,0.0
TTGGATTCACTCGCTC-1,11.0,0.0,0.0,0.0,1.0,0.0,0.0
ATAGGTACAAGGAATC-3,26.0,1.0,0.0,0.0,0.0,0.0,0.0
TTGTGAGGTGTTAAAC-2,38.0,1.0,0.0,0.0,0.0,0.0,0.0
TCGTTACGTTCCGGGA-1,29.0,0.0,0.0,0.0,1.0,0.0,0.0
TCGTTACGTCATGAGC-3,18.0,0.23638071763888321,,,0.28964209218552694,0.2590708442645409,0.21490634591104896
CTTAACAAGATAACCC-1,15.0,1.0,0.0,0.0,0.0,0.0,0.0
GAGTTGCGTTTGGGTA-3,12.0,1.0,0.0,0.0,0.0,0.0,0.0
GGAGCATAGGCACAGG-3,23.0,0.2890753295347951,,,0.21326803108883835,0.2250748294409998,0.2725818099353668
GTCTAACAGGCAAGTA-1,13.0,0.0,0.0,0.0,1.0,0.0,0.0
AGCGATTTCCACCCTG-2,16.0,0.0,0.0,0.0,0.0,0.0,1.0
CCGCTAGCATCCAGGT-2,8.0,0.22347106138460127,0.0,0.0,0.25914442347718897,0.16517053432406306,0.3522139808141467
ACGACAAAGCCTGTTC-2,13.0,0.0,0.0,0.0,0.0,0.0,1.0
CGCTTGCGTTGCTTCG-3,18.0,0.23638071763888321,,,0.28964209218552694,0.2590708442645409,0.21490634591104896
ATATAGGCAATAACGA-3,9.0,1.0,0.0,0.0,0.0,0.0,0.0
GAACCTTAGGACCTTG-1,11.0,1.0,0.0,0.0,0.0,0.0,0.0
CTTCTAAGTCTAACAG-3,18.0,0.23638071763888321,0.0,0.0,0.28964209218552694,0.2590708442645409,0.21490634591104896
TAGCCTCTCTTGTCCA-3,28.0,0.24355764626440804,,,0.2713230524219713,0.21916108471229478,0.2659582166013259
GCTATCCTCTGTGCAG-1,31.0,0.0,0.0,0.0,1.0,0.0,0.0
ACCTGGATCCGGTTAG-3,19.0,0.28880190709864184,,,0.19477936981053914,0.2980900086334725,0.21832871445734645
TTAATCGAGTAGCTTA-3,33.0,0.25254537146409556,0.0,0.0,0.23028304051452006,0.2665285948922042,0.25064299312918015
TATAGCCAGCTTTGTT-2,22.0,0.22299113408910365,,,0.2286831626631811,0.3006206801642622,0.24770502308345307
CCGTTGCGTAAGCACC-3,1.0,0.2431277739439729,,,0.27520525106868904,0.22514867316661977,0.2565183018207184
GTAAGCAAGCAAACCT-2,18.0,0.0,0.0,0.0,1.0,0.0,0.0
CCGTTGCGTTCGCTTG-2,24.0,1.0,0.0,0.0,0.0,0.0,0.0
CTAACCACACTAAATC-2,17.0,0.0,0.0,0.0,0.0,0.0,1.0
AATTTCCTCCAGGTCA-3,6.0,0.28619740144106137,,,0.20095345838278786,0.28595501190791156,0.2268941282682392
TTGCAATCACAGGATG-1,26.0,0.0,0.0,0.0,1.0,0.0,0.0
ATGACCAGTGAGCGAA-3,1.0,1.0,0.0,0.0,0.0,0.0,0.0
CCTTCGTAGTTGCGTG-2,37.0,0.0,0.0,0.0,0.0,0.0,1.0
TCGTTATTCATCCTGC-2,15.0,0.0,0.0,0.0,1.0,0.0,0.0
CACTTAAAGTAACGAG-3,10.0,0.26490417044114983,,,0.1425309127782741,0.3402195170606928,0.2523453997198832
GCAAGTCGTCCTTCAG-3,9.0,0.25657805136510725,,,0.19608879238864382,0.26842478255731234,0.2789083736889367
CTGCTACTCGATAACC-1,1.0,0.0,0.0,0.0,1.0,0.0,0.0
GACCTTTGTTGTCCAT-1,10.0,0.0,0.0,0.0,1.0,0.0,0.0
TCCCGTTAGGAAGTAT-1,31.0,0.0,0.0,0.0,1.0,0.0,0.0
TGCTGGATCTTAGCGG-2,9.0,0.25657805136510725,,,0.19608879238864382,0.26842478255731234,0.2789083736889367
CCTACTGGTAAGCTTG-2,1.0,0.0,0.0,0.0,1.0,0.0,0.0
GGCATTAGTCTAACAG-2,30.0,1.0,0.0,0.0,0.0,0.0,0.0
CGCATTTGTGTTTGAG-3,7.0,0.23707317196827163,,,0.3805360488007793,0.2041805565917011,0.17821022263924788
GATCACTAGCCTCTGT-3,9.0,0.25657805136510725,,,0.19608879238864382,0.26842478255731234,0.2789083736889367
TGCACACCATAGTCAT-1,32.0,0.0,0.0,0.0,1.0,0.0,0.0
TTGTGCCTCACTTCAT-3,31.0,1.0,0.0,0.0,0.0,0.0,0.0
TCTTCAAGTTTGGCTT-2,25.0,0.0,0.0,0.0,1.0,0.0,0.0
AATCGCCCAACTAACT-1,17.0,0.0,0.0,0.0,1.0,0.0,0.0
CATAGACTCCCTCATA-3,9.0,0.25657805136510725,,,0.19608879238864382,0.26842478255731234,0.2789083736889367
CGTCAATAGGCATGAA-3,34.0,0.23141187017972628,,,0.21203187960198364,0.23517958103089368,0.32137666918739655
TACGGATTCACCAATA-1,34.0,1.0,0.0,0.0,0.0,0.0,0.0
ATGTGAGAGCCACATG-3,30.0,0.2305508875130836,,,0.30015485066475694,0.2562706347632869,0.21302362705887254
TGCTCCGTCATGCTAA-1,22.0,0.0,0.0,0.0,1.0,0.0,0.0
CAATAAGCAAACGCGA-1,7.0,0.0,0.0,0.0,1.0,0.0,0.0
CGCCAAATCATCAGTA-2,5.0,0.0,0.0,0.0,0.0,0.0,1.0
ATATGTCCAGTGAACG-3,29.0,0.31074906515307005,,,0.233016360882147,0.22003051032240445,0.2362040636423785
GCGGGTTTCCATAATG-2,3.0,0.2510908928836586,,,0.23769248350866462,0.29944475183729763,0.2117718717703792
CGCCAAATCTACCTGC-1,24.0,0.0,0.0,0.0,1.0,0.0,0.0
GGTTTCTGTCAAAGGG-1,1.0,0.0,0.0,0.0,1.0,0.0,0.0
ATGACGAAGACCATAC-2,32.0,0.0,0.0,0.0,1.0,0.0,0.0
GAGCGAAGTCATTACC-3,12.0,0.22393288850727908,,,0.21148179656914845,0.3491266157595441,0.21545869916402838
AGTTGGCGTTATCGAG-1,34.0,0.0,0.0,0.0,1.0,0.0,0.0
TGTTACTTCTAGCGTG-3,4.0,1.0,0.0,0.0,0.0,0.0,0.0
GGCCTAATCCTCACAC-3,3.0,0.2510908928836586,,,0.23769248350866462,0.29944475183729763,0.2117718717703792
CGACAAGCAGCTTAAT-3,11.0,0.26017380928088074,,,0.3107460265472086,0.2228172513789396,0.20626291279297101
AGTAAGTAGGCAACAA-3,37.0,0.15830411656991292,,,0.21353305020503288,0.2890839998065646,0.33907883341848966
CTCCTAATCGCTTGCT-1,7.0,0.0,0.0,0.0,1.0,0.0,0.0
CAACCCTTCATTGTCT-3,30.0,1.0,0.0,0.0,0.0,0.0,0.0
GACATAGAGCCGCTAA-1,1.0,0.0,0.0,0.0,1.0,0.0,0.0
GGGTCAACAGGTCCTG-3,37.0,0.15830411656991292,0.0,0.0,0.21353305020503288,0.2890839998065646,0.33907883341848966
TATGACATCATCACTT-1,25.0,0.0,0.0,0.0,1.0,0.0,0.0
ACACTTAAGTGACCTG-3,1.0,0.2431277739439729,,,0.27520525106868904,0.22514867316661977,0.2565183018207184
TTACACCGTCCTCCAA-3,34.0,0.23141187017972628,,,0.21203187960198364,0.23517958103089368,0.32137666918739655
CAACTAGGTCTCAGCC-1,9.0,0.0,0.0,0.0,1.0,0.0,0.0
CTAAAGCTCTCCATGC-3,27.0,0.2659503422898086,0.0,0.0,0.3090767064839525,0.2252336567198111,0.1997392945064278
TGCACTTGTGCGCGTA-2,31.0,0.24483511612846504,0.0,0.0,0.34550975661796685,0.2764681959007302,0.13318693135283804
CTAGGACGTCACCTAT-1,5.0,0.0,0.0,0.0,1.0,0.0,0.0
GACTTACAGCTATGAC-2,36.0,1.0,0.0,0.0,0.0,0.0,0.0
GTTACTCGTACTTAGG-1,8.0,0.0,0.0,0.0,1.0,0.0,0.0
TGATGAACATGTCGCG-2,11.0,0.0,0.0,0.0,1.0,0.0,0.0
AGTTGTCAGACTATTG-1,12.0,0.0,0.0,0.0,1.0,0.0,0.0
GCCTTTGGTACCAGGT-3,7.0,0.23707317196827163,,,0.3805360488007793,0.2041805565917011,0.17821022263924788
TACGTACAGCTTAACA-1,38.0,1.0,0.0,0.0,0.0,0.0,0.0
TATAACCCATAGCAGG-3,14.0,0.25490642483705084,,,0.203860627012991,0.27543380527416844,0.2657991428757897
GTAGTTTCATAGACCC-3,23.0,0.2890753295347951,,,0.21326803108883835,0.2250748294409998,0.2725818099353668
GAGCGATAGCACGTTG-2,24.0,0.21845905187174444,0.0,0.0,0.2480843926368116,0.19755649681913243,0.33590005867231154
CGTTAAATCATTATGG-3,9.0,0.25657805136510725,0.0,0.0,0.19608879238864382,0.26842478255731234,0.2789083736889367
AGGCGGATCAGCACGC-1,15.0,0.0,0.0,0.0,1.0,0.0,0.0
TATGACTCATTTAAGC-2,30.0,0.0,0.0,0.0,1.0,0.0,0.0
TTAAAGGCAGTCTATG-2,37.0,0.15830411656991292,0.0,0.0,0.21353305020503288,0.2890839998065646,0.33907883341848966
GGGTATTTCAATAGCC-3,9.0,0.25657805136510725,0.0,0.0,0.19608879238864382,0.26842478255731234,0.2789083736889367
CAAGACAAGTTTCCGC-1,11.0,0.0,0.0,0.0,1.0,0.0,0.0
GCAAGTGCAGTTAGCC-1,23.0,0.0,0.0,0.0,1.0,0.0,0.0
CTCACACTCCCATAGG-3,33.0,1.0,0.0,0.0,0.0,0.0,0.0
TGCATGAGTCAACAAT-3,15.0,0.25404889456095253,0.0,0.0,0.3994002521455771,0.19749238598555172,0.14905846730791872
ATTGTCCGTGCTAGCG-3,5.0,0.25007613426230707,,,0.2764713286099489,0.24316603374735998,0.23028650338038426
GTCGAAGCAGGTTCAC-2,31.0,0.0,0.0,0.0,0.0,0.0,1.0
TTTAACCTCAACCAAC-3,20.0,0.255116509861887,,,0.11378520411624034,0.3739473542312623,0.25715093179061016
AGCACAGCAAGTTATC-3,24.0,1.0,0.0,0.0,0.0,0.0,0.0
CCCAGCACACAGACTC-3,21.0,0.36496857686394185,,,0.2425919314203312,0.14718681699163197,0.24525267472409484
CGTCCTAGTTGCACGG-1,33.0,0.0,0.0,0.0,1.0,0.0,0.0
TTAGCGGTCACTAAGC-2,21.0,0.0,0.0,0.0,0.0,0.0,1.0
GGCTGGTTCGTGCTTC-1,15.0,0.0,0.0,0.0,1.0,0.0,0.0
GATTCATCAAACTAAG-2,36.0,0.0,0.0,0.0,0.0,0.0,1.0
CCCGTAAAGGGTGAAC-3,10.0,0.26490417044114983,,,0.1425309127782741,0.3402195170606928,0.2523453997198832
CTACCTCAGCATTAGC-3,29.0,1.0,0.0,0.0,0.0,0.0,0.0
CGCCACACACTTAGGC-2,18.0,1.0,0.0,0.0,0.0,0.0,0.0
CATGAGGCACAAAGGT-3,4.0,0.2789549502429366,0.0,0.0,0.1885732419812842,0.21961014244052887,0.31286166533525034
TTTGTGTTCCTACCTA-2,15.0,0.0,0.0,0.0,1.0,0.0,0.0
CTACCGGCACGAATCC-3,24.0,0.21845905187174444,,,0.2480843926368116,0.19755649681913243,0.33590005867231154
TACTCAAAGTAGCGGG-3,20.0,0.0,0.0,0.0,0.0,1.0,0.0
GTGATCAGTTAGGCGT-2,20.0,0.0,0.0,0.0,0.3067514677103718,0.0,0.6932485322896282
GATCCGTCACAATTAC-3,8.0,0.22347106138460127,,,0.25914442347718897,0.16517053432406306,0.3522139808141467
TCCTCTAAGCTGTAAC-1,31.0,1.0,0.0,0.0,0.0,0.0,0.0
GCTATAGGTGCACGCA-2,16.0,0.0,0.0,0.0,1.0,0.0,0.0
GGCTTAAGTGATGGCT-2,20.0,0.0,0.0,0.0,1.0,0.0,0.0
GGTTAATGTGAGGTAG-2,17.0,0.0,0.0,0.0,1.0,0.0,0.0
GGTTATATCGTTATCT-2,30.0,0.3294312859524358,0.0,0.0,0.0,0.36618191182250653,0.3043868022250576
CGGAGCAAGCAAGATG-3,35.0,0.2399263636153897,0.0,0.0,0.17564806529159285,0.22166609309080135,0.362759478002216
TCAAGGAAGTTTCCGC-2,6.0,0.0,0.0,0.0,1.0,0.0,0.0
AAGCGAGGTTACGCGG-3,17.0,0.28041555117654665,,,0.21377517180417943,0.21373583317818393,0.29207344384108996
CTTCAAGCAACACTTG-2,29.0,0.0,0.0,0.0,0.0,0.0,1.0
GTTACTAAGTGAGCAA-1,30.0,0.0,0.0,0.0,1.0,0.0,0.0
CTAGTAATCGGCTAGC-3,20.0,1.0,0.0,0.0,0.0,0.0,0.0
CTCCTCACAATTGACT-1,23.0,0.0,0.0,0.0,1.0,0.0,0.0
GAGAGGCGTAGTTAAC-3,9.0,0.3191621772850661,0.0,0.0,0.0,0.33389854503319716,0.34693927768173677
TCCACAACATAGCGGA-3,5.0,0.25007613426230707,0.0,0.0,0.2764713286099489,0.24316603374735998,0.23028650338038426
GGAGCGATCATGACCG-3,10.0,1.0,0.0,0.0,0.0,0.0,0.0
CCTTCAGGTGAGCACT-3,5.0,0.25007613426230707,,,0.2764713286099489,0.24316603374735998,0.23028650338038426
AGTCAAGAGTTATGTG-3,10.0,0.26490417044114983,,,0.1425309127782741,0.3402195170606928,0.2523453997198832
AAGGTGCAGGGCTTTG-2,32.0,0.0,0.0,0.0,0.6788789847408974,0.0,0.3211210152591026
CTGCTCCCAAGCTTAT-2,7.0,1.0,0.0,0.0,0.0,0.0,0.0
ATTGCAGGTCATGAGC-3,33.0,0.0,0.0,0.0,0.0,0.0,1.0
ACCCAACCACGTAATT-1,4.0,0.0,0.0,0.0,1.0,0.0,0.0
TATTCGTTCTAAGGTC-2,27.0,0.0,0.0,0.0,1.0,0.0,0.0
GCAGCAACAACTAGGG-1,12.0,0.0,0.0,0.0,1.0,0.0,0.0
GGCAAATCACATGCTA-3,25.0,0.25294349983189635,,,0.22563202807869934,0.20762681900387653,0.31379765308552765
GCCCGTTGTTTGGTTC-3,25.0,0.25294349983189635,0.0,0.0,0.22563202807869934,0.20762681900387653,0.31379765308552765
GAGAACCAGAGAGGAG-1,7.0,0.0,0.0,0.0,1.0,0.0,0.0
GGAACCTGTTATCGAG-3,22.0,0.0,0.0,0.0,0.0,1.0,0.0
CGCAATTAGATAAAGC-3,2.0,1.0,0.0,0.0,0.0,0.0,0.0
GCTTACCTCAAACCGT-3,13.0,0.2379245460670892,,,0.33034621848395457,0.2084468038321267,0.22328243161682945
GTGCTTCTCCTAGTTT-2,10.0,0.0,0.0,0.0,0.0,0.0,1.0
AAAGGAGCACAATGTT-3,11.0,0.26017380928088074,,,0.3107460265472086,0.2228172513789396,0.20626291279297101
GTTCCTTCATAAAGCA-1,16.0,0.0,0.0,0.0,1.0,0.0,0.0
GACCTAGTCCCGCCTA-3,36.0,1.0,0.0,0.0,0.0,0.0,0.0
TGCTTCATCTAAATCG-1,16.0,0.0,0.0,0.0,1.0,0.0,0.0
GACAATACAACACTTG-2,17.0,0.28041555117654665,0.0,0.0,0.21377517180417943,0.21373583317818393,0.29207344384108996
ATAGATGCACCTCAGG-1,26.0,0.0,0.0,0.0,1.0,0.0,0.0
CTCACTCAGGCCCAGT-3,18.0,1.0,0.0,0.0,0.0,0.0,0.0
GCTGCACAGTAGCGGG-2,13.0,1.0,0.0,0.0,0.0,0.0,0.0
AGGTTTGGTTATGTGG-2,38.0,0.0,0.0,0.0,1.0,0.0,0.0
ACCAATATCCCTGATC-2,24.0,0.0,0.0,0.0,0.0,0.0,1.0
TTGTCAAAGCTTAGCG-1,10.0,0.0,0.0,0.0,1.0,0.0,0.0
CTAACCTGTGGATTCA-3,4.0,0.0,0.0,0.0,0.0,1.0,0.0
AGCTAAACACAAAGGT-1,33.0,0.0,0.0,0.0,1.0,0.0,0.0
GCAACAGCAAGCTTTG-1,21.0,1.0,0.0,0.0,0.0,0.0,0.0
AGCTATATCACAGACT-1,9.0,0.0,0.0,0.0,1.0,0.0,0.0
CGCATGATCCCTCAAC-2,29.0,0.0,0.0,0.0,1.0,0.0,0.0
CCAGGAACAGCAAGAT-2,16.0,0.0,0.0,0.0,0.4271532846715328,0.0,0.5728467153284671
GTAAAGCCATTGTTGG-2,1.0,1.0,0.0,0.0,0.0,0.0,0.0
GACCTCAAGCATGACT-3,28.0,0.24355764626440804,,,0.2713230524219713,0.21916108471229478,0.2659582166013259
CGCCAAATCGCTCACT-1,5.0,0.0,0.0,0.0,1.0,0.0,0.0
TGATTAGTCTTTGAGA-2,5.0,1.0,0.0,0.0,0.0,0.0,0.0
TCGTAATCAGAGGGAG-3,9.0,0.25657805136510725,0.0,0.0,0.19608879238864382,0.26842478255731234,0.2789083736889367
ATCAAGCTCACTTCAT-1,28.0,0.0,0.0,0.0,1.0,0.0,0.0
GTGATGAAGCCTGTGA-2,28.0,0.0,0.0,0.0,0.0,0.0,1.0
TCACCTGGTTGGATAT-1,35.0,0.0,0.0,0.0,1.0,0.0,0.0
CATTCCTCAACAACAA-3,1.0,0.2431277739439729,,,0.27520525106868904,0.22514867316661977,0.2565183018207184
TTAAGCCAGGAACCAA-2,11.0,0.0,0.0,0.0,1.0,0.0,0.0
CAATCGCCATAATCGT-1,34.0,0.0,0.0,0.0,1.0,0.0,0.0
GCTAGCCAGGTTACGT-2,3.0,0.2510908928836586,,,0.23769248350866462,0.29944475183729763,0.2117718717703792
ATATGCTCACTTAACG-2,29.0,1.0,0.0,0.0,0.0,0.0,0.0
ATGTCCACAGTAAGTA-2,34.0,0.0,0.0,0.0,1.0,0.0,0.0
CTGCTCCCATTAAGCT-3,14.0,0.25490642483705084,,,0.203860627012991,0.27543380527416844,0.2657991428757897
CTAGCGGGTAGACAAA-1,33.0,0.0,0.0,0.0,1.0,0.0,0.0
CGCACACAGGGTTATC-2,7.0,0.0,0.0,0.0,0.0,0.0,1.0
GGCTAGTGTTCCGCAC-2,4.0,0.0,0.0,0.0,1.0,0.0,0.0
CGCCACACATCAGCAC-2,32.0,0.23501474983514806,0.0,0.0,0.36169219852304807,0.23220664506324848,0.1710864065785554
TCTTCAAGTTTGGCGG-3,15.0,1.0,0.0,0.0,0.0,0.0,0.0
ATTACGTCATATAACC-3,10.0,0.26490417044114983,,,0.1425309127782741,0.3402195170606928,0.2523453997198832
CTGATCACAAGGTGGC-3,29.0,1.0,0.0,0.0,0.0,0.0,0.0
CGATGTCCACATAACT-3,11.0,0.26017380928088074,,,0.3107460265472086,0.2228172513789396,0.20626291279297101
GCAAACTTCAGCACGC-3,33.0,0.25254537146409556,,,0.23028304051452006,0.2665285948922042,0.25064299312918015
TGCTTGCTCACATTGA-2,9.0,0.0,0.0,0.0,0.4128209732447477,0.0,0.5871790267552524
CCACACAAGCTCCTAC-2,27.0,0.0,0.0,0.0,0.0,0.0,1.0
TATCCAGCACTAAGCC-3,24.0,0.21845905187174444,,,0.2480843926368116,0.19755649681913243,0.33590005867231154
GACGCCTAGGAACACA-3,13.0,0.0,0.0,0.0,0.0,1.0,0.0
GATCACTAGGTAACGA-3,7.0,0.23707317196827163,,,0.3805360488007793,0.2041805565917011,0.17821022263924788
GCAATGAAGCGAGCGA-2,5.0,1.0,0.0,0.0,0.0,0.0,0.0
CTATGAGGTTGTCATC-3,1.0,0.2431277739439729,,,0.27520525106868904,0.22514867316661977,0.2565183018207184
CAATCTAAGAATCTCA-1,14.0,0.0,0.0,0.0,1.0,0.0,0.0
TGAGCCGGTTTGGTTC-1,3.0,1.0,0.0,0.0,0.0,0.0,0.0
TTCAGCACATAAACCT-2,11.0,0.0,0.0,0.0,1.0,0.0,0.0
AACAGATAGTAACAGG-2,11.0,0.0,0.0,0.0,1.0,0.0,0.0
CTTTGAGCAGCCTAAC-2,27.0,0.0,0.0,0.0,0.0,1.0,0.0
CCTTTAGTCCTAAATG-3,9.0,1.0,0.0,0.0,0.0,0.0,0.0
GGTGTTGTCTCCATAT-1,18.0,1.0,0.0,0.0,0.0,0.0,0.0
ATGCAGGCATTAAGTC-3,4.0,0.0,0.0,0.0,0.0,0.0,1.0
CAACAGGCAGAATGAC-1,11.0,0.0,0.0,0.0,1.0,0.0,0.0
CTTGTCCAGTACCGCA-2,1.0,0.0,0.0,0.0,1.0,0.0,0.0
AGATGAAGTTAACGAT-2,16.0,0.0,0.0,0.0,1.0,0.0,0.0
TCGTTATTCCGTCCAT-3,38.0,1.0,0.0,0.0,0.0,0.0,0.0
GTGAATCTCGGCTAGC-1,14.0,0.0,0.0,0.0,1.0,0.0,0.0
ACACCTTGTCGACTAA-3,4.0,0.2789549502429366,,,0.1885732419812842,0.21961014244052887,0.31286166533525034
TACTGACAGCATGGTT-3,9.0,0.0,0.0,0.0,0.0,1.0,0.0
AACAGGATCGCTAAGT-2,1.0,0.0,0.0,0.0,1.0,0.0,0.0
ACACTAGGTTGTTGCT-1,14.0,0.0,0.0,0.0,0.0,0.0,1.0
AGGACGTAGAGAAGGG-3,27.0,0.2659503422898086,0.0,0.0,0.3090767064839525,0.2252336567198111,0.1997392945064278
GGAAACTCAAGGACCA-1,14.0,0.0,0.0,0.0,1.0,0.0,0.0
CTGGCTAAGTTGTCCC-2,2.0,0.0,0.0,0.0,1.0,0.0,0.0
GTTCCTGGTACTGATG-2,2.0,0.21079074246169519,,,0.3110256879333526,0.2245883274521365,0.25359524215281576
CGGCCATAGCCTCTCG-1,19.0,0.0,0.0,0.0,1.0,0.0,0.0
AGGTCTTAGAGCCGCT-2,32.0,0.23501474983514806,0.0,0.0,0.36169219852304807,0.23220664506324848,0.1710864065785554
GTGGCTTCATGTCGCG-3,29.0,0.31074906515307005,0.0,0.0,0.233016360882147,0.22003051032240445,0.2362040636423785
GGCCAACTCGATTCTT-3,26.0,1.0,0.0,0.0,0.0,0.0,0.0
CAAAGGATCGTAACGT-3,15.0,0.25404889456095253,,,0.3994002521455771,0.19749238598555172,0.14905846730791872
GCTAAGAAGGCGAATA-1,12.0,0.0,0.0,0.0,1.0,0.0,0.0
TGGACGGAGCCACAAT-3,8.0,0.22347106138460127,,,0.25914442347718897,0.16517053432406306,0.3522139808141467
GAGTTACTCAAAGGCA-3,22.0,0.0,0.0,0.0,0.0,1.0,0.0
CTTATGTTCAGGCCTA-3,15.0,0.25404889456095253,,,0.3994002521455771,0.19749238598555172,0.14905846730791872
TGAACAACAATTAGGA-1,2.0,0.0,0.0,0.0,1.0,0.0,0.0
CCTCAAACAGGGAGGA-2,16.0,0.0,0.0,0.0,1.0,0.0,0.0
GCGATTTAGGAGGCAT-1,13.0,0.0,0.0,0.0,1.0,0.0,0.0
GGGATTAAGCAAGACA-3,5.0,0.25007613426230707,,,0.2764713286099489,0.24316603374735998,0.23028650338038426
GACCTAAGTGTTAAAC-2,18.0,0.0,0.0,0.0,1.0,0.0,0.0
TTCCCGCCATAAAGCA-3,10.0,0.26490417044114983,,,0.1425309127782741,0.3402195170606928,0.2523453997198832
GGCATGGAGTAACAGG-2,19.0,0.0,0.0,0.0,1.0,0.0,0.0
CGAGGAAGTATTGTCC-2,7.0,1.0,0.0,0.0,0.0,0.0,0.0
GTATTGTCACTCGCTC-1,38.0,0.0,0.0,0.0,1.0,0.0,0.0
TAACCTAAGGATAAAC-1,9.0,0.0,0.0,0.0,0.0,0.0,1.0
GCCTCAAAGTTGCCTC-1,26.0,1.0,0.0,0.0,0.0,0.0,0.0
CTCATTAGTAATAGCT-2,15.0,0.25404889456095253,0.0,0.0,0.3994002521455771,0.19749238598555172,0.14905846730791872
TAGCTTAAGTTTGGTA-1,3.0,0.0,0.0,0.0,1.0,0.0,0.0
ATGGCCGGTGGACCTG-3,28.0,1.0,0.0,0.0,0.0,0.0,0.0
TACTTGTTCTGTGCAG-3,4.0,1.0,0.0,0.0,0.0,0.0,0.0
CCCAACCGTAAGGTCC-2,16.0,0.0,0.0,0.0,0.0,0.0,1.0
GACTCACCAACTAGAA-3,31.0,0.0,0.0,0.0,0.0,1.0,0.0
CTTGAATCACTGGCCA-3,34.0,1.0,0.0,0.0,0.0,0.0,0.0
TCTTGTCCAGTAAGTA-1,7.0,0.0,0.0,0.0,1.0,0.0,0.0
AAAGCTTGTTGCAATG-3,35.0,1.0,0.0,0.0,0.0,0.0,0.0
GGGTCAACACCGTTCC-2,12.0,0.0,0.0,0.0,1.0,0.0,0.0
AGTGCCGGTACAATGT-3,25.0,0.25294349983189635,0.0,0.0,0.22563202807869934,0.20762681900387653,0.31379765308552765
ATCTATGAGGCCTAAT-3,18.0,0.23638071763888321,,,0.28964209218552694,0.2590708442645409,0.21490634591104896
CATCGCTTCAATCTAG-3,4.0,0.2789549502429366,,,0.1885732419812842,0.21961014244052887,0.31286166533525034
CGGTGAGAGACTTACA-3,23.0,0.2890753295347951,,,0.21326803108883835,0.2250748294409998,0.2725818099353668
CAAACAACAGAAATGC-1,10.0,0.0,0.0,0.0,1.0,0.0,0.0
TTCCTTCTCTTGTCTG-1,20.0,0.0,0.0,0.0,1.0,0.0,0.0
GTATTGTCACCATATG-1,12.0,0.0,0.0,0.0,1.0,0.0,0.0
TTGGCTGAGACAGGCG-3,28.0,0.0,0.0,0.0,0.0,1.0,0.0
ACAGGTAAGGTCCACA-2,21.0,0.0,0.0,0.0,0.0,0.0,1.0
TCTAGCACATTAAACC-3,25.0,0.25294349983189635,,,0.22563202807869934,0.20762681900387653,0.31379765308552765
CTGGATGTCCGGTTGA-1,15.0,0.0,0.0,0.0,1.0,0.0,0.0
ACATCAATCTTAGTCT-2,16.0,0.0,0.0,0.0,1.0,0.0,0.0
GTCATGCCAGGCCTTG-3,9.0,0.25657805136510725,0.0,0.0,0.19608879238864382,0.26842478255731234,0.2789083736889367
AGAATCTGTTTGCGCC-1,12.0,0.0,0.0,0.0,1.0,0.0,0.0
GTGAACAAGACTAAGG-1,16.0,0.0,0.0,0.0,1.0,0.0,0.0
GGTGATTTCCAGGGAG-3,11.0,1.0,0.0,0.0,0.0,0.0,0.0
CGACAAGCACAATGTT-3,4.0,1.0,0.0,0.0,0.0,0.0,0.0
ATGTTTGAGGCAGGTG-3,18.0,1.0,0.0,0.0,0.0,0.0,0.0
TTTAAGCCATCCATCT-2,19.0,0.28880190709864184,0.0,0.0,0.19477936981053914,0.2980900086334725,0.21832871445734645
CTTTAGGCATGTTGTG-3,15.0,0.25404889456095253,,,0.3994002521455771,0.19749238598555172,0.14905846730791872
GCGTAACGTATGGTGC-1,31.0,0.0,0.0,0.0,1.0,0.0,0.0
GATGCGACAATTAGGA-3,37.0,0.15830411656991292,,,0.21353305020503288,0.2890839998065646,0.33907883341848966
GAAACCCGTAAGCTTG-2,4.0,0.2789549502429366,0.0,0.0,0.1885732419812842,0.21961014244052887,0.31286166533525034
GGGTTTGTCAAACCGT-3,14.0,1.0,0.0,0.0,0.0,0.0,0.0
GAGCCTTCATAGACTT-2,16.0,0.0,0.0,0.0,1.0,0.0,0.0
TAAACAGCATTAAGCT-2,3.0,1.0,0.0,0.0,0.0,0.0,0.0
GTAATAGCACGGTTTA-1,11.0,1.0,0.0,0.0,0.0,0.0,0.0
TCCCGTTAGCGTGCGT-2,7.0,0.0,0.0,0.0,0.0,0.0,1.0
TTAGACTCAATGCCTA-1,30.0,0.0,0.0,0.0,1.0,0.0,0.0
ATGTCAATCGCTATAA-1,38.0,0.0,0.0,0.0,0.0,0.0,1.0
AACGCCCAGTGCACGC-2,31.0,1.0,0.0,0.0,0.0,0.0,0.0
GCGTGCTAGGCAAGTA-3,14.0,0.25490642483705084,,,0.203860627012991,0.27543380527416844,0.2657991428757897
GCTGTGATCATCCTCA-3,29.0,0.0,0.0,0.0,0.0,0.0,1.0
TCTCACCAGGCTGGCT-2,32.0,0.23501474983514806,,,0.36169219852304807,0.23220664506324848,0.1710864065785554
CGCTCCATCCCGTTGT-1,18.0,0.0,0.0,0.0,1.0,0.0,0.0
CCTCCTCTCGAAGCGG-1,11.0,0.0,0.0,0.0,1.0,0.0,0.0
TTGGGCGGTGTTTGAG-3,9.0,1.0,0.0,0.0,0.0,0.0,0.0
GGGTTTGTCATTGCAA-2,9.0,0.0,0.0,0.0,0.4128209732447477,0.0,0.5871790267552524
TGGACCGGTCCACAAA-2,25.0,0.0,0.0,0.0,0.0,0.0,1.0
CCTGCTCCACAAAGCG-3,34.0,1.0,0.0,0.0,0.0,0.0,0.0
TCAGGAGCAGCACCAT-3,31.0,0.24483511612846504,0.0,0.0,0.34550975661796685,0.2764681959007302,0.13318693135283804
TGAGCCGGTGCTAGAC-1,15.0,0.0,0.0,0.0,1.0,0.0,0.0
GGTGTGACATAAGGAC-1,18.0,0.0,0.0,0.0,1.0,0.0,0.0
GGTACTTAGGCATTAC-2,14.0,0.25490642483705084,0.0,0.0,0.203860627012991,0.27543380527416844,0.2657991428757897
TGAGGCACATTTAAGC-3,29.0,0.31074906515307005,,,0.233016360882147,0.22003051032240445,0.2362040636423785
ATGTGAGAGTTAACCA-1,26.0,0.0,0.0,0.0,1.0,0.0,0.0
TTCCACGGTGATGGCT-3,16.0,0.19281102196304184,0.0,0.0,0.24608965471250854,0.23107341591095565,0.33002590741349397
CGATTGAGTAATGACT-2,36.0,0.2461747580345537,0.0,0.0,0.1850283944180879,0.27103139859455855,0.2977654489527998
ATTACTGAGCATGTCG-1,27.0,0.0,0.0,0.0,1.0,0.0,0.0
ACTCACTGTGGCTTCC-2,9.0,0.0,0.0,0.0,0.0,1.0,0.0
TATCACAAGCTATTAG-3,15.0,0.25404889456095253,,,0.3994002521455771,0.19749238598555172,0.14905846730791872
AGACAATAGCACGTTG-1,15.0,0.0,0.0,0.0,1.0,0.0,0.0
CCGCAAATCATAGACC-2,16.0,0.19281102196304184,,,0.24608965471250854,0.23107341591095565,0.33002590741349397
AGATGCTTCACATTGA-1,1.0,0.0,0.0,0.0,1.0,0.0,0.0
CACGCAATCTGTGCAG-3,17.0,0.28041555117654665,0.0,0.0,0.21377517180417943,0.21373583317818393,0.29207344384108996
GCCATGATCAGCACGC-2,3.0,1.0,0.0,0.0,0.0,0.0,0.0
TACTAAGTCATAGCCG-2,5.0,0.0,0.0,0.0,1.0,0.0,0.0
GCTATCCTCCCTGTTA-1,8.0,0.0,0.0,0.0,0.0,0.0,1.0
ACGACTTAGGGACGCA-3,14.0,1.0,0.0,0.0,0.0,0.0,0.0
GTAGTTTCAAATATCC-2,14.0,0.0,0.0,0.0,1.0,0.0,0.0
CATTATGAGCGGTTAT-1,1.0,0.0,0.0,0.0,1.0,0.0,0.0
GAACCTGTCCGCACAA-3,13.0,0.0,0.0,0.0,0.0,1.0,0.0
GCTCACAAGACACCGC-1,16.0,0.0,0.0,0.0,1.0,0.0,0.0
TCATTGTTCTGCAAAC-2,16.0,0.19281102196304184,,,0.24608965471250854,0.23107341591095565,0.33002590741349397
GCATCCTTCACCTGCT-1,26.0,0.0,0.0,0.0,1.0,0.0,0.0
TCTACTAGTTAGTTGG-2,34.0,0.0,0.0,0.0,0.0,0.0,1.0
GGTGTTGTCCTGATTT-1,25.0,0.0,0.0,0.0,1.0,0.0,0.0
CATAGACTCCTCCCTC-2,27.0,0.0,0.0,0.0,0.6074429771908764,0.0,0.3925570228091237
ACAACACTCGCCTGTT-3,13.0,0.2379245460670892,,,0.33034621848395457,0.2084468038321267,0.22328243161682945
ACTAAAGCAGGTTATT-2,25.0,0.0,0.0,0.0,0.0,1.0,0.0
CCTGAATAGGCCTAAT-1,14.0,1.0,0.0,0.0,0.0,0.0,0.0
CTTGCAACAATTGCGC-2,4.0,0.0,0.0,0.0,1.0,0.0,0.0
GTTTGTCGTTTGAGCA-1,19.0,0.0,0.0,0.0,1.0,0.0,0.0
AAGCTTGGTACAATGT-2,35.0,1.0,0.0,0.0,0.0,0.0,0.0
ATCGAGGCAGCAACAG-2,15.0,0.0,0.0,0.0,1.0,0.0,0.0
CTAATCGCAATTTGGT-2,23.0,1.0,0.0,0.0,0.0,0.0,0.0
GGTTGGTGTTGTAAAC-2,31.0,0.24483511612846504,0.0,0.0,0.34550975661796685,0.2764681959007302,0.13318693135283804
ATAATGGCATCAGTAT-3,15.0,0.25404889456095253,,,0.3994002521455771,0.19749238598555172,0.14905846730791872
CAGTATGGTATTCGCT-2,37.0,0.0,0.0,0.0,0.3864069096829383,0.0,0.6135930903170617
ATTAGCGGTTTGTCTA-3,9.0,0.25657805136510725,0.0,0.0,0.19608879238864382,0.26842478255731234,0.2789083736889367
ATGGCCCAGCACAGCC-2,1.0,1.0,0.0,0.0,0.0,0.0,0.0
GAGCTTAGTTGTAAAC-3,6.0,0.0,0.0,0.0,0.0,1.0,0.0
TTGAGGCGTAATTAGC-2,15.0,0.25404889456095253,,,0.3994002521455771,0.19749238598555172,0.14905846730791872
TCGATTAAGTAATCCA-2,15.0,0.0,0.0,0.0,1.0,0.0,0.0
GATTCGCCAAGGACCA-2,4.0,0.0,0.0,0.0,1.0,0.0,0.0
GCTAAGTTCCTTGTTG-3,31.0,0.37408520387301186,0.0,0.0,0.0,0.42241759704789456,0.2034971990790936
TATGGATGTTGCACAA-1,36.0,0.0,0.0,0.0,1.0,0.0,0.0
ACTTATGAGGGCTAAA-3,12.0,0.22393288850727908,,,0.21148179656914845,0.3491266157595441,0.21545869916402838
TATCCGGAGGGCCATC-1,7.0,0.0,0.0,0.0,1.0,0.0,0.0
ATGTGAGAGGCCGGAA-2,8.0,0.0,0.0,0.0,0.0,0.0,1.0
GTAAGCAAGTTGTCAA-2,4.0,0.0,0.0,0.0,0.0,0.0,1.0
GTCTAATCATAGACCC-1,16.0,0.0,0.0,0.0,1.0,0.0,0.0
AGGTCCGGTAACCACA-3,18.0,0.23638071763888321,,,0.28964209218552694,0.2590708442645409,0.21490634591104896
AGGTCTTAGTGCACGC-2,18.0,1.0,0.0,0.0,0.0,0.0,0.0
CTTACCGGTGTTAAAC-3,4.0,0.2789549502429366,,,0.1885732419812842,0.21961014244052887,0.31286166533525034
ATGAAGCCAATCCCTT-2,3.0,0.2510908928836586,0.0,0.0,0.23769248350866462,0.29944475183729763,0.2117718717703792
CCATCATGTACCCACC-1,31.0,0.0,0.0,0.0,1.0,0.0,0.0
GCACTAAGTGAGGTGA-1,14.0,0.0,0.0,0.0,1.0,0.0,0.0
CATCGCTTCGGGATTT-3,6.0,1.0,0.0,0.0,0.0,0.0,0.0
TATGGCCCAGTTGCGT-2,5.0,0.25007613426230707,,,0.2764713286099489,0.24316603374735998,0.23028650338038426
GGTCAGGAGGCGGATG-1,1.0,1.0,0.0,0.0,0.0,0.0,0.0
AAGGTCAAGTATTGTG-2,14.0,0.25490642483705084,0.0,0.0,0.203860627012991,0.27543380527416844,0.2657991428757897
TGCTAGCCACCTCGCT-3,26.0,1.0,0.0,0.0,0.0,0.0,0.0
TTCAGCACACTAAGTT-3,20.0,0.255116509861887,,,0.11378520411624034,0.3739473542312623,0.25715093179061016
GCGTAACGTTGTTCAC-3,22.0,1.0,0.0,0.0,0.0,0.0,0.0
AGTAAGTAGAGGAAGG-3,24.0,0.0,0.0,0.0,0.0,0.0,1.0
GCAGGAAGTTTACTTG-1,26.0,0.0,0.0,0.0,1.0,0.0,0.0
CAATAAGCATCACAGC-3,18.0,0.23638071763888321,,,0.28964209218552694,0.2590708442645409,0.21490634591104896
GCAGGTGAGCGCTCAA-3,17.0,1.0,0.0,0.0,0.0,0.0,0.0
CGGATAAAGCTTTGTT-3,18.0,0.0,0.0,0.0,0.0,1.0,0.0
GGTGAGGTCAATCATG-2,16.0,0.0,0.0,0.0,0.0,0.0,1.0
CGCCACACACAAGCCT-3,11.0,1.0,0.0,0.0,0.0,0.0,0.0
GGCTTAAGTCAGGCAT-2,34.0,0.23141187017972628,,,0.21203187960198364,0.23517958103089368,0.32137666918739655
CTAAGGTTCCGGCTAA-3,29.0,1.0,0.0,0.0,0.0,0.0,0.0
GAGTCAAAGCAGGTTT-3,30.0,0.2305508875130836,,,0.30015485066475694,0.2562706347632869,0.21302362705887254
CCAACATAGGATGATG-2,21.0,0.36496857686394185,,,0.2425919314203312,0.14718681699163197,0.24525267472409484
GATAAGCCACATAGCC-2,35.0,1.0,0.0,0.0,0.0,0.0,0.0
GACATAGAGGTTTGCG-2,9.0,0.25657805136510725,0.0,0.0,0.19608879238864382,0.26842478255731234,0.2789083736889367
GGTTAATGTCCTAATC-3,23.0,1.0,0.0,0.0,0.0,0.0,0.0
TTTGTGGCATTGTCCT-2,4.0,0.2789549502429366,0.0,0.0,0.1885732419812842,0.21961014244052887,0.31286166533525034
ACACGGACATCGTTCT-3,34.0,0.2936817673065708,0.0,0.0,0.0,0.29846331969889894,0.4078549129945302
TGTCAGTAGGGCTTAT-2,23.0,1.0,0.0,0.0,0.0,0.0,0.0
TCAACAATCCAAGTGT-3,31.0,0.24483511612846504,,,0.34550975661796685,0.2764681959007302,0.13318693135283804
CAGGTTAGTATTGTCC-3,30.0,0.2305508875130836,0.0,0.0,0.30015485066475694,0.2562706347632869,0.21302362705887254
ATTACTGAGGGTGAGT-1,2.0,0.0,0.0,0.0,1.0,0.0,0.0
TCAAGGTTCTTTGAGA-2,11.0,0.26017380928088074,0.0,0.0,0.3107460265472086,0.2228172513789396,0.20626291279297101
ACCTAAGGTAGGTGTC-1,16.0,0.0,0.0,0.0,0.0,0.0,1.0
CCGCCAACATCTAGCA-3,35.0,0.0,0.0,0.0,0.0,0.0,1.0
ATTTGCGCACAAGCCT-3,6.0,0.0,0.0,0.0,0.0,1.0,0.0
CAAGGGAGTTAGTACG-3,32.0,0.0,0.0,0.0,0.0,1.0,0.0
CCTGTTGGTCCTCCAA-2,20.0,0.255116509861887,,,0.11378520411624034,0.3739473542312623,0.25715093179061016
CTCTAGCTCGTTATAG-2,13.0,0.0,0.0,0.0,1.0,0.0,0.0
CAACAGGCATAGCGGA-1,33.0,0.0,0.0,0.0,1.0,0.0,0.0
GGCCTTAAGAGAGGAG-2,31.0,0.0,0.0,0.0,0.0,1.0,0.0
GCGAAGCCACAAAGAC-3,24.0,0.21845905187174444,,,0.2480843926368116,0.19755649681913243,0.33590005867231154
TTATTGCTCTAATCTC-2,2.0,0.0,0.0,0.0,1.0,0.0,0.0
GTATTCAAGCATTTCT-3,13.0,0.2379245460670892,,,0.33034621848395457,0.2084468038321267,0.22328243161682945
CGGAATCGTTGGCGTG-2,2.0,0.0,0.0,0.0,1.0,0.0,0.0
GATTAGTGTGAGCGAA-2,27.0,0.2659503422898086,0.0,0.0,0.3090767064839525,0.2252336567198111,0.1997392945064278
CCTGGATCATAAGCAA-2,5.0,0.0,0.0,0.0,1.0,0.0,0.0
GCACTTACACATACTG-3,1.0,0.2431277739439729,0.0,0.0,0.27520525106868904,0.22514867316661977,0.2565183018207184
AGAGAAGCACATAGCC-1,9.0,0.0,0.0,0.0,1.0,0.0,0.0
GGTATTTCATGAGCAG-1,2.0,1.0,0.0,0.0,0.0,0.0,0.0
AGAACCGCAAGGTCCT-1,10.0,0.0,0.0,0.0,1.0,0.0,0.0
CCAAGTTAGGAATAAC-2,12.0,0.22393288850727908,,,0.21148179656914845,0.3491266157595441,0.21545869916402838
GTTAACGGTTAATGAC-3,4.0,0.2789549502429366,,,0.1885732419812842,0.21961014244052887,0.31286166533525034
ATGTGAGAGCACGATT-1,24.0,0.0,0.0,0.0,1.0,0.0,0.0
GCAGCAACATAAGTTC-3,35.0,0.2399263636153897,,,0.17564806529159285,0.22166609309080135,0.362759478002216
CAGCTCAAGTTATCCT-1,7.0,0.0,0.0,0.0,1.0,0.0,0.0
AGGAACCAGTGGCGGA-3,20.0,0.0,0.0,0.0,0.0,1.0,0.0
GTAAGCTTCACGTTAA-2,1.0,0.0,0.0,0.0,0.0,0.0,1.0
TGCATGAGTTGCCTCA-1,15.0,0.0,0.0,0.0,1.0,0.0,0.0
CAATAAGCATGGCCTG-1,24.0,0.0,0.0,0.0,1.0,0.0,0.0
TTTGTCCCATTGTCCT-3,17.0,0.28041555117654665,,,0.21377517180417943,0.21373583317818393,0.29207344384108996
GTAGTTATCAAGTGAG-2,31.0,0.0,0.0,0.0,0.0,1.0,0.0
CATAGGTTCGAGGTGG-3,29.0,0.31074906515307005,,,0.233016360882147,0.22003051032240445,0.2362040636423785
TGGCTAAGTGACATAT-1,13.0,0.0,0.0,0.0,1.0,0.0,0.0
GCTTAGTAGCCGGTAC-3,7.0,1.0,0.0,0.0,0.0,0.0,0.0
TACCGTTGTCGCAATA-1,37.0,0.0,0.0,0.0,1.0,0.0,0.0
TTGGCTGAGCATGTCG-1,29.0,0.0,0.0,0.0,1.0,0.0,0.0
CTGGATGTCACACAGT-2,26.0,1.0,0.0,0.0,0.0,0.0,0.0
CGTAACCCATAAGGAC-3,24.0,0.21845905187174444,,,0.2480843926368116,0.19755649681913243,0.33590005867231154
AACATAGCAATAGCAA-3,9.0,0.25657805136510725,,,0.19608879238864382,0.26842478255731234,0.2789083736889367
AGGACGTAGGGTGGAT-1,13.0,0.0,0.0,0.0,1.0,0.0,0.0
GTACCGGGTGCTCACC-2,13.0,0.0,0.0,0.0,1.0,0.0,0.0
TTAAGGTGTGTGTCCC-3,3.0,0.2510908928836586,0.0,0.0,0.23769248350866462,0.29944475183729763,0.2117718717703792
GATTTGCAGGTGCGGA-3,31.0,0.0,0.0,0.0,0.0,1.0,0.0
TACCAAATCATTACAG-2,12.0,0.0,0.0,0.0,1.0,0.0,0.0
GTCTCACTCCCTCGCA-2,12.0,1.0,0.0,0.0,0.0,0.0,0.0
GATTGTTCAGGCCTTG-1,14.0,0.0,0.0,0.0,1.0,0.0,0.0
GATCAGTTCCACCTGT-1,4.0,0.0,0.0,0.0,1.0,0.0,0.0
AGGCAATCAAAGGCCA-2,16.0,0.0,0.0,0.0,0.0,0.0,1.0
GCTCATTGTTGCATCT-3,3.0,1.0,0.0,0.0,0.0,0.0,0.0
CCCGCAACATAGCGAG-1,29.0,0.0,0.0,0.0,1.0,0.0,0.0
GGACTAAAGGCTACAT-1,14.0,0.0,0.0,0.0,1.0,0.0,0.0
CCACTTGGTCCAAGAC-1,3.0,0.0,0.0,0.0,1.0,0.0,0.0
GGCGATACAAGTTATC-1,28.0,0.0,0.0,0.0,1.0,0.0,0.0
GTTACAGGTAAATTGC-3,25.0,0.25294349983189635,,,0.22563202807869934,0.20762681900387653,0.31379765308552765
GAGTGAGGTTTACTTG-3,9.0,0.25657805136510725,,,0.19608879238864382,0.26842478255731234,0.2789083736889367
AGTATAGCACTAGCGT-1,29.0,0.0,0.0,0.0,1.0,0.0,0.0
GGACTAAAGGCATTAC-2,4.0,1.0,0.0,0.0,0.0,0.0,0.0
CCACACAAGCTGTAAC-3,7.0,0.23707317196827163,,,0.3805360488007793,0.2041805565917011,0.17821022263924788
TTTGGTGCAGAAATGC-1,36.0,0.0,0.0,0.0,1.0,0.0,0.0
CGAAGCGAGCATTAGC-2,29.0,0.0,0.0,0.0,0.0,0.0,1.0
GTCTAACAGTAGCCAT-3,4.0,0.2789549502429366,,,0.1885732419812842,0.21961014244052887,0.31286166533525034
GCTGGTTCAGGACCAA-2,10.0,0.26490417044114983,,,0.1425309127782741,0.3402195170606928,0.2523453997198832
TGTTAGCAGGGACCTC-1,29.0,0.0,0.0,0.0,1.0,0.0,0.0
ACAGGCTGTTCGCTTG-1,4.0,1.0,0.0,0.0,0.0,0.0,0.0
GCAATGTTCATGCGTG-3,19.0,0.28880190709864184,,,0.19477936981053914,0.2980900086334725,0.21832871445734645
GATCGCTCATCATGGC-3,19.0,0.0,0.0,0.0,0.0,1.0,0.0
CCAGGAACAAGGGTTG-2,38.0,0.0,0.0,0.0,1.0,0.0,0.0
TAAGTGCTCGCTATAA-3,1.0,0.2431277739439729,,,0.27520525106868904,0.22514867316661977,0.2565183018207184
CGCGGATTCTGTAATG-3,4.0,1.0,0.0,0.0,0.0,0.0,0.0
CTATTGAAGGTCGAGG-1,34.0,0.0,0.0,0.0,1.0,0.0,0.0
TCAAGGAAGCCAGTAT-1,7.0,0.0,0.0,0.0,1.0,0.0,0.0
CCAGGAACAAAGCTAA-1,8.0,0.0,0.0,0.0,0.0,0.0,1.0
CTTTAGGCATAATCCG-3,15.0,0.0,0.0,0.0,0.0,1.0,0.0
AAGGTGCAGCTTTGGG-1,25.0,0.0,0.0,0.0,1.0,0.0,0.0
GCTCTGTTCATGTCAA-2,1.0,0.2431277739439729,,,0.27520525106868904,0.22514867316661977,0.2565183018207184
GTTAAGCTCCAATAGC-2,17.0,0.28041555117654665,0.0,0.0,0.21377517180417943,0.21373583317818393,0.29207344384108996
CGAGCTGGTGTGTGGT-2,33.0,0.0,0.0,0.0,1.0,0.0,0.0
CTAACCCTCATCCACC-3,25.0,0.25294349983189635,0.0,0.0,0.22563202807869934,0.20762681900387653,0.31379765308552765
AAACATGCAGGAACCA-3,15.0,0.25404889456095253,,,0.3994002521455771,0.19749238598555172,0.14905846730791872
ACCCTCCCAAGGTACG-1,25.0,0.0,0.0,0.0,1.0,0.0,0.0
TGGTTGAGTTAATGCG-1,21.0,0.0,0.0,0.0,1.0,0.0,0.0
AGTAGGATCCAGGTCA-1,31.0,0.0,0.0,0.0,1.0,0.0,0.0
ACCATTAAGACAACGA-3,3.0,0.0,0.0,0.0,0.0,1.0,0.0
GATGACTTCTGTGCCT-3,13.0,0.2379245460670892,0.0,0.0,0.33034621848395457,0.2084468038321267,0.22328243161682945
TTCAACCGTTGCGGAT-2,27.0,0.0,0.0,0.0,1.0,0.0,0.0
CCTGAATAGTAACCAC-2,20.0,1.0,0.0,0.0,0.0,0.0,0.0
CCTCCTGAGCAGGTGG-3,27.0,0.2659503422898086,,,0.3090767064839525,0.2252336567198111,0.1997392945064278
GGGTCACTCGCCTGTT-1,32.0,0.0,0.0,0.0,1.0,0.0,0.0
GAGCTGCTCCAATTAG-3,12.0,1.0,0.0,0.0,0.0,0.0,0.0
CTCACTCAGTCATCCC-1,27.0,0.0,0.0,0.0,1.0,0.0,0.0
TGTCCTTCAATTGAGA-1,32.0,0.0,0.0,0.0,1.0,0.0,0.0
AACAGGATCGAAGTAG-2,17.0,0.0,0.0,0.0,1.0,0.0,0.0
TGAGCAAAGCTAATTG-1,1.0,1.0,0.0,0.0,0.0,0.0,0.0
GCTTAAATCGATTCTT-3,7.0,0.23707317196827163,,,0.3805360488007793,0.2041805565917011,0.17821022263924788
TCATACTTCATTGTTC-2,6.0,0.28619740144106137,0.0,0.0,0.20095345838278786,0.28595501190791156,0.2268941282682392
ACCCGGTAGTGAGCGG-3,6.0,1.0,0.0,0.0,0.0,0.0,0.0
GGCTATTAGGCTAAGA-3,16.0,1.0,0.0,0.0,0.0,0.0,0.0
AAGTGCAAGTGTGATC-3,2.0,0.21079074246169519,0.0,0.0,0.3110256879333526,0.2245883274521365,0.25359524215281576
TGAGAACCAGGTTATT-2,19.0,0.28880190709864184,,,0.19477936981053914,0.2980900086334725,0.21832871445734645
CCGACAGGTTAGCCAA-3,37.0,1.0,0.0,0.0,0.0,0.0,0.0
TGCGCAGGTTTATCTG-3,3.0,0.2510908928836586,,,0.23769248350866462,0.29944475183729763,0.2117718717703792
TCTGGCTTCTGCAAGT-2,26.0,0.0,0.0,0.0,1.0,0.0,0.0
ACCTGGATCTGGCAAT-1,19.0,0.0,0.0,0.0,0.0,0.0,1.0
GACTTGGTCCCTCGCA-3,31.0,0.24483511612846504,0.0,0.0,0.34550975661796685,0.2764681959007302,0.13318693135283804
ATCGGCCAGCCTAACG-2,29.0,0.0,0.0,0.0,1.0,0.0,0.0
TTAAGCCAGCTTTGTT-3,24.0,0.0,0.0,0.0,0.0,1.0,0.0
TTAACTGAGATAGACG-2,27.0,0.2659503422898086,0.0,0.0,0.3090767064839525,0.2252336567198111,0.1997392945064278
TTAAGTGTCCGCAACA-2,24.0,0.0,0.0,0.0,0.0,0.0,1.0
AGAACAAGTCCTTTAA-3,1.0,1.0,0.0,0.0,0.0,0.0,0.0
CCAGCTGCAGTCTAGC-3,6.0,0.28619740144106137,,,0.20095345838278786,0.28595501190791156,0.2268941282682392
TCCTTCAAGGAACGGT-3,25.0,0.25294349983189635,,,0.22563202807869934,0.20762681900387653,0.31379765308552765
TTCAACCGTATTGGTG-3,14.0,0.25490642483705084,0.0,0.0,0.203860627012991,0.27543380527416844,0.2657991428757897
GATTGCAGTTAATGCG-2,33.0,1.0,0.0,0.0,0.0,0.0,0.0
TTTCAGTTCCGGTTAG-2,19.0,0.0,0.0,0.0,0.0,1.0,0.0
CCGACAGGTAGCTGGT-3,1.0,0.2431277739439729,,,0.27520525106868904,0.22514867316661977,0.2565183018207184
GAGTAATAGTTTCCGC-3,1.0,0.0,0.0,0.0,0.0,1.0,0.0
AGTTGGCGTAGTAAGA-3,19.0,0.28880190709864184,0.0,0.0,0.19477936981053914,0.2980900086334725,0.21832871445734645
CCAGACTCATTAGCCA-3,26.0,0.3005755128437196,,,0.19364293997678975,0.3106467509625101,0.19513479621698074
GCTCAACCAGGGAGGA-3,25.0,0.0,0.0,0.0,0.0,1.0,0.0
CTTGTAAAGGTACCGC-2,38.0,0.0,0.0,0.0,1.0,0.0,0.0
TAGCCTTGTCACAAAT-3,24.0,1.0,0.0,0.0,0.0,0.0,0.0
GCTTTCATCGATTATG-3,21.0,0.36496857686394185,,,0.2425919314203312,0.14718681699163197,0.24525267472409484
GAGGTGAGTTGCACGG-2,30.0,0.0,0.0,0.0,1.0,0.0,0.0
TAGTTGTCACCTAATG-1,7.0,0.0,0.0,0.0,1.0,0.0,0.0
GCAATCTAGCACCACA-3,38.0,0.19027885726034566,,,0.23574107619489226,0.2789089395946002,0.2950711269501618
TGGCCTGCAATGAAGC-2,28.0,0.0,0.0,0.0,1.0,0.0,0.0
CAATGTGGTTATTGCC-2,7.0,1.0,0.0,0.0,0.0,0.0,0.0
AGTTACTCAAACGGGC-1,2.0,0.0,0.0,0.0,1.0,0.0,0.0
TTTAACGAGCTAATCA-1,3.0,0.0,0.0,0.0,1.0,0.0,0.0
GGTCCGTAGGAACCGG-1,16.0,0.0,0.0,0.0,1.0,0.0,0.0
ACCAATATCCGGTTAG-3,19.0,1.0,0.0,0.0,0.0,0.0,0.0
CCATATTTCATGGCTG-2,15.0,0.25404889456095253,,,0.3994002521455771,0.19749238598555172,0.14905846730791872
GGAAGCTAGCAATAGG-2,24.0,0.0,0.0,0.0,1.0,0.0,0.0
CCTTATGTCTTGAGCG-1,1.0,0.0,0.0,0.0,1.0,0.0,0.0
CTAGTAGGTAAGGTTT-2,31.0,0.24483511612846504,0.0,0.0,0.34550975661796685,0.2764681959007302,0.13318693135283804
ACCCGGTAGTACCGCA-3,35.0,1.0,0.0,0.0,0.0,0.0,0.0
AAACCGGCAATAGCCC-2,22.0,0.0,0.0,0.0,1.0,0.0,0.0
CTTCGCGTCCCGAAGC-1,22.0,0.0,0.0,0.0,1.0,0.0,0.0
GAGCAAATCATGGCTG-3,12.0,1.0,0.0,0.0,0.0,0.0,0.0
GCGAAGTAGGGCTAAA-1,4.0,0.0,0.0,0.0,1.0,0.0,0.0
GATGAGGGTGTTTGTC-3,4.0,0.2789549502429366,0.0,0.0,0.1885732419812842,0.21961014244052887,0.31286166533525034
GATCACTAGGGTGGAT-1,34.0,0.0,0.0,0.0,1.0,0.0,0.0
ACCTGGATCAGTATTG-1,30.0,0.0,0.0,0.0,1.0,0.0,0.0
TTGTCCCAGTCATTGA-2,2.0,0.0,0.0,0.0,0.0,0.0,1.0
AAAGCCGCATATTGAC-3,28.0,1.0,0.0,0.0,0.0,0.0,0.0
CGATATTCAATAACGA-2,33.0,0.25254537146409556,0.0,0.0,0.23028304051452006,0.2665285948922042,0.25064299312918015
GTCATCACATTGTTGG-1,11.0,0.0,0.0,0.0,1.0,0.0,0.0
GCTGTAAGTTAGTACG-2,23.0,0.2890753295347951,0.0,0.0,0.21326803108883835,0.2250748294409998,0.2725818099353668
GTCTATGCAAGTCGCT-2,10.0,0.0,0.0,0.0,0.36095077943916737,0.0,0.6390492205608327
ATCCTGACATGATTGT-2,1.0,0.2431277739439729,,,0.27520525106868904,0.22514867316661977,0.2565183018207184
CCGCTAAAGGTTTGAC-3,13.0,0.2379245460670892,,,0.33034621848395457,0.2084468038321267,0.22328243161682945
TGTCAGTAGTTAGCCG-3,34.0,0.23141187017972628,,,0.21203187960198364,0.23517958103089368,0.32137666918739655
ACTTGTCGTGATCAGC-3,2.0,0.0,0.0,0.0,0.0,1.0,0.0
TTTATGGAGGATCCGC-3,3.0,1.0,0.0,0.0,0.0,0.0,0.0
ATAACGACAAGTCGCT-2,3.0,0.2510908928836586,0.0,0.0,0.23769248350866462,0.29944475183729763,0.2117718717703792
TCATTTGGTAGGTTGC-1,37.0,0.0,0.0,0.0,1.0,0.0,0.0
CGAGGTGAGTGAGCAA-1,25.0,0.0,0.0,0.0,1.0,0.0,0.0
TAAACAGCAGTTGCGT-1,11.0,0.0,0.0,0.0,1.0,0.0,0.0
TTGCCCGTCTAATCTC-1,5.0,0.0,0.0,0.0,1.0,0.0,0.0
TTGCTCTCAAAGCTAA-3,17.0,0.28041555117654665,,,0.21377517180417943,0.21373583317818393,0.29207344384108996
AGTTGCAGTGCTCACC-3,15.0,1.0,0.0,0.0,0.0,0.0,0.0
AGTCCTGAGCCAGTAT-2,25.0,0.0,0.0,0.0,1.0,0.0,0.0
TTGGATCAGTGAGAGC-2,4.0,1.0,0.0,0.0,0.0,0.0,0.0
TTCCCACAGGAAGCAC-3,16.0,0.19281102196304184,,,0.24608965471250854,0.23107341591095565,0.33002590741349397
TACTCAAAGTAAAGGT-1,29.0,1.0,0.0,0.0,0.0,0.0,0.0
TAGGAACCAGTTGCGT-3,7.0,0.38270697029152634,0.0,0.0,0.0,0.32960845614410306,0.28768457356437066
GACTTAGGTGTTAAAC-1,8.0,0.0,0.0,0.0,1.0,0.0,0.0
AAACGGATCATGCATA-2,5.0,0.34563403518185115,0.0,0.0,0.0,0.33608347998177696,0.31828248483637184
GCAAACCGTCATCATC-1,36.0,0.0,0.0,0.0,1.0,0.0,0.0
AGAACCGCATGCATAT-2,15.0,0.0,0.0,0.0,1.0,0.0,0.0
CAAACACTCTGTTCAT-3,29.0,0.31074906515307005,,,0.233016360882147,0.22003051032240445,0.2362040636423785
TTGGGCGGTTGGTGAC-1,12.0,0.0,0.0,0.0,1.0,0.0,0.0
TACCTTTAGGAAACTG-2,4.0,0.2789549502429366,0.0,0.0,0.1885732419812842,0.21961014244052887,0.31286166533525034
GTACAATGTAGACAAA-1,25.0,0.0,0.0,0.0,1.0,0.0,0.0
CTACGAAGTGTTCCCA-2,11.0,0.0,0.0,0.0,0.0,1.0,0.0
TATGGTCAGAATCTCA-2,4.0,0.2789549502429366,0.0,0.0,0.1885732419812842,0.21961014244052887,0.31286166533525034
AGCAAGGGTTGCGCGA-2,25.0,0.0,0.0,0.0,0.4182788525683789,0.0,0.5817211474316211
CAATCGCCAAGCCAGA-2,5.0,0.0,0.0,0.0,1.0,0.0,0.0
CCAAGTTAGCACCACA-2,23.0,0.2890753295347951,,,0.21326803108883835,0.2250748294409998,0.2725818099353668
GCTAAGAAGTATTGGC-1,8.0,0.0,0.0,0.0,1.0,0.0,0.0
CTAGCTGAGACCATAC-3,34.0,0.23141187017972628,,,0.21203187960198364,0.23517958103089368,0.32137666918739655
AACCCGCAGGACCGCT-2,28.0,0.0,0.0,0.0,1.0,0.0,0.0
AACAAGCCAGTAATAG-1,28.0,0.0,0.0,0.0,1.0,0.0,0.0
CCGGTTAAGCATTTCT-3,12.0,0.0,0.0,0.0,0.0,1.0,0.0
CATTCCTCACCAAAGG-2,29.0,0.0,0.0,0.0,1.0,0.0,0.0
CTGCAATAGTTACCGG-3,17.0,0.0,0.0,0.0,0.0,1.0,0.0
TTGCCCGTCCCTGACT-3,12.0,1.0,0.0,0.0,0.0,0.0,0.0
GTGCACGGTTGACTTC-3,17.0,1.0,0.0,0.0,0.0,0.0,0.0
AATCTCAAGCATGTTA-1,13.0,1.0,0.0,0.0,0.0,0.0,0.0
TGCTCTCAGGTCCACA-2,3.0,0.0,0.0,0.0,0.0,1.0,0.0
ACCCGTAAGGCCGGAA-3,36.0,0.2461747580345537,,,0.1850283944180879,0.27103139859455855,0.2977654489527998
TCAACAATCGTTCACC-3,8.0,0.0,0.0,0.0,0.0,1.0,0.0
GAAGGCCCATTGCGGT-2,34.0,1.0,0.0,0.0,0.0,0.0,0.0
TAGCCTTGTTACCGGG-2,8.0,0.22347106138460127,,,0.25914442347718897,0.16517053432406306,0.3522139808141467
GTCATGCCAGCTTAAT-1,38.0,0.0,0.0,0.0,0.0,0.0,1.0
AGCCTAAGTTGTTGGA-2,16.0,0.0,0.0,0.0,1.0,0.0,0.0
CCCTCATAGTCACCAG-2,10.0,0.0,0.0,0.0,0.0,1.0,0.0
GACGCCTAGTAAACCC-1,28.0,0.0,0.0,0.0,1.0,0.0,0.0
ACATAGCTCCTGGTCT-3,2.0,0.0,0.0,0.0,0.0,1.0,0.0
TTTAGCAAGGACAACA-1,27.0,0.0,0.0,0.0,1.0,0.0,0.0
CTTACCTCACTTAACG-3,2.0,0.21079074246169519,,,0.3110256879333526,0.2245883274521365,0.25359524215281576
CGGCTAATCATTGTTC-2,14.0,0.0,0.0,0.0,1.0,0.0,0.0
CGTAACCCAACCCTAA-2,14.0,0.0,0.0,0.0,1.0,0.0,0.0
AGGGCTACAGCCTGCA-2,15.0,0.25404889456095253,,,0.3994002521455771,0.19749238598555172,0.14905846730791872
GGTCAAGCAGCACGAA-2,5.0,0.0,0.0,0.0,1.0,0.0,0.0
AACAAAGGTATTTGCC-2,6.0,0.0,0.0,0.0,1.0,0.0,0.0
TCCGGTAAGTGAAGTG-3,7.0,0.0,0.0,0.0,0.0,1.0,0.0
CGTAACCCAATTGACT-1,37.0,0.0,0.0,0.0,1.0,0.0,0.0
AGCTACGTCTTAATGG-2,37.0,0.15830411656991292,,,0.21353305020503288,0.2890839998065646,0.33907883341848966
GCGCTAGGTTGGTTCT-3,15.0,0.25404889456095253,,,0.3994002521455771,0.19749238598555172,0.14905846730791872
GCCTTACTCCGGCTAA-2,11.0,1.0,0.0,0.0,0.0,0.0,0.0
AAGGATCCACTCGCTC-3,16.0,0.19281102196304184,,,0.24608965471250854,0.23107341591095565,0.33002590741349397
GTCCAGGGTTATAGCG-1,4.0,0.0,0.0,0.0,0.0,0.0,1.0
GGATATTGTGGTTAGC-3,3.0,0.2510908928836586,,,0.23769248350866462,0.29944475183729763,0.2117718717703792
GGCCATCAGGGACCTC-1,12.0,0.0,0.0,0.0,0.0,0.0,1.0
GCTAAGAAGTTGTCCC-1,24.0,0.0,0.0,0.0,0.0,0.0,1.0
TCTCACCAGCGATAAG-2,33.0,1.0,0.0,0.0,0.0,0.0,0.0
CTTCGCGTCCTAATAG-2,32.0,0.0,0.0,0.0,0.0,0.0,1.0
CAATCTAAGCTTTGTT-2,2.0,0.0,0.0,0.0,0.0,0.0,1.0
TCTTAGTTCTTGTCTG-3,4.0,1.0,0.0,0.0,0.0,0.0,0.0
GTTAAGTGTTCGCTTG-1,9.0,0.0,0.0,0.0,1.0,0.0,0.0
CTGATCACATCGCTCC-2,5.0,0.0,0.0,0.0,1.0,0.0,0.0
ACGTCCAAGCCTGACA-1,30.0,0.0,0.0,0.0,0.0,0.0,1.0
GGAGTGAGTGTAATAC-2,26.0,0.0,0.0,0.0,0.0,1.0,0.0
CCGCAAGGTTCAAGAT-2,19.0,0.28880190709864184,,,0.19477936981053914,0.2980900086334725,0.21832871445734645
AGTATAGCACCCACAG-1,15.0,1.0,0.0,0.0,0.0,0.0,0.0
TAGCTTAAGCCTGTTC-3,25.0,0.25294349983189635,,,0.22563202807869934,0.20762681900387653,0.31379765308552765
ACCCAGGGTTCAAGAT-1,9.0,0.0,0.0,0.0,1.0,0.0,0.0
GTGAATCTCGGTTAGT-3,31.0,0.37408520387301186,0.0,0.0,0.0,0.42241759704789456,0.2034971990790936
GGTCCTGCAGGTTATT-2,12.0,0.0,0.0,0.0,0.0,1.0,0.0
GTCATCCTCGTTATCT-1,9.0,0.0,0.0,0.0,1.0,0.0,0.0
CAGTATGGTGGGTGAA-1,8.0,0.0,0.0,0.0,1.0,0.0,0.0
GGAAGCTAGCCACAAT-2,6.0,0.0,0.0,0.0,1.0,0.0,0.0
GTTTCAGCAGCAAATA-2,4.0,0.0,0.0,0.0,1.0,0.0,0.0
CGAGGCAAGCAAGGAC-3,13.0,0.0,0.0,0.0,0.0,1.0,0.0
CAGTACCCAACAGGAT-2,26.0,0.0,0.0,0.0,0.4980813507290867,0.0,0.5019186492709132
TGTTACTTCGGTTAGT-2,4.0,0.2789549502429366,0.0,0.0,0.1885732419812842,0.21961014244052887,0.31286166533525034
TTGGAGGCAGCTTAGC-3,28.0,1.0,0.0,0.0,0.0,0.0,0.0
TTATCCTAGCTATTAG-3,19.0,0.0,0.0,0.0,0.0,1.0,0.0
AGCTTCCTCAAGCGCC-1,33.0,0.0,0.0,0.0,1.0,0.0,0.0
TCAGGTCCACCTAAGC-2,9.0,0.0,0.0,0.0,0.4128209732447477,0.0,0.5871790267552524
CGTTAACAGTTATGGC-2,7.0,0.0,0.0,0.0,0.6810534016093636,0.0,0.31894659839063644
TGAGGTGCATGAATCT-1,9.0,0.0,0.0,0.0,1.0,0.0,0.0
GGTCCTGCAATTTGGT-1,2.0,0.0,0.0,0.0,1.0,0.0,0.0
CAAACATGTAGCCTCC-2,23.0,0.0,0.0,0.0,1.0,0.0,0.0
ATTATCCTCGCAGGCT-2,25.0,0.0,0.0,0.0,0.0,0.0,1.0
GGCTGAGAGGCGGGTA-3,34.0,0.0,0.0,0.0,0.0,0.0,1.0
GCTTACCTCCCGCAAA-3,9.0,0.25657805136510725,,,0.19608879238864382,0.26842478255731234,0.2789083736889367
TGTTACTTCTCTAGCC-2,35.0,0.0,0.0,0.0,0.0,0.0,1.0
CCTTAACGTTGTCATC-2,30.0,1.0,0.0,0.0,0.0,0.0,0.0
TCTATGTTCTGTGCAG-3,38.0,0.0,0.0,0.0,0.0,1.0,0.0
CAGCCTAAGACCATAC-2,10.0,0.0,0.0,0.0,0.0,0.0,1.0
TCGGTTCTCATAGCCG-3,25.0,0.25294349983189635,,,0.22563202807869934,0.20762681900387653,0.31379765308552765
ATGGCTGTCGAGGAGT-2,38.0,0.0,0.0,0.0,0.0,0.0,1.0
CTTTGAGCAATGAAGC-2,24.0,0.2905366635995692,0.0,0.0,0.0,0.26273759300185556,0.44672574339857524
TCAAACCAGGCGGGTA-2,17.0,0.28041555117654665,,,0.21377517180417943,0.21373583317818393,0.29207344384108996
TTCTTAGGTCGTTACT-1,4.0,0.0,0.0,0.0,1.0,0.0,0.0
AGCTACGTCTTGATGA-1,2.0,0.0,0.0,0.0,0.0,0.0,1.0
CAGAACCGTCGTTACT-3,6.0,1.0,0.0,0.0,0.0,0.0,0.0
GGTGAGTAGTAACCCG-3,15.0,0.25404889456095253,,,0.3994002521455771,0.19749238598555172,0.14905846730791872
TGCACTTGTTAGGACC-3,36.0,0.2461747580345537,,,0.1850283944180879,0.27103139859455855,0.2977654489527998
CATAATCCAAGGAATC-1,30.0,0.0,0.0,0.0,1.0,0.0,0.0
GCTTGACCATTAAACC-3,7.0,0.0,0.0,0.0,0.0,1.0,0.0
CAGCTAAGTTGTGATG-2,18.0,0.0,0.0,0.0,1.0,0.0,0.0
AACATTGTCCTAGTCC-1,38.0,0.0,0.0,0.0,1.0,0.0,0.0
GCTGGATGTCATGCCC-2,1.0,0.3354436194556566,0.0,0.0,0.0,0.3106378371236754,0.353918543420668
TGTGATCAGAAAGCAT-3,11.0,0.26017380928088074,0.0,0.0,0.3107460265472086,0.2228172513789396,0.20626291279297101
GGACGGATCCCTGTTA-2,11.0,0.0,0.0,0.0,0.6010457516339869,0.0,0.39895424836601306
AGCAACAAGACAAACG-1,32.0,0.0,0.0,0.0,1.0,0.0,0.0
ACGAATCTCAAACCGT-3,21.0,0.36496857686394185,,,0.2425919314203312,0.14718681699163197,0.24525267472409484
CATTTGTTCTGTGAGT-2,12.0,0.22393288850727908,,,0.21148179656914845,0.3491266157595441,0.21545869916402838
AGTTATGTCTACTAAG-3,13.0,0.2379245460670892,,,0.33034621848395457,0.2084468038321267,0.22328243161682945
TGCATGAGTATTGGTG-3,29.0,0.31074906515307005,,,0.233016360882147,0.22003051032240445,0.2362040636423785
CCTGTATGTAGGATTT-2,38.0,0.0,0.0,0.0,0.0,0.0,1.0
CTTGACGAGCTGTAAC-2,25.0,0.0,0.0,0.0,0.0,0.0,1.0
GTAAGCTTCTAATCTC-2,18.0,0.23638071763888321,,,0.28964209218552694,0.2590708442645409,0.21490634591104896
GTTACCTGTAATAGCT-3,5.0,0.25007613426230707,,,0.2764713286099489,0.24316603374735998,0.23028650338038426
GATTGGTTCCTAAGTA-1,8.0,0.0,0.0,0.0,1.0,0.0,0.0
CAATATGTCCCGTTTA-3,31.0,0.24483511612846504,,,0.34550975661796685,0.2764681959007302,0.13318693135283804
TTTGTGAAGGCGCACT-3,14.0,0.25490642483705084,0.0,0.0,0.203860627012991,0.27543380527416844,0.2657991428757897
TCATGCCTCATTTGTC-1,32.0,0.0,0.0,0.0,1.0,0.0,0.0
ACGAACAAGAATGACG-2,12.0,0.0,0.0,0.0,0.0,0.0,1.0
GCGCTTAAGGCCTGGT-3,6.0,1.0,0.0,0.0,0.0,0.0,0.0
GTGTGCGGTAGTAAGA-2,11.0,1.0,0.0,0.0,0.0,0.0,0.0
GATTAAGCAGATTCAT-1,11.0,1.0,0.0,0.0,0.0,0.0,0.0
GAGTAACCACTCAACA-1,3.0,0.0,0.0,0.0,1.0,0.0,0.0
GAGCCTTCACAGGATG-2,21.0,0.0,0.0,0.0,1.0,0.0,0.0
CAAACCGTCAAGTGTC-2,27.0,1.0,0.0,0.0,0.0,0.0,0.0
GGACCTCAGGGCTTAT-1,21.0,0.0,0.0,0.0,1.0,0.0,0.0
CGTTAACAGAGAAGGG-2,32.0,0.23501474983514806,,,0.36169219852304807,0.23220664506324848,0.1710864065785554
AGGCAGGTCCACCCTG-2,12.0,0.0,0.0,0.0,0.0,0.0,1.0
CAGGTTTAGGACACTT-1,21.0,1.0,0.0,0.0,0.0,0.0,0.0
AGCTCATAGCAAGGGT-1,24.0,1.0,0.0,0.0,0.0,0.0,0.0
ATCCTTAGTACCAGGT-2,14.0,1.0,0.0,0.0,0.0,0.0,0.0
CTACGAAGTACAAAGA-1,4.0,1.0,0.0,0.0,0.0,0.0,0.0
CCTGTATGTGTGCAAC-3,26.0,0.3005755128437196,,,0.19364293997678975,0.3106467509625101,0.19513479621698074
CATGGCGGTGGTGAGA-2,12.0,1.0,0.0,0.0,0.0,0.0,0.0
ACTTACAAGCGCAATT-3,2.0,0.21079074246169519,,,0.3110256879333526,0.2245883274521365,0.25359524215281576
ATATGTCCAATAGCCC-2,22.0,0.0,0.0,0.0,0.48003533568904594,0.0,0.5199646643109541
GATCAGTTCAAGCCTG-1,16.0,0.0,0.0,0.0,1.0,0.0,0.0
CTTCAGGAGAACAAGT-2,10.0,0.26490417044114983,0.0,0.0,0.1425309127782741,0.3402195170606928,0.2523453997198832
CCTAGTTGTACAAAGA-1,10.0,0.0,0.0,0.0,1.0,0.0,0.0
TGGCCTTTCACCATTT-1,36.0,0.0,0.0,0.0,1.0,0.0,0.0
GCATATATCGATCAGT-1,16.0,0.0,0.0,0.0,1.0,0.0,0.0
CGAGGCAAGTTCCTGC-1,5.0,0.0,0.0,0.0,1.0,0.0,0.0
AGGTCAAAGCACAGCC-1,1.0,0.0,0.0,0.0,1.0,0.0,0.0
GACGTAAAGCGATACT-1,11.0,0.0,0.0,0.0,1.0,0.0,0.0
GCTTTCATCTCAATTC-2,37.0,0.0,0.0,0.0,1.0,0.0,0.0
AATGAAGGTGGAAACG-3,13.0,1.0,0.0,0.0,0.0,0.0,0.0
GTGTTCCTCTCGACCT-1,5.0,0.0,0.0,0.0,0.0,0.0,1.0
CAATGTCAGGTACCGC-3,2.0,0.21079074246169519,,,0.3110256879333526,0.2245883274521365,0.25359524215281576
GCCTTTGGTCTAACAG-1,8.0,1.0,0.0,0.0,0.0,0.0,0.0
GATTAAGCAGTTAAAG-3,21.0,0.36496857686394185,,,0.2425919314203312,0.14718681699163197,0.24525267472409484
TTTCTCACATAGACCC-2,3.0,0.2510908928836586,0.0,0.0,0.23769248350866462,0.29944475183729763,0.2117718717703792
AACCTCACATTAGGTT-2,21.0,0.0,0.0,0.0,1.0,0.0,0.0
CCGTTATGTCGTAATG-3,28.0,0.24355764626440804,,,0.2713230524219713,0.21916108471229478,0.2659582166013259
CCTAATAAGGCATGAA-2,3.0,1.0,0.0,0.0,0.0,0.0,0.0
TGTTAGCAGGCTACAT-1,14.0,0.0,0.0,0.0,1.0,0.0,0.0
GTATTCAAGGGTGGAT-2,22.0,0.0,0.0,0.0,1.0,0.0,0.0
ATTATGGTCATCAGTA-1,16.0,0.0,0.0,0.0,0.0,0.0,1.0
GCATGAGCAAGATTCT-3,23.0,0.2890753295347951,0.0,0.0,0.21326803108883835,0.2250748294409998,0.2725818099353668
AGCCTGGGTAGGTTAT-3,4.0,1.0,0.0,0.0,0.0,0.0,0.0
TTAAAGGCACCTAATG-3,8.0,0.22347106138460127,,,0.25914442347718897,0.16517053432406306,0.3522139808141467
AAGTTTGTCGCATCCT-3,19.0,0.28880190709864184,,,0.19477936981053914,0.2980900086334725,0.21832871445734645
GCTAGTGTCTAACTGA-3,14.0,0.25490642483705084,,,0.203860627012991,0.27543380527416844,0.2657991428757897
AGGTATTGTTCCGGGA-3,37.0,0.0,0.0,0.0,0.0,1.0,0.0
GGTAACTTCCACCTGT-3,11.0,0.26017380928088074,,,0.3107460265472086,0.2228172513789396,0.20626291279297101
AGGCAGGTCTTAGGGT-3,1.0,0.2431277739439729,0.0,0.0,0.27520525106868904,0.22514867316661977,0.2565183018207184
CTAGATTCAATCCCTT-1,11.0,0.0,0.0,0.0,1.0,0.0,0.0
TGAGCACGTATACTGG-3,11.0,0.26017380928088074,0.0,0.0,0.3107460265472086,0.2228172513789396,0.20626291279297101
ATGTTGTCACCACAAC-3,24.0,0.21845905187174444,,,0.2480843926368116,0.19755649681913243,0.33590005867231154
CAATGAACACAAAGCG-3,3.0,0.2510908928836586,0.0,0.0,0.23769248350866462,0.29944475183729763,0.2117718717703792
GGCTTCAAGATGCCTG-3,2.0,0.21079074246169519,,,0.3110256879333526,0.2245883274521365,0.25359524215281576
CTGACATAGAAGGTGC-2,7.0,0.0,0.0,0.0,1.0,0.0,0.0
AGGTTAACAAAGGCCA-3,3.0,1.0,0.0,0.0,0.0,0.0,0.0
ACCTTGTGTCGTTACT-2,37.0,0.15830411656991292,0.0,0.0,0.21353305020503288,0.2890839998065646,0.33907883341848966
TTGCTCTCACTTCACT-3,10.0,0.26490417044114983,,,0.1425309127782741,0.3402195170606928,0.2523453997198832
AGGTTAGAGGAAGCAC-3,14.0,0.25490642483705084,0.0,0.0,0.203860627012991,0.27543380527416844,0.2657991428757897
GAGCAAGGTCTAACAG-2,2.0,0.0,0.0,0.0,0.5508575246863168,0.0,0.4491424753136833
TGCTATGCAAACCCTA-2,2.0,1.0,0.0,0.0,0.0,0.0,0.0
CGTAGTTAGGACCTGC-3,10.0,0.26490417044114983,,,0.1425309127782741,0.3402195170606928,0.2523453997198832
TTAGCAGGTACTGAAT-2,35.0,0.0,0.0,0.0,1.0,0.0,0.0
GCTTAAATCGTTAGCG-3,35.0,0.2399263636153897,0.0,0.0,0.17564806529159285,0.22166609309080135,0.362759478002216
TTGCAAGGTGCACGCA-1,28.0,0.0,0.0,0.0,1.0,0.0,0.0
CTAGTAGGTTCCGCAC-1,12.0,0.0,0.0,0.0,1.0,0.0,0.0
TTTCTCACAGGCAAGC-2,24.0,0.0,0.0,0.0,0.0,0.0,1.0
TCTAACTTCCTGATGG-3,19.0,0.28880190709864184,,,0.19477936981053914,0.2980900086334725,0.21832871445734645
CCATATTTCCGCCAAA-2,15.0,0.25404889456095253,,,0.3994002521455771,0.19749238598555172,0.14905846730791872
TCACCTGGTTGCACGG-3,6.0,1.0,0.0,0.0,0.0,0.0,0.0
GAGTCAAAGGAATAAC-3,10.0,0.0,0.0,0.0,0.0,1.0,0.0
TCACCTCAGGTGAAAT-2,1.0,0.0,0.0,0.0,0.5175720533220929,0.0,0.48242794667790717
CGCTTACTCTCACTAT-3,16.0,0.19281102196304184,,,0.24608965471250854,0.23107341591095565,0.33002590741349397
ATGTTCAAGGAAGCTA-1,4.0,0.0,0.0,0.0,0.0,0.0,1.0
TGCTAGCCACCCACAG-1,38.0,0.0,0.0,0.0,1.0,0.0,0.0
AAGTTACGTGGTTCTT-3,3.0,0.0,0.0,0.0,0.0,1.0,0.0
TCATGAGGTTCGCGCT-2,25.0,0.25294349983189635,,,0.22563202807869934,0.20762681900387653,0.31379765308552765
CATCATGCATCATGGC-3,3.0,0.0,0.0,0.0,0.0,1.0,0.0
GAGTGATCAGCATGAG-1,1.0,0.0,0.0,0.0,1.0,0.0,0.0
TTCAGTTTCGTTAGCG-2,2.0,0.0,0.0,0.0,0.0,1.0,0.0
ACCGAAGCAACTCGCG-3,16.0,0.19281102196304184,,,0.24608965471250854,0.23107341591095565,0.33002590741349397
GCATATATCCTTGTTG-3,16.0,0.19281102196304184,,,0.24608965471250854,0.23107341591095565,0.33002590741349397
CACTAGCCATGGTTAT-3,9.0,0.25657805136510725,,,0.19608879238864382,0.26842478255731234,0.2789083736889367
GCGTGCTAGGCGTAAA-2,6.0,0.0,0.0,0.0,1.0,0.0,0.0
GCCTTTATCTTGCAGG-1,22.0,0.0,0.0,0.0,1.0,0.0,0.0
ACTCGCGCACATGCTA-1,31.0,0.0,0.0,0.0,1.0,0.0,0.0
TCGCCCATCAGGAACA-2,14.0,0.0,0.0,0.0,0.0,0.0,1.0
CGTAGCGGTTAGTTGG-2,26.0,0.0,0.0,0.0,1.0,0.0,0.0
TGACTTCGTATGGTGC-2,13.0,0.2379245460670892,,,0.33034621848395457,0.2084468038321267,0.22328243161682945
TTTACGAAGTAGAGGC-2,15.0,0.0,0.0,0.0,1.0,0.0,0.0
TTGACGTAGGAGCACG-1,13.0,0.0,0.0,0.0,1.0,0.0,0.0
AAGGATCCATAGCAGG-2,30.0,0.2305508875130836,0.0,0.0,0.30015485066475694,0.2562706347632869,0.21302362705887254
AGAAACCCAATTTAGC-1,4.0,0.0,0.0,0.0,1.0,0.0,0.0
TTGGAGGCAGTTAGCC-3,37.0,0.15830411656991292,0.0,0.0,0.21353305020503288,0.2890839998065646,0.33907883341848966
GCGTGCTAGCAGGTGG-3,33.0,0.25254537146409556,,,0.23028304051452006,0.2665285948922042,0.25064299312918015
TATCGAGGTTAGACCA-3,4.0,0.0,0.0,0.0,0.0,1.0,0.0
TGTCAATCACTCAACA-1,6.0,0.0,0.0,0.0,0.0,0.0,1.0
TCATGAGGTTGGTTAG-1,1.0,0.0,0.0,0.0,1.0,0.0,0.0
CGTGTGTCAACAGGAT-2,12.0,0.0,0.0,0.0,0.0,0.0,1.0
GGTCCGTAGCTGTAAC-1,9.0,0.0,0.0,0.0,1.0,0.0,0.0
CCAGTTTGTTGGATAT-2,2.0,0.0,0.0,0.0,1.0,0.0,0.0
TACCAAATCCTAGTTT-2,4.0,0.0,0.0,0.0,0.0,1.0,0.0
GCTAGCCAGGACAATG-1,15.0,0.0,0.0,0.0,1.0,0.0,0.0
ATATAGGCAATACTGT-2,9.0,0.0,0.0,0.0,1.0,0.0,0.0
CCACTTGGTTAAGCGC-1,27.0,0.0,0.0,0.0,0.0,0.0,1.0
CCGCTTAGTATTGTCC-1,15.0,0.0,0.0,0.0,1.0,0.0,0.0
TCAGTGAGTTGCTGGG-2,9.0,1.0,0.0,0.0,0.0,0.0,0.0
TTTGGTGCAGCAACCT-3,11.0,0.3774716132248756,0.0,0.0,0.0,0.32327307489102325,0.2992553118841011
AGCTTAATCGTTATCT-3,20.0,0.255116509861887,0.0,0.0,0.11378520411624034,0.3739473542312623,0.25715093179061016
GCTTTCATCTAATTGG-2,10.0,0.0,0.0,0.0,0.0,0.0,1.0
ATTCCGGAGTGGCGGA-3,24.0,0.21845905187174444,0.0,0.0,0.2480843926368116,0.19755649681913243,0.33590005867231154
TTGGAGGCATGTCAGC-3,14.0,0.25490642483705084,0.0,0.0,0.203860627012991,0.27543380527416844,0.2657991428757897
ACTAAAGCATAGTCAT-2,10.0,0.3089372834412752,0.0,0.0,0.0,0.39677175787529967,0.29429095868342514
CGCATATAGTAATCCA-1,21.0,0.0,0.0,0.0,1.0,0.0,0.0
GAGAAACGTCAGGCAT-2,1.0,0.2431277739439729,0.0,0.0,0.27520525106868904,0.22514867316661977,0.2565183018207184
TCATAACCAGGAACCA-2,31.0,0.0,0.0,0.0,1.0,0.0,0.0
GATTGCGTCAATGTCA-1,25.0,0.0,0.0,0.0,0.0,0.0,1.0
GCCTAATAGCTTGCTC-3,34.0,0.23141187017972628,,,0.21203187960198364,0.23517958103089368,0.32137666918739655
ACGCAAGCAAGTGTCC-1,6.0,0.0,0.0,0.0,1.0,0.0,0.0
CCACATTGTCTCACTG-3,4.0,0.2789549502429366,,,0.1885732419812842,0.21961014244052887,0.31286166533525034
GAGGCTTGTTTCGCGC-1,7.0,0.0,0.0,0.0,1.0,0.0,0.0
GTCATCCTCGCTTCTA-3,32.0,0.23501474983514806,,,0.36169219852304807,0.23220664506324848,0.1710864065785554
AAGAACAGTAACGAGG-1,11.0,0.0,0.0,0.0,1.0,0.0,0.0
GTCGCAATCCTTGCGT-1,31.0,0.0,0.0,0.0,1.0,0.0,0.0
ACTTATCTCATAACGC-2,34.0,0.2936817673065708,0.0,0.0,0.0,0.29846331969889894,0.4078549129945302
TTGCACACAAGGTCGA-2,29.0,0.0,0.0,0.0,0.0,0.0,1.0
CGCTTGCGTATACTGG-1,23.0,0.0,0.0,0.0,1.0,0.0,0.0
GCGCGATTCCGCAAAT-3,15.0,0.25404889456095253,,,0.3994002521455771,0.19749238598555172,0.14905846730791872
GTGCACGGTAACTACG-1,31.0,0.0,0.0,0.0,1.0,0.0,0.0
ACCCAACCAGGAACCA-2,5.0,0.25007613426230707,,,0.2764713286099489,0.24316603374735998,0.23028650338038426
TTCGCAACAGGGAGGA-3,7.0,0.23707317196827163,,,0.3805360488007793,0.2041805565917011,0.17821022263924788
AGAACCGCACTTACAG-3,12.0,0.22393288850727908,0.0,0.0,0.21148179656914845,0.3491266157595441,0.21545869916402838
AGCCTCCGTCATAACG-3,35.0,0.2399263636153897,,,0.17564806529159285,0.22166609309080135,0.362759478002216
ATGGCTTAGCCATCAG-3,13.0,1.0,0.0,0.0,0.0,0.0,0.0
GTGGCTTCACCATATG-2,20.0,0.0,0.0,0.0,1.0,0.0,0.0
TACTGGCCACGTGCTG-2,6.0,0.3581736313654754,0.0,0.0,0.0,0.3578702829113801,0.28395608572314446
GATAATCGTTCCAGGG-2,29.0,0.31074906515307005,0.0,0.0,0.233016360882147,0.22003051032240445,0.2362040636423785
ACTAACCAGCCTGAGC-3,1.0,0.2431277739439729,,,0.27520525106868904,0.22514867316661977,0.2565183018207184
CAGCTCAAGGTCCTAG-3,4.0,0.2789549502429366,,,0.1885732419812842,0.21961014244052887,0.31286166533525034
GGAACCACATAGCTTG-3,6.0,1.0,0.0,0.0,0.0,0.0,0.0
AGACTATGTAATCCCT-3,5.0,0.25007613426230707,,,0.2764713286099489,0.24316603374735998,0.23028650338038426
GTCTTTAGTTGACTTC-3,3.0,1.0,0.0,0.0,0.0,0.0,0.0
TTTGTGTTCAGTATTG-3,15.0,0.0,0.0,0.0,0.0,1.0,0.0
CAGCATTAGAGAAGGG-1,15.0,0.0,0.0,0.0,1.0,0.0,0.0
TTGACTAAGTTTAACG-2,37.0,0.15830411656991292,0.0,0.0,0.21353305020503288,0.2890839998065646,0.33907883341848966
CCCAATTGTGGTGAGA-1,4.0,0.0,0.0,0.0,1.0,0.0,0.0
GAGCCACTCAAGTGTC-2,9.0,0.25657805136510725,0.0,0.0,0.19608879238864382,0.26842478255731234,0.2789083736889367
ATCAATCCAAACTGTT-3,24.0,0.21845905187174444,,,0.2480843926368116,0.19755649681913243,0.33590005867231154
CCAGCTAAGCACTAGT-3,14.0,1.0,0.0,0.0,0.0,0.0,0.0
CAACTAGGTAACTACG-2,11.0,0.0,0.0,0.0,0.0,0.0,1.0
CCGCACACAATAGCCC-3,25.0,0.25294349983189635,,,0.22563202807869934,0.20762681900387653,0.31379765308552765
AGCAATTGTGGAAACG-3,22.0,1.0,0.0,0.0,0.0,0.0,0.0
CATGCGCAGACACTTA-3,35.0,1.0,0.0,0.0,0.0,0.0,0.0
TAAGCCTAGCAGCTAT-2,31.0,0.0,0.0,0.0,0.7217717717717718,0.0,0.2782282282282282
TTGGGTTAGGCCCAGT-1,5.0,0.0,0.0,0.0,1.0,0.0,0.0
TGACTCCTCGTTTCGC-3,14.0,0.25490642483705084,,,0.203860627012991,0.27543380527416844,0.2657991428757897
GCCTATTGTGAGACTC-1,1.0,0.0,0.0,0.0,1.0,0.0,0.0
GTGCTGATCTTACTCG-2,23.0,0.0,0.0,0.0,0.4389587339151013,0.0,0.5610412660848987
CACGCTAAGACTATTG-2,35.0,1.0,0.0,0.0,0.0,0.0,0.0
ACCAATATCCTTTACG-2,9.0,0.0,0.0,0.0,0.0,1.0,0.0
TGTAATGTCTTGGATA-3,10.0,0.26490417044114983,,,0.1425309127782741,0.3402195170606928,0.2523453997198832
GCAAACTTCTTTGAGA-3,17.0,1.0,0.0,0.0,0.0,0.0,0.0
GGCTAGACATTGTGAT-2,11.0,0.0,0.0,0.0,0.6010457516339869,0.0,0.39895424836601306
TTGTGTGCAGGACCAA-1,15.0,0.0,0.0,0.0,1.0,0.0,0.0
AGTTTGATCAAATCGC-2,12.0,0.22393288850727908,0.0,0.0,0.21148179656914845,0.3491266157595441,0.21545869916402838
CCTCAATGTTTAAAGC-2,21.0,0.0,0.0,0.0,0.0,1.0,0.0
GTATTCAAGTTAGAGG-2,15.0,0.0,0.0,0.0,1.0,0.0,0.0
TTAGACTCACCTACGG-3,15.0,0.25404889456095253,,,0.3994002521455771,0.19749238598555172,0.14905846730791872
GGCTAGTGTTCATCTA-2,12.0,0.0,0.0,0.0,0.0,1.0,0.0
AGGTCATTCACAGCGC-2,2.0,0.21079074246169519,,,0.3110256879333526,0.2245883274521365,0.25359524215281576
TAATGCATCGATTTGA-3,1.0,0.0,0.0,0.0,0.0,1.0,0.0
TGAGCTTAGTTTAACG-1,7.0,1.0,0.0,0.0,0.0,0.0,0.0
CGATTTGCAGGAACAT-3,17.0,0.28041555117654665,,,0.21377517180417943,0.21373583317818393,0.29207344384108996
ACTTGCACATTGCGGT-3,13.0,1.0,0.0,0.0,0.0,0.0,0.0
AAGCGGGTCCGCAAAT-1,25.0,0.0,0.0,0.0,1.0,0.0,0.0
TAATTGCCAGGCCTTG-2,4.0,0.0,0.0,0.0,1.0,0.0,0.0
GCACGAACAGATTCAT-1,2.0,0.0,0.0,0.0,1.0,0.0,0.0
GGTTGAGCAATATAGG-3,4.0,1.0,0.0,0.0,0.0,0.0,0.0
AACCTTGCACGTTACA-3,5.0,0.25007613426230707,,,0.2764713286099489,0.24316603374735998,0.23028650338038426
TGTTGGCCAGGCCATT-1,27.0,0.0,0.0,0.0,1.0,0.0,0.0
ATGTAACGTACTTCAC-1,31.0,0.0,0.0,0.0,1.0,0.0,0.0
GAAGGATGTTCGCGCT-3,38.0,0.19027885726034566,,,0.23574107619489226,0.2789089395946002,0.2950711269501618
ACCAAGTTCAGTGAAG-2,19.0,0.28880190709864184,0.0,0.0,0.19477936981053914,0.2980900086334725,0.21832871445734645
GTTGGCGGTTGGCCGA-2,23.0,0.2890753295347951,,,0.21326803108883835,0.2250748294409998,0.2725818099353668
ATGACAACACTAAGTT-1,2.0,0.0,0.0,0.0,0.0,0.0,1.0
GTATTGTCACAATACT-1,5.0,0.0,0.0,0.0,1.0,0.0,0.0
GTATCGCCAGGGAGGA-2,23.0,0.0,0.0,0.0,0.0,0.0,1.0
CGGTGAACATCACAGC-1,4.0,0.0,0.0,0.0,1.0,0.0,0.0
CGGATTAGTTAAGCCA-2,24.0,0.0,0.0,0.0,0.0,0.0,1.0
CGGACAACAGAAACGT-3,1.0,0.2431277739439729,,,0.27520525106868904,0.22514867316661977,0.2565183018207184
TTTACGAAGGGTGAGT-2,11.0,1.0,0.0,0.0,0.0,0.0,0.0
AGAATCGAGCATCCAG-3,29.0,0.31074906515307005,,,0.233016360882147,0.22003051032240445,0.2362040636423785
CTTCTAAGTGTCCAGG-1,1.0,0.0,0.0,0.0,1.0,0.0,0.0
CGTGACATCACCTGTC-3,6.0,0.0,0.0,0.0,0.0,1.0,0.0
AGAGATTAGCTAAGTC-3,11.0,1.0,0.0,0.0,0.0,0.0,0.0
TTCAACCGTTTATCGC-1,20.0,0.0,0.0,0.0,1.0,0.0,0.0
TCAACAATCATAGACC-1,13.0,1.0,0.0,0.0,0.0,0.0,0.0
TAACCTAAGGTCGATT-3,8.0,0.22347106138460127,,,0.25914442347718897,0.16517053432406306,0.3522139808141467
TAGTGGCGTTACTTGC-1,34.0,0.0,0.0,0.0,1.0,0.0,0.0
TGTGGCTCAACAGCCT-1,30.0,0.0,0.0,0.0,1.0,0.0,0.0
GATCAGTTCCCATAAA-3,31.0,0.0,0.0,0.0,0.0,1.0,0.0
GTGTGTTAGCTTAACA-3,26.0,0.3005755128437196,,,0.19364293997678975,0.3106467509625101,0.19513479621698074
GCAACAGCAGTAGGTG-3,12.0,0.22393288850727908,,,0.21148179656914845,0.3491266157595441,0.21545869916402838
TACGGATTCATGCTAA-3,1.0,1.0,0.0,0.0,0.0,0.0,0.0
CGGAGTCTCACAGCCA-2,21.0,0.0,0.0,0.0,1.0,0.0,0.0
GTTCGCTTCGTAATCA-1,4.0,0.0,0.0,0.0,1.0,0.0,0.0
AAGCTAGAGTCATGCG-2,4.0,0.2789549502429366,0.0,0.0,0.1885732419812842,0.21961014244052887,0.31286166533525034
AAGTGCAAGGTGAAGC-3,31.0,0.24483511612846504,,,0.34550975661796685,0.2764681959007302,0.13318693135283804
ATGCTTAAGCTGTACG-1,31.0,0.0,0.0,0.0,1.0,0.0,0.0
GGCTAGTGTATTCGTC-2,29.0,0.0,0.0,0.0,1.0,0.0,0.0
GGGCTAACACCTAAGC-1,9.0,0.0,0.0,0.0,1.0,0.0,0.0
AATCGCCCACCTAATG-1,12.0,1.0,0.0,0.0,0.0,0.0,0.0
ATTGTCCGTCAATAGT-2,8.0,0.0,0.0,0.0,1.0,0.0,0.0
AATATCCCAGGTTATT-2,12.0,0.0,0.0,0.0,1.0,0.0,0.0
TGACTCCTCACGAATC-2,2.0,1.0,0.0,0.0,0.0,0.0,0.0
ATTTGTGAGGTGAAAT-1,17.0,0.0,0.0,0.0,0.0,0.0,1.0
TCCATCATCATTGTCT-1,34.0,0.0,0.0,0.0,1.0,0.0,0.0
ACGCAAGCAATTATGC-3,15.0,0.25404889456095253,,,0.3994002521455771,0.19749238598555172,0.14905846730791872
CTAACCACAGGAACTG-3,9.0,1.0,0.0,0.0,0.0,0.0,0.0
AATAGAGGTTCTTTAG-3,15.0,1.0,0.0,0.0,0.0,0.0,0.0
GTATGTTCAATCCCTT-3,8.0,1.0,0.0,0.0,0.0,0.0,0.0
AACCTCCTCAAGTGTC-3,17.0,1.0,0.0,0.0,0.0,0.0,0.0
ATCCGTGAGTTGTCAA-1,2.0,0.0,0.0,0.0,1.0,0.0,0.0
AGGCTAGCAACCTAAT-3,10.0,0.3089372834412752,0.0,0.0,0.0,0.39677175787529967,0.29429095868342514
TAGTGTGGTTGGCCGA-3,6.0,0.28619740144106137,,,0.20095345838278786,0.28595501190791156,0.2268941282682392
TGTATCCGTTCAAGCA-3,20.0,0.255116509861887,0.0,0.0,0.11378520411624034,0.3739473542312623,0.25715093179061016
CACAGGGAGGTTAGAG-1,30.0,0.0,0.0,0.0,1.0,0.0,0.0
AGCATCCCAAGCCAGA-1,1.0,0.0,0.0,0.0,1.0,0.0,0.0
CATAGCTAGAAAGCAT-1,7.0,0.0,0.0,0.0,1.0,0.0,0.0
AATCCATCATCCATCT-3,17.0,0.28041555117654665,,,0.21377517180417943,0.21373583317818393,0.29207344384108996
CAACCCTTCGCTATAA-1,12.0,0.0,0.0,0.0,0.0,0.0,1.0
TTATCCTAGAGAAGGG-2,11.0,0.26017380928088074,,,0.3107460265472086,0.2228172513789396,0.20626291279297101
CATCAGCCACTAAGTT-1,33.0,0.0,0.0,0.0,1.0,0.0,0.0
GAGGCTTGTCATGCCC-2,29.0,0.31074906515307005,,,0.233016360882147,0.22003051032240445,0.2362040636423785
ACTCACTGTTTGTGGA-2,32.0,0.23501474983514806,,,0.36169219852304807,0.23220664506324848,0.1710864065785554
TCACCTCAGGGACGCA-3,4.0,0.2789549502429366,0.0,0.0,0.1885732419812842,0.21961014244052887,0.31286166533525034
ACAGCCGGTTGCTGGG-3,13.0,0.2379245460670892,,,0.33034621848395457,0.2084468038321267,0.22328243161682945
GACCTCAAGAGAAGGG-3,11.0,1.0,0.0,0.0,0.0,0.0,0.0
GGTGAGTAGGGACTAA-3,8.0,0.22347106138460127,,,0.25914442347718897,0.16517053432406306,0.3522139808141467
CTGTTAAAGCATGAAG-1,13.0,0.0,0.0,0.0,1.0,0.0,0.0
TATTAGGTCTTGCAGG-1,11.0,0.0,0.0,0.0,0.0,0.0,1.0
AAGGTCAAGGTTAGAG-3,22.0,0.0,0.0,0.0,0.0,0.0,1.0
AGTAACCTCGAAGTAG-2,9.0,1.0,0.0,0.0,0.0,0.0,0.0
AGAACCGCATCATGGC-1,1.0,0.0,0.0,0.0,1.0,0.0,0.0
ATCCGTGAGGCTATGT-2,1.0,0.0,0.0,0.0,0.0,0.0,1.0
TTTGTGTTCTAAGTCA-2,34.0,0.23141187017972628,0.0,0.0,0.21203187960198364,0.23517958103089368,0.32137666918739655
GTACTAATCAAACACC-2,21.0,0.0,0.0,0.0,0.0,0.0,1.0
AGCGCTCAGCACAGAA-1,31.0,0.0,0.0,0.0,1.0,0.0,0.0
AGCACTAGTATACTGG-2,23.0,0.0,0.0,0.0,0.4389587339151013,0.0,0.5610412660848987
ATTACGTCAGCCAGAA-1,7.0,0.0,0.0,0.0,1.0,0.0,0.0
GACGCCTAGATAAAGC-3,38.0,0.0,0.0,0.0,0.0,0.0,1.0
ACAGGATCATTGACAT-3,11.0,0.26017380928088074,,,0.3107460265472086,0.2228172513789396,0.20626291279297101
AAAGCCCGTAACCACA-2,5.0,0.25007613426230707,0.0,0.0,0.2764713286099489,0.24316603374735998,0.23028650338038426
TACGCTTGTACCGGAT-1,15.0,0.0,0.0,0.0,1.0,0.0,0.0
TTTGACCGTAACGAGG-2,15.0,0.0,0.0,0.0,1.0,0.0,0.0
AAAGGAGCAGGAACAT-3,14.0,1.0,0.0,0.0,0.0,0.0,0.0
TTGCTTTAGTAAGGGC-1,2.0,0.0,0.0,0.0,1.0,0.0,0.0
TCCGGTTTCCTCACTA-1,9.0,1.0,0.0,0.0,0.0,0.0,0.0
TCAAGTATCTAAGTCA-2,10.0,0.0,0.0,0.0,1.0,0.0,0.0
AAGCCTGTCAGGAAGC-1,13.0,0.0,0.0,0.0,1.0,0.0,0.0
TACTGGCCACAATGCC-3,8.0,0.22347106138460127,,,0.25914442347718897,0.16517053432406306,0.3522139808141467
CGTAATGGTACTGATG-3,26.0,0.3005755128437196,,,0.19364293997678975,0.3106467509625101,0.19513479621698074
TGACTTAAGTGATTCA-1,3.0,0.0,0.0,0.0,1.0,0.0,0.0
CCTGGATCATAATCGT-2,4.0,0.0,0.0,0.0,0.0,1.0,0.0
TCGTGCTTCTAATTGG-2,32.0,0.0,0.0,0.0,1.0,0.0,0.0
GGTTTAATCACTAAGC-1,32.0,0.0,0.0,0.0,1.0,0.0,0.0
TACTAAGTCGAAGTGA-1,34.0,1.0,0.0,0.0,0.0,0.0,0.0
AGGGCCTTCCGGTATG-3,7.0,0.23707317196827163,,,0.3805360488007793,0.2041805565917011,0.17821022263924788
TGCGCAGGTGCATCGG-2,26.0,1.0,0.0,0.0,0.0,0.0,0.0
CGGAGTCTCCGCATGA-1,32.0,0.0,0.0,0.0,1.0,0.0,0.0
TGCTCACTCTTGGACG-3,21.0,1.0,0.0,0.0,0.0,0.0,0.0
CGGGTCTAGGGCTTAT-2,17.0,0.0,0.0,0.0,0.0,1.0,0.0
CGACCTGCAATGCCTA-2,33.0,0.0,0.0,0.0,1.0,0.0,0.0
CCAAATCAGTTGTCTT-1,4.0,0.0,0.0,0.0,1.0,0.0,0.0
TTACCTGTCCTAAATG-2,34.0,1.0,0.0,0.0,0.0,0.0,0.0
GAGTTACTCCTCATCA-1,14.0,0.0,0.0,0.0,1.0,0.0,0.0
CGAGGTGAGTAGCTTA-2,13.0,0.2379245460670892,,,0.33034621848395457,0.2084468038321267,0.22328243161682945
GTGCTTACATAGACCC-3,4.0,1.0,0.0,0.0,0.0,0.0,0.0
AGCTAACTCCTTAATC-3,15.0,0.0,0.0,0.0,0.0,1.0,0.0
AAAGCCCGTCGCAAAC-2,14.0,0.3201781415239845,0.0,0.0,0.0,0.3459617933990345,0.333860065076981
CAACAATGTTCCTGTG-3,9.0,1.0,0.0,0.0,0.0,0.0,0.0
TGCTTCATCGCAAACT-3,5.0,0.25007613426230707,,,0.2764713286099489,0.24316603374735998,0.23028650338038426
AGGTCATTCCCTGGTT-2,12.0,0.0,0.0,0.0,0.0,0.0,1.0
AAATGGCCATCAGCAC-3,9.0,0.25657805136510725,,,0.19608879238864382,0.26842478255731234,0.2789083736889367
AGGCGGATCTGGTCCT-1,32.0,0.0,0.0,0.0,1.0,0.0,0.0
TATGGCCCATGTTGTG-1,31.0,1.0,0.0,0.0,0.0,0.0,0.0
GTAATAGCAACACCTA-1,8.0,0.0,0.0,0.0,1.0,0.0,0.0
ATTCAACCATGAAATG-3,38.0,1.0,0.0,0.0,0.0,0.0,0.0
GGTTTAATCTCCATGC-1,10.0,0.0,0.0,0.0,1.0,0.0,0.0
TAGCGGACAGCCAGAA-3,4.0,0.0,0.0,0.0,0.0,0.0,1.0
CTATTCAGTGATGATT-1,14.0,0.0,0.0,0.0,1.0,0.0,0.0
ATGTAAGCAGTTATCG-3,3.0,0.0,0.0,0.0,0.0,1.0,0.0
ATGAAGCCATCACAGC-3,12.0,0.22393288850727908,,,0.21148179656914845,0.3491266157595441,0.21545869916402838
TTTGGTGCATCATGGC-1,37.0,1.0,0.0,0.0,0.0,0.0,0.0
CCCTCATAGGAGGTTA-1,12.0,0.0,0.0,0.0,1.0,0.0,0.0
AATCAGGAGTGCTGTG-1,9.0,0.0,0.0,0.0,1.0,0.0,0.0
TCCATTGTCTTTGTAC-3,23.0,0.0,0.0,0.0,0.0,1.0,0.0
GTTGGCCAGTACCGCA-3,10.0,1.0,0.0,0.0,0.0,0.0,0.0
GCTTAACAGCGTGCGT-3,7.0,0.0,0.0,0.0,0.0,1.0,0.0
AATCTCAAGGGTTATC-2,9.0,0.0,0.0,0.0,0.0,0.0,1.0
CTGCTACTCTGTTGCC-3,4.0,1.0,0.0,0.0,0.0,0.0,0.0
AGGTTACTCCAGCACA-3,30.0,0.2305508875130836,,,0.30015485066475694,0.2562706347632869,0.21302362705887254
GGTAAGGGTCAGGCAT-3,22.0,0.22299113408910365,,,0.2286831626631811,0.3006206801642622,0.24770502308345307
CTTCAATTCGCAAACT-1,38.0,0.0,0.0,0.0,1.0,0.0,0.0
GTCCAAGTCCTAAATG-1,11.0,0.0,0.0,0.0,1.0,0.0,0.0
CGCATATAGTTTGGGT-2,2.0,0.30594862358424835,0.0,0.0,0.0,0.32597489270457897,0.3680764837111727
CCATTGTGTTAACGAT-2,31.0,0.24483511612846504,,,0.34550975661796685,0.2764681959007302,0.13318693135283804
CCTGATGAGCATTATG-1,3.0,0.0,0.0,0.0,0.0,0.0,1.0
TCTACTAGTCGCATAA-3,7.0,0.23707317196827163,,,0.3805360488007793,0.2041805565917011,0.17821022263924788
AATCGCCCATCCGTAA-2,16.0,0.0,0.0,0.0,0.0,0.0,1.0
TACATCAAGTGATTCA-3,9.0,1.0,0.0,0.0,0.0,0.0,0.0
TAGGAACCACTCAACA-2,26.0,0.0,0.0,0.0,1.0,0.0,0.0
AGGGTTGCAACCGCCA-1,31.0,1.0,0.0,0.0,0.0,0.0,0.0
ATGTTGTCAGGCTTGT-1,28.0,0.0,0.0,0.0,1.0,0.0,0.0
GCCGTGAGTCTTACTA-2,36.0,0.0,0.0,0.0,0.3832451406716614,0.0,0.6167548593283386
CAGGCTATCCTACCTA-3,20.0,0.255116509861887,,,0.11378520411624034,0.3739473542312623,0.25715093179061016
CAAACCGTCACTTCAT-3,3.0,0.0,0.0,0.0,0.0,1.0,0.0
CATTCATTCGGGATTT-1,7.0,0.0,0.0,0.0,0.0,0.0,1.0
CTACAACAGTAACTCA-2,5.0,0.0,0.0,0.0,1.0,0.0,0.0
TAAAGCCTCCTAATTC-2,32.0,0.23501474983514806,,,0.36169219852304807,0.23220664506324848,0.1710864065785554
GATTCATCATTGCGAC-2,22.0,0.28910445525737666,0.0,0.0,0.0,0.3897499258569757,0.3211456188856476
ATTACCCGTTACATCC-1,18.0,1.0,0.0,0.0,0.0,0.0,0.0
GCAAACAAGCAAGATG-3,26.0,0.3005755128437196,0.0,0.0,0.19364293997678975,0.3106467509625101,0.19513479621698074
CCTGATGAGGCGAATA-3,29.0,1.0,0.0,0.0,0.0,0.0,0.0
CCTTCAATCCAAACAC-3,35.0,1.0,0.0,0.0,0.0,0.0,0.0
GATTAGCTCTTGGACG-3,29.0,0.0,0.0,0.0,0.0,1.0,0.0
TGTTGTTTCGATTCTT-1,11.0,0.0,0.0,0.0,1.0,0.0,0.0
CGTCAATAGTAGGATG-1,9.0,0.0,0.0,0.0,0.0,0.0,1.0
TCAGTGAGTGCTGTAA-1,15.0,0.0,0.0,0.0,1.0,0.0,0.0
TATGTGATCGGTTAGT-3,18.0,0.23638071763888321,,,0.28964209218552694,0.2590708442645409,0.21490634591104896
CCCAAACCAGCACGAA-2,31.0,0.0,0.0,0.0,1.0,0.0,0.0
CGTAACTAGCCTGACA-1,17.0,0.0,0.0,0.0,1.0,0.0,0.0
TCCGGAATCGTTAGCG-3,10.0,0.0,0.0,0.0,0.0,1.0,0.0
TATGACATCGCAACAT-1,15.0,0.0,0.0,0.0,1.0,0.0,0.0
GCCTTACTCTAATCAG-2,35.0,0.2399263636153897,0.0,0.0,0.17564806529159285,0.22166609309080135,0.362759478002216
AGTAACCTCCGCCAAA-2,25.0,1.0,0.0,0.0,0.0,0.0,0.0
TGTCAGTAGGCTACAT-3,28.0,0.24355764626440804,,,0.2713230524219713,0.21916108471229478,0.2659582166013259
GATCGCTCACCAGCAT-2,15.0,0.0,0.0,0.0,1.0,0.0,0.0
ATCACCCTCGCTAGCA-1,35.0,0.0,0.0,0.0,1.0,0.0,0.0
AGCTACTAGAAACTGG-3,23.0,0.2890753295347951,,,0.21326803108883835,0.2250748294409998,0.2725818099353668
CATTCATTCGCAAACT-1,14.0,1.0,0.0,0.0,0.0,0.0,0.0
TCCTGGTTCAAACCTA-3,36.0,0.2461747580345537,,,0.1850283944180879,0.27103139859455855,0.2977654489527998
CGAAATGAGGCTAATC-2,21.0,1.0,0.0,0.0,0.0,0.0,0.0
GCAATGTTCGCCTAAG-2,3.0,0.0,0.0,0.0,0.0,1.0,0.0
AATTGCTCAGTCTAGC-2,5.0,0.0,0.0,0.0,1.0,0.0,0.0
AAGCTTGGTCAGGCAT-2,30.0,0.2305508875130836,,,0.30015485066475694,0.2562706347632869,0.21302362705887254
TTACAGCAGGAACGCG-2,31.0,0.0,0.0,0.0,1.0,0.0,0.0
GTGCGCAGTTTAGCTC-1,15.0,0.0,0.0,0.0,1.0,0.0,0.0
TTATTGCTCATCCACC-2,16.0,1.0,0.0,0.0,0.0,0.0,0.0
ATTGGCTAGGTAACGA-3,6.0,0.28619740144106137,,,0.20095345838278786,0.28595501190791156,0.2268941282682392
TGACTTAAGTTATGTG-2,4.0,0.0,0.0,0.0,1.0,0.0,0.0
AGAGATTAGCTCCCTG-1,14.0,0.0,0.0,0.0,1.0,0.0,0.0
CATCATAAGTTGGGCC-1,15.0,0.0,0.0,0.0,1.0,0.0,0.0
CTCCGTCCACAGGAAT-3,12.0,0.0,0.0,0.0,0.0,1.0,0.0
TAAGCTATCATTGCAA-1,3.0,0.0,0.0,0.0,1.0,0.0,0.0
TATCCAGCAGTTAAAG-2,1.0,0.2431277739439729,,,0.27520525106868904,0.22514867316661977,0.2565183018207184
TGCTTGCTCTCCATGC-2,12.0,0.22393288850727908,0.0,0.0,0.21148179656914845,0.3491266157595441,0.21545869916402838
CAGCTCAAGTAACGGA-2,5.0,0.0,0.0,0.0,1.0,0.0,0.0
GGTTATGGTTAGACCA-1,24.0,0.0,0.0,0.0,1.0,0.0,0.0
CTTGTCCAGTTAGCCG-2,14.0,0.25490642483705084,0.0,0.0,0.203860627012991,0.27543380527416844,0.2657991428757897
GTGAGGAGTTTACGTC-1,34.0,0.0,0.0,0.0,1.0,0.0,0.0
AACTGTTCAAAGCGCA-1,30.0,0.0,0.0,0.0,1.0,0.0,0.0
GGTCATTAGGACGTAA-3,15.0,1.0,0.0,0.0,0.0,0.0,0.0
TGTTGTGCACAGGAAT-3,33.0,1.0,0.0,0.0,0.0,0.0,0.0
GTGTCCAAGGTCTTGG-3,21.0,0.0,0.0,0.0,0.0,1.0,0.0
ACCAGGGAGCTCCTTA-3,1.0,0.3354436194556566,0.0,0.0,0.0,0.3106378371236754,0.353918543420668
GCCTGAGGTTAGCGTA-3,16.0,1.0,0.0,0.0,0.0,0.0,0.0
AAGGATTAGGCTACAT-3,14.0,0.25490642483705084,,,0.203860627012991,0.27543380527416844,0.2657991428757897
TCAGTAATCCTTGAGG-1,24.0,0.0,0.0,0.0,0.0,0.0,1.0
ATAGCATGTATTCGCT-1,37.0,0.0,0.0,0.0,1.0,0.0,0.0
TGGACAAAGAGGAGGA-1,13.0,0.0,0.0,0.0,1.0,0.0,0.0
GTAATAGCATCCTGAA-2,3.0,1.0,0.0,0.0,0.0,0.0,0.0
ACAGCCGGTTACGCGG-2,1.0,0.2431277739439729,,,0.27520525106868904,0.22514867316661977,0.2565183018207184
AACATAGCAGAAATTG-1,35.0,0.0,0.0,0.0,1.0,0.0,0.0
ATTGCGCCAAGGTAAC-3,33.0,1.0,0.0,0.0,0.0,0.0,0.0
ACCAAACTCCATTACT-3,23.0,0.2890753295347951,,,0.21326803108883835,0.2250748294409998,0.2725818099353668
GCCATTACAACTGGGA-3,33.0,0.25254537146409556,,,0.23028304051452006,0.2665285948922042,0.25064299312918015
ACTTACTTCTAATCAG-3,7.0,0.23707317196827163,,,0.3805360488007793,0.2041805565917011,0.17821022263924788
GAATTTGTCCAAATCA-1,10.0,0.0,0.0,0.0,1.0,0.0,0.0
GTACCTTGTGTGTGGT-3,9.0,0.25657805136510725,,,0.19608879238864382,0.26842478255731234,0.2789083736889367
CATGCGCAGCTAAAGG-2,23.0,0.2890753295347951,0.0,0.0,0.21326803108883835,0.2250748294409998,0.2725818099353668
GTGCCTTTCATCACTT-2,10.0,0.0,0.0,0.0,1.0,0.0,0.0
ACTAACGGTGTTCCCA-2,1.0,0.2431277739439729,0.0,0.0,0.27520525106868904,0.22514867316661977,0.2565183018207184
CCGCAAGGTTCCTGTG-1,15.0,0.0,0.0,0.0,1.0,0.0,0.0
AATGTCATCTCACACC-1,15.0,0.0,0.0,0.0,0.0,0.0,1.0
ATTCAACCAAGGATTA-2,15.0,0.0,0.0,0.0,1.0,0.0,0.0
GGCAGGATCGAGCAAA-3,12.0,0.22393288850727908,,,0.21148179656914845,0.3491266157595441,0.21545869916402838
CATTCATTCAATCTAG-2,20.0,0.255116509861887,,,0.11378520411624034,0.3739473542312623,0.25715093179061016
CGGTTCCGTTTACCGT-2,32.0,0.23501474983514806,0.0,0.0,0.36169219852304807,0.23220664506324848,0.1710864065785554
TCCTTGCAGTTATTCC-2,1.0,0.2431277739439729,0.0,0.0,0.27520525106868904,0.22514867316661977,0.2565183018207184
CCCGCAACAGGTATTT-3,33.0,0.25254537146409556,,,0.23028304051452006,0.2665285948922042,0.25064299312918015
TAGCTTGCATTATGAC-1,11.0,1.0,0.0,0.0,0.0,0.0,0.0
TGGCCAATCAATCATG-3,3.0,0.2510908928836586,,,0.23769248350866462,0.29944475183729763,0.2117718717703792
CAATGTCAGTTTGAGC-3,19.0,0.28880190709864184,,,0.19477936981053914,0.2980900086334725,0.21832871445734645
GGTAGGAGTGTGAGAG-1,7.0,0.0,0.0,0.0,1.0,0.0,0.0
AACGCTAGTTTGGGTA-1,24.0,0.0,0.0,0.0,1.0,0.0,0.0
AGTGCCGGTAGCTGGT-1,24.0,0.0,0.0,0.0,1.0,0.0,0.0
TCAAACCAGATAGACG-2,15.0,0.0,0.0,0.0,0.0,0.0,1.0
CCCAAATAGTATGTGC-3,11.0,1.0,0.0,0.0,0.0,0.0,0.0
ATCCTGACATAATGTC-2,37.0,0.0,0.0,0.0,0.3864069096829383,0.0,0.6135930903170617
ATTTGTGAGTGTGATC-3,15.0,0.0,0.0,0.0,0.0,1.0,0.0
TCTAACCGTGCAATGC-1,21.0,0.0,0.0,0.0,1.0,0.0,0.0
ACTTATGAGGGATGCG-3,19.0,0.28880190709864184,0.0,0.0,0.19477936981053914,0.2980900086334725,0.21832871445734645
GCAAGTGCACAGGGAC-2,19.0,0.28880190709864184,,,0.19477936981053914,0.2980900086334725,0.21832871445734645
CCCGTAAAGCGGATAA-3,19.0,0.28880190709864184,,,0.19477936981053914,0.2980900086334725,0.21832871445734645
GTTGTGAGTTTCCTCC-3,8.0,1.0,0.0,0.0,0.0,0.0,0.0
CATCGCTTCTCATCAT-3,22.0,1.0,0.0,0.0,0.0,0.0,0.0
ATTGAAGCACCAGGTT-3,29.0,0.0,0.0,0.0,0.0,1.0,0.0
CCAGGATGTACAATGT-2,5.0,0.25007613426230707,,,0.2764713286099489,0.24316603374735998,0.23028650338038426
CCAAGTTAGGCAAGTA-3,7.0,0.23707317196827163,,,0.3805360488007793,0.2041805565917011,0.17821022263924788
GAAGTATAGGATAAAC-1,24.0,0.0,0.0,0.0,1.0,0.0,0.0
GATTCAATCAAGTGTC-3,15.0,0.25404889456095253,0.0,0.0,0.3994002521455771,0.19749238598555172,0.14905846730791872
TAGTTTGAGCGAGTAA-2,7.0,0.0,0.0,0.0,1.0,0.0,0.0
TTGTTTGGTGTCCTGC-2,30.0,0.0,0.0,0.0,0.0,0.0,1.0
AGCTACGTCTACCTGC-1,26.0,0.0,0.0,0.0,1.0,0.0,0.0
TGAACAGAGCTGGCTA-3,35.0,1.0,0.0,0.0,0.0,0.0,0.0
TGGCGGTTCCCGCAAA-1,15.0,0.0,0.0,0.0,1.0,0.0,0.0
AGGATATAGTTAGAGG-1,15.0,0.0,0.0,0.0,1.0,0.0,0.0
GGCAAATCAGCCTAAC-3,22.0,1.0,0.0,0.0,0.0,0.0,0.0
CCCGTAAAGTCCTTCA-1,1.0,0.0,0.0,0.0,1.0,0.0,0.0
AATAGAGGTACGTTTC-3,20.0,0.0,0.0,0.0,0.0,1.0,0.0
GGAACCACAGCCAGAA-1,19.0,0.0,0.0,0.0,1.0,0.0,0.0
GTTGGAGCATAATCCG-1,16.0,0.0,0.0,0.0,1.0,0.0,0.0
ATCACAATCACTAAGC-1,4.0,0.0,0.0,0.0,0.0,0.0,1.0
CTGTTAAAGGGCTAAA-3,1.0,0.2431277739439729,,,0.27520525106868904,0.22514867316661977,0.2565183018207184
GAACCAAAGCAGGTTT-2,1.0,0.0,0.0,0.0,0.5175720533220929,0.0,0.48242794667790717
GTTTCAGCAAGCCACT-2,1.0,0.0,0.0,0.0,0.0,0.0,1.0
TGTCAATCACAAGCCT-2,4.0,0.0,0.0,0.0,1.0,0.0,0.0
CAGCTATAGTATTGGC-3,12.0,0.22393288850727908,,,0.21148179656914845,0.3491266157595441,0.21545869916402838
CAACTAATCTCCTCTT-1,16.0,0.0,0.0,0.0,1.0,0.0,0.0
ACAGGTAAGCAAACCT-3,37.0,0.0,0.0,0.0,0.0,0.0,1.0
TGGCTATAGAGAGCCG-3,26.0,0.3005755128437196,0.0,0.0,0.19364293997678975,0.3106467509625101,0.19513479621698074
CGCTCAGCATAAGGAC-1,2.0,0.0,0.0,0.0,1.0,0.0,0.0
CAAGGGAGTTGCTTCG-2,28.0,0.24355764626440804,0.0,0.0,0.2713230524219713,0.21916108471229478,0.2659582166013259
GAGCTTGTCATGTGGT-1,32.0,0.0,0.0,0.0,1.0,0.0,0.0
TGCACCTTCTAATCTC-3,7.0,1.0,0.0,0.0,0.0,0.0,0.0
GATCACTAGTTTCCGC-3,16.0,0.19281102196304184,0.0,0.0,0.24608965471250854,0.23107341591095565,0.33002590741349397
GATGCATTCACTAGGT-3,35.0,0.2399263636153897,0.0,0.0,0.17564806529159285,0.22166609309080135,0.362759478002216
GCCATGATCTTAGGAC-3,15.0,1.0,0.0,0.0,0.0,0.0,0.0
ACCAGGGAGCTAATTG-2,6.0,0.0,0.0,0.0,0.46968468364108146,0.0,0.5303153163589185
TGAACAGAGTTTAACG-1,29.0,0.0,0.0,0.0,1.0,0.0,0.0
AGGTGAGGTATTCGTC-3,23.0,0.2890753295347951,,,0.21326803108883835,0.2250748294409998,0.2725818099353668
TGTTACTTCCGCTAGA-3,3.0,0.2510908928836586,,,0.23769248350866462,0.29944475183729763,0.2117718717703792
CCGTTTGGTGGATGTC-1,14.0,0.0,0.0,0.0,0.0,0.0,1.0
ACCCTGTTCACTCGCT-3,31.0,0.24483511612846504,,,0.34550975661796685,0.2764681959007302,0.13318693135283804
TGAGGCACATTCCTGT-3,16.0,1.0,0.0,0.0,0.0,0.0,0.0
TGGCCAATCCAAGTTA-2,14.0,0.0,0.0,0.0,1.0,0.0,0.0
ATCGCCCGTAAGGTTT-2,3.0,0.0,0.0,0.0,0.0,0.0,1.0
GGTCCTGCACAAGCCT-1,2.0,0.0,0.0,0.0,1.0,0.0,0.0
CTCGCTAGTCATTACC-2,15.0,0.0,0.0,0.0,1.0,0.0,0.0
TACGTACAGCCTAATA-2,18.0,0.0,0.0,0.0,1.0,0.0,0.0
GAACCAAAGCACCACA-3,16.0,0.19281102196304184,,,0.24608965471250854,0.23107341591095565,0.33002590741349397
CATCATGCACCTATAG-2,5.0,1.0,0.0,0.0,0.0,0.0,0.0
TAGTAGGAGCCGCAGT-3,6.0,0.28619740144106137,,,0.20095345838278786,0.28595501190791156,0.2268941282682392
TTGCGTCTCTTAGCGG-2,14.0,0.0,0.0,0.0,0.0,0.0,1.0
GCGCCTTGTCCTTAGT-1,35.0,0.0,0.0,0.0,1.0,0.0,0.0
CTTAACAAGCGCAATT-3,10.0,1.0,0.0,0.0,0.0,0.0,0.0
AGTATAGCAAACTAAG-3,26.0,0.3005755128437196,0.0,0.0,0.19364293997678975,0.3106467509625101,0.19513479621698074
TGAGGTGCACCTAATG-3,16.0,0.19281102196304184,,,0.24608965471250854,0.23107341591095565,0.33002590741349397
CGATCCTTCCGTAAAC-2,15.0,0.0,0.0,0.0,1.0,0.0,0.0
ATTACTGAGCGGGCAA-3,2.0,0.0,0.0,0.0,0.0,1.0,0.0
AGCTAGTTCTATTGTC-2,16.0,0.0,0.0,0.0,0.0,1.0,0.0
GAGTGATCACTTGTTC-3,33.0,0.25254537146409556,,,0.23028304051452006,0.2665285948922042,0.25064299312918015
AATGCGCGTACTTCAC-2,23.0,1.0,0.0,0.0,0.0,0.0,0.0
CATCGCTTCGGTACGC-2,14.0,1.0,0.0,0.0,0.0,0.0,0.0
TGAAGCAAGGGTCCAC-1,24.0,0.0,0.0,0.0,1.0,0.0,0.0
CATCACACAATATACC-2,4.0,1.0,0.0,0.0,0.0,0.0,0.0
TTAAGGTGTTATGTGG-3,3.0,1.0,0.0,0.0,0.0,0.0,0.0
TGCTTCATCTTAAGTG-1,14.0,1.0,0.0,0.0,0.0,0.0,0.0
CGCTCAGCAGAAATGC-2,15.0,0.25404889456095253,0.0,0.0,0.3994002521455771,0.19749238598555172,0.14905846730791872
GCAACAGCATGTTTGG-3,3.0,0.0,0.0,0.0,0.0,1.0,0.0
TCCTTGCAGCTTAGTA-3,6.0,0.28619740144106137,,,0.20095345838278786,0.28595501190791156,0.2268941282682392
ATCAGGTTCTCAATAG-3,21.0,0.36496857686394185,,,0.2425919314203312,0.14718681699163197,0.24525267472409484
CTTCTAAGTGCGCGTA-3,6.0,1.0,0.0,0.0,0.0,0.0,0.0
CGAGGCAAGGTGAAAT-2,32.0,0.0,0.0,0.0,1.0,0.0,0.0
AAGTAGCCATTGACAT-2,24.0,0.21845905187174444,,,0.2480843926368116,0.19755649681913243,0.33590005867231154
TTGTGAGGTGATTTGG-3,32.0,0.23501474983514806,0.0,0.0,0.36169219852304807,0.23220664506324848,0.1710864065785554
ACCTGGTCAAACCCTA-1,11.0,0.0,0.0,0.0,1.0,0.0,0.0
CGTAGTTAGTTCCCAC-1,4.0,0.0,0.0,0.0,1.0,0.0,0.0
TTTAAGGTCATAGACC-1,11.0,0.0,0.0,0.0,1.0,0.0,0.0
GGAGTGAGTAAGGTTT-1,5.0,0.0,0.0,0.0,1.0,0.0,0.0
CCACTTGGTCCGGTTC-1,16.0,0.0,0.0,0.0,1.0,0.0,0.0
TTACCGTGTCTATCGT-2,38.0,0.0,0.0,0.0,0.0,0.0,1.0
ACATCATCATGTTGTG-3,2.0,1.0,0.0,0.0,0.0,0.0,0.0
CATTATCTCGTCATTT-3,31.0,0.0,0.0,0.0,0.0,1.0,0.0
TCCGCCATCAAATCGC-3,11.0,1.0,0.0,0.0,0.0,0.0,0.0
AAGGATTAGGCGCTAC-3,28.0,0.24355764626440804,,,0.2713230524219713,0.21916108471229478,0.2659582166013259
CTTTATGGTTAATGCG-3,7.0,0.23707317196827163,,,0.3805360488007793,0.2041805565917011,0.17821022263924788
CAGGTTTAGTTGGGCC-2,19.0,0.0,0.0,0.0,1.0,0.0,0.0
CCGCAAATCATGCTCC-2,29.0,1.0,0.0,0.0,0.0,0.0,0.0
GATGAGGGTCACACCC-2,4.0,0.34378327740148595,0.0,0.0,0.0,0.2706469071549443,0.3855698154435696
CTTGAACAGGCAAGTA-3,6.0,0.28619740144106137,,,0.20095345838278786,0.28595501190791156,0.2268941282682392
TACTGCACACAGGATG-2,20.0,0.0,0.0,0.0,1.0,0.0,0.0
GCAACAGCAACCCTAA-3,22.0,0.28910445525737666,0.0,0.0,0.0,0.3897499258569757,0.3211456188856476
CGCTGTGCATCATGTG-3,19.0,0.28880190709864184,,,0.19477936981053914,0.2980900086334725,0.21832871445734645
TTGACATCAGGCTACT-3,5.0,0.25007613426230707,,,0.2764713286099489,0.24316603374735998,0.23028650338038426
CCAACCCGTTCGCGCT-3,36.0,0.2461747580345537,,,0.1850283944180879,0.27103139859455855,0.2977654489527998
TCATTGCGTAGTTGGC-3,23.0,0.2890753295347951,,,0.21326803108883835,0.2250748294409998,0.2725818099353668
GCAGGTTGTAACAGGG-1,11.0,1.0,0.0,0.0,0.0,0.0,0.0
ACCACACCAGGCTTCG-3,21.0,0.36496857686394185,,,0.2425919314203312,0.14718681699163197,0.24525267472409484
ACCTGGATCTTTGACT-3,4.0,0.2789549502429366,,,0.1885732419812842,0.21961014244052887,0.31286166533525034
TTAGCGGTCCTTGAGG-3,4.0,0.2789549502429366,,,0.1885732419812842,0.21961014244052887,0.31286166533525034
TTTGGCTGTAACCTAG-3,4.0,1.0,0.0,0.0,0.0,0.0,0.0
TGAGGTGCATTAAGTC-3,35.0,0.2910484630575379,0.0,0.0,0.0,0.26889740141049095,0.4400541355319712
CAGCATTAGATAGACG-1,17.0,0.0,0.0,0.0,1.0,0.0,0.0
GGACGGATCATTTGCT-1,31.0,0.0,0.0,0.0,1.0,0.0,0.0
TATTTGCTCTAACCAA-2,12.0,0.0,0.0,0.0,0.0,0.0,1.0
TGACTTAAGGACTTAC-3,17.0,0.28041555117654665,,,0.21377517180417943,0.21373583317818393,0.29207344384108996
TGTGATCAGCATGACT-3,28.0,1.0,0.0,0.0,0.0,0.0,0.0
ACCTTGTGTTATCGAG-3,18.0,1.0,0.0,0.0,0.0,0.0,0.0
CAACCCTTCTTAGGAC-2,20.0,0.0,0.0,0.0,0.0,0.0,1.0
GCCTACTTCCTGGCTT-2,5.0,0.0,0.0,0.0,1.0,0.0,0.0
TGCTGGATCTAACCTT-2,25.0,0.0,0.0,0.0,0.0,0.0,1.0
AACTGTTCAGCATGAG-3,28.0,0.24355764626440804,,,0.2713230524219713,0.21916108471229478,0.2659582166013259
TTTAGGATCGCAAACT-2,15.0,0.0,0.0,0.0,1.0,0.0,0.0
AGGCCCAGTTCGCGCT-2,31.0,0.0,0.0,0.0,0.0,0.0,1.0
TGATGAACAAACAACA-3,15.0,1.0,0.0,0.0,0.0,0.0,0.0
AAGCGAATCGTACCGA-3,15.0,0.25404889456095253,0.0,0.0,0.3994002521455771,0.19749238598555172,0.14905846730791872
TCACATAAGAGGCTAA-1,12.0,0.0,0.0,0.0,1.0,0.0,0.0
TTGGGTTAGTTAGTTG-3,27.0,0.2659503422898086,0.0,0.0,0.3090767064839525,0.2252336567198111,0.1997392945064278
AACTAGCTCAAGCTTA-2,4.0,0.2789549502429366,,,0.1885732419812842,0.21961014244052887,0.31286166533525034
ACAAAGGTCCCGCAAA-2,10.0,0.0,0.0,0.0,0.0,1.0,0.0
TGGCCATCAACCTGGT-3,13.0,0.2379245460670892,,,0.33034621848395457,0.2084468038321267,0.22328243161682945
CTAATAGTCCCTCGCA-1,6.0,0.0,0.0,0.0,1.0,0.0,0.0
GGTATTGGTTCATCTA-1,13.0,0.0,0.0,0.0,1.0,0.0,0.0
CCCTTAATCCCTCTAA-3,9.0,0.25657805136510725,,,0.19608879238864382,0.26842478255731234,0.2789083736889367
AATTAGGCACACCAAC-3,26.0,0.3005755128437196,,,0.19364293997678975,0.3106467509625101,0.19513479621698074
GCAAGCCTCGAGCTAT-1,15.0,0.0,0.0,0.0,1.0,0.0,0.0
ACGTCCTTCTGCAAGT-1,15.0,0.0,0.0,0.0,1.0,0.0,0.0
GGCAATCGTTTGCTGT-3,3.0,0.2510908928836586,,,0.23769248350866462,0.29944475183729763,0.2117718717703792
ACGTTGTAGGGACCTC-1,6.0,0.0,0.0,0.0,1.0,0.0,0.0
CAACCCTTCGTAACGT-1,17.0,1.0,0.0,0.0,0.0,0.0,0.0
TGGTCAAGTGAGGTAG-2,32.0,0.0,0.0,0.0,0.0,0.0,1.0
AAGACAAGTCGCGCAA-2,4.0,0.0,0.0,0.0,0.0,0.0,1.0
ATAGATGCAGGTTATT-2,18.0,0.0,0.0,0.0,0.5740620133087924,0.0,0.42593798669120764
GATTCAATCGGTACGC-3,13.0,0.2379245460670892,,,0.33034621848395457,0.2084468038321267,0.22328243161682945
AACCGCTCAGGCCAAA-3,36.0,0.30206544172637545,0.0,0.0,0.0,0.332565449812248,0.36536910846137655
CAAGCTAGTTGGCGTG-3,35.0,0.0,0.0,0.0,0.0,1.0,0.0
AGAAACCCAAGGTAAC-3,31.0,1.0,0.0,0.0,0.0,0.0,0.0
GGCATTGTCTGTTGCC-3,19.0,0.0,0.0,0.0,0.0,0.0,1.0
TACGTACAGCCACAAT-3,7.0,0.23707317196827163,,,0.3805360488007793,0.2041805565917011,0.17821022263924788
TTTGTCCCAGCAAATA-2,16.0,0.0,0.0,0.0,0.0,0.0,1.0
TCCAGGTCATGTCAAT-3,5.0,0.25007613426230707,0.0,0.0,0.2764713286099489,0.24316603374735998,0.23028650338038426
CATATCGCAAATTCGT-2,12.0,0.22393288850727908,0.0,0.0,0.21148179656914845,0.3491266157595441,0.21545869916402838
AGTAGGATCTCCATGC-1,34.0,0.0,0.0,0.0,0.0,0.0,1.0
TGCAAGCGTATCTGGA-1,29.0,0.0,0.0,0.0,0.0,0.0,1.0
CCAATATCAGATAGAC-3,12.0,0.22393288850727908,,,0.21148179656914845,0.3491266157595441,0.21545869916402838
AGAGAAGCAGGAACCA-3,28.0,0.24355764626440804,0.0,0.0,0.2713230524219713,0.21916108471229478,0.2659582166013259
CATTGTGCACCTGCCT-2,25.0,1.0,0.0,0.0,0.0,0.0,0.0
GGTACAAAGCAAGGAC-1,31.0,0.0,0.0,0.0,1.0,0.0,0.0
ACTTAGGGTGAACAAA-1,27.0,0.0,0.0,0.0,1.0,0.0,0.0
CAGGGTGAGCAGGTTT-2,26.0,0.0,0.0,0.0,0.0,1.0,0.0
TCTAAGGGTAGGATCC-2,33.0,0.25254537146409556,0.0,0.0,0.23028304051452006,0.2665285948922042,0.25064299312918015
CCATCATGTTAGGCTA-1,14.0,0.0,0.0,0.0,1.0,0.0,0.0
AGTTTGCAGGCAAGTA-2,10.0,0.0,0.0,0.0,0.36095077943916737,0.0,0.6390492205608327
GGCAATCGTCAAGTAT-3,28.0,0.0,0.0,0.0,0.0,1.0,0.0
GTTTAACCAAACGCGA-1,21.0,0.0,0.0,0.0,1.0,0.0,0.0
TCAGCGATCATGCAAC-1,13.0,0.0,0.0,0.0,1.0,0.0,0.0
ACTTATCTCTATCGCC-1,27.0,0.0,0.0,0.0,1.0,0.0,0.0
GGTCGGTTCCACCTGT-3,3.0,0.2510908928836586,,,0.23769248350866462,0.29944475183729763,0.2117718717703792
TTGTGTGCACGTAAGG-3,27.0,0.2659503422898086,,,0.3090767064839525,0.2252336567198111,0.1997392945064278
CATTGTAAGTCAATCA-1,8.0,1.0,0.0,0.0,0.0,0.0,0.0
TGTTAGCAGACAGGTA-1,16.0,0.0,0.0,0.0,1.0,0.0,0.0
GAGGGAGCAGTCTATG-1,7.0,0.0,0.0,0.0,1.0,0.0,0.0
TCCATAAAGCAGGTTT-2,5.0,1.0,0.0,0.0,0.0,0.0,0.0
AGAGGAACACTGACCG-1,3.0,0.0,0.0,0.0,1.0,0.0,0.0
CATAACGGTGTGCAAC-3,15.0,0.0,0.0,0.0,0.0,0.0,1.0
CCTACTTCAATCCCTT-2,1.0,0.3354436194556566,0.0,0.0,0.0,0.3106378371236754,0.353918543420668
GGGCATGAGAGGAGGA-1,29.0,0.0,0.0,0.0,1.0,0.0,0.0
AGAATCGAGCTGCACA-2,5.0,0.0,0.0,0.0,0.0,0.0,1.0
CTTGTTCCAATATAGG-3,12.0,0.22393288850727908,,,0.21148179656914845,0.3491266157595441,0.21545869916402838
TGTATCGCAAGCTACC-3,8.0,0.22347106138460127,,,0.25914442347718897,0.16517053432406306,0.3522139808141467
GGAACTAAGCACTAGT-2,33.0,0.0,0.0,0.0,1.0,0.0,0.0
CATCCTCAGATAACCC-1,1.0,0.0,0.0,0.0,1.0,0.0,0.0
GTCATCACAGCATGGA-3,7.0,0.0,0.0,0.0,0.0,1.0,0.0
GTATTGCAGTTCCCGT-1,11.0,0.0,0.0,0.0,1.0,0.0,0.0
GAATTTGTCAGCACGC-1,3.0,1.0,0.0,0.0,0.0,0.0,0.0
ACCCGCTGTTGCAATG-2,5.0,0.0,0.0,0.0,0.5455689308719414,0.0,0.4544310691280588
CGCCTGTGTGAGGTAG-2,24.0,0.0,0.0,0.0,0.0,0.0,1.0
GAGTGTTTCATGAGCT-3,26.0,1.0,0.0,0.0,0.0,0.0,0.0
TCGTTACGTGTGAGAG-2,6.0,0.0,0.0,0.0,0.46968468364108146,0.0,0.5303153163589185
TGTCCTTCAATTGACT-2,3.0,1.0,0.0,0.0,0.0,0.0,0.0
CACCAACCAATAACGA-3,15.0,0.25404889456095253,,,0.3994002521455771,0.19749238598555172,0.14905846730791872
GAAAGGCTCCTCAGCT-1,15.0,1.0,0.0,0.0,0.0,0.0,0.0
GAGCTAGCATGTTGCA-1,14.0,0.0,0.0,0.0,1.0,0.0,0.0
CCATAATCAGTATGTT-3,14.0,1.0,0.0,0.0,0.0,0.0,0.0
AGTCTTGCAAACGCGA-3,24.0,0.0,0.0,0.0,0.0,0.0,1.0
ATACCGGTCCAAGTTA-2,13.0,0.2379245460670892,,,0.33034621848395457,0.2084468038321267,0.22328243161682945
TGTGAAACAACCCTCC-3,23.0,0.0,0.0,0.0,0.0,1.0,0.0
GTTTCTAGTTGGATAT-3,24.0,0.21845905187174444,,,0.2480843926368116,0.19755649681913243,0.33590005867231154
GATTACGGTTTAGCTC-1,7.0,0.0,0.0,0.0,1.0,0.0,0.0
AAGTTAGCATTGGGAG-3,21.0,1.0,0.0,0.0,0.0,0.0,0.0
TTGGATATCTATCGCC-3,23.0,0.2890753295347951,,,0.21326803108883835,0.2250748294409998,0.2725818099353668
GATGACTTCTCACACC-3,21.0,1.0,0.0,0.0,0.0,0.0,0.0
GTCGAGGAGGCTGTCA-1,32.0,0.0,0.0,0.0,1.0,0.0,0.0
GACCTAGTCTGTTGCC-1,2.0,0.0,0.0,0.0,1.0,0.0,0.0
GATTGGCGTGTTAAAC-1,38.0,0.0,0.0,0.0,1.0,0.0,0.0
AAGAACAGTTAGAGGG-2,31.0,0.0,0.0,0.0,1.0,0.0,0.0
TGTGGAGCATGTCAGC-2,22.0,0.0,0.0,0.0,1.0,0.0,0.0
TGATCGAGTCGTAAAT-3,4.0,0.2789549502429366,,,0.1885732419812842,0.21961014244052887,0.31286166533525034
AATTGCCAGTAGCCAT-2,14.0,0.0,0.0,0.0,1.0,0.0,0.0
GCTTACCTCTTGGACG-2,17.0,0.28041555117654665,,,0.21377517180417943,0.21373583317818393,0.29207344384108996
CATCCCAGTGAAACAA-2,4.0,0.0,0.0,0.0,1.0,0.0,0.0
CATGCGGGTTGTTCAC-1,31.0,0.0,0.0,0.0,1.0,0.0,0.0
TGCAATATCCTCATGC-3,30.0,0.2305508875130836,,,0.30015485066475694,0.2562706347632869,0.21302362705887254
ACCAGGACAAGCCAGA-2,22.0,0.0,0.0,0.0,1.0,0.0,0.0
TGATCACAGGAACCGG-3,14.0,0.25490642483705084,,,0.203860627012991,0.27543380527416844,0.2657991428757897
CCAAACCCAGTGAACG-2,33.0,0.0,0.0,0.0,0.4788325530431318,0.0,0.5211674469568682
ATGCGATTCAGTGAAG-3,4.0,0.2789549502429366,,,0.1885732419812842,0.21961014244052887,0.31286166533525034
CAATGTGGTGACCTGG-2,16.0,0.19281102196304184,,,0.24608965471250854,0.23107341591095565,0.33002590741349397
GCCGTGAGTACGTTTC-3,26.0,0.0,0.0,0.0,0.0,1.0,0.0
TCATACTTCATTAGCA-1,36.0,0.0,0.0,0.0,1.0,0.0,0.0
GTTTGCTGTATTCGTC-1,7.0,0.0,0.0,0.0,1.0,0.0,0.0
ATATAGGCAGCTTAAT-1,4.0,0.0,0.0,0.0,0.0,0.0,1.0
GCTGGTTCATAGCTGC-3,38.0,0.19027885726034566,,,0.23574107619489226,0.2789089395946002,0.2950711269501618
CGTAACCCACCCACAG-3,6.0,1.0,0.0,0.0,0.0,0.0,0.0
CAAGTGAAGTTATTCC-2,31.0,0.0,0.0,0.0,0.0,0.0,1.0
ATGTAAGCAGCAACCT-3,7.0,0.23707317196827163,,,0.3805360488007793,0.2041805565917011,0.17821022263924788
CTCCTGAGTCCTTAGT-1,3.0,0.0,0.0,0.0,0.0,0.0,1.0
ACTAGGCGTAACGTGC-2,7.0,0.23707317196827163,0.0,0.0,0.3805360488007793,0.2041805565917011,0.17821022263924788
GCTAGCCAGGTGCGGA-3,37.0,0.15830411656991292,,,0.21353305020503288,0.2890839998065646,0.33907883341848966
TCTCCTCGTAAGCTCA-2,6.0,0.0,0.0,0.0,0.0,0.0,1.0
CTATGAGGTTTCGCGC-1,29.0,0.0,0.0,0.0,1.0,0.0,0.0
GCAGGAAGTCGTAAAT-3,18.0,0.23638071763888321,,,0.28964209218552694,0.2590708442645409,0.21490634591104896
GATCGCTCACCTACGG-2,36.0,1.0,0.0,0.0,0.0,0.0,0.0
TCGGTAAGTTGCCTCA-2,1.0,1.0,0.0,0.0,0.0,0.0,0.0
GCCCGTTGTATTACCC-3,17.0,0.28041555117654665,,,0.21377517180417943,0.21373583317818393,0.29207344384108996
CATTGTAAGCAGCTCA-2,22.0,0.0,0.0,0.0,1.0,0.0,0.0
TGGCTAAGTGATTACG-3,34.0,1.0,0.0,0.0,0.0,0.0,0.0
TTTATGGAGCTTAACA-2,24.0,0.0,0.0,0.0,1.0,0.0,0.0
CAATAAGCATCAGCAC-2,11.0,0.0,0.0,0.0,0.0,0.0,1.0
GGTTTCCTCCTCCTAA-3,6.0,1.0,0.0,0.0,0.0,0.0,0.0
TATCACGCATTTGCTC-3,12.0,0.0,0.0,0.0,0.0,1.0,0.0
TTAGGAACATGTCAAT-2,30.0,1.0,0.0,0.0,0.0,0.0,0.0
TGTTCATTCGCTAAGT-3,22.0,0.22299113408910365,,,0.2286831626631811,0.3006206801642622,0.24770502308345307
GGATAACCATTAAGTC-2,33.0,0.3281016071581825,0.0,0.0,0.0,0.34626831539526715,0.3256300774465504
GACTTGGTCCTGAATA-2,1.0,0.0,0.0,0.0,0.0,0.0,1.0
AAGAATCAGGTTAGAG-3,31.0,0.0,0.0,0.0,0.0,0.0,1.0
ACGCACGGTGTAATAC-3,8.0,0.22347106138460127,,,0.25914442347718897,0.16517053432406306,0.3522139808141467
GCGCAAACAAACGCGA-3,6.0,0.0,0.0,0.0,0.0,1.0,0.0
CGTTAGTAGGTTACGT-3,36.0,0.0,0.0,0.0,0.0,1.0,0.0
CCTAGTTGTGTTTGTC-2,35.0,1.0,0.0,0.0,0.0,0.0,0.0
GCCTTAACACAGGAAT-2,5.0,0.0,0.0,0.0,0.0,0.0,1.0
GGTCATTAGCGCATTG-3,1.0,0.2431277739439729,,,0.27520525106868904,0.22514867316661977,0.2565183018207184
CTGTTAAAGACAGGTA-3,24.0,1.0,0.0,0.0,0.0,0.0,0.0
TAGGTTGGTAAGCACC-3,8.0,0.22347106138460127,,,0.25914442347718897,0.16517053432406306,0.3522139808141467
ACGTTACAGTATTGCA-2,34.0,0.0,0.0,0.0,1.0,0.0,0.0
TTAGGCGTCCGGTTAG-2,11.0,0.0,0.0,0.0,1.0,0.0,0.0
GCCTATTGTACGGTAC-3,31.0,0.24483511612846504,,,0.34550975661796685,0.2764681959007302,0.13318693135283804
CCTAATCGTTTAGCTC-2,18.0,0.0,0.0,0.0,1.0,0.0,0.0
AATCTCAAGTTATTCC-1,37.0,0.0,0.0,0.0,1.0,0.0,0.0
TTGGGCGGTTCCAGGG-2,25.0,0.25294349983189635,0.0,0.0,0.22563202807869934,0.20762681900387653,0.31379765308552765
AACCTTGCAGGGAGCT-3,9.0,0.25657805136510725,,,0.19608879238864382,0.26842478255731234,0.2789083736889367
AGCGCTCAGCATGTTA-2,22.0,0.0,0.0,0.0,1.0,0.0,0.0
TGCGATTAGTCCTGAG-3,18.0,1.0,0.0,0.0,0.0,0.0,0.0
GCCAATTAGTTCCCAC-2,5.0,0.0,0.0,0.0,0.0,1.0,0.0
GGATAACCAACAACAA-3,37.0,0.20128514823309865,0.0,0.0,0.0,0.36757297923571886,0.4311418725311825
TAGTAAGCATTGTCAG-1,38.0,0.0,0.0,0.0,1.0,0.0,0.0
CTAGTAATCCTGTTCA-2,29.0,0.31074906515307005,0.0,0.0,0.233016360882147,0.22003051032240445,0.2362040636423785
CCTTGCGTCCCTGGTT-3,30.0,0.2305508875130836,,,0.30015485066475694,0.2562706347632869,0.21302362705887254
TAGGTGCGTTTAGCTC-1,12.0,0.0,0.0,0.0,1.0,0.0,0.0
AAAGGAGCATAAGGAC-2,35.0,0.0,0.0,0.0,0.0,0.0,1.0
GATGAGGGTCTCACTG-1,38.0,1.0,0.0,0.0,0.0,0.0,0.0
TAGTTTGAGCTCAAAC-3,2.0,0.21079074246169519,,,0.3110256879333526,0.2245883274521365,0.25359524215281576
AAACCAACATTGTCAG-3,10.0,0.0,0.0,0.0,0.0,1.0,0.0
CTATTCAGTACCAGGT-2,6.0,1.0,0.0,0.0,0.0,0.0,0.0
ACCACACCAAGTTATC-3,25.0,0.25294349983189635,,,0.22563202807869934,0.20762681900387653,0.31379765308552765
CAATATGTCCCGAACA-1,7.0,0.0,0.0,0.0,1.0,0.0,0.0
TGGAACAAGCAGGTTT-3,21.0,1.0,0.0,0.0,0.0,0.0,0.0
ACAGGTAAGGTTTGAC-3,8.0,0.22347106138460127,,,0.25914442347718897,0.16517053432406306,0.3522139808141467
TACATCAAGTTACCGG-3,13.0,0.2379245460670892,,,0.33034621848395457,0.2084468038321267,0.22328243161682945
ATGGACAAGTACTGGT-1,7.0,0.0,0.0,0.0,1.0,0.0,0.0
TCATAACCAAGTGAAC-3,12.0,0.22393288850727908,0.0,0.0,0.21148179656914845,0.3491266157595441,0.21545869916402838
GCACGAACATTGTGGC-1,9.0,0.0,0.0,0.0,1.0,0.0,0.0
GTTTGTTTCGAAGTAG-3,20.0,0.255116509861887,,,0.11378520411624034,0.3739473542312623,0.25715093179061016
GCAACAGCATTGACAT-1,32.0,0.0,0.0,0.0,1.0,0.0,0.0
ACTTGCACAAGGTATA-3,12.0,1.0,0.0,0.0,0.0,0.0,0.0
AGTCTTGCAGTTATGT-1,28.0,0.0,0.0,0.0,1.0,0.0,0.0
AGCCTCCGTGAGCAAG-3,4.0,0.2789549502429366,,,0.1885732419812842,0.21961014244052887,0.31286166533525034
ATTACTGAGTAGCCAT-2,32.0,0.0,0.0,0.0,0.0,1.0,0.0
TCCTTCAAGGTGCGGA-3,27.0,0.2659503422898086,,,0.3090767064839525,0.2252336567198111,0.1997392945064278
GATGACTTCCTAATAG-3,11.0,0.26017380928088074,,,0.3107460265472086,0.2228172513789396,0.20626291279297101
TGAGCAAAGTCACTAA-2,28.0,0.0,0.0,0.0,0.5049925766353235,0.0,0.4950074233646764
GATCACTAGGTTTACA-3,26.0,0.3005755128437196,,,0.19364293997678975,0.3106467509625101,0.19513479621698074
CGGTTGGGTTCCGGCT-1,3.0,0.0,0.0,0.0,1.0,0.0,0.0
GGTAACCGTTATCGAG-3,19.0,0.3586618328826094,0.0,0.0,0.0,0.37019668579943704,0.2711414813179535
GTATTGATCTCATCAT-2,7.0,0.0,0.0,0.0,0.0,0.0,1.0
GGATGAATCTCGACCT-3,10.0,0.26490417044114983,,,0.1425309127782741,0.3402195170606928,0.2523453997198832
CTACTAAAGTTATCTC-1,24.0,0.0,0.0,0.0,1.0,0.0,0.0
AAATGCCTCCTAAGAC-3,20.0,0.255116509861887,,,0.11378520411624034,0.3739473542312623,0.25715093179061016
GTCATCACACTATGGC-3,37.0,1.0,0.0,0.0,0.0,0.0,0.0
GGCCATCAGGTCATTA-2,2.0,0.0,0.0,0.0,0.0,0.0,1.0
CAAAGCGCAATTGAGA-1,5.0,0.0,0.0,0.0,1.0,0.0,0.0
GGAACCACAGTAAGTA-1,27.0,0.0,0.0,0.0,1.0,0.0,0.0
CGCATTTGTGTTGCTT-3,5.0,1.0,0.0,0.0,0.0,0.0,0.0
TCGGTAAGTACTGATG-1,32.0,0.0,0.0,0.0,1.0,0.0,0.0
ACTAGGCGTGGTTATG-3,27.0,0.0,0.0,0.0,0.0,1.0,0.0
GACCGAACACTAGGTC-3,22.0,0.22299113408910365,,,0.2286831626631811,0.3006206801642622,0.24770502308345307
CCACAATAGTGAGCGG-1,25.0,0.0,0.0,0.0,1.0,0.0,0.0
GGTTACCCACTTACAG-2,4.0,0.2789549502429366,0.0,0.0,0.1885732419812842,0.21961014244052887,0.31286166533525034
CTCGTTATCCAAATCA-3,29.0,0.31074906515307005,,,0.233016360882147,0.22003051032240445,0.2362040636423785
CCAGGAACACTAAGTT-1,28.0,0.0,0.0,0.0,1.0,0.0,0.0
GGGCATGAGCGCAATT-3,18.0,0.23638071763888321,,,0.28964209218552694,0.2590708442645409,0.21490634591104896
AGTTGGCGTCCCGAAG-3,14.0,1.0,0.0,0.0,0.0,0.0,0.0
ACTGAAACATCAATCG-3,33.0,0.0,0.0,0.0,0.0,1.0,0.0
TGGCCAATCTCCATAT-1,15.0,1.0,0.0,0.0,0.0,0.0,0.0
GCTTAGTAGTCACTCC-3,1.0,0.3354436194556566,0.0,0.0,0.0,0.3106378371236754,0.353918543420668
GTGCCTTTCATCCTCA-3,10.0,0.26490417044114983,,,0.1425309127782741,0.3402195170606928,0.2523453997198832
CCTCAAACACTTAGGC-3,9.0,0.3191621772850661,0.0,0.0,0.0,0.33389854503319716,0.34693927768173677
CCTTCGTAGCACAGCC-2,20.0,1.0,0.0,0.0,0.0,0.0,0.0
GAGGCAAGTAGACAAA-1,17.0,0.0,0.0,0.0,1.0,0.0,0.0
TTGGGCGGTTGAGCCG-3,2.0,0.21079074246169519,,,0.3110256879333526,0.2245883274521365,0.25359524215281576
TTCCTCAAGCTATTAG-2,31.0,0.24483511612846504,,,0.34550975661796685,0.2764681959007302,0.13318693135283804
CAGAACCGTCCTAACT-3,31.0,0.24483511612846504,,,0.34550975661796685,0.2764681959007302,0.13318693135283804
AAAGGTTAGTTTCCTG-2,18.0,0.23638071763888321,0.0,0.0,0.28964209218552694,0.2590708442645409,0.21490634591104896
GGCCATCAGGGACGCA-1,35.0,0.0,0.0,0.0,1.0,0.0,0.0
GCTCTGTTCATGCTCC-2,20.0,1.0,0.0,0.0,0.0,0.0,0.0
TTGGGCCAGTAACGAG-3,5.0,0.25007613426230707,,,0.2764713286099489,0.24316603374735998,0.23028650338038426
TCGTTATTCCTGAATA-2,13.0,0.0,0.0,0.0,1.0,0.0,0.0
ACCAGCTCAAAGGTAC-1,8.0,0.0,0.0,0.0,1.0,0.0,0.0
ACGCAAGCACATAACT-2,17.0,0.28041555117654665,,,0.21377517180417943,0.21373583317818393,0.29207344384108996
CAAAGGATCTTCAATC-1,13.0,0.0,0.0,0.0,1.0,0.0,0.0
CGAATATGTTGGCCGA-3,14.0,0.25490642483705084,,,0.203860627012991,0.27543380527416844,0.2657991428757897
ATTGGCTAGTAAGAAC-2,14.0,1.0,0.0,0.0,0.0,0.0,0.0
GATTAGTGTTGCATCT-1,1.0,1.0,0.0,0.0,0.0,0.0,0.0
TTCTTAGGTTAACGAT-2,28.0,0.0,0.0,0.0,0.0,0.0,1.0
GTAGGATCATGTTGCA-3,7.0,0.23707317196827163,0.0,0.0,0.3805360488007793,0.2041805565917011,0.17821022263924788
TTGAGCTAGTAACCAC-2,22.0,0.22299113408910365,0.0,0.0,0.2286831626631811,0.3006206801642622,0.24770502308345307
TCATGTTTCACGTTAA-3,4.0,0.2789549502429366,,,0.1885732419812842,0.21961014244052887,0.31286166533525034
TTCCTTGAGGTCTTGG-1,19.0,0.0,0.0,0.0,1.0,0.0,0.0
TTCCCGCCATGCTTAG-2,9.0,0.25657805136510725,,,0.19608879238864382,0.26842478255731234,0.2789083736889367
CGGCCATAGCAGCTCA-1,31.0,0.0,0.0,0.0,1.0,0.0,0.0
TCGCGCACAGGCGATA-2,18.0,0.0,0.0,0.0,0.0,0.0,1.0
GAGTATCTCAGTGAAG-3,7.0,0.23707317196827163,,,0.3805360488007793,0.2041805565917011,0.17821022263924788
AGGTCTTAGCTTTGGG-2,10.0,0.0,0.0,0.0,1.0,0.0,0.0
TAGCAGGCAAGACTCC-1,5.0,0.0,0.0,0.0,1.0,0.0,0.0
GTCGAGGAGCTCGCTT-1,12.0,0.0,0.0,0.0,1.0,0.0,0.0
AGCACAGCAATAGTCT-2,18.0,0.0,0.0,0.0,1.0,0.0,0.0
CGACCTGCAGTTTGGC-3,8.0,0.22347106138460127,,,0.25914442347718897,0.16517053432406306,0.3522139808141467
ACCCGGTAGCGCAATT-2,20.0,0.0,0.0,0.0,0.0,0.0,1.0
AGTTGTCAGGTAAGGC-3,13.0,0.2379245460670892,,,0.33034621848395457,0.2084468038321267,0.22328243161682945
TCCAGGTCACTGACTA-3,4.0,0.2789549502429366,,,0.1885732419812842,0.21961014244052887,0.31286166533525034
GTTCTTGTCCTTAGTT-3,18.0,0.23638071763888321,,,0.28964209218552694,0.2590708442645409,0.21490634591104896
ATTCCTCCAGGTTACC-3,18.0,0.23638071763888321,,,0.28964209218552694,0.2590708442645409,0.21490634591104896
GGAGTGAGTACTTAGG-2,7.0,0.0,0.0,0.0,0.0,0.0,1.0
ACGTCCTTCCGCATGA-2,31.0,0.0,0.0,0.0,1.0,0.0,0.0
AAACAGCCATAGGCGA-3,28.0,0.24355764626440804,,,0.2713230524219713,0.21916108471229478,0.2659582166013259
GAGGCAAGTGAGCACT-1,7.0,0.0,0.0,0.0,1.0,0.0,0.0
ACACAATGTTTGGTTC-3,9.0,1.0,0.0,0.0,0.0,0.0,0.0
AGGTACGCAATAATGG-1,15.0,0.0,0.0,0.0,1.0,0.0,0.0
ACTTAGGGTTAAATGC-3,15.0,0.0,0.0,0.0,0.0,1.0,0.0
GTTTAGCAGGTCCGTA-1,32.0,0.0,0.0,0.0,1.0,0.0,0.0
TAAGCCTAGTTTCCTG-2,33.0,1.0,0.0,0.0,0.0,0.0,0.0
AGCACTAGTATCTGGA-3,12.0,0.22393288850727908,,,0.21148179656914845,0.3491266157595441,0.21545869916402838
ATCGAGGCATTGTGCA-3,28.0,0.24355764626440804,,,0.2713230524219713,0.21916108471229478,0.2659582166013259
CATTGCGAGCCTCTGT-3,14.0,0.0,0.0,0.0,0.0,1.0,0.0
CTGTAACAGTTAGCTA-3,38.0,0.0,0.0,0.0,0.0,1.0,0.0
AAGGATGTCGTGCCTT-1,25.0,0.0,0.0,0.0,1.0,0.0,0.0
ACCTACCTCATTAGCA-2,23.0,1.0,0.0,0.0,0.0,0.0,0.0
AGTGAGTCAGGGAGCT-1,32.0,0.0,0.0,0.0,1.0,0.0,0.0
GCAGCTATCCGCCTCA-1,1.0,0.0,0.0,0.0,0.0,0.0,1.0
GGTGAGCCAAGGTGGC-3,29.0,0.0,0.0,0.0,0.0,1.0,0.0
AATCCCTGTGTTGCTT-3,26.0,0.3727573400734753,0.0,0.0,0.0,0.38524713971446883,0.2419955202120558
CCGCACACATTGCAGC-3,18.0,0.23638071763888321,,,0.28964209218552694,0.2590708442645409,0.21490634591104896
GAGAGGCGTTAGTGAT-2,20.0,0.0,0.0,0.0,0.0,0.0,1.0
CAGGAAGGTGGAGCAA-2,31.0,0.24483511612846504,0.0,0.0,0.34550975661796685,0.2764681959007302,0.13318693135283804
TTCAGCACATTAGGTT-3,6.0,0.28619740144106137,,,0.20095345838278786,0.28595501190791156,0.2268941282682392
TACAACATCGCTCCAT-3,15.0,0.25404889456095253,,,0.3994002521455771,0.19749238598555172,0.14905846730791872
AGTAATCGTGATGAAA-1,4.0,0.0,0.0,0.0,1.0,0.0,0.0
GAGGTACAGTGAGCGG-3,36.0,0.2461747580345537,0.0,0.0,0.1850283944180879,0.27103139859455855,0.2977654489527998
GCAAACAAGTCATTTC-3,30.0,0.2305508875130836,,,0.30015485066475694,0.2562706347632869,0.21302362705887254
ATGGACAAGACTCGCA-1,11.0,0.0,0.0,0.0,1.0,0.0,0.0
ATGTTTGAGGAACGCG-1,28.0,0.0,0.0,0.0,1.0,0.0,0.0
CTTGTCCAGTCAATTG-1,2.0,0.0,0.0,0.0,1.0,0.0,0.0
GGAACAATCACGCGGT-3,31.0,0.0,0.0,0.0,0.0,1.0,0.0
GGACGAAGTGTGAGGA-2,3.0,1.0,0.0,0.0,0.0,0.0,0.0
ACGTCAAGTTCTTTAG-1,19.0,0.0,0.0,0.0,1.0,0.0,0.0
GGCAGGATCACTAAGC-1,31.0,0.0,0.0,0.0,1.0,0.0,0.0
GTGCCTTTCTTTAGGA-2,29.0,0.0,0.0,0.0,0.0,0.0,1.0
GCTCGATCAATGCCTA-3,8.0,0.22347106138460127,,,0.25914442347718897,0.16517053432406306,0.3522139808141467
GATCGAGCACAAACTT-1,18.0,0.0,0.0,0.0,1.0,0.0,0.0
TTGGGTTAGCGGGCAA-1,4.0,0.0,0.0,0.0,1.0,0.0,0.0
TAGGGTTTCCATCAGG-2,13.0,0.0,0.0,0.0,1.0,0.0,0.0
CTCCTAATCTTAGGGT-2,8.0,0.0,0.0,0.0,0.0,1.0,0.0
TCATGCCTCGGTTCCT-2,7.0,0.23707317196827163,,,0.3805360488007793,0.2041805565917011,0.17821022263924788
TCTCGCCCAATTAGGA-2,4.0,0.0,0.0,0.0,0.0,0.0,1.0
CTCCTCACAGCATGTC-3,30.0,1.0,0.0,0.0,0.0,0.0,0.0
CATGCGGGTGTTGCAA-3,13.0,0.2379245460670892,,,0.33034621848395457,0.2084468038321267,0.22328243161682945
TACAGCTAGGAACCAA-3,9.0,0.0,0.0,0.0,0.0,0.0,1.0
TGCCGGTAGACTCGCA-1,1.0,0.0,0.0,0.0,1.0,0.0,0.0
CACTTAAAGGCCAATT-1,22.0,0.0,0.0,0.0,1.0,0.0,0.0
TATCACGCATTGCGGT-3,34.0,1.0,0.0,0.0,0.0,0.0,0.0
CGATCCTTCCCTCTAA-2,26.0,0.0,0.0,0.0,0.0,0.0,1.0
ACCTAAGGTATTGTCC-3,1.0,1.0,0.0,0.0,0.0,0.0,0.0
GGGTCAACAATCTCTC-3,33.0,1.0,0.0,0.0,0.0,0.0,0.0
GGTAATTGTGAACAAA-1,7.0,0.0,0.0,0.0,1.0,0.0,0.0
GCTCCTTAGCTTATGA-2,6.0,0.28619740144106137,0.0,0.0,0.20095345838278786,0.28595501190791156,0.2268941282682392
GATCCGTCAACTGGGA-1,6.0,0.0,0.0,0.0,0.0,0.0,1.0
TGAGAACCAATATAGG-2,23.0,0.2890753295347951,,,0.21326803108883835,0.2250748294409998,0.2725818099353668
TACAGGTTCGTGCTTC-3,5.0,0.0,0.0,0.0,0.0,1.0,0.0
AGGCAGGTCCTTAGTT-1,28.0,1.0,0.0,0.0,0.0,0.0,0.0
GGCTTAAGTCACACCC-3,14.0,0.25490642483705084,0.0,0.0,0.203860627012991,0.27543380527416844,0.2657991428757897
AGTTACTCACCACAAC-1,26.0,0.0,0.0,0.0,1.0,0.0,0.0
GTTCTCATCTAAATCG-1,11.0,0.0,0.0,0.0,1.0,0.0,0.0
GTGCAAGCAAGTAAGC-3,14.0,1.0,0.0,0.0,0.0,0.0,0.0
CTTAGGAGTTTACCGT-3,14.0,0.25490642483705084,,,0.203860627012991,0.27543380527416844,0.2657991428757897
CCAAACCCACACTAAT-3,29.0,0.31074906515307005,,,0.233016360882147,0.22003051032240445,0.2362040636423785
CAAACATGTCACAAAT-3,9.0,1.0,0.0,0.0,0.0,0.0,0.0
AAATGGCCAGGTCCTG-2,20.0,0.0,0.0,0.0,0.0,0.0,1.0
ATGCTTAAGGCATTAC-1,30.0,0.0,0.0,0.0,1.0,0.0,0.0
AGGACGTAGGAACGGT-3,28.0,0.24355764626440804,,,0.2713230524219713,0.21916108471229478,0.2659582166013259
TAATTGCCAGACAAAC-2,35.0,1.0,0.0,0.0,0.0,0.0,0.0
TATCACAAGCTAAAGG-3,29.0,0.0,0.0,0.0,0.0,1.0,0.0
TGCTTCATCGCAATCG-1,27.0,0.0,0.0,0.0,1.0,0.0,0.0
TAGCTTGCATTAAAGG-3,31.0,0.0,0.0,0.0,0.0,1.0,0.0
GTAGCGCTCGGTCAAT-1,15.0,0.0,0.0,0.0,1.0,0.0,0.0
TAGTTTGAGTTAGCCG-2,23.0,0.0,0.0,0.0,1.0,0.0,0.0
CGCAATCCAATAGTCT-2,24.0,0.21845905187174444,0.0,0.0,0.2480843926368116,0.19755649681913243,0.33590005867231154
TGCACCTTCCGGAACC-3,28.0,0.24355764626440804,,,0.2713230524219713,0.21916108471229478,0.2659582166013259
CAAGGTTTCAATTGGC-3,28.0,0.24355764626440804,,,0.2713230524219713,0.21916108471229478,0.2659582166013259
CCTTGTTCATTAAAGG-2,10.0,1.0,0.0,0.0,0.0,0.0,0.0
CTAAAGCTCGAGGAGT-1,25.0,0.0,0.0,0.0,0.0,0.0,1.0
CCTTACTCAGCCTAAC-1,13.0,0.0,0.0,0.0,1.0,0.0,0.0
GTTTAGCAGTTAGTGC-2,20.0,0.0,0.0,0.0,1.0,0.0,0.0
AGTTTGCAGCGGATTT-3,15.0,0.25404889456095253,0.0,0.0,0.3994002521455771,0.19749238598555172,0.14905846730791872
TTAAAGGCATAGGCGA-3,37.0,0.15830411656991292,,,0.21353305020503288,0.2890839998065646,0.33907883341848966
TGCGCAGGTGTAATAC-3,25.0,0.25294349983189635,,,0.22563202807869934,0.20762681900387653,0.31379765308552765
AATCATCCAATGAGGT-3,5.0,0.25007613426230707,0.0,0.0,0.2764713286099489,0.24316603374735998,0.23028650338038426
ACCAAGTTCGTTATCT-2,5.0,1.0,0.0,0.0,0.0,0.0,0.0
GGCGGTAAGCGATAAG-1,7.0,0.0,0.0,0.0,1.0,0.0,0.0
CAGGTTAGTGGGAACA-2,8.0,0.0,0.0,0.0,1.0,0.0,0.0
ACTCACTGTGTTGTAG-3,26.0,0.3005755128437196,,,0.19364293997678975,0.3106467509625101,0.19513479621698074
GAGGAGGCAAGCTTTG-3,15.0,0.25404889456095253,,,0.3994002521455771,0.19749238598555172,0.14905846730791872
AGCTAGTTCCCGTTTA-3,4.0,0.2789549502429366,,,0.1885732419812842,0.21961014244052887,0.31286166533525034
AATTGTGTCAATCATG-2,17.0,0.28041555117654665,,,0.21377517180417943,0.21373583317818393,0.29207344384108996
GGTTATGGTTGAAGCC-3,8.0,0.22347106138460127,,,0.25914442347718897,0.16517053432406306,0.3522139808141467
CTCCATCAGTTAGAGG-2,28.0,0.24355764626440804,,,0.2713230524219713,0.21916108471229478,0.2659582166013259
GATTATGTCGCTAGCA-1,28.0,0.0,0.0,0.0,1.0,0.0,0.0
TTGGCTTGTTGCGGAT-1,23.0,0.0,0.0,0.0,0.0,0.0,1.0
CTCATTGTCCTTAAGA-3,12.0,1.0,0.0,0.0,0.0,0.0,0.0
TGGTCCTTCAGGTTTA-3,5.0,1.0,0.0,0.0,0.0,0.0,0.0
CTTATGTTCTTAAGTG-1,15.0,0.0,0.0,0.0,1.0,0.0,0.0
TCCGGAATCCTGGTGA-1,1.0,0.0,0.0,0.0,1.0,0.0,0.0
GGTGAGTAGGCTAGAA-1,9.0,0.0,0.0,0.0,1.0,0.0,0.0
TTAGCGGTCGATCAGT-3,4.0,0.2789549502429366,,,0.1885732419812842,0.21961014244052887,0.31286166533525034
CAACAATGTTTGCGCC-2,37.0,1.0,0.0,0.0,0.0,0.0,0.0
CAATGAACACAGAAAC-3,33.0,0.25254537146409556,,,0.23028304051452006,0.2665285948922042,0.25064299312918015
ACGCAAGCAGGGAGGA-2,9.0,0.25657805136510725,,,0.19608879238864382,0.26842478255731234,0.2789083736889367
GGAGTCTGTATTACCC-3,38.0,1.0,0.0,0.0,0.0,0.0,0.0
TACTGGCCATAATCGT-2,17.0,0.0,0.0,0.0,0.0,0.0,1.0
CACGCAATCATGAAGG-2,12.0,0.22393288850727908,0.0,0.0,0.21148179656914845,0.3491266157595441,0.21545869916402838
CCTTCAGGTTCGCGCT-3,1.0,0.2431277739439729,,,0.27520525106868904,0.22514867316661977,0.2565183018207184
TGCACACCAGGTTATT-1,37.0,0.0,0.0,0.0,1.0,0.0,0.0
TGCTTCCAGCAGCTCA-1,10.0,0.0,0.0,0.0,1.0,0.0,0.0
AGTACGCGTTAGAGGG-1,20.0,0.0,0.0,0.0,1.0,0.0,0.0
TCCCTCACACCTCAGG-3,27.0,0.0,0.0,0.0,0.0,1.0,0.0
AAGCTTGGTCATTGTC-2,9.0,0.25657805136510725,,,0.19608879238864382,0.26842478255731234,0.2789083736889367
TATAGCTCAATTAACC-3,9.0,0.3191621772850661,0.0,0.0,0.0,0.33389854503319716,0.34693927768173677
CCCGTAAAGTCAATCA-3,3.0,0.2510908928836586,,,0.23769248350866462,0.29944475183729763,0.2117718717703792
GTTCCTGGTAATAGCT-1,5.0,0.0,0.0,0.0,1.0,0.0,0.0
CGTAATGGTAGGTTGC-3,29.0,1.0,0.0,0.0,0.0,0.0,0.0
AAGCGTTTCCTTGCGT-3,26.0,0.3005755128437196,,,0.19364293997678975,0.3106467509625101,0.19513479621698074
CTGACCAAGACACCGC-3,15.0,0.25404889456095253,0.0,0.0,0.3994002521455771,0.19749238598555172,0.14905846730791872
CTAGGACGTGGGTGAA-1,15.0,0.0,0.0,0.0,1.0,0.0,0.0
GTGCTTACAGCGCTTG-2,21.0,1.0,0.0,0.0,0.0,0.0,0.0
GACTTACAGGACACTT-2,33.0,0.25254537146409556,,,0.23028304051452006,0.2665285948922042,0.25064299312918015
CCAGGAACAAACCTTG-3,33.0,1.0,0.0,0.0,0.0,0.0,0.0
GTCAAACTCGGTTACG-1,13.0,1.0,0.0,0.0,0.0,0.0,0.0
AAGGTCAAGCAGGCCT-1,8.0,1.0,0.0,0.0,0.0,0.0,0.0
CATTTGTTCTCCTCTT-3,9.0,1.0,0.0,0.0,0.0,0.0,0.0
TATGAAGCAGCATGAG-3,31.0,0.24483511612846504,,,0.34550975661796685,0.2764681959007302,0.13318693135283804
GGTGAGTAGTTATCTC-3,30.0,0.2305508875130836,0.0,0.0,0.30015485066475694,0.2562706347632869,0.21302362705887254
GGACCTCAGTGACCTG-2,2.0,0.0,0.0,0.0,0.0,0.0,1.0
AGTACGCGTTAACACG-2,8.0,0.0,0.0,0.0,0.0,0.0,1.0
GGAGCAAGTTTGGCTT-1,15.0,0.0,0.0,0.0,1.0,0.0,0.0
CACATTAAGCAAGGTA-3,16.0,0.19281102196304184,,,0.24608965471250854,0.23107341591095565,0.33002590741349397
GGTACCGGTCCGCTGT-1,15.0,0.0,0.0,0.0,1.0,0.0,0.0
AGAGGATGTCTAACAG-1,24.0,0.0,0.0,0.0,1.0,0.0,0.0
CGCATTTGTTAACGGC-3,30.0,0.0,0.0,0.0,0.0,0.0,1.0
CTTGCATGTCCTCCAA-1,36.0,0.0,0.0,0.0,0.0,0.0,1.0
AGTCCTGAGCTGAGGG-2,6.0,1.0,0.0,0.0,0.0,0.0,0.0
CTCTGTTCATGCTTAG-3,19.0,0.28880190709864184,0.0,0.0,0.19477936981053914,0.2980900086334725,0.21832871445734645
TGGCCATCACTTCATC-2,19.0,0.0,0.0,0.0,0.0,0.0,1.0
CGAAGGCCAGAACCGA-1,24.0,0.0,0.0,0.0,0.0,0.0,1.0
CGAGGCAAGTAGGCGG-3,7.0,0.0,0.0,0.0,0.0,1.0,0.0
TTGGCGGGTGGATGTC-2,16.0,1.0,0.0,0.0,0.0,0.0,0.0
CCTTGCGTCACTAATG-3,2.0,0.21079074246169519,,,0.3110256879333526,0.2245883274521365,0.25359524215281576
ACCTAAATCCCGAACA-1,8.0,0.0,0.0,0.0,1.0,0.0,0.0
AAGACATAGGGCCACT-1,18.0,1.0,0.0,0.0,0.0,0.0,0.0
CTGTAACAGCGCCTTT-1,16.0,0.0,0.0,0.0,1.0,0.0,0.0
AACTACTCATAAGTTC-2,15.0,0.25404889456095253,,,0.3994002521455771,0.19749238598555172,0.14905846730791872
TAGGAGTCAACCCTAA-3,21.0,1.0,0.0,0.0,0.0,0.0,0.0
CAGAACCGTAACCACA-2,6.0,1.0,0.0,0.0,0.0,0.0,0.0
GTTAGACTCTGGCAAT-1,36.0,1.0,0.0,0.0,0.0,0.0,0.0
GTGCTTCTCCCGTTTA-1,37.0,0.0,0.0,0.0,1.0,0.0,0.0
CAACAGGCACTCGCTC-3,6.0,0.28619740144106137,,,0.20095345838278786,0.28595501190791156,0.2268941282682392
AACCTCCTCATAAGCC-1,37.0,0.0,0.0,0.0,1.0,0.0,0.0
CCTGAATAGACAACGA-1,19.0,0.0,0.0,0.0,1.0,0.0,0.0
ACGAACAAGGAGGTTA-3,4.0,0.0,0.0,0.0,0.0,0.0,1.0
GCACATTAGTTGTCAA-3,26.0,0.3005755128437196,,,0.19364293997678975,0.3106467509625101,0.19513479621698074
CCAACATAGATAACCC-3,18.0,1.0,0.0,0.0,0.0,0.0,0.0
AGTGTTTCATGCATAT-3,12.0,0.0,0.0,0.0,0.0,1.0,0.0
TTTACGCGTGGTTAGC-2,33.0,0.0,0.0,0.0,0.4788325530431318,0.0,0.5211674469568682
TCCCGTTAGCTCAATA-2,4.0,0.2789549502429366,,,0.1885732419812842,0.21961014244052887,0.31286166533525034
AATCCATCAAAGCTAA-2,6.0,0.28619740144106137,,,0.20095345838278786,0.28595501190791156,0.2268941282682392
CGTTAAATCAAGGACA-3,1.0,0.2431277739439729,,,0.27520525106868904,0.22514867316661977,0.2565183018207184
TCGTCAACAAAGCCTC-2,7.0,0.23707317196827163,,,0.3805360488007793,0.2041805565917011,0.17821022263924788
TTAGACTCACACAATT-1,16.0,0.0,0.0,0.0,0.0,0.0,1.0
ATTAGGTGTACCGAAC-2,1.0,0.0,0.0,0.0,0.0,0.0,1.0
TCGTTAGCAAGATTCT-3,25.0,0.25294349983189635,0.0,0.0,0.22563202807869934,0.20762681900387653,0.31379765308552765
GTCTATCGTTGAAGCC-2,28.0,0.24355764626440804,0.0,0.0,0.2713230524219713,0.21916108471229478,0.2659582166013259
CAACCCTTCTCCATGC-1,29.0,0.0,0.0,0.0,1.0,0.0,0.0
ATATGTCCAGGCGATA-1,24.0,0.0,0.0,0.0,1.0,0.0,0.0
CGCAATGTCCTCAGCT-3,26.0,0.3005755128437196,,,0.19364293997678975,0.3106467509625101,0.19513479621698074
TGAGGTGCAATTATGC-3,6.0,0.0,0.0,0.0,0.0,1.0,0.0
TGATCACAGTTTCCTG-1,22.0,0.0,0.0,0.0,1.0,0.0,0.0
GTGAACAAGTCAGTAC-2,35.0,0.0,0.0,0.0,0.0,0.0,1.0
AGCGGACCAAAGCTAA-2,2.0,0.0,0.0,0.0,1.0,0.0,0.0
GCTGAGGAGTTGGGCC-3,38.0,0.19027885726034566,0.0,0.0,0.23574107619489226,0.2789089395946002,0.2950711269501618
CGATTCCTCGATTCTT-3,23.0,1.0,0.0,0.0,0.0,0.0,0.0
AGTTGTCAGGTCTTGG-1,18.0,0.0,0.0,0.0,1.0,0.0,0.0
GACTTACAGTATCGCG-3,10.0,0.26490417044114983,,,0.1425309127782741,0.3402195170606928,0.2523453997198832
TGCTAACAGTTATGGC-1,32.0,0.0,0.0,0.0,1.0,0.0,0.0
GGAGCGATCAGCCAAT-1,1.0,0.0,0.0,0.0,1.0,0.0,0.0
TGTTAGCAGATAAAGC-3,12.0,0.22393288850727908,0.0,0.0,0.21148179656914845,0.3491266157595441,0.21545869916402838
TGTGGCGGTGCGCGTA-3,26.0,0.3005755128437196,0.0,0.0,0.19364293997678975,0.3106467509625101,0.19513479621698074
GCTTAAATCACCAATA-1,10.0,0.0,0.0,0.0,1.0,0.0,0.0
AATTTCCTCGCAGGCT-3,22.0,0.0,0.0,0.0,0.0,1.0,0.0
ACCTGTTGTTTGTGGA-3,9.0,1.0,0.0,0.0,0.0,0.0,0.0
ACGCACGGTTAGAGCC-2,30.0,0.0,0.0,0.0,1.0,0.0,0.0
TTGTTGCGTAATAACC-1,14.0,0.0,0.0,0.0,0.0,0.0,1.0
ATGGCTTAGCATTTCT-1,10.0,0.0,0.0,0.0,1.0,0.0,0.0
GTGGTTAGTCATCCTG-3,16.0,0.19281102196304184,,,0.24608965471250854,0.23107341591095565,0.33002590741349397
CCTTCAATCTTTGAGA-1,31.0,0.0,0.0,0.0,1.0,0.0,0.0
TTAGAAGCATCAGCAC-1,28.0,0.0,0.0,0.0,1.0,0.0,0.0
GAGGCTTGTGCTAGCG-3,24.0,1.0,0.0,0.0,0.0,0.0,0.0
TGTATCGCACTAAATC-3,33.0,1.0,0.0,0.0,0.0,0.0,0.0
ACGCACGGTTTGAGCA-1,36.0,0.0,0.0,0.0,0.0,0.0,1.0
CAGGGCTTCATGCTCC-3,28.0,1.0,0.0,0.0,0.0,0.0,0.0
CAATAAGCACAGACTC-2,31.0,0.24483511612846504,,,0.34550975661796685,0.2764681959007302,0.13318693135283804
TTCCTTGAGGCGCACT-1,2.0,1.0,0.0,0.0,0.0,0.0,0.0
ATATGGTGTGTGCAAC-1,30.0,0.0,0.0,0.0,1.0,0.0,0.0
TCCGGTTTCCTGTTCA-1,1.0,0.0,0.0,0.0,1.0,0.0,0.0
TGGCCTTTCAGGCTAT-2,4.0,0.0,0.0,0.0,0.0,1.0,0.0
CGCAATCCAGTAAAGC-3,22.0,0.22299113408910365,,,0.2286831626631811,0.3006206801642622,0.24770502308345307
GTTGTGAGTTAATGCG-1,35.0,0.0,0.0,0.0,1.0,0.0,0.0
CTGGTAAGTTTGGGTA-3,6.0,1.0,0.0,0.0,0.0,0.0,0.0
TATCACAAGGAACCGG-2,20.0,0.255116509861887,,,0.11378520411624034,0.3739473542312623,0.25715093179061016
CCGCTAAAGCACCACA-2,13.0,0.2379245460670892,,,0.33034621848395457,0.2084468038321267,0.22328243161682945
AATCATCCATTGACAT-2,34.0,1.0,0.0,0.0,0.0,0.0,0.0
ATTCCGGAGGCCAATT-3,24.0,1.0,0.0,0.0,0.0,0.0,0.0
GATAGACCACTGACCG-1,15.0,0.0,0.0,0.0,1.0,0.0,0.0
AGACAATAGCCTGTGA-2,24.0,0.0,0.0,0.0,0.42481335261697223,0.0,0.5751866473830277
ACAGGTAAGTTTCCGC-3,19.0,1.0,0.0,0.0,0.0,0.0,0.0
AACCGGCTCTTGGATA-1,11.0,0.0,0.0,0.0,1.0,0.0,0.0
CGGGACAAGGACCGCT-2,25.0,1.0,0.0,0.0,0.0,0.0,0.0
CACTTAAAGGCTGTCA-2,37.0,0.15830411656991292,,,0.21353305020503288,0.2890839998065646,0.33907883341848966
CTACTAAAGCAGCTCA-2,11.0,1.0,0.0,0.0,0.0,0.0,0.0
GCTGTACCAGCCTAAC-1,7.0,1.0,0.0,0.0,0.0,0.0,0.0
CGTAATGGTGCCTCAC-3,34.0,0.23141187017972628,,,0.21203187960198364,0.23517958103089368,0.32137666918739655
CTTTCTTGTACCGTTT-1,2.0,0.0,0.0,0.0,1.0,0.0,0.0
TATCGCACATCATGGC-3,4.0,1.0,0.0,0.0,0.0,0.0,0.0
TCGGTTCTCGTTTCGC-1,3.0,0.0,0.0,0.0,1.0,0.0,0.0
TGTGATCAGACAACAG-2,16.0,0.19281102196304184,0.0,0.0,0.24608965471250854,0.23107341591095565,0.33002590741349397
TACTCGCTCACCGGTA-3,2.0,0.21079074246169519,,,0.3110256879333526,0.2245883274521365,0.25359524215281576
TCAGCCTTCAATCATG-3,34.0,1.0,0.0,0.0,0.0,0.0,0.0
CCCTAATGTTAGCATG-1,7.0,0.0,0.0,0.0,0.0,0.0,1.0
GGAAGCTAGCATTATG-1,4.0,0.0,0.0,0.0,1.0,0.0,0.0
ACGAACAAGGTAAGCA-2,22.0,0.22299113408910365,,,0.2286831626631811,0.3006206801642622,0.24770502308345307
CTCCTGAGTGTTAAAC-1,16.0,0.0,0.0,0.0,1.0,0.0,0.0
TACTCGCTCAGGAACA-3,27.0,0.2659503422898086,,,0.3090767064839525,0.2252336567198111,0.1997392945064278
ACGCCTTTCCTGATGG-3,17.0,1.0,0.0,0.0,0.0,0.0,0.0
GCTGACCAGTTTGCGG-3,3.0,0.2510908928836586,,,0.23769248350866462,0.29944475183729763,0.2117718717703792
AGTCTTGCAACCCTCC-3,14.0,0.25490642483705084,,,0.203860627012991,0.27543380527416844,0.2657991428757897
CGAATATGTCTAACAG-2,23.0,0.2890753295347951,0.0,0.0,0.21326803108883835,0.2250748294409998,0.2725818099353668
TCGGTTCTCATTGTCT-2,25.0,0.0,0.0,0.0,1.0,0.0,0.0
CCGCTAAAGCGATAAG-3,37.0,0.15830411656991292,,,0.21353305020503288,0.2890839998065646,0.33907883341848966
TTTCTTGCATCACAGC-2,4.0,0.0,0.0,0.0,1.0,0.0,0.0
CGCTGTGCAACTGGCT-2,9.0,0.0,0.0,0.0,1.0,0.0,0.0
AAAGGAGCACTGGCCA-2,23.0,1.0,0.0,0.0,0.0,0.0,0.0
GAACCAAAGAGGAGTC-3,21.0,1.0,0.0,0.0,0.0,0.0,0.0
TAGCGGACATGCAACC-3,13.0,1.0,0.0,0.0,0.0,0.0,0.0
AGGCCCAGTCTAACCT-3,7.0,1.0,0.0,0.0,0.0,0.0,0.0
GGTTTGTAGCAATAGG-1,5.0,0.0,0.0,0.0,1.0,0.0,0.0
GAACCAAAGTTCCTGC-2,15.0,0.0,0.0,0.0,1.0,0.0,0.0
GGCGGTAAGCTCCTTA-1,8.0,1.0,0.0,0.0,0.0,0.0,0.0
CACCAACCACCAAAGG-3,3.0,1.0,0.0,0.0,0.0,0.0,0.0
CTTAGTTTCCTAAGGT-2,2.0,0.0,0.0,0.0,1.0,0.0,0.0
GCCACAATCGCAAACT-3,34.0,0.23141187017972628,,,0.21203187960198364,0.23517958103089368,0.32137666918739655
GCACATTAGGAGTCGG-1,12.0,0.0,0.0,0.0,1.0,0.0,0.0
GGTGCTTCACGTGCTG-3,3.0,1.0,0.0,0.0,0.0,0.0,0.0
AATCCCTGTCTATCGT-2,15.0,0.0,0.0,0.0,1.0,0.0,0.0
ACGGTACGTGGGTACT-2,8.0,0.0,0.0,0.0,0.423882981992502,0.0,0.576117018007498
TATGGTCAGCTTACTT-3,24.0,0.21845905187174444,,,0.2480843926368116,0.19755649681913243,0.33590005867231154
CATCATGCAGTTTGGC-3,10.0,0.26490417044114983,,,0.1425309127782741,0.3402195170606928,0.2523453997198832
TCAAACCAGTTAGACC-2,9.0,0.0,0.0,0.0,0.0,1.0,0.0
ACCACACCATGTTTGG-2,14.0,0.0,0.0,0.0,1.0,0.0,0.0
GAAGTGATCAGGTCCA-1,27.0,0.0,0.0,0.0,1.0,0.0,0.0
TCTCACCAGTATTGCA-2,30.0,0.2305508875130836,0.0,0.0,0.30015485066475694,0.2562706347632869,0.21302362705887254
TAAGTAGCAGCTAATT-3,3.0,0.2510908928836586,0.0,0.0,0.23769248350866462,0.29944475183729763,0.2117718717703792
TTTCCACCATTGGGAG-2,2.0,0.0,0.0,0.0,1.0,0.0,0.0
CGAGGAAGTCATTACC-1,30.0,0.0,0.0,0.0,1.0,0.0,0.0
AGTCTTGCAGATAGAC-3,14.0,1.0,0.0,0.0,0.0,0.0,0.0
TTGTTGTTCACCGGTA-3,2.0,0.0,0.0,0.0,0.0,1.0,0.0
TCACCTCAGCCTCTCG-2,15.0,1.0,0.0,0.0,0.0,0.0,0.0
TTGACTAAGGGTCTAT-1,1.0,0.0,0.0,0.0,1.0,0.0,0.0
GTTGCGGGTTTGAGGC-2,27.0,0.2659503422898086,,,0.3090767064839525,0.2252336567198111,0.1997392945064278
GTGATCAGTCCTCCAA-2,7.0,0.23707317196827163,,,0.3805360488007793,0.2041805565917011,0.17821022263924788
TGCTTCATCCCGAACA-2,10.0,0.0,0.0,0.0,0.0,0.0,1.0
AAAGCCCGTGACCTGG-2,26.0,0.3005755128437196,0.0,0.0,0.19364293997678975,0.3106467509625101,0.19513479621698074
CAGGTGGAGTCGCTAG-2,36.0,0.0,0.0,0.0,0.0,0.0,1.0
TGTGGAGCATGTTGCA-3,24.0,0.0,0.0,0.0,0.0,1.0,0.0
TCCCTCACAGAAACGT-2,30.0,1.0,0.0,0.0,0.0,0.0,0.0
CCTAATCGTCAATACG-2,17.0,1.0,0.0,0.0,0.0,0.0,0.0
CTAATAGTCCTAAGAC-3,4.0,0.2789549502429366,,,0.1885732419812842,0.21961014244052887,0.31286166533525034
CAGCAAGCAAAGGCCA-3,30.0,0.2305508875130836,,,0.30015485066475694,0.2562706347632869,0.21302362705887254
ACTATCCGTACAAAGA-3,2.0,0.21079074246169519,,,0.3110256879333526,0.2245883274521365,0.25359524215281576
CGTGGTTCAATTATGC-3,1.0,0.2431277739439729,,,0.27520525106868904,0.22514867316661977,0.2565183018207184
GCACGAACAGTTGCGT-1,15.0,0.0,0.0,0.0,1.0,0.0,0.0
TCTTCAAGTGGACCTG-2,25.0,0.25294349983189635,0.0,0.0,0.22563202807869934,0.20762681900387653,0.31379765308552765
CCCTCACCATGTCAAT-2,23.0,0.0,0.0,0.0,0.0,0.0,1.0
TGATGACTCAGTTCCC-1,18.0,0.0,0.0,0.0,0.0,0.0,1.0
GAACCTTAGCAAGATG-2,16.0,0.0,0.0,0.0,0.0,0.0,1.0
TAGTGAGAGAAAGGAA-1,7.0,0.0,0.0,0.0,1.0,0.0,0.0
GAGGTGAGTGTCACGG-3,10.0,0.26490417044114983,0.0,0.0,0.1425309127782741,0.3402195170606928,0.2523453997198832
ATTCCTCCAGGGAGCT-1,13.0,0.0,0.0,0.0,1.0,0.0,0.0
CTGACATAGTCATCCC-3,27.0,1.0,0.0,0.0,0.0,0.0,0.0
GGCTATGTCTATTGTC-2,4.0,0.0,0.0,0.0,0.0,0.0,1.0
AGGTTTGGTGAGCAAG-3,23.0,0.2890753295347951,0.0,0.0,0.21326803108883835,0.2250748294409998,0.2725818099353668
GTCCGTAAGTAACGAG-3,15.0,1.0,0.0,0.0,0.0,0.0,0.0
GAACCGCTCGATTCTT-1,1.0,0.0,0.0,0.0,1.0,0.0,0.0
GTATTGCAGGCTTAGT-3,17.0,1.0,0.0,0.0,0.0,0.0,0.0
CGATCCTTCTTGCAGG-1,7.0,0.0,0.0,0.0,1.0,0.0,0.0
GCTATAGGTTAGCCAA-2,14.0,0.0,0.0,0.0,0.43406022845275183,0.0,0.5659397715472482
TATCCAGCAGGCCTTG-1,10.0,0.0,0.0,0.0,1.0,0.0,0.0
GGAGTGAGTTATTGCC-3,25.0,0.0,0.0,0.0,0.0,0.0,1.0
ATCCCGCGTGATTACG-3,5.0,0.0,0.0,0.0,0.0,1.0,0.0
ACCGCAATCCCTGACT-3,33.0,0.25254537146409556,,,0.23028304051452006,0.2665285948922042,0.25064299312918015
TGAGGAGGTACCGTTT-3,9.0,0.0,0.0,0.0,0.0,1.0,0.0
TTCCTCAAGAATGACG-1,31.0,1.0,0.0,0.0,0.0,0.0,0.0
GTTCACCTCGGTAACT-3,22.0,0.22299113408910365,0.0,0.0,0.2286831626631811,0.3006206801642622,0.24770502308345307
TCCTGGTTCTCACTCA-2,27.0,0.2659503422898086,,,0.3090767064839525,0.2252336567198111,0.1997392945064278
AAGGTCAAGCACAGGG-2,19.0,0.0,0.0,0.0,1.0,0.0,0.0
CTCGACAAGGAGGTTA-3,9.0,0.0,0.0,0.0,0.0,1.0,0.0
ACCTTCCAGTTAGCCG-3,33.0,0.0,0.0,0.0,0.0,1.0,0.0
GTTCTTGTCGATTATG-1,34.0,0.0,0.0,0.0,1.0,0.0,0.0
ACCCAACCAAGATTCT-2,15.0,0.25404889456095253,0.0,0.0,0.3994002521455771,0.19749238598555172,0.14905846730791872
AAAGCTTGTCCAAGAC-2,1.0,0.2431277739439729,,,0.27520525106868904,0.22514867316661977,0.2565183018207184
GAGAACCAGTTATGTG-3,23.0,1.0,0.0,0.0,0.0,0.0,0.0
GCTAACAGTATTCGTC-2,21.0,0.36496857686394185,,,0.2425919314203312,0.14718681699163197,0.24525267472409484
GTACTTAAGTAACGGA-3,26.0,1.0,0.0,0.0,0.0,0.0,0.0
GTCTAGCCAGTACCGT-2,8.0,0.0,0.0,0.0,1.0,0.0,0.0
GCCTGACAGGTCCAAT-3,31.0,0.24483511612846504,,,0.34550975661796685,0.2764681959007302,0.13318693135283804
CCGCTTAGTGGGAACA-3,9.0,0.25657805136510725,,,0.19608879238864382,0.26842478255731234,0.2789083736889367
GCCCGTTGTGTTGCAA-1,24.0,0.0,0.0,0.0,1.0,0.0,0.0
GTGAACAAGTCACGAT-3,4.0,0.2789549502429366,0.0,0.0,0.1885732419812842,0.21961014244052887,0.31286166533525034
TTAGCGGTCCTCGATC-3,20.0,0.255116509861887,0.0,0.0,0.11378520411624034,0.3739473542312623,0.25715093179061016
CCTGTTGGTTTCAGGA-1,7.0,0.0,0.0,0.0,1.0,0.0,0.0
AACAGCAAGCTTTGTT-3,29.0,0.31074906515307005,,,0.233016360882147,0.22003051032240445,0.2362040636423785
ACGAAGTCAGTTTACG-2,10.0,1.0,0.0,0.0,0.0,0.0,0.0
AAGAACAGTAATGGCC-3,18.0,0.23638071763888321,,,0.28964209218552694,0.2590708442645409,0.21490634591104896
TGTGGCGGTGGTGAGA-3,32.0,0.23501474983514806,,,0.36169219852304807,0.23220664506324848,0.1710864065785554
CAGCATGTCCTAGTCC-3,12.0,0.22393288850727908,,,0.21148179656914845,0.3491266157595441,0.21545869916402838
CGTTAGTAGTTGGGCC-2,37.0,0.0,0.0,0.0,0.0,0.0,1.0
TGGCCATCACATTGCA-3,4.0,1.0,0.0,0.0,0.0,0.0,0.0
TAGGGTTTCCCGTTGT-2,13.0,0.0,0.0,0.0,1.0,0.0,0.0
CTTCTAAGTCGTAAAT-2,9.0,1.0,0.0,0.0,0.0,0.0,0.0
TAGCCTTGTGGTTATG-1,11.0,0.0,0.0,0.0,0.0,0.0,1.0
TAGCCTTGTTTAGTCC-1,1.0,0.0,0.0,0.0,1.0,0.0,0.0
TAAGTAGCAATTAGCT-3,2.0,0.21079074246169519,,,0.3110256879333526,0.2245883274521365,0.25359524215281576
GTTTATCTCGGCCAGT-2,1.0,0.0,0.0,0.0,0.0,0.0,1.0
GTCTTTGTCAGGTTTA-2,11.0,0.26017380928088074,0.0,0.0,0.3107460265472086,0.2228172513789396,0.20626291279297101
CTGGTTACACTTACAG-3,3.0,0.2510908928836586,,,0.23769248350866462,0.29944475183729763,0.2117718717703792
GAGTTACTCGTTATAG-2,11.0,0.3774716132248756,0.0,0.0,0.0,0.32327307489102325,0.2992553118841011
TGAGGCACACATGCTA-3,7.0,0.23707317196827163,,,0.3805360488007793,0.2041805565917011,0.17821022263924788
GCAATAGAGGCTAATC-3,30.0,0.2305508875130836,,,0.30015485066475694,0.2562706347632869,0.21302362705887254
CGTTAACAGTAGCGGG-2,13.0,0.2379245460670892,0.0,0.0,0.33034621848395457,0.2084468038321267,0.22328243161682945
GGCCATCAGCCAGTAT-3,33.0,0.25254537146409556,0.0,0.0,0.23028304051452006,0.2665285948922042,0.25064299312918015
TTCACTGTCATGCATA-2,33.0,1.0,0.0,0.0,0.0,0.0,0.0
GTTGGCCAGGCTGTCA-1,7.0,0.0,0.0,0.0,1.0,0.0,0.0
TGAAGCAAGCGGCTGT-2,1.0,0.0,0.0,0.0,0.0,0.0,1.0
AACTAGCTCTCACACC-3,28.0,0.24355764626440804,,,0.2713230524219713,0.21916108471229478,0.2659582166013259
TCGCGAGGTTGGATAT-2,12.0,0.0,0.0,0.0,1.0,0.0,0.0
TCCGGTTTCTAGCGTG-3,30.0,1.0,0.0,0.0,0.0,0.0,0.0
GCGATATTCCAATTAG-1,32.0,0.0,0.0,0.0,1.0,0.0,0.0
CCGCAAATCGCACAAT-1,33.0,0.0,0.0,0.0,1.0,0.0,0.0
CGCCAAATCAGCACGC-2,28.0,0.0,0.0,0.0,1.0,0.0,0.0
AAAGCGGGTAGGTTGC-1,11.0,0.0,0.0,0.0,1.0,0.0,0.0
TCTGTGACAATAGCAA-3,23.0,1.0,0.0,0.0,0.0,0.0,0.0
CCACACAAGGCTAATC-3,1.0,0.2431277739439729,,,0.27520525106868904,0.22514867316661977,0.2565183018207184
GACATAGAGGGTCTAT-3,37.0,0.0,0.0,0.0,0.0,1.0,0.0
CGATTTGCAGTAAGTA-1,1.0,0.0,0.0,0.0,1.0,0.0,0.0
ATGTCAATCAGGAAGC-2,5.0,0.0,0.0,0.0,1.0,0.0,0.0
TACTTCGTCATTCATC-3,16.0,0.0,0.0,0.0,0.0,1.0,0.0
CTCACAACAAACCCTA-1,15.0,0.0,0.0,0.0,1.0,0.0,0.0
CGCTGTGCATCGCTTT-2,35.0,0.0,0.0,0.0,1.0,0.0,0.0
TCGATTAAGCACAGAA-1,19.0,0.0,0.0,0.0,1.0,0.0,0.0
AGCTACGTCCTAAGTA-1,3.0,1.0,0.0,0.0,0.0,0.0,0.0
CACTTAAAGTATTGCA-1,18.0,0.0,0.0,0.0,1.0,0.0,0.0
TTGGAGGCAACTAACT-2,3.0,0.0,0.0,0.0,1.0,0.0,0.0
GCTAGCCAGCTGGACC-1,3.0,0.0,0.0,0.0,0.0,0.0,1.0
TGTCAATCATTAGGCC-1,7.0,0.0,0.0,0.0,1.0,0.0,0.0
GCGGTTGGTAATCACG-3,18.0,0.23638071763888321,,,0.28964209218552694,0.2590708442645409,0.21490634591104896
TCCATAAAGGACAATG-1,31.0,0.0,0.0,0.0,1.0,0.0,0.0
TATTGACCATGGCCCA-2,15.0,0.0,0.0,0.0,1.0,0.0,0.0
TAGGGTTTCAGCATTA-1,15.0,0.0,0.0,0.0,1.0,0.0,0.0
CGCTTGCGTGTCCAAA-1,18.0,1.0,0.0,0.0,0.0,0.0,0.0
GAAGTATAGCTTCCCG-3,29.0,1.0,0.0,0.0,0.0,0.0,0.0
GTTTGTCGTCAAGTGC-3,24.0,0.0,0.0,0.0,0.0,1.0,0.0
CGATTCCTCTAGCTTT-1,18.0,0.0,0.0,0.0,1.0,0.0,0.0
ACTGAAACATAACGGG-1,5.0,0.0,0.0,0.0,1.0,0.0,0.0
GCTAATATCACGCCAA-2,9.0,0.0,0.0,0.0,0.4128209732447477,0.0,0.5871790267552524
GTCCAAGTCACATTGA-3,10.0,0.0,0.0,0.0,0.0,1.0,0.0
TAATGCATCGCTTGCT-3,9.0,0.0,0.0,0.0,0.0,1.0,0.0
ATCCGTGAGGCTTAGT-2,6.0,0.0,0.0,0.0,0.0,0.0,1.0
CGCTCCATCCCTGTTA-3,1.0,1.0,0.0,0.0,0.0,0.0,0.0
CCAGCCTGTTTGCTGT-3,15.0,0.25404889456095253,,,0.3994002521455771,0.19749238598555172,0.14905846730791872
AGGGCTACACCAACCG-3,16.0,0.19281102196304184,,,0.24608965471250854,0.23107341591095565,0.33002590741349397
TTAGGCTAGTTTGCGG-1,5.0,0.0,0.0,0.0,1.0,0.0,0.0
TGTTCCTCAGTTTGTG-2,2.0,0.0,0.0,0.0,1.0,0.0,0.0
ATCCATAAGGTTACAC-2,5.0,0.0,0.0,0.0,1.0,0.0,0.0
CGTTTCTCACTTCATC-2,15.0,0.0,0.0,0.0,1.0,0.0,0.0
CCACTTGGTAGGTTGC-3,15.0,0.25404889456095253,,,0.3994002521455771,0.19749238598555172,0.14905846730791872
GGATGGCCAACTAGCC-3,8.0,0.0,0.0,0.0,0.0,1.0,0.0
GAGGGAGCACCAAAGG-3,10.0,1.0,0.0,0.0,0.0,0.0,0.0
GCGCTTGCACCGTTCC-3,15.0,0.25404889456095253,,,0.3994002521455771,0.19749238598555172,0.14905846730791872
TTTCATCAGGATTTGC-2,17.0,0.0,0.0,0.0,0.0,0.0,1.0
ACCTTCCAGGTGCTGC-3,7.0,1.0,0.0,0.0,0.0,0.0,0.0
CCTTGCGTCTAATTGG-3,23.0,0.2890753295347951,,,0.21326803108883835,0.2250748294409998,0.2725818099353668
ATGGCCGGTTGCACGG-3,19.0,1.0,0.0,0.0,0.0,0.0,0.0
CGACAAGCAGATTCAT-3,4.0,0.0,0.0,0.0,0.0,1.0,0.0
TACGGATTCTCAATTC-3,34.0,0.23141187017972628,,,0.21203187960198364,0.23517958103089368,0.32137666918739655
CTACTTAGTGGAAACG-3,35.0,0.2399263636153897,,,0.17564806529159285,0.22166609309080135,0.362759478002216
AACCCGCAGGTCAAAG-3,13.0,1.0,0.0,0.0,0.0,0.0,0.0
TGAGGAGGTCGCAAAC-2,9.0,0.25657805136510725,0.0,0.0,0.19608879238864382,0.26842478255731234,0.2789083736889367
CACGCTAAGGATCACT-1,2.0,0.0,0.0,0.0,0.0,0.0,1.0
GCCCAAATCGGGCCAT-3,25.0,0.25294349983189635,,,0.22563202807869934,0.20762681900387653,0.31379765308552765
AAGGATCCATGTTGGC-2,7.0,0.0,0.0,0.0,1.0,0.0,0.0
TTGCAATCATTAGGCC-1,27.0,0.0,0.0,0.0,1.0,0.0,0.0
AGTGCGGAGGAACACA-3,10.0,1.0,0.0,0.0,0.0,0.0,0.0
TCTAACCGTAATCGCA-3,28.0,1.0,0.0,0.0,0.0,0.0,0.0
AGTAGGATCACAGGAA-3,17.0,0.0,0.0,0.0,0.0,0.0,1.0
GTTACCTGTTGTAACG-2,12.0,1.0,0.0,0.0,0.0,0.0,0.0
GGATTGCGTTAGCCAA-3,27.0,1.0,0.0,0.0,0.0,0.0,0.0
CCGCCAACAGCATGGA-3,35.0,0.0,0.0,0.0,0.0,1.0,0.0
GTCCTCCCAGTTATGT-3,12.0,0.22393288850727908,0.0,0.0,0.21148179656914845,0.3491266157595441,0.21545869916402838
ACGGTTTAGCTATTAG-1,38.0,0.0,0.0,0.0,1.0,0.0,0.0
GCAAACAAGTGAGGGT-2,15.0,0.0,0.0,0.0,1.0,0.0,0.0
TCCGGTTTCAGTTCCC-3,21.0,0.36496857686394185,,,0.2425919314203312,0.14718681699163197,0.24525267472409484
TTAGCCTGTCACCTAT-3,4.0,0.0,0.0,0.0,0.0,0.0,1.0
GGTAACCGTGGAAACG-3,2.0,0.21079074246169519,,,0.3110256879333526,0.2245883274521365,0.25359524215281576
CAGCTCAAGTAACGAG-2,29.0,0.0,0.0,0.0,1.0,0.0,0.0
TAGTACGGTAATCACG-2,5.0,1.0,0.0,0.0,0.0,0.0,0.0
CCTGAGTCATTGTCAG-1,25.0,0.0,0.0,0.0,1.0,0.0,0.0
GTGATCAGTCACAAAT-2,15.0,0.25404889456095253,0.0,0.0,0.3994002521455771,0.19749238598555172,0.14905846730791872
TCGCCCATCCTAAGAC-2,13.0,1.0,0.0,0.0,0.0,0.0,0.0
TCCTCACAGTGTGATC-3,4.0,0.2789549502429366,,,0.1885732419812842,0.21961014244052887,0.31286166533525034
GCACGAACAATAGCCC-1,37.0,1.0,0.0,0.0,0.0,0.0,0.0
AAGCCTTAGGCCCAGT-2,2.0,0.0,0.0,0.0,1.0,0.0,0.0
AGTTATGTCGGTCATG-3,8.0,0.0,0.0,0.0,0.0,0.0,1.0
GCTAGCTCATAAGTCT-2,17.0,0.3566607681673278,0.0,0.0,0.0,0.27185078048050393,0.3714884513521683
ACGTCAAGTTCAAGAT-2,8.0,1.0,0.0,0.0,0.0,0.0,0.0
GGGTTTCCATGGAGGC-2,17.0,0.0,0.0,0.0,0.0,0.0,1.0
TCCACAACACCTCGCT-3,19.0,0.28880190709864184,,,0.19477936981053914,0.2980900086334725,0.21832871445734645
ATTGCAGGTGCCTCAC-3,13.0,0.2379245460670892,,,0.33034621848395457,0.2084468038321267,0.22328243161682945
CGTACGGGTTAGGTTG-3,1.0,0.2431277739439729,,,0.27520525106868904,0.22514867316661977,0.2565183018207184
GTCGAGGAGTTGTCAA-3,13.0,1.0,0.0,0.0,0.0,0.0,0.0
GATAACGAGGCATGTT-3,12.0,0.22393288850727908,0.0,0.0,0.21148179656914845,0.3491266157595441,0.21545869916402838
ATGGCTGTCAAGCTTA-3,21.0,0.36496857686394185,,,0.2425919314203312,0.14718681699163197,0.24525267472409484
ATTGACTCAACAGGTG-2,15.0,0.25404889456095253,,,0.3994002521455771,0.19749238598555172,0.14905846730791872
ACAAAGGTCCGCCTAT-3,17.0,1.0,0.0,0.0,0.0,0.0,0.0
GATTCGCCAACATAAG-2,6.0,1.0,0.0,0.0,0.0,0.0,0.0
GGATTGCGTCAATAGT-2,3.0,0.0,0.0,0.0,0.0,0.0,1.0
CGACCTGCACTAAATC-2,26.0,0.0,0.0,0.0,0.4980813507290867,0.0,0.5019186492709132
TAAGTGCTCAAGCCTG-3,15.0,0.25404889456095253,,,0.3994002521455771,0.19749238598555172,0.14905846730791872
ATATGCATCAGAAACG-1,14.0,0.0,0.0,0.0,1.0,0.0,0.0
TTTAAGGTCGGCCATA-1,25.0,0.0,0.0,0.0,1.0,0.0,0.0
TTGAGGCGTTCCGGCT-2,33.0,0.0,0.0,0.0,0.0,0.0,1.0
GTCGAGGAGTTGGGCC-1,10.0,0.0,0.0,0.0,0.0,0.0,1.0
GAGGGAGCAAACGGGC-2,3.0,0.0,0.0,0.0,1.0,0.0,0.0
GCCATGATCGATATTG-1,23.0,0.0,0.0,0.0,1.0,0.0,0.0
TAATCACCACTTACAG-3,4.0,0.2789549502429366,,,0.1885732419812842,0.21961014244052887,0.31286166533525034
CGAACAAAGCTATTAG-1,2.0,0.0,0.0,0.0,1.0,0.0,0.0
TAGCTAGGTGTTTCAC-3,24.0,0.0,0.0,0.0,0.0,1.0,0.0
TCGTCAACAAGTGTCC-1,30.0,0.0,0.0,0.0,1.0,0.0,0.0
AAGGCCCTCATAACCA-3,34.0,0.23141187017972628,0.0,0.0,0.21203187960198364,0.23517958103089368,0.32137666918739655
AGGTTTGGTTCGCGCT-3,10.0,0.26490417044114983,,,0.1425309127782741,0.3402195170606928,0.2523453997198832
CACAGGGAGTAGGCGG-3,13.0,0.2379245460670892,,,0.33034621848395457,0.2084468038321267,0.22328243161682945
CTTGACGAGACAAACG-3,11.0,0.26017380928088074,,,0.3107460265472086,0.2228172513789396,0.20626291279297101
CGGCTAATCAAAGGCA-1,22.0,0.0,0.0,0.0,1.0,0.0,0.0
GCAGCCAGTTCGGTAA-3,1.0,1.0,0.0,0.0,0.0,0.0,0.0
CTGTTCATCAAGTGAG-2,28.0,0.0,0.0,0.0,0.0,0.0,1.0
TCAGCCTTCGCAATCG-3,18.0,1.0,0.0,0.0,0.0,0.0,0.0
TACCAAATCTCACATT-1,4.0,0.0,0.0,0.0,0.0,0.0,1.0
AGGACTAAGGTCAAAG-3,28.0,0.0,0.0,0.0,0.0,1.0,0.0
TAAGCCTAGTTATTCC-3,18.0,1.0,0.0,0.0,0.0,0.0,0.0
ACGCCTTTCCTAAGAC-1,24.0,0.0,0.0,0.0,1.0,0.0,0.0
TTAGAAGCACTAAGTT-2,27.0,1.0,0.0,0.0,0.0,0.0,0.0
ACTCAGTAGTTAGGCT-2,10.0,1.0,0.0,0.0,0.0,0.0,0.0
TTGTTGCGTGGATTCA-2,9.0,0.0,0.0,0.0,1.0,0.0,0.0
CGTAACCCATCGTTCT-3,12.0,0.22393288850727908,,,0.21148179656914845,0.3491266157595441,0.21545869916402838
ATCAGGTTCAGGTCCA-1,2.0,0.0,0.0,0.0,1.0,0.0,0.0
CTTTATGGTTTCGCCA-3,15.0,1.0,0.0,0.0,0.0,0.0,0.0
TTGTGCGAGTTATGGC-3,6.0,0.0,0.0,0.0,0.0,1.0,0.0
CAAACCGTCTATTGTC-2,4.0,0.2789549502429366,,,0.1885732419812842,0.21961014244052887,0.31286166533525034
CACTTAAAGGAGTCGG-1,6.0,0.0,0.0,0.0,1.0,0.0,0.0
TGGGCATGTCTTGCAT-1,3.0,0.0,0.0,0.0,1.0,0.0,0.0
ATGTCATCAGAAATGC-3,35.0,1.0,0.0,0.0,0.0,0.0,0.0
CCCATAACACTTCATC-2,21.0,0.0,0.0,0.0,1.0,0.0,0.0
