init_wall_time,init_cpu_time,preprocessing_wall_time,preprocessinf_cpu_time,run_wall_time,run_cpu_time,init_mem_peak,run_mem_peak,preprocessing_mem_peak,code
5.0045549869537354e-05,4.791100000023363e-05,133.30433767661452,130.501315054,22.046935491263866,1.9450571839999782,0.00360107421875,12.497746467590332,177.66481685638428,five_branches_False_0.3_0.3_10:10:10.h5mu
5.1081180572509766e-05,4.938900000084345e-05,135.14234195277095,132.702563549,22.939883895218372,2.00451529999998,0.00360107421875,13.376566886901855,177.66637229919434,five_branches_False_0.3_0.3_10:10:50.h5mu
5.3826719522476196e-05,5.1940000000527675e-05,133.97265239059925,131.617077152,24.56179156154394,2.0791965499999776,0.00360107421875,14.271928787231445,177.66532707214355,five_branches_False_0.3_0.3_10:10:70.h5mu
6.183981895446777e-05,6.0174999999773604e-05,134.5378571897745,132.209433347,24.173742216080427,2.1264980500000092,0.00360107421875,13.297883987426758,177.6559295654297,five_branches_False_0.3_0.3_10:10:30.h5mu
5.0045549869537354e-05,4.791100000023363e-05,133.30433767661452,130.501315054,3.148865107446909,1.5005379739999967,0.00360107421875,12.387874603271484,177.66481685638428,five_branches_True_0.3_0.3_10:10:10.h5mu
5.3826719522476196e-05,5.1940000000527675e-05,133.97265239059925,131.617077152,3.194339282810688,1.5414802099999747,0.00360107421875,14.157523155212402,177.66532707214355,five_branches_True_0.3_0.3_10:10:70.h5mu
5.1081180572509766e-05,4.938900000084345e-05,135.14234195277095,132.702563549,3.4006179347634315,1.4940944460000196,0.00360107421875,13.309470176696777,177.66637229919434,five_branches_True_0.3_0.3_10:10:50.h5mu
4.545971751213074e-05,4.397900000085997e-05,152.75461095944047,143.495334041,23.774860627949238,1.920795577000007,0.00360107421875,12.93747329711914,180.71771240234375,five_branches_False_0.3_0.3_10:30:30.h5mu
6.183981895446777e-05,6.0174999999773604e-05,134.5378571897745,132.209433347,4.509717423468828,1.5252716299999918,0.00360107421875,13.190926551818848,177.6559295654297,five_branches_True_0.3_0.3_10:10:30.h5mu
6.116554141044617e-05,5.899000000120225e-05,157.25246886909008,143.67252059199998,25.337291684001684,2.030668609000003,0.00360107421875,13.419575691223145,180.71630477905273,five_branches_False_0.3_0.3_10:30:50.h5mu
6.14561140537262e-05,5.939299999990766e-05,158.5030630901456,144.48912877,25.896459829062223,2.039728327000006,0.00360107421875,12.447548866271973,180.71660232543945,five_branches_False_0.3_0.3_10:30:10.h5mu
4.9717724323272705e-05,4.7522000000022047e-05,159.87457440420985,145.30233317,24.87743541225791,2.0675652209999953,0.00360107421875,13.934991836547852,180.717791557312,five_branches_False_0.3_0.3_10:30:70.h5mu
4.545971751213074e-05,4.397900000085997e-05,152.75461095944047,143.495334041,3.6246563978493214,1.4851167859999919,0.00360107421875,12.902195930480957,180.71771240234375,five_branches_True_0.3_0.3_10:30:30.h5mu
5.2090734243392944e-05,5.0045000000054074e-05,177.07374335080385,157.14657509,17.77496850118041,2.1328386800000203,0.00360107421875,13.341936111450195,183.76653480529785,five_branches_False_0.3_0.3_10:50:30.h5mu
6.116554141044617e-05,5.899000000120225e-05,157.25246886909008,143.67252059199998,2.8313321582973003,1.4500196809999863,0.00360107421875,13.308201789855957,180.71630477905273,five_branches_True_0.3_0.3_10:30:50.h5mu
6.14561140537262e-05,5.939299999990766e-05,158.5030630901456,144.48912877,2.9447008296847343,1.4514792790000115,0.00360107421875,12.384810447692871,180.71660232543945,five_branches_True_0.3_0.3_10:30:10.h5mu
5.977600812911987e-05,5.848800000052279e-05,188.90505787357688,157.153257964,13.44834453612566,1.9277057830000217,0.00360107421875,12.552811622619629,183.769268989563,five_branches_False_0.3_0.3_10:50:10.h5mu
4.9717724323272705e-05,4.7522000000022047e-05,159.87457440420985,145.30233317,3.3877992033958435,1.5397608989999867,0.00360107421875,13.86535358428955,180.717791557312,five_branches_True_0.3_0.3_10:30:70.h5mu
5.2090734243392944e-05,5.0045000000054074e-05,177.07374335080385,157.14657509,1.895255919545889,1.4350028709999947,0.00360107421875,13.194811820983887,183.76653480529785,five_branches_True_0.3_0.3_10:50:30.h5mu
5.977600812911987e-05,5.848800000052279e-05,188.90505787357688,157.153257964,2.834633205085993,1.4923922620000099,0.00360107421875,12.453628540039062,183.769268989563,five_branches_True_0.3_0.3_10:50:10.h5mu
6.28940761089325e-05,6.069400000008329e-05,127.77266684547067,125.861274339,12.114507216960192,1.7470836010000141,0.00360107421875,14.047990798950195,181.91015625,three_branches_False_0.7_0.1_10:10:70.h5mu
6.28940761089325e-05,6.069400000008329e-05,127.77266684547067,125.861274339,10.191225335001945,1.7526590960000021,0.00360107421875,13.821701049804688,181.91015625,three_branches_True_0.7_0.1_10:10:70.h5mu
5.5439770221710205e-05,5.268700000016224e-05,143.82336105406284,135.342884905,30.166281763464212,2.0882264740000096,0.00360107421875,12.987321853637695,184.95858001708984,three_branches_False_0.7_0.1_10:30:30.h5mu
5.351752042770386e-05,5.1047999999553895e-05,142.99896905198693,135.736308156,31.136852826923132,2.3329153399999996,0.00360107421875,15.445063591003418,184.95927047729492,three_branches_False_0.7_0.1_10:30:10.h5mu
5.4448843002319336e-05,5.196300000065435e-05,139.19585244357586,136.37163775300002,29.125669311732054,2.054791998000013,0.00360107421875,13.416089057922363,184.95903491973877,three_branches_False_0.7_0.1_10:30:50.h5mu
6.26780092716217e-05,6.063000000011698e-05,142.68906850740314,135.779475458,28.6948108561337,2.04417373199999,0.00360107421875,13.666955947875977,184.958966255188,three_branches_False_0.7_0.1_10:30:70.h5mu
5.328282713890076e-05,5.07210000009195e-05,151.9490280970931,141.707805348,32.4991100281477,2.227037672999984,0.00360107421875,15.369179725646973,188.01466274261475,three_branches_False_0.7_0.1_10:50:10.h5mu
5.5439770221710205e-05,5.268700000016224e-05,143.82336105406284,135.342884905,6.079326745122671,1.3833293929999968,0.00360107421875,12.917062759399414,184.95858001708984,three_branches_True_0.7_0.1_10:30:30.h5mu
5.351752042770386e-05,5.1047999999553895e-05,142.99896905198693,135.736308156,3.7957116439938545,1.7486609310000176,0.00360107421875,15.341790199279785,184.95927047729492,three_branches_True_0.7_0.1_10:30:10.h5mu
5.2228569984436035e-05,5.011600000059957e-05,152.29065826162696,142.81515426800001,32.18289324641228,2.0955969629999913,0.00360107421875,13.578307151794434,187.54089546203613,three_branches_False_0.7_0.1_10:50:50.h5mu
5.621463060379028e-05,5.357899999935967e-05,152.07582959905267,142.812079525,32.72488213330507,2.0982367640000064,0.00360107421875,13.577719688415527,188.01369667053223,three_branches_False_0.7_0.1_10:50:30.h5mu
5.226209759712219e-05,5.1122999998653995e-05,169.5353123024106,143.828637387,16.453201815485954,1.8800412649999885,0.00360107421875,13.326645851135254,188.01258277893066,three_branches_False_0.7_0.1_10:50:70.h5mu
6.26780092716217e-05,6.063000000011698e-05,142.68906850740314,135.779475458,1.9738986305892467,1.242916452000003,0.00360107421875,13.492847442626953,184.958966255188,three_branches_True_0.7_0.1_10:30:70.h5mu
5.4448843002319336e-05,5.196300000065435e-05,139.19585244357586,136.37163775300002,2.3119614087045193,1.392214547000009,0.00360107421875,13.240297317504883,184.95903491973877,three_branches_True_0.7_0.1_10:30:50.h5mu
5.2228569984436035e-05,5.011600000059957e-05,152.29065826162696,142.81515426800001,2.516261711716652,1.4580641709999895,0.00360107421875,13.368359565734863,187.54089546203613,three_branches_True_0.7_0.1_10:50:50.h5mu
5.328282713890076e-05,5.07210000009195e-05,151.9490280970931,141.707805348,2.7482311576604843,1.6184912090000125,0.00360107421875,15.267070770263672,188.01466274261475,three_branches_True_0.7_0.1_10:50:10.h5mu
5.226209759712219e-05,5.1122999998653995e-05,169.5353123024106,143.828637387,2.2228228338062763,1.4756755969999915,0.00360107421875,13.177433013916016,188.01258277893066,three_branches_True_0.7_0.1_10:50:70.h5mu
5.621463060379028e-05,5.357899999935967e-05,152.07582959905267,142.812079525,2.7289238683879375,1.5205897040000025,0.00360107421875,13.399102210998535,188.01369667053223,three_branches_True_0.7_0.1_10:50:30.h5mu
6.521493196487427e-05,6.277000000132205e-05,211.34812093153596,184.50859936,10.779992830008268,1.9398310950000166,0.00360107421875,13.638943672180176,200.21897888183594,three_branches_False_0.7_0.1_70:70:70.h5mu
6.521493196487427e-05,6.277000000132205e-05,211.34812093153596,184.50859936,1.7446432001888752,1.4703711899999803,0.00360107421875,13.492823600769043,200.21897888183594,three_branches_True_0.7_0.1_70:70:70.h5mu
6.562098860740662e-05,6.373399999937135e-05,140.00273586437106,134.637176499,30.641924910247326,2.3952911599999993,0.00360107421875,15.456332206726074,184.95982551574707,three_branches_False_0.7_0.1_30:10:10.h5mu
6.533414125442505e-05,6.296099999936189e-05,155.3350755572319,150.2542187,28.972402837127447,1.9815264080000077,0.00360107421875,12.509299278259277,191.0650396347046,three_branches_False_0.7_0.1_10:70:10.h5mu
6.590411067008972e-05,6.33230000008922e-05,139.2702212370932,134.484349166,28.39154253527522,2.1874131800000214,0.00360107421875,13.723722457885742,184.9594144821167,three_branches_False_0.7_0.1_30:10:50.h5mu
6.562098860740662e-05,6.373399999937135e-05,140.00273586437106,134.637176499,5.537579447031021,1.9097293310000225,0.00360107421875,15.339394569396973,184.95982551574707,three_branches_True_0.7_0.1_30:10:10.h5mu
6.359443068504333e-05,6.150299999951869e-05,147.7619624659419,134.050846643,23.841583527624607,2.1711781049999956,0.00360107421875,12.841508865356445,184.48969173431396,three_branches_False_0.7_0.1_30:10:30.h5mu
5.844235420227051e-05,5.6220999999467836e-05,143.71871683746576,135.63655200600002,22.425773784518242,2.112367683000002,0.00360107421875,13.573142051696777,184.9582977294922,three_branches_False_0.7_0.1_30:10:70.h5mu
6.533414125442505e-05,6.296099999936189e-05,155.3350755572319,150.2542187,4.566445380449295,1.5591837549999923,0.00360107421875,12.454366683959961,191.0650396347046,three_branches_True_0.7_0.1_10:70:10.h5mu
4.541128873825073e-05,4.367500000057589e-05,168.1478923894465,146.476780054,19.393372122198343,2.0177806110000063,0.00360107421875,15.374070167541504,187.5444049835205,three_branches_False_0.7_0.1_30:30:10.h5mu
6.347894668579102e-05,6.106100000025094e-05,168.19131180271506,150.922540407,25.88098718225956,2.0275049150000086,0.00360107421875,13.827024459838867,191.06463527679443,three_branches_False_0.7_0.1_10:70:50.h5mu
6.590411067008972e-05,6.33230000008922e-05,139.2702212370932,134.484349166,8.04094173014164,1.6102628629999742,0.00360107421875,13.55549144744873,184.9594144821167,three_branches_True_0.7_0.1_30:10:50.h5mu
5.844235420227051e-05,5.6220999999467836e-05,143.71871683746576,135.63655200600002,4.210422668606043,1.493022360999987,0.00360107421875,13.412833213806152,184.9582977294922,three_branches_True_0.7_0.1_30:10:70.h5mu
6.198137998580933e-05,5.915599999894994e-05,170.46421625092626,151.14004302799998,25.06915258616209,2.1173029250000184,0.00360107421875,13.58556842803955,190.59148025512695,three_branches_False_0.7_0.1_10:70:70.h5mu
6.359443068504333e-05,6.150299999951869e-05,147.7619624659419,134.050846643,4.348596300929785,1.6191836039999998,0.00360107421875,12.587140083312988,184.48969173431396,three_branches_True_0.7_0.1_30:10:30.h5mu
5.6412070989608765e-05,5.437899999982676e-05,169.2304631471634,151.861183187,24.35056034103036,2.0663199399999996,0.00360107421875,13.279631614685059,191.06603240966797,three_branches_False_0.7_0.1_10:70:30.h5mu
6.347894668579102e-05,6.106100000025094e-05,168.19131180271506,150.922540407,2.969850655645132,1.511042322999998,0.00360107421875,13.623188972473145,191.06463527679443,three_branches_True_0.7_0.1_10:70:50.h5mu
6.198137998580933e-05,5.915599999894994e-05,170.46421625092626,151.14004302799998,3.1252611577510834,1.5345500399999992,0.00360107421875,13.407734870910645,190.59148025512695,three_branches_True_0.7_0.1_10:70:70.h5mu
4.541128873825073e-05,4.367500000057589e-05,168.1478923894465,146.476780054,3.110530063509941,1.6186399569999992,0.00360107421875,15.25665283203125,187.5444049835205,three_branches_True_0.7_0.1_30:30:10.h5mu
5.6412070989608765e-05,5.437899999982676e-05,169.2304631471634,151.861183187,3.09504933655262,1.5557125550000137,0.00360107421875,13.097357749938965,191.06603240966797,three_branches_True_0.7_0.1_10:70:30.h5mu
6.623566150665283e-05,6.390699999947458e-05,169.29113580659032,144.763462121,13.485824588686228,1.904799015000009,0.00360107421875,12.814362525939941,188.01087951660156,three_branches_False_0.7_0.1_30:30:30.h5mu
6.623566150665283e-05,6.390699999947458e-05,169.29113580659032,144.763462121,2.1748341619968414,1.2205486839999935,0.00360107421875,12.6274995803833,188.01087951660156,three_branches_True_0.7_0.1_30:30:30.h5mu
6.73346221446991e-05,6.510000000048421e-05,154.82071516290307,144.096717968,18.791735514998436,1.981729076999983,0.00360107421875,13.813077926635742,187.54127883911133,three_branches_False_0.7_0.1_30:30:70.h5mu
7.364898920059204e-05,6.227500000122177e-05,152.66632485762239,144.219274431,19.555685941129923,1.9546950440000046,0.00360107421875,13.814507484436035,188.011061668396,three_branches_False_0.7_0.1_30:30:50.h5mu
6.568431854248047e-05,6.309399999970822e-05,159.627016518265,152.078266867,13.545847672969103,2.2234048299999927,0.00360107421875,15.41964054107666,191.0661325454712,three_branches_False_0.7_0.1_30:50:10.h5mu
6.73346221446991e-05,6.510000000048421e-05,154.82071516290307,144.096717968,2.39376687258482,1.411418187999999,0.00360107421875,13.623224258422852,187.54127883911133,three_branches_True_0.7_0.1_30:30:70.h5mu
7.364898920059204e-05,6.227500000122177e-05,152.66632485762239,144.219274431,2.451439041644335,1.5150491409999916,0.00360107421875,13.643153190612793,188.011061668396,three_branches_True_0.7_0.1_30:30:50.h5mu
5.143508315086365e-05,4.937299999951961e-05,156.8329848870635,152.04707202,15.9376757517457,1.9359009319999814,0.00360107421875,13.081510543823242,191.06378841400146,three_branches_False_0.7_0.1_30:50:30.h5mu
6.568431854248047e-05,6.309399999970822e-05,159.627016518265,152.078266867,5.503040373325348,1.4684195849999924,0.00360107421875,15.312535285949707,191.0661325454712,three_branches_True_0.7_0.1_30:50:10.h5mu
5.143508315086365e-05,4.937299999951961e-05,156.8329848870635,152.04707202,2.4899483993649483,1.440873957000008,0.00360107421875,12.889954566955566,191.06378841400146,three_branches_True_0.7_0.1_30:50:30.h5mu
6.415694952011108e-05,6.180000000011177e-05,167.4544091410935,152.158759839,17.233880504965782,1.8713614839999764,0.00360107421875,13.307859420776367,191.0654125213623,three_branches_False_0.7_0.1_30:50:70.h5mu
5.232170224189758e-05,5.0262000000245166e-05,173.90500841662288,153.540021954,17.217169009149075,1.9007622809999987,0.00360107421875,13.262008666992188,191.06592750549316,three_branches_False_0.7_0.1_30:50:50.h5mu
6.415694952011108e-05,6.180000000011177e-05,167.4544091410935,152.158759839,4.04533914104104,1.517138966999994,0.00360107421875,13.137951850891113,191.0654125213623,three_branches_True_0.7_0.1_30:50:70.h5mu
5.9157609939575195e-05,5.657799999969626e-05,184.97026908397675,160.408447605,21.19984045624733,2.0845168900000033,0.00360107421875,15.43101692199707,193.64681911468506,three_branches_False_0.7_0.1_30:70:10.h5mu
5.232170224189758e-05,5.0262000000245166e-05,173.90500841662288,153.540021954,3.8661359064280987,1.5515427299999942,0.00360107421875,13.163750648498535,191.06592750549316,three_branches_True_0.7_0.1_30:50:50.h5mu
6.546080112457275e-05,6.256599999954204e-05,181.7085390277207,161.5679334,22.51039456576109,2.0434729530000197,0.00360107421875,13.918875694274902,194.11600494384766,three_branches_False_0.7_0.1_30:70:50.h5mu
5.02169132232666e-05,4.8156000000076915e-05,183.13988587632775,160.936891441,22.583730466663837,1.910700797000004,0.00360107421875,12.941824913024902,193.64613914489746,three_branches_False_0.7_0.1_30:70:30.h5mu
5.9157609939575195e-05,5.657799999969626e-05,184.97026908397675,160.408447605,3.7511924877762794,1.7764719710000065,0.00360107421875,15.343372344970703,193.64681911468506,three_branches_True_0.7_0.1_30:70:10.h5mu
6.546080112457275e-05,6.256599999954204e-05,181.7085390277207,161.5679334,3.5650423020124435,1.562390397999991,0.00360107421875,13.710487365722656,194.11600494384766,three_branches_True_0.7_0.1_30:70:50.h5mu
5.02169132232666e-05,4.8156000000076915e-05,183.13988587632775,160.936891441,2.5908639281988144,1.4031866079999986,0.00360107421875,12.775575637817383,193.64613914489746,three_branches_True_0.7_0.1_30:70:30.h5mu
6.559118628501892e-05,6.343399999941823e-05,187.73205018788576,161.596405444,13.377641130238771,1.9320415629999843,0.00360107421875,13.991297721862793,194.11738300323486,three_branches_False_0.7_0.1_30:70:70.h5mu
6.559118628501892e-05,6.343399999941823e-05,187.73205018788576,161.596405444,1.8607684299349785,1.4019968039999924,0.00360107421875,13.82289981842041,194.11738300323486,three_branches_True_0.7_0.1_30:70:70.h5mu
6.760284304618835e-05,6.535900000059769e-05,152.26543993502855,143.162419232,13.71124878153205,1.9478543289999948,0.00360107421875,15.43544864654541,188.01366233825684,three_branches_False_0.7_0.1_50:10:10.h5mu
6.760284304618835e-05,6.535900000059769e-05,152.26543993502855,143.162419232,5.913271389901638,1.9171140779999973,0.00360107421875,15.314935684204102,188.01366233825684,three_branches_True_0.7_0.1_50:10:10.h5mu
6.0226768255233765e-05,5.729499999951315e-05,159.88790056109428,144.379480191,22.659192454069853,1.9388073309999925,0.00360107421875,13.19202709197998,188.01167678833008,three_branches_False_0.7_0.1_50:10:30.h5mu
6.856024265289307e-05,6.6377999999645e-05,151.5835697837174,143.836504333,20.763097643852234,2.0039794010000094,0.00360107421875,13.801356315612793,188.01192951202393,three_branches_False_0.7_0.1_50:10:70.h5mu
6.31473958492279e-05,6.0716000000127224e-05,153.50603533908725,143.366365748,22.14112790673971,1.876623383000009,0.00360107421875,13.520082473754883,188.01307487487793,three_branches_False_0.7_0.1_50:10:50.h5mu
6.0226768255233765e-05,5.729499999951315e-05,159.88790056109428,144.379480191,3.365168694406748,1.4822562149999783,0.00360107421875,12.925394058227539,188.01167678833008,three_branches_True_0.7_0.1_50:10:30.h5mu
5.937740206718445e-05,5.737000000038961e-05,166.9062397815287,153.04439916,13.22435949370265,1.9683488869999906,0.00360107421875,15.366950035095215,191.06341648101807,three_branches_False_0.7_0.1_50:30:10.h5mu
6.856024265289307e-05,6.6377999999645e-05,151.5835697837174,143.836504333,2.5352341160178185,1.4443982479999988,0.00360107421875,13.625964164733887,188.01192951202393,three_branches_True_0.7_0.1_50:10:70.h5mu
6.31473958492279e-05,6.0716000000127224e-05,153.50603533908725,143.366365748,3.1726718060672283,1.4691304119999984,0.00360107421875,13.362028121948242,188.01307487487793,three_branches_True_0.7_0.1_50:10:50.h5mu
5.937740206718445e-05,5.737000000038961e-05,166.9062397815287,153.04439916,5.977310314774513,1.6965310649999878,0.00360107421875,15.244292259216309,191.06341648101807,three_branches_True_0.7_0.1_50:30:10.h5mu
6.063282489776611e-05,5.827599999896904e-05,164.86650942265987,155.613762593,18.87279101833701,2.1069675529999756,0.00360107421875,13.366849899291992,191.0621042251587,three_branches_False_0.7_0.1_50:30:50.h5mu
4.554539918899536e-05,4.351599999985467e-05,173.28086295351386,158.917188977,19.031655434519053,2.1611270289999993,0.00360107421875,15.384638786315918,194.11624336242676,three_branches_False_0.7_0.1_50:50:10.h5mu
6.412714719772339e-05,6.190999999944324e-05,177.55463815853,155.282558851,18.40493081882596,1.959958217999997,0.00360107421875,12.965031623840332,191.06244468688965,three_branches_False_0.7_0.1_50:30:30.h5mu
6.063282489776611e-05,5.827599999896904e-05,164.86650942265987,155.613762593,3.356974631547928,1.510254018000012,0.00360107421875,13.174973487854004,191.0621042251587,three_branches_True_0.7_0.1_50:30:50.h5mu
7.39656388759613e-05,6.706300000036691e-05,186.48002799227834,155.92312663799999,12.57931050285697,1.886946552000012,0.00360107421875,14.045516014099121,191.06475257873535,three_branches_False_0.7_0.1_50:30:70.h5mu
4.554539918899536e-05,4.351599999985467e-05,173.28086295351386,158.917188977,3.2102344557642937,1.657026667999986,0.00360107421875,15.267765045166016,194.11624336242676,three_branches_True_0.7_0.1_50:50:10.h5mu
6.412714719772339e-05,6.190999999944324e-05,177.55463815853,155.282558851,2.0579544827342033,1.4394095669999842,0.00360107421875,12.771368026733398,191.06244468688965,three_branches_True_0.7_0.1_50:30:30.h5mu
7.39656388759613e-05,6.706300000036691e-05,186.48002799227834,155.92312663799999,4.072764299809933,1.5391492079999978,0.00360107421875,13.893967628479004,191.06475257873535,three_branches_True_0.7_0.1_50:30:70.h5mu
6.383657455444336e-05,6.128100000069026e-05,191.14146350324154,163.38724301099998,14.007657915353775,1.9190342750000013,0.00360107421875,12.6801118850708,194.1142578125,three_branches_False_0.7_0.1_50:50:30.h5mu
6.383657455444336e-05,6.128100000069026e-05,191.14146350324154,163.38724301099998,1.596425961703062,1.4614109139999982,0.00360107421875,12.501343727111816,194.1142578125,three_branches_True_0.7_0.1_50:50:30.h5mu
5.073845386505127e-05,4.822700000062241e-05,186.5864123441279,161.975720676,11.874536760151386,1.7324410109999917,0.00360107421875,13.227202415466309,194.11440181732178,three_branches_False_0.7_0.1_50:50:50.h5mu
5.073845386505127e-05,4.822700000062241e-05,186.5864123441279,161.975720676,2.9911053404212,1.4148338189999947,0.00360107421875,13.048852920532227,194.11440181732178,three_branches_True_0.7_0.1_50:50:50.h5mu
6.084516644477844e-05,5.831300000025408e-05,176.450336933136,162.26358838899998,13.662155129015446,1.9596150240000156,0.00360107421875,13.737833976745605,194.11707878112793,three_branches_False_0.7_0.1_50:50:70.h5mu
6.602704524993896e-05,5.752599999908625e-05,185.12738082930446,170.83631799300002,25.115856412798166,2.0970739869999875,0.00360107421875,12.545296669006348,197.16760349273682,three_branches_False_0.7_0.1_50:70:10.h5mu
6.084516644477844e-05,5.831300000025408e-05,176.450336933136,162.26358838899998,3.8342755399644375,1.4967837389999943,0.00360107421875,13.58179759979248,194.11707878112793,three_branches_True_0.7_0.1_50:50:70.h5mu
6.58668577671051e-05,6.395399999981066e-05,183.48577041178942,170.895623475,25.68880607187748,2.1563346920000015,0.00360107421875,13.14102554321289,196.69753170013428,three_branches_False_0.7_0.1_50:70:30.h5mu
5.1837414503097534e-05,4.9617999998474716e-05,170.8512816093862,152.494692134,29.497088823467493,2.3546138650000046,0.00360107421875,15.445427894592285,191.06323337554932,three_branches_False_0.7_0.1_70:10:10.h5mu
6.602704524993896e-05,5.752599999908625e-05,185.12738082930446,170.83631799300002,4.795398999005556,2.0121741130000146,0.00360107421875,12.469861030578613,197.16760349273682,three_branches_True_0.7_0.1_50:70:10.h5mu
6.277114152908325e-05,5.986600000085218e-05,188.4166219420731,170.907001097,27.649521585553885,2.039899501000008,0.00360107421875,13.668085098266602,197.169602394104,three_branches_False_0.7_0.1_50:70:50.h5mu
6.58668577671051e-05,6.395399999981066e-05,183.48577041178942,170.895623475,5.092974875122309,1.5942007360000048,0.00360107421875,12.9672212600708,196.69753170013428,three_branches_True_0.7_0.1_50:70:30.h5mu
6.480515003204346e-05,6.234599999999091e-05,169.4000471048057,154.96398216900002,24.738423511385918,1.9376056639999888,0.00360107421875,13.416507720947266,191.06439208984375,three_branches_False_0.7_0.1_70:10:50.h5mu
6.386637687683105e-05,6.157299999998145e-05,173.68838867917657,153.674443048,26.4935200214386,2.0625010979999843,0.00360107421875,12.784149169921875,191.06369400024414,three_branches_False_0.7_0.1_70:10:30.h5mu
7.5560063123703e-05,6.839500000044296e-05,188.37994858250022,170.821481942,19.638608403503895,2.0782891020000136,0.00360107421875,14.197022438049316,197.1655044555664,three_branches_False_0.7_0.1_50:70:70.h5mu
5.1837414503097534e-05,4.9617999998474716e-05,170.8512816093862,152.494692134,3.344394374638796,1.7084586160000015,0.00360107421875,15.33342456817627,191.06323337554932,three_branches_True_0.7_0.1_70:10:10.h5mu
6.277114152908325e-05,5.986600000085218e-05,188.4166219420731,170.907001097,4.992919955402613,1.4794044880000001,0.00360107421875,13.479884147644043,197.169602394104,three_branches_True_0.7_0.1_50:70:50.h5mu
6.480515003204346e-05,6.234599999999091e-05,169.4000471048057,154.96398216900002,2.4024143740534782,1.4276295599999855,0.00360107421875,13.228289604187012,191.06439208984375,three_branches_True_0.7_0.1_70:10:50.h5mu
7.5560063123703e-05,6.839500000044296e-05,188.37994858250022,170.821481942,1.876183144748211,1.3272341830000016,0.00360107421875,14.014984130859375,197.1655044555664,three_branches_True_0.7_0.1_50:70:70.h5mu
6.386637687683105e-05,6.157299999998145e-05,173.68838867917657,153.674443048,2.384843286126852,1.4074529660000223,0.00360107421875,12.570732116699219,191.06369400024414,three_branches_True_0.7_0.1_70:10:30.h5mu
6.367266178131104e-05,6.171999999970978e-05,185.1562412790954,154.82598429900003,14.386228568851948,1.8838040770000077,0.00360107421875,13.9048490524292,191.0619602203369,three_branches_False_0.7_0.1_70:10:70.h5mu
6.367266178131104e-05,6.171999999970978e-05,185.1562412790954,154.82598429900003,2.030116431415081,1.3683841250000057,0.00360107421875,13.718704223632812,191.0619602203369,three_branches_True_0.7_0.1_70:10:70.h5mu
5.432590842247009e-05,5.2052999999219196e-05,184.5427454225719,164.974924066,19.865249279886484,2.0153004780000003,0.00360107421875,15.344647407531738,194.1146011352539,three_branches_False_0.7_0.1_70:30:10.h5mu
6.417185068130493e-05,6.18010000001945e-05,130.89943439140916,122.44785131700002,14.321455981582403,1.8768072770000117,0.00360107421875,12.243453979492188,181.90785026550293,three_branches_False_0.7_0.1_10:10:10.h5mu
5.432590842247009e-05,5.2052999999219196e-05,184.5427454225719,164.974924066,2.3715632781386375,1.5659561269999926,0.00360107421875,15.224006652832031,194.1146011352539,three_branches_True_0.7_0.1_70:30:10.h5mu
6.417185068130493e-05,6.18010000001945e-05,130.89943439140916,122.44785131700002,3.2560338228940964,1.4326057500000218,0.00360107421875,12.047347068786621,181.90785026550293,three_branches_True_0.7_0.1_10:10:10.h5mu
5.470588803291321e-05,5.267699999933484e-05,179.429554797709,165.454423447,13.228831954300404,1.816401075000016,0.00360107421875,12.612553596496582,194.11812210083008,three_branches_False_0.7_0.1_70:30:30.h5mu
5.470588803291321e-05,5.267699999933484e-05,179.429554797709,165.454423447,3.2038650698959827,1.488113817999988,0.00360107421875,12.473837852478027,194.11812210083008,three_branches_True_0.7_0.1_70:30:30.h5mu
6.569549441337585e-05,6.29010000015029e-05,176.60395538434386,164.14723711599999,17.915283109992743,2.0257384619999925,0.00360107421875,14.100271224975586,193.6453218460083,three_branches_False_0.7_0.1_70:30:70.h5mu
6.523355841636658e-05,6.308200000049169e-05,179.10745907574892,165.00341708699997,18.139286268502474,1.9990178749999927,0.00360107421875,13.267247200012207,193.64554691314697,three_branches_False_0.7_0.1_70:30:50.h5mu
6.569549441337585e-05,6.29010000015029e-05,176.60395538434386,164.14723711599999,3.09034488722682,1.5095348309999963,0.00360107421875,13.915403366088867,193.6453218460083,three_branches_True_0.7_0.1_70:30:70.h5mu
8.989870548248291e-05,8.741200000006444e-05,185.8087478801608,173.25824917,17.740001682192087,1.9700835209999923,0.00360107421875,12.854037284851074,197.16765689849854,three_branches_False_0.7_0.1_70:50:30.h5mu
6.523355841636658e-05,6.308200000049169e-05,179.10745907574892,165.00341708699997,3.2272292859852314,1.515628994999986,0.00360107421875,13.095669746398926,193.64554691314697,three_branches_True_0.7_0.1_70:30:50.h5mu
6.926432251930237e-05,6.67999999990343e-05,193.88713828474283,173.070937689,28.229674953967333,2.1900212529999976,0.00360107421875,15.356354713439941,197.16799449920654,three_branches_False_0.7_0.1_70:50:10.h5mu
5.166977643966675e-05,4.9581999999936954e-05,188.21083204448223,178.597106303,28.80586740002036,2.06294516600002,0.00360107421875,15.392914772033691,200.21778392791748,three_branches_False_0.7_0.1_70:70:10.h5mu
8.989870548248291e-05,8.741200000006444e-05,185.8087478801608,173.25824917,2.8434865809977055,1.4653041340000073,0.00360107421875,12.637057304382324,197.16765689849854,three_branches_True_0.7_0.1_70:50:30.h5mu
6.126612424850464e-05,5.911000000047295e-05,187.23799230903387,173.539650603,28.862716399133205,2.04964271099999,0.00360107421875,13.512961387634277,197.16687870025635,three_branches_False_0.7_0.1_70:50:50.h5mu
5.310773849487305e-05,4.620400000021618e-05,194.6117141880095,174.92146227799998,22.964418433606625,2.0229559020000067,0.00360107421875,14.089532852172852,197.16749668121338,three_branches_False_0.7_0.1_70:50:70.h5mu
5.166977643966675e-05,4.9581999999936954e-05,188.21083204448223,178.597106303,1.9471517987549305,1.5805325319999781,0.00360107421875,15.282243728637695,200.21778392791748,three_branches_True_0.7_0.1_70:70:10.h5mu
6.926432251930237e-05,6.67999999990343e-05,193.88713828474283,173.070937689,1.8943140394985676,1.5791533209999784,0.00360107421875,15.254383087158203,197.16799449920654,three_branches_True_0.7_0.1_70:50:10.h5mu
6.126612424850464e-05,5.911000000047295e-05,187.23799230903387,173.539650603,2.6189091987907887,1.304833015999975,0.00360107421875,13.342842102050781,197.16687870025635,three_branches_True_0.7_0.1_70:50:50.h5mu
5.310773849487305e-05,4.620400000021618e-05,194.6117141880095,174.92146227799998,2.6098618395626545,1.4431201619999854,0.00360107421875,13.93322467803955,197.16749668121338,three_branches_True_0.7_0.1_70:50:70.h5mu
6.332993507385254e-05,6.0836000001174284e-05,140.8656740002334,125.43348338000001,20.371860519051552,1.7488270240000077,0.00360107421875,13.019439697265625,181.91059589385986,three_branches_False_0.7_0.1_10:10:30.h5mu
6.332993507385254e-05,6.0836000001174284e-05,140.8656740002334,125.43348338000001,4.066543102264404,1.4128767520000167,0.00360107421875,12.835675239562988,181.91059589385986,three_branches_True_0.7_0.1_10:10:30.h5mu
5.914270877838135e-05,0.002048224000001042,134.34039023146033,125.80450614400002,15.190687891095877,1.8374178020000045,0.00360107421875,13.574424743652344,181.90866088867188,three_branches_False_0.7_0.1_10:10:50.h5mu
5.914270877838135e-05,0.002048224000001042,134.34039023146033,125.80450614400002,1.8043133094906807,1.4902029440000035,0.00360107421875,13.4144287109375,181.90866088867188,three_branches_True_0.7_0.1_10:10:50.h5mu
5.431845784187317e-05,5.222100000068508e-05,163.80969712138176,155.308015096,17.99205832928419,2.0730514849999793,0.00360107421875,13.573704719543457,183.77052974700928,five_branches_False_0.3_0.3_10:50:50.h5mu
6.525591015815735e-05,6.301899999883176e-05,211.35575173422694,182.11218427100002,15.88715324178338,1.9927976720000231,0.00360107421875,12.817451477050781,200.21940231323242,three_branches_False_0.7_0.1_70:70:30.h5mu
5.922839045524597e-05,5.7105999999862433e-05,169.5904013365507,153.540433612,13.430379685014486,1.8887872020000032,0.00360107421875,13.572525978088379,183.77004623413086,five_branches_False_0.3_0.3_10:50:70.h5mu
5.431845784187317e-05,5.222100000068508e-05,163.80969712138176,155.308015096,4.479184612631798,1.5417978060000053,0.00360107421875,13.444055557250977,183.77052974700928,five_branches_True_0.3_0.3_10:50:50.h5mu
6.525591015815735e-05,6.301899999883176e-05,211.35575173422694,182.11218427100002,3.7763666696846485,1.517432312000011,0.00360107421875,12.658441543579102,200.21940231323242,three_branches_True_0.7_0.1_70:70:30.h5mu
6.89290463924408e-05,6.654199999900356e-05,175.34216134995222,161.530791577,22.7623433098197,2.0874628379999933,0.00360107421875,12.721588134765625,186.8214807510376,five_branches_False_0.3_0.3_10:70:10.h5mu
4.8842281103134155e-05,4.650300000008656e-05,177.71660798415542,163.770175131,26.748009383678436,2.0941806849999978,0.00360107421875,13.092286109924316,186.81962871551514,five_branches_False_0.3_0.3_10:70:30.h5mu
5.922839045524597e-05,5.7105999999862433e-05,169.5904013365507,153.540433612,6.458079736679792,1.6435415249999892,0.00360107421875,13.52495288848877,183.77004623413086,five_branches_True_0.3_0.3_10:50:70.h5mu
5.849078297615051e-05,5.6357000000062385e-05,180.90688299387693,161.78529453599998,20.87888177111745,1.94379938900002,0.00360107421875,13.224709510803223,186.82137393951416,five_branches_False_0.3_0.3_10:70:70.h5mu
5.931779742240906e-05,5.727299999946922e-05,178.27313270419836,160.235865524,24.59657333418727,2.1117977809999786,0.00360107421875,13.246798515319824,186.82146644592285,five_branches_False_0.3_0.3_10:70:50.h5mu
6.89290463924408e-05,6.654199999900356e-05,175.34216134995222,161.530791577,3.2642065323889256,1.5320030709999912,0.00360107421875,12.652664184570312,186.8214807510376,five_branches_True_0.3_0.3_10:70:10.h5mu
6.407126784324646e-05,6.148499999980572e-05,214.32945712655783,180.649520509,16.925543379038572,1.950918592000022,0.00360107421875,13.66596794128418,200.21869945526123,three_branches_False_0.7_0.1_70:70:50.h5mu
4.8842281103134155e-05,4.650300000008656e-05,177.71660798415542,163.770175131,2.6919749937951565,1.3980267750000053,0.00360107421875,13.020902633666992,186.81962871551514,five_branches_True_0.3_0.3_10:70:30.h5mu
5.849078297615051e-05,5.6357000000062385e-05,180.90688299387693,161.78529453599998,2.1312042623758316,1.382883378999992,0.00360107421875,13.099013328552246,186.82137393951416,five_branches_True_0.3_0.3_10:70:70.h5mu
5.931779742240906e-05,5.727299999946922e-05,178.27313270419836,160.235865524,2.187597632408142,1.3755046429999993,0.00360107421875,13.167280197143555,186.82146644592285,five_branches_True_0.3_0.3_10:70:50.h5mu
6.407126784324646e-05,6.148499999980572e-05,214.32945712655783,180.649520509,3.100741434842348,1.4269962130000238,0.00360107421875,13.49302864074707,200.21869945526123,three_branches_True_0.7_0.1_70:70:50.h5mu
6.0249119997024536e-05,5.787100000009815e-05,169.3245213776827,143.34832622300002,14.341572482138872,1.8046202729999834,0.00360107421875,12.063486099243164,180.71723747253418,five_branches_False_0.3_0.3_30:10:10.h5mu
6.0249119997024536e-05,5.787100000009815e-05,169.3245213776827,143.34832622300002,1.8278885558247566,1.408271591000016,0.00360107421875,11.99686336517334,180.71723747253418,five_branches_True_0.3_0.3_30:10:10.h5mu
6.066262722015381e-05,5.834999999976276e-05,169.87474160268903,142.343212738,17.173520129173994,1.8791461989999902,0.00360107421875,13.139514923095703,180.71707248687744,five_branches_False_0.3_0.3_30:10:30.h5mu
6.066262722015381e-05,5.834999999976276e-05,169.87474160268903,142.343212738,1.8840071223676205,1.388713211999999,0.00360107421875,13.006650924682617,180.71707248687744,five_branches_True_0.3_0.3_30:10:30.h5mu
6.300956010818481e-05,6.095700000052773e-05,153.35023213550448,142.085917233,16.786774046719074,1.8602562890000058,0.00360107421875,13.601364135742188,180.71586513519287,five_branches_False_0.3_0.3_30:10:50.h5mu
6.482750177383423e-05,6.239400000040973e-05,158.25857208669186,141.933448478,14.06507233530283,1.942655297000016,0.00360107421875,14.06274700164795,180.7185230255127,five_branches_False_0.3_0.3_30:10:70.h5mu
6.300956010818481e-05,6.095700000052773e-05,153.35023213550448,142.085917233,1.8569747284054756,1.3888828039999908,0.00360107421875,13.482440948486328,180.71586513519287,five_branches_True_0.3_0.3_30:10:50.h5mu
6.482750177383423e-05,6.239400000040973e-05,158.25857208669186,141.933448478,2.051411744207144,1.404117493000001,0.00360107421875,13.96631145477295,180.7185230255127,five_branches_True_0.3_0.3_30:10:70.h5mu
6.42240047454834e-05,6.182999999992944e-05,170.85438891127706,152.574853456,23.613938324153423,2.2304158540000003,0.00360107421875,15.891000747680664,183.76705932617188,five_branches_False_0.3_0.3_30:30:10.h5mu
6.187334656715393e-05,5.97379999991432e-05,164.18995014950633,151.66537839900002,23.875163815915585,2.108492855999998,0.00360107421875,13.238753318786621,186.84704971313477,five_branches_False_0.3_0.3_30:30:30.h5mu
6.113201379776001e-05,5.873199999939516e-05,170.04073818027973,152.606022804,17.774345222860575,2.0213947339999834,0.00360107421875,13.530272483825684,183.2979621887207,five_branches_False_0.3_0.3_30:30:50.h5mu
6.035715341567993e-05,5.7885000000368336e-05,176.81931266188622,164.35543588599998,16.446149580180645,2.0448107480000033,0.00360107421875,12.772244453430176,186.82234954833984,five_branches_False_0.3_0.3_30:50:10.h5mu
6.42240047454834e-05,6.182999999992944e-05,170.85438891127706,152.574853456,4.314166858792305,1.7675403410000001,0.00360107421875,15.799559593200684,183.76705932617188,five_branches_True_0.3_0.3_30:30:10.h5mu
6.187334656715393e-05,5.97379999991432e-05,164.18995014950633,151.66537839900002,3.737499937415123,1.5137034079999978,0.00360107421875,13.165252685546875,186.84704971313477,five_branches_True_0.3_0.3_30:30:30.h5mu
6.063282489776611e-05,5.831000000000586e-05,181.75780114904046,150.920608325,14.725097831338644,2.082188392000006,0.00360107421875,14.003605842590332,183.76839447021484,five_branches_False_0.3_0.3_30:30:70.h5mu
6.113201379776001e-05,5.873199999939516e-05,170.04073818027973,152.606022804,3.2099721990525723,1.530230208000006,0.00360107421875,13.43553638458252,183.2979621887207,five_branches_True_0.3_0.3_30:30:50.h5mu
6.035715341567993e-05,5.7885000000368336e-05,176.81931266188622,164.35543588599998,3.4924773424863815,1.5283668680000062,0.00360107421875,12.755903244018555,186.82234954833984,five_branches_True_0.3_0.3_30:50:10.h5mu
6.055086851119995e-05,5.830600000145125e-05,187.22510375455022,164.89548379500002,12.976481895893812,2.1057718330000057,0.00360107421875,13.751301765441895,186.82037830352783,five_branches_False_0.3_0.3_30:50:30.h5mu
6.063282489776611e-05,5.831000000000586e-05,181.75780114904046,150.920608325,1.9526969157159328,1.398614828999996,0.00360107421875,13.89438533782959,183.76839447021484,five_branches_True_0.3_0.3_30:30:70.h5mu
6.055086851119995e-05,5.830600000145125e-05,187.22510375455022,164.89548379500002,2.5295193530619144,1.5035639740000022,0.00360107421875,13.678147315979004,186.82037830352783,five_branches_True_0.3_0.3_30:50:30.h5mu
6.0871243476867676e-05,5.848799999963461e-05,198.5133869163692,167.006364822,16.913996286690235,1.7544691290000003,0.00360107421875,13.543546676635742,186.8214817047119,five_branches_False_0.3_0.3_30:50:50.h5mu
6.0871243476867676e-05,5.848799999963461e-05,198.5133869163692,167.006364822,3.5194171853363514,1.4203867940000237,0.00360107421875,13.442453384399414,186.8214817047119,five_branches_True_0.3_0.3_30:50:50.h5mu
6.259605288505554e-05,6.036299999934158e-05,196.4859600663185,166.248215902,12.854008629918098,1.7860996959999795,0.00360107421875,13.524263381958008,186.81903839111328,five_branches_False_0.3_0.3_30:50:70.h5mu
6.259605288505554e-05,6.036299999934158e-05,196.4859600663185,166.248215902,1.8929432891309261,1.435159576000018,0.00360107421875,13.462441444396973,186.81903839111328,five_branches_True_0.3_0.3_30:50:70.h5mu
6.49765133857727e-05,6.293400000068061e-05,183.91277376189828,171.73402872,16.187255743891,1.8832021970000028,0.00360107421875,12.493945121765137,189.87322616577148,five_branches_False_0.3_0.3_30:70:10.h5mu
6.261095404624939e-05,6.0352000000207795e-05,190.34922913461924,170.721233262,19.454155210405588,1.9486719619999917,0.00360107421875,13.187199592590332,189.87401390075684,five_branches_False_0.3_0.3_30:70:30.h5mu
6.415322422981262e-05,6.168899999892119e-05,163.32430335506797,150.748444857,20.285354163497686,2.036842340999982,0.00360107421875,13.161259651184082,183.76865100860596,five_branches_False_0.3_0.3_50:10:30.h5mu
5.776435136795044e-05,5.5678999999031475e-05,171.77320174127817,152.829363797,19.147875543683767,1.9962990220000165,0.00360107421875,11.891955375671387,183.76805210113525,five_branches_False_0.3_0.3_50:10:10.h5mu
6.49765133857727e-05,6.293400000068061e-05,183.91277376189828,171.73402872,4.525997709482908,1.561221192000005,0.00360107421875,12.326869010925293,189.87322616577148,five_branches_True_0.3_0.3_30:70:10.h5mu
6.261095404624939e-05,6.0352000000207795e-05,190.34922913461924,170.721233262,4.530717588961124,1.583446753000004,0.00360107421875,13.106892585754395,189.87401390075684,five_branches_True_0.3_0.3_30:70:30.h5mu
6.076693534851074e-05,5.832300000108148e-05,166.16239216923714,149.954787982,20.116479009389877,2.1244872759999964,0.00360107421875,13.629975318908691,183.76845932006836,five_branches_False_0.3_0.3_50:10:50.h5mu
5.903095006942749e-05,5.677299999895524e-05,176.23586885258555,155.55369838,18.690462354570627,2.0841504759999907,0.00360107421875,14.017386436462402,183.77045440673828,five_branches_False_0.3_0.3_50:10:70.h5mu
6.415322422981262e-05,6.168899999892119e-05,163.32430335506797,150.748444857,3.861392229795456,1.4234306629999764,0.00360107421875,13.174633979797363,183.76865100860596,five_branches_True_0.3_0.3_50:10:30.h5mu
5.776435136795044e-05,5.5678999999031475e-05,171.77320174127817,152.829363797,3.3843447603285313,1.4477475810000158,0.00360107421875,11.796710014343262,183.76805210113525,five_branches_True_0.3_0.3_50:10:10.h5mu
6.076693534851074e-05,5.832300000108148e-05,166.16239216923714,149.954787982,3.861033756285906,1.5770457859999851,0.00360107421875,13.467169761657715,183.76845932006836,five_branches_True_0.3_0.3_50:10:50.h5mu
6.268918514251709e-05,6.0562999999902445e-05,193.77174047008157,172.64684643,22.44689082354307,1.9187192349999975,0.00360107421875,13.167228698730469,189.87341117858887,five_branches_False_0.3_0.3_30:70:50.h5mu
5.903095006942749e-05,5.677299999895524e-05,176.23586885258555,155.55369838,3.396017797291279,1.5425194970000007,0.00360107421875,13.91038990020752,183.77045440673828,five_branches_True_0.3_0.3_50:10:70.h5mu
6.0226768255233765e-05,5.8013999998607346e-05,198.6632563918829,171.17693644300002,16.463270597159863,1.8992438049999976,0.00360107421875,13.682732582092285,188.46411895751953,five_branches_False_0.3_0.3_30:70:70.h5mu
6.268918514251709e-05,6.0562999999902445e-05,193.77174047008157,172.64684643,1.8677885457873344,1.283455731999993,0.00360107421875,13.112860679626465,189.87341117858887,five_branches_True_0.3_0.3_30:70:50.h5mu
6.0226768255233765e-05,5.8013999998607346e-05,198.6632563918829,171.17693644300002,2.1910536512732506,1.4721513540000046,0.00360107421875,13.5658597946167,188.46411895751953,five_branches_True_0.3_0.3_30:70:70.h5mu
7.01509416103363e-05,6.354199999947241e-05,199.4403493180871,166.24753136799998,17.045313950628042,1.8424167329999932,0.00360107421875,15.969457626342773,189.9054775238037,five_branches_False_0.3_0.3_50:30:10.h5mu
7.01509416103363e-05,6.354199999947241e-05,199.4403493180871,166.24753136799998,2.122686989605427,1.5675975880000124,0.00360107421875,15.854897499084473,189.9054775238037,five_branches_True_0.3_0.3_50:30:10.h5mu
0.00010668113827705383,0.0001041659999998501,184.09348060563207,164.66906339099998,13.473544482141733,1.7629228129999888,0.00360107421875,12.994544982910156,186.3506317138672,five_branches_False_0.3_0.3_50:30:30.h5mu
0.00010668113827705383,0.0001041659999998501,184.09348060563207,164.66906339099998,3.1542412750422955,1.5281206460000192,0.00360107421875,12.920050621032715,186.3506317138672,five_branches_True_0.3_0.3_50:30:30.h5mu
6.235018372535706e-05,5.9752000000301564e-05,174.4916170835495,164.041921737,15.28797659277916,2.0284822469999995,0.00360107421875,14.412781715393066,186.66171741485596,five_branches_False_0.3_0.3_50:30:70.h5mu
6.399676203727722e-05,5.623300000046072e-05,181.53644915297627,163.053708392,11.998448047786951,1.9565053649999982,0.00360107421875,13.29378890991211,186.82020473480225,five_branches_False_0.3_0.3_50:30:50.h5mu
6.235018372535706e-05,5.9752000000301564e-05,174.4916170835495,164.041921737,2.9766880944371223,1.539942970999988,0.00360107421875,14.303104400634766,186.66171741485596,five_branches_True_0.3_0.3_50:30:70.h5mu
6.601959466934204e-05,6.362599999931717e-05,186.13186801970005,174.73774274,19.820104364305735,2.222281790000011,0.00360107421875,16.04505157470703,189.40110778808594,five_branches_False_0.3_0.3_50:50:10.h5mu
6.399676203727722e-05,5.623300000046072e-05,181.53644915297627,163.053708392,3.4394047744572163,1.5208648819999837,0.00360107421875,13.143982887268066,186.82020473480225,five_branches_True_0.3_0.3_50:30:50.h5mu
6.121397018432617e-05,5.8966000000992835e-05,187.29136104509234,174.13764794600002,17.67226631939411,2.0873552909999944,0.00360107421875,13.494789123535156,189.87152290344238,five_branches_False_0.3_0.3_50:50:30.h5mu
6.222352385520935e-05,5.994099999995228e-05,194.7487471140921,177.079664952,17.745717111974955,2.045613252999999,0.00360107421875,13.570652961730957,189.87270641326904,five_branches_False_0.3_0.3_50:50:50.h5mu
6.601959466934204e-05,6.362599999931717e-05,186.13186801970005,174.73774274,3.2907358296215534,1.6249572449999903,0.00360107421875,15.946903228759766,189.40110778808594,five_branches_True_0.3_0.3_50:50:10.h5mu
6.121397018432617e-05,5.8966000000992835e-05,187.29136104509234,174.13764794600002,3.3327225036919117,1.549767873999997,0.00360107421875,13.392484664916992,189.87152290344238,five_branches_True_0.3_0.3_50:50:30.h5mu
6.26780092716217e-05,6.0180000000187306e-05,202.22682621702552,174.576168237,14.963191393762827,2.0563996040000063,0.00360107421875,14.10660457611084,189.87496185302734,five_branches_False_0.3_0.3_50:50:70.h5mu
6.351247429847717e-05,6.124899999981892e-05,205.16562728583813,179.41599343500002,15.958199042826891,1.9661209970000186,0.00360107421875,16.01312255859375,192.9275302886963,five_branches_False_0.3_0.3_50:70:10.h5mu
6.222352385520935e-05,5.994099999995228e-05,194.7487471140921,177.079664952,2.616634849458933,1.5202467719999788,0.00360107421875,13.50365924835205,189.87270641326904,five_branches_True_0.3_0.3_50:50:50.h5mu
6.26780092716217e-05,6.0180000000187306e-05,202.22682621702552,174.576168237,3.1542997770011425,1.4157417400000156,0.00360107421875,14.028130531311035,189.87496185302734,five_branches_True_0.3_0.3_50:50:70.h5mu
6.351247429847717e-05,6.124899999981892e-05,205.16562728583813,179.41599343500002,3.329084549099207,1.7907576530000142,0.00360107421875,15.904995918273926,192.9275302886963,five_branches_True_0.3_0.3_50:70:10.h5mu
5.058199167251587e-05,4.855600000119864e-05,207.13360104709864,184.696613303,14.257148675620556,1.9289486349999834,0.00360107421875,13.243395805358887,192.9248504638672,five_branches_False_0.3_0.3_50:70:30.h5mu
5.058199167251587e-05,4.855600000119864e-05,207.13360104709864,184.696613303,2.032073762267828,1.4792684759999872,0.00360107421875,13.15402603149414,192.9248504638672,five_branches_True_0.3_0.3_50:70:30.h5mu
6.225332617759705e-05,5.9864999998993085e-05,211.7380019314587,188.025686964,15.131704285740852,2.0136018000000035,0.00360107421875,13.776187896728516,192.9251947402954,five_branches_False_0.3_0.3_50:70:50.h5mu
6.225332617759705e-05,5.9864999998993085e-05,211.7380019314587,188.025686964,5.441551022231579,1.774052097000009,0.00360107421875,13.784934043884277,192.9251947402954,five_branches_True_0.3_0.3_50:70:50.h5mu
6.123632192611694e-05,5.8774000001093896e-05,171.15451224148273,164.44328266099998,20.764471221715212,2.0628746820000003,0.00360107421875,13.141833305358887,186.81804752349854,five_branches_False_0.3_0.3_70:10:30.h5mu
6.420165300369263e-05,6.182999999992944e-05,169.7395208068192,163.27455533,21.16510198265314,2.1105800710000153,0.00360107421875,12.14362907409668,186.81925201416016,five_branches_False_0.3_0.3_70:10:10.h5mu
6.084144115447998e-05,5.8358999998731065e-05,174.83419717475772,164.050163191,20.598296266049147,2.1743699260000255,0.00360107421875,14.022445678710938,186.81941413879395,five_branches_False_0.3_0.3_70:10:70.h5mu
6.123632192611694e-05,5.8774000001093896e-05,171.15451224148273,164.44328266099998,3.341639433056116,1.7509194510000157,0.00360107421875,13.152093887329102,186.81804752349854,five_branches_True_0.3_0.3_70:10:30.h5mu
6.108731031417847e-05,5.892999999979054e-05,211.5067072212696,187.840667947,20.507874373346567,2.1698460650000015,0.00360107421875,13.777599334716797,192.45208549499512,five_branches_False_0.3_0.3_50:70:70.h5mu
5.879253149032593e-05,5.648099999966405e-05,182.55381359905005,166.61600176500002,18.548982590436935,2.1487239380000176,0.00360107421875,13.530198097229004,186.8185224533081,five_branches_False_0.3_0.3_70:10:50.h5mu
6.420165300369263e-05,6.182999999992944e-05,169.7395208068192,163.27455533,2.5753861777484417,1.4483784610000043,0.00360107421875,12.074410438537598,186.81925201416016,five_branches_True_0.3_0.3_70:10:10.h5mu
6.084144115447998e-05,5.8358999998731065e-05,174.83419717475772,164.050163191,3.648624613881111,1.5801894509999954,0.00360107421875,13.939115524291992,186.81941413879395,five_branches_True_0.3_0.3_70:10:70.h5mu
5.879253149032593e-05,5.648099999966405e-05,182.55381359905005,166.61600176500002,2.8198085464537144,1.6570157209999934,0.00360107421875,13.47186279296875,186.8185224533081,five_branches_True_0.3_0.3_70:10:50.h5mu
6.108731031417847e-05,5.892999999979054e-05,211.5067072212696,187.840667947,1.9846420176327229,1.4213070659999971,0.00360107421875,13.610054016113281,192.45208549499512,five_branches_True_0.3_0.3_50:70:70.h5mu
4.940107464790344e-05,4.71969999988886e-05,202.02757458016276,177.10918924199999,21.17985986173153,1.9058173880000027,0.00360107421875,11.976195335388184,189.87024784088135,five_branches_False_0.3_0.3_70:30:10.h5mu
6.417930126190186e-05,5.7438000000686884e-05,195.08708258345723,177.621253975,20.33108351007104,2.226567237000012,0.00360107421875,13.44678783416748,189.87339401245117,five_branches_False_0.3_0.3_70:30:50.h5mu
6.25811517238617e-05,6.034299999946313e-05,206.26406471058726,179.022461839,17.526674572378397,2.2359869899999865,0.00360107421875,13.894498825073242,189.4027910232544,five_branches_False_0.3_0.3_70:30:70.h5mu
4.940107464790344e-05,4.71969999988886e-05,202.02757458016276,177.10918924199999,3.6436129920184612,1.620201748999989,0.00360107421875,11.899859428405762,189.87024784088135,five_branches_True_0.3_0.3_70:30:10.h5mu
6.417930126190186e-05,5.7438000000686884e-05,195.08708258345723,177.621253975,5.359528053551912,1.6874022669999817,0.00360107421875,13.321486473083496,189.87339401245117,five_branches_True_0.3_0.3_70:30:50.h5mu
6.335228681564331e-05,6.061600000073497e-05,218.1954833008349,178.61647464,16.940292075276375,2.1889858650000065,0.00360107421875,13.289305686950684,189.87340354919434,five_branches_False_0.3_0.3_70:30:30.h5mu
6.25811517238617e-05,6.034299999946313e-05,206.26406471058726,179.022461839,2.9976837038993835,1.6289766700000143,0.00360107421875,13.8905029296875,189.4027910232544,five_branches_True_0.3_0.3_70:30:70.h5mu
6.335228681564331e-05,6.061600000073497e-05,218.1954833008349,178.61647464,2.233478583395481,1.5304156459999945,0.00360107421875,13.220306396484375,189.87340354919434,five_branches_True_0.3_0.3_70:30:30.h5mu
0.00010166317224502563,9.757499999984987e-05,213.6376328021288,198.73445077699998,14.710524275898933,1.9402116480000018,0.00360107421875,16.011463165283203,192.92334747314453,five_branches_False_0.3_0.3_70:50:10.h5mu
0.00010166317224502563,9.757499999984987e-05,213.6376328021288,198.73445077699998,4.726611539721489,1.7751942319999898,0.00360107421875,15.912859916687012,192.92334747314453,five_branches_True_0.3_0.3_70:50:10.h5mu
5.34839928150177e-05,5.072000000083676e-05,165.16313080489635,160.19545727599998,24.90046164765954,1.9976966549999986,0.00360107421875,13.570196151733398,191.6950225830078,three_branches_False_0.9_0.5_50:10:50.h5mu
6.649643182754517e-05,6.380599999999959e-05,214.49235893785954,199.25658214299997,24.028952434659004,2.016257007000007,0.00360107421875,13.2382230758667,192.92340564727783,five_branches_False_0.3_0.3_70:50:30.h5mu
5.552545189857483e-05,5.3464000000502665e-05,168.13995726406574,160.321557687,23.643963359296322,2.017170419999985,0.00360107421875,13.972713470458984,191.6948947906494,three_branches_False_0.9_0.5_50:10:70.h5mu
7.359310984611511e-05,7.169799999928728e-05,213.46013695001602,199.170352424,17.45863814279437,1.9296588469999847,0.00360107421875,13.953142166137695,192.92255306243896,five_branches_False_0.3_0.3_70:50:70.h5mu
5.34839928150177e-05,5.072000000083676e-05,165.16313080489635,160.19545727599998,2.8642222471535206,1.425614378000006,0.00360107421875,13.398406982421875,191.6950225830078,three_branches_True_0.9_0.5_50:10:50.h5mu
6.649643182754517e-05,6.380599999999959e-05,214.49235893785954,199.25658214299997,5.1096092984080315,1.5940566669999896,0.00360107421875,13.161657333374023,192.92340564727783,five_branches_True_0.3_0.3_70:50:30.h5mu
5.552545189857483e-05,5.3464000000502665e-05,168.13995726406574,160.321557687,3.0369230322539806,1.5446990300000039,0.00360107421875,13.805244445800781,191.6948947906494,three_branches_True_0.9_0.5_50:10:70.h5mu
7.359310984611511e-05,7.169799999928728e-05,213.46013695001602,199.170352424,3.3014404699206352,1.461527971999999,0.00360107421875,13.915599822998047,192.92255306243896,five_branches_True_0.3_0.3_70:50:70.h5mu
7.050484418869019e-05,6.817100000056087e-05,226.30606054887176,206.53118360300002,24.08359631896019,2.1792650459999834,0.00360107421875,16.06855583190918,195.97640705108643,five_branches_False_0.3_0.3_70:70:10.h5mu
8.26418399810791e-05,7.997500000023194e-05,231.97354815527797,198.312132279,21.67385233566165,2.002574181,0.00360107421875,13.727967262268066,192.45147132873535,five_branches_False_0.3_0.3_70:50:50.h5mu
6.596744060516357e-05,6.401600000138785e-05,224.78340028226376,204.788062395,22.93704079836607,1.9823304880000023,0.00360107421875,13.34572696685791,195.975510597229,five_branches_False_0.3_0.3_70:70:30.h5mu
8.26418399810791e-05,7.997500000023194e-05,231.97354815527797,198.312132279,2.667696073651314,1.4951479249999977,0.00360107421875,13.58078384399414,192.45147132873535,five_branches_True_0.3_0.3_70:50:50.h5mu
7.050484418869019e-05,6.817100000056087e-05,226.30606054887176,206.53118360300002,5.6779230907559395,1.8451514430000202,0.00360107421875,15.97615909576416,195.97640705108643,five_branches_True_0.3_0.3_70:70:10.h5mu
6.596744060516357e-05,6.401600000138785e-05,224.78340028226376,204.788062395,3.2317805103957653,1.6007903240000019,0.00360107421875,13.274967193603516,195.975510597229,five_branches_True_0.3_0.3_70:70:30.h5mu
5.1684677600860596e-05,4.9449000000478804e-05,228.2383045144379,203.85333023500002,16.943796273320913,1.9360485400000016,0.00360107421875,13.979266166687012,195.97668361663818,five_branches_False_0.3_0.3_70:70:50.h5mu
5.868077278137207e-05,5.660300000087659e-05,230.195539932698,207.597352847,15.480639230459929,2.041520828999978,0.00360107421875,13.882026672363281,195.5056095123291,five_branches_False_0.3_0.3_70:70:70.h5mu
5.1684677600860596e-05,4.9449000000478804e-05,228.2383045144379,203.85333023500002,1.7850363813340664,1.4680699380000135,0.00360107421875,13.897653579711914,195.97668361663818,five_branches_True_0.3_0.3_70:70:50.h5mu
5.868077278137207e-05,5.660300000087659e-05,230.195539932698,207.597352847,1.7594578117132187,1.2577370360000089,0.00360107421875,13.826629638671875,195.5056095123291,five_branches_True_0.3_0.3_70:70:70.h5mu
6.315112113952637e-05,6.072799999934375e-05,173.13236011564732,159.49145272700002,15.653145682066679,1.7351131130000113,0.00360107421875,12.50983715057373,194.74478912353516,three_branches_False_0.9_0.5_50:30:10.h5mu
6.315112113952637e-05,6.072799999934375e-05,173.13236011564732,159.49145272700002,3.812868658453226,1.436257205000004,0.00360107421875,12.325867652893066,194.74478912353516,three_branches_True_0.9_0.5_50:30:10.h5mu
6.138533353805542e-05,5.876400000026649e-05,165.12284878268838,157.55876713199999,15.262007612735033,2.010132027000026,0.00360107421875,14.07183837890625,194.74768161773682,three_branches_False_0.9_0.5_50:30:70.h5mu
6.284564733505249e-05,6.0196999999817535e-05,165.17929907143116,159.728717382,15.780653800815344,1.9357905119999828,0.00360107421875,13.310943603515625,194.74786567687988,three_branches_False_0.9_0.5_50:30:50.h5mu
6.138533353805542e-05,5.876400000026649e-05,165.12284878268838,157.55876713199999,2.582010965794325,1.4935502950000057,0.00360107421875,13.961747169494629,194.74768161773682,three_branches_True_0.9_0.5_50:30:70.h5mu
4.528462886810303e-05,4.3214999999818815e-05,179.8841199092567,159.62932103,13.563506007194519,1.899584396999984,0.00360107421875,13.039762496948242,194.74712944030762,three_branches_False_0.9_0.5_50:30:30.h5mu
6.284564733505249e-05,6.0196999999817535e-05,165.17929907143116,159.728717382,4.232395436614752,1.489726979000011,0.00360107421875,13.123468399047852,194.74786567687988,three_branches_True_0.9_0.5_50:30:50.h5mu
4.528462886810303e-05,4.3214999999818815e-05,179.8841199092567,159.62932103,4.4295503832399845,1.5500976079999873,0.00360107421875,12.841291427612305,194.74712944030762,three_branches_True_0.9_0.5_50:30:30.h5mu
5.6490302085876465e-05,5.46470000006849e-05,185.19182858243585,168.03348948500002,27.232582051306963,1.9000623969999992,0.00360107421875,12.565052032470703,197.79874420166016,three_branches_False_0.9_0.5_50:50:10.h5mu
6.15045428276062e-05,5.912600000002044e-05,182.68608717992902,163.70938766199998,23.233521077781916,2.096888913000015,0.00360107421875,13.344733238220215,197.80006408691406,three_branches_False_0.9_0.5_50:50:30.h5mu
6.12214207649231e-05,5.827200000041444e-05,188.49860981851816,167.5002078,16.06269968673587,2.0372320280000054,0.00360107421875,14.08848762512207,197.79713916778564,three_branches_False_0.9_0.5_50:50:70.h5mu
6.305426359176636e-05,6.050300000026709e-05,178.6191695816815,168.224924885,26.083271078765392,1.9878377459999967,0.00360107421875,13.867377281188965,197.7989377975464,three_branches_False_0.9_0.5_50:50:50.h5mu
5.6490302085876465e-05,5.46470000006849e-05,185.19182858243585,168.03348948500002,3.7061607278883457,1.5147281710000016,0.00360107421875,12.407137870788574,197.79874420166016,three_branches_True_0.9_0.5_50:50:10.h5mu
6.12214207649231e-05,5.827200000041444e-05,188.49860981851816,167.5002078,3.650444444268942,1.5192256260000079,0.00360107421875,13.92903995513916,197.79713916778564,three_branches_True_0.9_0.5_50:50:70.h5mu
6.15045428276062e-05,5.912600000002044e-05,182.68608717992902,163.70938766199998,5.852030001580715,1.6087828550000154,0.00360107421875,13.169378280639648,197.80006408691406,three_branches_True_0.9_0.5_50:50:30.h5mu
6.36950135231018e-05,6.13569999998731e-05,196.52954787388444,174.479151436,16.7319068685174,2.0256026039999995,0.00360107421875,12.916318893432617,200.8518295288086,three_branches_False_0.9_0.5_50:70:10.h5mu
6.493180990219116e-05,6.260899999865899e-05,196.0097725354135,175.400951667,16.397986494004726,2.0131465700000035,0.00360107421875,13.350679397583008,200.8495864868164,three_branches_False_0.9_0.5_50:70:30.h5mu
6.305426359176636e-05,6.050300000026709e-05,178.6191695816815,168.224924885,2.2168557457625866,1.3435264200000177,0.00360107421875,13.6341552734375,197.7989377975464,three_branches_True_0.9_0.5_50:50:50.h5mu
6.36950135231018e-05,6.13569999998731e-05,196.52954787388444,174.479151436,2.837120458483696,1.5219467990000055,0.00360107421875,12.741105079650879,200.8518295288086,three_branches_True_0.9_0.5_50:70:10.h5mu
6.493180990219116e-05,6.260899999865899e-05,196.0097725354135,175.400951667,2.639056693762541,1.5108597830000008,0.00360107421875,13.167598724365234,200.8495864868164,three_branches_True_0.9_0.5_50:70:30.h5mu
6.346777081489563e-05,6.116499999997416e-05,193.71680469810963,175.35342493,16.896661791950464,1.7885477069999922,0.00360107421875,13.212590217590332,200.85196018218994,three_branches_False_0.9_0.5_50:70:50.h5mu
5.031004548072815e-05,4.839500000031194e-05,164.67060632258654,157.917838067,15.693334564566612,1.9709573369999873,0.00360107421875,12.437051773071289,197.8267936706543,three_branches_False_0.9_0.5_70:10:10.h5mu
6.346777081489563e-05,6.116499999997416e-05,193.71680469810963,175.35342493,3.1573298908770084,1.4884708400000193,0.00360107421875,12.974996566772461,200.85196018218994,three_branches_True_0.9_0.5_50:70:50.h5mu
6.229057908058167e-05,5.987900000015145e-05,170.6628562770784,159.49543538400002,14.378817848861217,1.9345543889999988,0.00360107421875,12.845760345458984,194.74696350097656,three_branches_False_0.9_0.5_70:10:30.h5mu
5.031004548072815e-05,4.839500000031194e-05,164.67060632258654,157.917838067,3.5305877961218357,1.4363346769999907,0.00360107421875,12.231490135192871,197.8267936706543,three_branches_True_0.9_0.5_70:10:10.h5mu
6.235018372535706e-05,5.932200000025034e-05,192.07228301092982,177.45235898500002,16.083942834287882,1.979946281999986,0.00360107421875,14.032698631286621,200.85037422180176,three_branches_False_0.9_0.5_50:70:70.h5mu
6.229057908058167e-05,5.987900000015145e-05,170.6628562770784,159.49543538400002,4.811608921736479,1.5601993619999917,0.00360107421875,12.679929733276367,194.74696350097656,three_branches_True_0.9_0.5_70:10:30.h5mu
7.578358054161072e-05,7.261300000038773e-05,180.176035489887,157.54123183,17.143244922161102,2.025674290999973,0.00360107421875,13.571619033813477,194.74503707885742,three_branches_False_0.9_0.5_70:10:50.h5mu
6.422027945518494e-05,6.182700000145758e-05,181.80061767622828,166.350664887,16.324764043092728,2.0517914280000014,0.00360107421875,13.174798965454102,197.7975378036499,three_branches_False_0.9_0.5_70:30:10.h5mu
6.235018372535706e-05,5.932200000025034e-05,192.07228301092982,177.45235898500002,4.0860279612243176,1.4868060059999948,0.00360107421875,13.853300094604492,200.85037422180176,three_branches_True_0.9_0.5_50:70:70.h5mu
7.578358054161072e-05,7.261300000038773e-05,180.176035489887,157.54123183,3.4914814829826355,1.5053846650000082,0.00360107421875,13.38504409790039,194.74503707885742,three_branches_True_0.9_0.5_70:10:50.h5mu
6.422027945518494e-05,6.182700000145758e-05,181.80061767622828,166.350664887,2.6450273245573044,1.5452058970000166,0.00360107421875,12.947056770324707,197.7975378036499,three_branches_True_0.9_0.5_70:30:10.h5mu
5.3144991397857666e-05,5.0069000000263486e-05,191.65527756139636,168.254066384,18.106197960674763,2.0215778490000105,0.00360107421875,13.973466873168945,197.80027389526367,three_branches_False_0.9_0.5_70:30:70.h5mu
6.23948872089386e-05,6.0085000001208755e-05,191.05987482517958,167.85099547599998,25.043289989233017,1.8794234849999896,0.00360107421875,12.690775871276855,197.79772472381592,three_branches_False_0.9_0.5_70:30:30.h5mu
5.2623450756073e-05,5.003599999930941e-05,188.86408076062799,165.87650370199998,21.92440114170313,1.9784511950000194,0.00360107421875,13.421093940734863,197.7970085144043,three_branches_False_0.9_0.5_70:30:50.h5mu
5.3144991397857666e-05,5.0069000000263486e-05,191.65527756139636,168.254066384,1.1846235990524292,1.073153923999996,0.00360107421875,13.802486419677734,197.80027389526367,three_branches_True_0.9_0.5_70:30:70.h5mu
6.23948872089386e-05,6.0085000001208755e-05,191.05987482517958,167.85099547599998,1.408926285803318,1.3887337689999981,0.00360107421875,12.525552749633789,197.79772472381592,three_branches_True_0.9_0.5_70:30:30.h5mu
5.2623450756073e-05,5.003599999930941e-05,188.86408076062799,165.87650370199998,1.271316535770893,1.25092685300001,0.00360107421875,13.271599769592285,197.7970085144043,three_branches_True_0.9_0.5_70:30:50.h5mu
6.716698408126831e-05,6.473599999878843e-05,349.2753696255386,692.86070988,6.475050181150436,1.710983394999971,0.00360107421875,12.565610885620117,200.84858989715576,three_branches_False_0.9_0.5_70:50:10.h5mu
6.718188524246216e-05,6.47289999999856e-05,349.9292582273483,698.230302187,7.84658345207572,1.9241342120000127,0.00360107421875,13.193318367004395,200.85139560699463,three_branches_False_0.9_0.5_70:50:30.h5mu
6.716698408126831e-05,6.473599999878843e-05,349.2753696255386,692.86070988,1.4006443731486797,1.1933779260000392,0.00360107421875,12.370830535888672,200.84858989715576,three_branches_True_0.9_0.5_70:50:10.h5mu
6.287172436714172e-05,6.025400000098102e-05,343.35693426057696,691.581367224,7.050994776189327,1.5787410429999227,0.00360107421875,13.82190990447998,200.85022735595703,three_branches_False_0.9_0.5_70:50:50.h5mu
6.718188524246216e-05,6.47289999999856e-05,349.9292582273483,698.230302187,0.9971141368150711,0.9779052299999194,0.00360107421875,13.036595344543457,200.85139560699463,three_branches_True_0.9_0.5_70:50:30.h5mu
6.287172436714172e-05,6.025400000098102e-05,343.35693426057696,691.581367224,1.0518810600042343,0.9694316210000125,0.00360107421875,13.652971267700195,200.85022735595703,three_branches_True_0.9_0.5_70:50:50.h5mu
5.708262324333191e-05,5.468600000035906e-05,129.30401257798076,127.12901549,31.50818056985736,2.0340766200000076,0.00360107421875,12.941059112548828,185.59167098999023,three_branches_False_0.9_0.5_10:10:30.h5mu
6.146728992462158e-05,5.926100000053225e-05,130.15117659419775,127.914462929,31.3995147831738,2.023859121000015,0.00360107421875,13.872047424316406,185.59136772155762,three_branches_False_0.9_0.5_10:10:50.h5mu
6.583705544471741e-05,6.431899999981283e-05,129.08447743579745,125.39410165100001,31.761750727891922,1.952132512999981,0.00360107421875,12.81710147857666,185.58938598632812,three_branches_False_0.9_0.5_10:10:10.h5mu
4.8216432332992554e-05,4.688900000004992e-05,130.2164841517806,126.75373892199998,29.85835985094309,1.9446015989999808,0.00360107421875,13.742722511291504,185.59027671813965,three_branches_False_0.9_0.5_10:10:70.h5mu
5.708262324333191e-05,5.468600000035906e-05,129.30401257798076,127.12901549,2.135474219918251,1.3544299819999992,0.00360107421875,12.767507553100586,185.59167098999023,three_branches_True_0.9_0.5_10:10:30.h5mu
6.146728992462158e-05,5.926100000053225e-05,130.15117659419775,127.914462929,1.9948358722031116,1.5173469540000042,0.00360107421875,13.692614555358887,185.59136772155762,three_branches_True_0.9_0.5_10:10:50.h5mu
6.583705544471741e-05,6.431899999981283e-05,129.08447743579745,125.39410165100001,1.9268020801246166,1.3703962509999883,0.00360107421875,12.631067276000977,185.58938598632812,three_branches_True_0.9_0.5_10:10:10.h5mu
4.8216432332992554e-05,4.688900000004992e-05,130.2164841517806,126.75373892199998,2.2613343745470047,1.2401172810000105,0.00360107421875,13.57374095916748,185.59027671813965,three_branches_True_0.9_0.5_10:10:70.h5mu
6.542354822158813e-05,6.290100000061472e-05,188.1123230047524,176.333692525,30.723138742148876,1.9552859780000063,0.00360107421875,13.383960723876953,200.84863948822021,three_branches_False_0.9_0.5_70:50:70.h5mu
5.08427619934082e-05,4.9548000000676495e-05,191.5544985793531,185.103181498,26.838228039443493,2.094798247,0.00360107421875,14.338473320007324,203.9040117263794,three_branches_False_0.9_0.5_70:70:70.h5mu
7.150694727897644e-05,6.965700000005626e-05,187.65745992213488,184.941937498,30.60415231436491,2.0431575259999875,0.00360107421875,12.891739845275879,203.90184020996094,three_branches_False_0.9_0.5_70:70:30.h5mu
6.34118914604187e-05,6.1007000000223854e-05,197.36959354951978,183.258213589,22.472559615969658,2.1194580979999955,0.00360107421875,12.715252876281738,203.90225982666016,three_branches_False_0.9_0.5_70:70:10.h5mu
6.1027705669403076e-05,5.914099999948519e-05,192.32607682049274,184.669762586,28.03029865026474,2.0085325629999886,0.00360107421875,13.518162727355957,203.902419090271,three_branches_False_0.9_0.5_70:70:50.h5mu
6.542354822158813e-05,6.290100000061472e-05,188.1123230047524,176.333692525,2.320063713937998,1.2960049800000206,0.00360107421875,13.146976470947266,200.84863948822021,three_branches_True_0.9_0.5_70:50:70.h5mu
6.34118914604187e-05,6.1007000000223854e-05,197.36959354951978,183.258213589,1.7985883764922619,1.3399426990000052,0.00360107421875,12.52647876739502,203.90225982666016,three_branches_True_0.9_0.5_70:70:10.h5mu
5.08427619934082e-05,4.9548000000676495e-05,191.5544985793531,185.103181498,1.7812001071870327,1.453010718999991,0.00360107421875,14.17074966430664,203.9040117263794,three_branches_True_0.9_0.5_70:70:70.h5mu
7.150694727897644e-05,6.965700000005626e-05,187.65745992213488,184.941937498,1.4487955830991268,1.3238255729999935,0.00360107421875,12.738655090332031,203.90184020996094,three_branches_True_0.9_0.5_70:70:30.h5mu
6.1027705669403076e-05,5.914099999948519e-05,192.32607682049274,184.669762586,1.8624595031142235,1.4133123709999893,0.00360107421875,13.281404495239258,203.902419090271,three_branches_True_0.9_0.5_70:70:50.h5mu
6.004422903060913e-05,5.815299999945012e-05,162.9112731218338,218.205384311,10.491010461002588,1.7016814029999807,0.00360107421875,12.662985801696777,188.6434326171875,three_branches_False_0.9_0.5_10:30:10.h5mu
6.620585918426514e-05,6.371100000102103e-05,157.33657175302505,212.064653867,13.935911476612091,1.5098285979999844,0.00360107421875,13.221899032592773,188.17297649383545,three_branches_False_0.9_0.5_10:30:30.h5mu
6.707385182380676e-05,6.405999999969936e-05,161.3929061293602,213.327938292,13.939873650670052,1.4694911330000195,0.00360107421875,13.162884712219238,188.64441299438477,three_branches_False_0.9_0.5_10:30:50.h5mu
6.004422903060913e-05,5.815299999945012e-05,162.9112731218338,218.205384311,0.9788992814719677,0.9691422150000051,0.00360107421875,12.474715232849121,188.6434326171875,three_branches_True_0.9_0.5_10:30:10.h5mu
6.620585918426514e-05,6.371100000102103e-05,157.33657175302505,212.064653867,1.6540071964263916,1.258698982999988,0.00360107421875,13.045197486877441,188.17297649383545,three_branches_True_0.9_0.5_10:30:30.h5mu
6.707385182380676e-05,6.405999999969936e-05,161.3929061293602,213.327938292,2.1943762488663197,1.4848253549999981,0.00360107421875,12.932796478271484,188.64441299438477,three_branches_True_0.9_0.5_10:30:50.h5mu
6.772205233573914e-05,6.540500000085103e-05,162.0919554196298,230.492968564,7.637759830802679,1.598230046999987,0.00360107421875,13.802962303161621,188.64159679412842,three_branches_False_0.9_0.5_10:30:70.h5mu
6.772205233573914e-05,6.540500000085103e-05,162.0919554196298,230.492968564,0.8460671603679657,0.8242963009999755,0.00360107421875,13.630762100219727,188.64159679412842,three_branches_True_0.9_0.5_10:30:70.h5mu
4.8644840717315674e-05,4.6977999999420206e-05,152.25099352002144,144.991563165,28.383511282503605,2.1511765220000143,0.00360107421875,13.837912559509277,191.6945571899414,three_branches_False_0.9_0.5_10:50:70.h5mu
6.705522537231445e-05,6.493900000048569e-05,143.84884591773152,142.54221105899998,29.25857315212488,2.118802723999977,0.00360107421875,13.020915985107422,191.69689273834229,three_branches_False_0.9_0.5_10:50:10.h5mu
5.906447768211365e-05,5.7769000000540416e-05,142.64094500616193,142.625767438,33.37850883975625,2.0591545880000126,0.00360107421875,12.615346908569336,188.64339637756348,three_branches_False_0.9_0.5_30:10:10.h5mu
4.854053258895874e-05,4.668199999979805e-05,142.7381712794304,142.093902138,34.59894656762481,2.0315519549999976,0.00360107421875,12.794342994689941,191.6963129043579,three_branches_False_0.9_0.5_10:50:30.h5mu
5.2209943532943726e-05,4.999299999930429e-05,146.3818937242031,142.369239266,35.133963491767645,2.2407666039999867,0.00360107421875,13.41662311553955,191.6955919265747,three_branches_False_0.9_0.5_10:50:50.h5mu
6.0442835092544556e-05,5.828099999938274e-05,161.5740532465279,152.304446467,26.002413529902697,2.0715057040000033,0.00360107421875,13.09653377532959,194.74594688415527,three_branches_False_0.9_0.5_10:70:30.h5mu
4.8644840717315674e-05,4.6977999999420206e-05,152.25099352002144,144.991563165,2.2777220383286476,1.4800891220000096,0.00360107421875,13.795215606689453,191.6945571899414,three_branches_True_0.9_0.5_10:50:70.h5mu
6.705522537231445e-05,6.493900000048569e-05,143.84884591773152,142.54221105899998,4.2777882143855095,1.586064738999994,0.00360107421875,12.809371948242188,191.69689273834229,three_branches_True_0.9_0.5_10:50:10.h5mu
6.375089287757874e-05,6.184999999980789e-05,169.06738637387753,151.031192395,22.099316533654928,2.060991501999979,0.00360107421875,13.467833518981934,194.7462673187256,three_branches_False_0.9_0.5_10:70:50.h5mu
5.906447768211365e-05,5.7769000000540416e-05,142.64094500616193,142.625767438,3.010193344205618,1.502504034999987,0.00360107421875,12.438033103942871,188.64339637756348,three_branches_True_0.9_0.5_30:10:10.h5mu
4.869326949119568e-05,4.658199999951762e-05,164.29846094548702,150.092091983,29.63789340108633,2.102583789000022,0.00360107421875,12.980011940002441,194.2743625640869,three_branches_False_0.9_0.5_10:70:10.h5mu
4.854053258895874e-05,4.668199999979805e-05,142.7381712794304,142.093902138,3.053736988455057,1.4676808979999976,0.00360107421875,12.645228385925293,191.6963129043579,three_branches_True_0.9_0.5_10:50:30.h5mu
6.58966600894928e-05,6.302699999949368e-05,174.5170865803957,151.36900333,20.630460403859615,1.9979971969999895,0.00360107421875,13.590612411499023,194.7471523284912,three_branches_False_0.9_0.5_10:70:70.h5mu
6.0442835092544556e-05,5.828099999938274e-05,161.5740532465279,152.304446467,3.5377113707363605,1.4908630860000187,0.00360107421875,12.930049896240234,194.74594688415527,three_branches_True_0.9_0.5_10:70:30.h5mu
5.2209943532943726e-05,4.999299999930429e-05,146.3818937242031,142.369239266,2.482828378677368,1.3859269579999989,0.00360107421875,13.227471351623535,191.6955919265747,three_branches_True_0.9_0.5_10:50:50.h5mu
4.869326949119568e-05,4.658199999951762e-05,164.29846094548702,150.092091983,2.6208505108952522,1.5065850189999992,0.00360107421875,12.794488906860352,194.2743625640869,three_branches_True_0.9_0.5_10:70:10.h5mu
6.375089287757874e-05,6.184999999980789e-05,169.06738637387753,151.031192395,5.370811514556408,1.4864379580000104,0.00360107421875,13.286287307739258,194.7462673187256,three_branches_True_0.9_0.5_10:70:50.h5mu
6.58966600894928e-05,6.302699999949368e-05,174.5170865803957,151.36900333,2.8814055509865284,1.468599504999986,0.00360107421875,13.431962966918945,194.7471523284912,three_branches_True_0.9_0.5_10:70:70.h5mu
4.804879426956177e-05,4.622099999984641e-05,151.0896894298494,220.30800876499998,11.085204374045134,1.4815209770000024,0.00360107421875,13.376031875610352,188.16948795318604,three_branches_False_0.9_0.5_30:10:50.h5mu
6.531551480293274e-05,5.912800000018592e-05,150.70430132746696,217.761443587,10.760666139423847,1.4994491699999912,0.00360107421875,13.516644477844238,188.6432580947876,three_branches_False_0.9_0.5_30:10:70.h5mu
4.804879426956177e-05,4.622099999984641e-05,151.0896894298494,220.30800876499998,2.0912094563245773,1.4080258299999855,0.00360107421875,13.164041519165039,188.16948795318604,three_branches_True_0.9_0.5_30:10:50.h5mu
6.531551480293274e-05,5.912800000018592e-05,150.70430132746696,217.761443587,1.942776933312416,1.375738081999998,0.00360107421875,13.296772956848145,188.6432580947876,three_branches_True_0.9_0.5_30:10:70.h5mu
4.552304744720459e-05,4.341399999940876e-05,163.77827947214246,246.897266862,7.462720457464457,1.5777379950000068,0.00360107421875,13.357154846191406,188.16936874389648,three_branches_False_0.9_0.5_30:10:30.h5mu
4.552304744720459e-05,4.341399999940876e-05,163.77827947214246,246.897266862,0.8848586492240429,0.8703921239999772,0.00360107421875,13.145957946777344,188.16936874389648,three_branches_True_0.9_0.5_30:10:30.h5mu
6.899982690811157e-05,6.690499999972843e-05,179.82049250230193,283.242625052,5.737454503774643,1.269110946000012,0.00360107421875,12.413926124572754,191.69494724273682,three_branches_False_0.9_0.5_30:30:10.h5mu
6.899982690811157e-05,6.690499999972843e-05,179.82049250230193,283.242625052,0.8241248913109303,0.8068138209999915,0.00360107421875,12.26133918762207,191.69494724273682,three_branches_True_0.9_0.5_30:30:10.h5mu
4.903506487607956e-05,4.696999999964646e-05,151.13766183238477,149.700105862,21.10475518833846,2.074092312999994,0.00360107421875,12.896183013916016,191.695481300354,three_branches_False_0.9_0.5_30:30:30.h5mu
7.655564695596695e-05,7.445999999955433e-05,154.98927673418075,151.379449424,25.60709860920906,2.2300387999999884,0.00360107421875,14.040145874023438,191.69427013397217,three_branches_False_0.9_0.5_30:30:70.h5mu
5.849543958902359e-05,5.642200000011144e-05,152.73391257505864,149.460954875,34.17567154020071,2.387046765000008,0.00360107421875,13.719987869262695,191.69640922546387,three_branches_False_0.9_0.5_30:30:50.h5mu
4.903506487607956e-05,4.696999999964646e-05,151.13766183238477,149.700105862,3.1935444148257375,1.5078903529999934,0.00360107421875,12.65506649017334,191.695481300354,three_branches_True_0.9_0.5_30:30:30.h5mu
7.655564695596695e-05,7.445999999955433e-05,154.98927673418075,151.379449424,3.7547517856583,1.5205026449999934,0.00360107421875,13.869357109069824,191.69427013397217,three_branches_True_0.9_0.5_30:30:70.h5mu
5.849543958902359e-05,5.642200000011144e-05,152.73391257505864,149.460954875,3.293475759215653,1.5879271619999997,0.00360107421875,13.622310638427734,191.69640922546387,three_branches_True_0.9_0.5_30:30:50.h5mu
6.874743849039078e-05,6.600900000108822e-05,165.30448437295854,157.26788926100002,40.853692014701664,2.151080739000008,0.00360107421875,12.365171432495117,194.74753952026367,three_branches_False_0.9_0.5_30:50:10.h5mu
4.444923251867294e-05,4.2582000000734865e-05,169.71806995384395,158.373330078,40.19373887218535,2.2860935680000125,0.00360107421875,14.398269653320312,194.27546310424805,three_branches_False_0.9_0.5_30:50:70.h5mu
6.174203008413315e-05,5.9078000000489794e-05,189.0612672418356,164.717285643,24.35661797877401,2.1225110029999996,0.00360107421875,13.672236442565918,194.8111333847046,three_branches_False_0.9_0.5_70:10:70.h5mu
5.35743311047554e-05,5.085600000143131e-05,170.3462002845481,159.95563464499998,38.63225436490029,2.087337328000018,0.00360107421875,13.415969848632812,194.7475128173828,three_branches_False_0.9_0.5_30:50:50.h5mu
5.522929131984711e-05,5.3763999998679424e-05,166.0780631378293,157.52431714899998,43.34768012911081,2.067482315999996,0.00360107421875,13.191720962524414,194.74531078338623,three_branches_False_0.9_0.5_30:50:30.h5mu
4.5464374125003815e-05,4.408899999930327e-05,181.76889683306217,167.281096718,29.746043431572616,2.1958977489999825,0.00360107421875,12.71455192565918,197.79676342010498,three_branches_False_0.9_0.5_30:70:10.h5mu
5.5314041674137115e-05,5.310199999986054e-05,185.92159774061292,166.2693339,25.76814396493137,2.2900952310000093,0.00360107421875,13.45888900756836,197.3275022506714,three_branches_False_0.9_0.5_30:70:30.h5mu
6.874743849039078e-05,6.600900000108822e-05,165.30448437295854,157.26788926100002,2.5287147108465433,1.4425791110000148,0.00360107421875,12.153700828552246,194.74753952026367,three_branches_True_0.9_0.5_30:50:10.h5mu
4.444923251867294e-05,4.2582000000734865e-05,169.71806995384395,158.373330078,2.692586285993457,1.616827136000012,0.00360107421875,14.263676643371582,194.27546310424805,three_branches_True_0.9_0.5_30:50:70.h5mu
5.522929131984711e-05,5.3763999998679424e-05,166.0780631378293,157.52431714899998,1.8365072328597307,1.3713379399999894,0.00360107421875,13.013087272644043,194.74531078338623,three_branches_True_0.9_0.5_30:50:30.h5mu
6.174203008413315e-05,5.9078000000489794e-05,189.0612672418356,164.717285643,1.7236765027046204,1.5213584340000068,0.00360107421875,13.494207382202148,194.8111333847046,three_branches_True_0.9_0.5_70:10:70.h5mu
5.35743311047554e-05,5.085600000143131e-05,170.3462002845481,159.95563464499998,1.9525226140394807,1.461631503999996,0.00360107421875,13.221626281738281,194.7475128173828,three_branches_True_0.9_0.5_30:50:50.h5mu
4.5464374125003815e-05,4.408899999930327e-05,181.76889683306217,167.281096718,1.8666499592363834,1.5111171829999819,0.00360107421875,12.513948440551758,197.79676342010498,three_branches_True_0.9_0.5_30:70:10.h5mu
5.5314041674137115e-05,5.310199999986054e-05,185.92159774061292,166.2693339,2.1687563974410295,1.504000973000018,0.00360107421875,13.29333209991455,197.3275022506714,three_branches_True_0.9_0.5_30:70:30.h5mu
6.42118975520134e-05,6.205399999892336e-05,155.75116948224604,149.81574523999998,13.846877060830593,1.9282375119999813,0.00360107421875,12.928489685058594,191.22249507904053,three_branches_False_0.9_0.5_50:10:10.h5mu
6.42118975520134e-05,6.205399999892336e-05,155.75116948224604,149.81574523999998,3.41112279612571,1.5873611639999865,0.00360107421875,12.795578002929688,191.22249507904053,three_branches_True_0.9_0.5_50:10:10.h5mu
5.307979881763458e-05,5.087000000081332e-05,164.96680619753897,158.275080943,23.690769699402153,1.9419520410000075,0.00360107421875,12.341753005981445,179.7888879776001,five_branches_False_0.7_0.7_10:50:50.h5mu
6.372574716806412e-05,6.145999999951357e-05,179.9782305182889,165.989985982,25.71484826039523,2.0055367349999926,0.00360107421875,13.569859504699707,197.79782485961914,three_branches_False_0.9_0.5_30:70:50.h5mu
6.058346480131149e-05,5.850800000040124e-05,157.1284826565534,152.941817199,29.520266108214855,2.1200551739999867,0.00360107421875,13.148191452026367,191.69459533691406,three_branches_False_0.9_0.5_50:10:30.h5mu
6.297137588262558e-05,6.0583999999863636e-05,185.3376804580912,164.37361099799998,24.070481929928064,1.9690873609999926,0.00360107421875,13.992411613464355,197.79960346221924,three_branches_False_0.9_0.5_30:70:70.h5mu
4.88990917801857e-05,4.666600000025056e-05,170.47342075314373,158.019481904,19.084625024348497,1.8559264589999884,0.00360107421875,12.832908630371094,179.78872680664062,five_branches_False_0.7_0.7_10:50:70.h5mu
6.372574716806412e-05,6.145999999951357e-05,179.9782305182889,165.989985982,4.982542005367577,1.5554237949999958,0.00360107421875,13.397324562072754,197.79782485961914,three_branches_True_0.9_0.5_30:70:50.h5mu
5.307979881763458e-05,5.087000000081332e-05,164.96680619753897,158.275080943,3.836591634899378,1.8991744749999953,0.00360107421875,12.386734008789062,179.7888879776001,five_branches_True_0.7_0.7_10:50:50.h5mu
6.058346480131149e-05,5.850800000040124e-05,157.1284826565534,152.941817199,4.701952932402492,1.5804460100000028,0.00360107421875,12.984536170959473,191.69459533691406,three_branches_True_0.9_0.5_50:10:30.h5mu
6.297137588262558e-05,6.0583999999863636e-05,185.3376804580912,164.37361099799998,3.075647004880011,1.5618675959999848,0.00360107421875,13.784217834472656,197.79960346221924,three_branches_True_0.9_0.5_30:70:70.h5mu
4.88990917801857e-05,4.666600000025056e-05,170.47342075314373,158.019481904,3.6727264653891325,1.4604275259999895,0.00360107421875,12.652090072631836,179.78872680664062,five_branches_True_0.7_0.7_10:50:70.h5mu
6.038695573806763e-05,5.792299999995976e-05,190.3216269109398,171.546052035,27.426687033846974,1.905907036000002,0.00360107421875,12.888327598571777,182.84077739715576,five_branches_False_0.7_0.7_10:70:70.h5mu
7.919128984212875e-05,7.695499999904598e-05,186.01153445150703,169.764931697,31.078869441524148,1.9407009260000052,0.00360107421875,11.496162414550781,182.84163570404053,five_branches_False_0.7_0.7_10:70:10.h5mu
5.988776683807373e-05,5.6993000000282734e-05,194.34032856300473,170.897379824,27.64500219654292,2.0790718430000084,0.00360107421875,11.994322776794434,182.83944416046143,five_branches_False_0.7_0.7_10:70:30.h5mu
6.029382348060608e-05,5.8055000000223345e-05,184.2820856915787,169.845803275,29.59700222685933,1.9595665439999834,0.00360107421875,12.696139335632324,182.8395881652832,five_branches_False_0.7_0.7_10:70:50.h5mu
7.919128984212875e-05,7.695499999904598e-05,186.01153445150703,169.764931697,3.0838863430544734,1.488811941000023,0.00360107421875,11.523353576660156,182.84163570404053,five_branches_True_0.7_0.7_10:70:10.h5mu
6.038695573806763e-05,5.792299999995976e-05,190.3216269109398,171.546052035,2.783107355237007,1.4851117080000051,0.00360107421875,12.761642456054688,182.84077739715576,five_branches_True_0.7_0.7_10:70:70.h5mu
5.988776683807373e-05,5.6993000000282734e-05,194.34032856300473,170.897379824,2.0035817567259073,1.4918919099999925,0.00360107421875,12.067119598388672,182.83944416046143,five_branches_True_0.7_0.7_10:70:30.h5mu
6.029382348060608e-05,5.8055000000223345e-05,184.2820856915787,169.845803275,2.4727297965437174,1.3435024050000095,0.00360107421875,12.639460563659668,182.8395881652832,five_branches_True_0.7_0.7_10:70:50.h5mu
7.280800491571426e-05,7.064300000081403e-05,166.92363093141466,159.20016767299998,16.699604300782084,2.7522328270000003,0.00360107421875,12.940832138061523,176.73589992523193,five_branches_False_0.7_0.7_30:10:10.h5mu
7.497146725654602e-05,7.334100000022659e-05,166.3544672774151,160.99545216299998,23.154611530713737,2.726510700999995,0.00360107421875,13.394213676452637,176.73594093322754,five_branches_False_0.7_0.7_30:10:30.h5mu
7.280800491571426e-05,7.064300000081403e-05,166.92363093141466,159.20016767299998,7.120132364332676,2.300304390000008,0.00360107421875,12.744256019592285,176.73589992523193,five_branches_True_0.7_0.7_30:10:10.h5mu
0.00012526381760835648,0.00012253799999939474,171.47048428561538,161.22390424099999,20.294880657456815,2.6841388980000147,0.00360107421875,13.690810203552246,176.26458644866943,five_branches_False_0.7_0.7_30:10:50.h5mu
9.51932743191719e-05,9.277900000093098e-05,170.76146047469229,161.80925878099998,21.781325217336416,2.5419915129999993,0.00360107421875,14.234448432922363,176.73457145690918,five_branches_False_0.7_0.7_30:10:70.h5mu
7.497146725654602e-05,7.334100000022659e-05,166.3544672774151,160.99545216299998,2.5716854324564338,2.083309831000008,0.00360107421875,13.226531028747559,176.73594093322754,five_branches_True_0.7_0.7_30:10:30.h5mu
7.194094359874725e-05,6.948899999947855e-05,191.0649581225589,172.131636246,23.780458381399512,2.024173984000015,0.00360107421875,11.748319625854492,179.7880802154541,five_branches_False_0.7_0.7_30:30:10.h5mu
0.00012526381760835648,0.00012253799999939474,171.47048428561538,161.22390424099999,6.244236722588539,2.3248828360000005,0.00360107421875,13.558576583862305,176.26458644866943,five_branches_True_0.7_0.7_30:10:50.h5mu
6.580352783203125e-05,6.371599999965838e-05,190.90675922017545,171.994391142,25.653317821212113,2.0192172129999904,0.00360107421875,12.301848411560059,179.78971672058105,five_branches_False_0.7_0.7_30:30:30.h5mu
9.51932743191719e-05,9.277900000093098e-05,170.76146047469229,161.80925878099998,6.774880717508495,2.379422328000004,0.00360107421875,14.111595153808594,176.73457145690918,five_branches_True_0.7_0.7_30:10:70.h5mu
6.630457937717438e-05,6.327499999869701e-05,193.4426023736596,169.10162482599998,16.24479517713189,2.0761222739999994,0.00360107421875,13.289833068847656,179.78817558288574,five_branches_False_0.7_0.7_30:30:70.h5mu
6.91460445523262e-05,6.683099999982289e-05,187.54606971424073,170.142756108,21.50693640857935,2.0658959869999762,0.00360107421875,12.632105827331543,179.78778457641602,five_branches_False_0.7_0.7_30:30:50.h5mu
7.194094359874725e-05,6.948899999947855e-05,191.0649581225589,172.131636246,4.464726486243308,1.617008673000015,0.00360107421875,11.799707412719727,179.7880802154541,five_branches_True_0.7_0.7_30:30:10.h5mu
6.580352783203125e-05,6.371599999965838e-05,190.90675922017545,171.994391142,2.111704796552658,1.455573945999987,0.00360107421875,12.360093116760254,179.78971672058105,five_branches_True_0.7_0.7_30:30:30.h5mu
6.630457937717438e-05,6.327499999869701e-05,193.4426023736596,169.10162482599998,2.7749939262866974,1.5271462159999771,0.00360107421875,13.296124458312988,179.78817558288574,five_branches_True_0.7_0.7_30:30:70.h5mu
6.91460445523262e-05,6.683099999982289e-05,187.54606971424073,170.142756108,4.4289359310641885,1.5553884040000128,0.00360107421875,12.547286987304688,179.78778457641602,five_branches_True_0.7_0.7_30:30:50.h5mu
6.005261093378067e-05,5.79639999997994e-05,211.87287393119186,183.86733766700002,19.249104587361217,2.0420477420000225,0.00360107421875,11.801939964294434,182.84024143218994,five_branches_False_0.7_0.7_30:50:10.h5mu
6.434973329305649e-05,6.186400000096626e-05,216.58257518708706,184.244936956,16.950288359075785,2.052646065999994,0.00360107421875,12.35202407836914,182.83998489379883,five_branches_False_0.7_0.7_30:50:30.h5mu
6.005261093378067e-05,5.79639999997994e-05,211.87287393119186,183.86733766700002,1.8039175271987915,1.431885374999979,0.00360107421875,11.830212593078613,182.84024143218994,five_branches_True_0.7_0.7_30:50:10.h5mu
6.434973329305649e-05,6.186400000096626e-05,216.58257518708706,184.244936956,1.7597380327060819,1.3708705290000012,0.00360107421875,12.404976844787598,182.83998489379883,five_branches_True_0.7_0.7_30:50:30.h5mu
6.583333015441895e-05,5.8726999998981455e-05,192.2889168523252,179.550601897,16.57532373815775,2.4748658480000074,0.00360107421875,13.274328231811523,182.36809921264648,five_branches_False_0.7_0.7_30:50:70.h5mu
6.685405969619751e-05,6.445500000040738e-05,194.68659322150052,177.850005643,17.65565461665392,1.9201988039999947,0.00360107421875,12.791460990905762,182.83651542663574,five_branches_False_0.7_0.7_30:50:50.h5mu
6.285030394792557e-05,6.0475000001503076e-05,167.83085671719164,162.57213016999998,16.390133230015635,2.7497340110000152,0.00360107421875,13.047008514404297,179.78623580932617,five_branches_False_0.7_0.7_50:10:10.h5mu
5.972571671009064e-05,5.7583999998556124e-05,175.76291554328054,164.035397094,16.413847371935844,2.5174201399999845,0.00360107421875,13.351944923400879,179.78637313842773,five_branches_False_0.7_0.7_50:10:30.h5mu
6.583333015441895e-05,5.8726999998981455e-05,192.2889168523252,179.550601897,4.580349736846983,2.039972880999983,0.00360107421875,13.173505783081055,182.36809921264648,five_branches_True_0.7_0.7_30:50:70.h5mu
6.685405969619751e-05,6.445500000040738e-05,194.68659322150052,177.850005643,3.361805820837617,1.4832643320000045,0.00360107421875,12.710721969604492,182.83651542663574,five_branches_True_0.7_0.7_30:50:50.h5mu
6.285030394792557e-05,6.0475000001503076e-05,167.83085671719164,162.57213016999998,5.719032367691398,2.253448591999984,0.00360107421875,12.974485397338867,179.78623580932617,five_branches_True_0.7_0.7_50:10:10.h5mu
5.2760355174541473e-05,5.054300000040257e-05,205.92790991719812,189.434416814,22.726627107709646,1.9614072749999991,0.00360107421875,12.203049659729004,185.89170265197754,five_branches_False_0.7_0.7_30:70:10.h5mu
6.858259439468384e-05,6.6120999999697e-05,176.066049461253,162.64671639199997,25.85415789950639,2.711616757999991,0.00360107421875,14.002609252929688,179.7880563735962,five_branches_False_0.7_0.7_50:10:50.h5mu
5.972571671009064e-05,5.7583999998556124e-05,175.76291554328054,164.035397094,5.985314308665693,2.1318429079999817,0.00360107421875,13.136366844177246,179.78637313842773,five_branches_True_0.7_0.7_50:10:30.h5mu
6.701517850160599e-05,5.9886999999037016e-05,175.1062032636255,163.31442786,25.1744248252362,2.6835141759999885,0.00360107421875,14.291516304016113,179.78707790374756,five_branches_False_0.7_0.7_50:10:70.h5mu
9.84417274594307e-05,9.562000000151727e-05,219.65965262241662,192.09482448,15.097411157563329,2.014945157999989,0.00360107421875,12.045323371887207,185.89096069335938,five_branches_False_0.7_0.7_30:70:30.h5mu
5.2760355174541473e-05,5.054300000040257e-05,205.92790991719812,189.434416814,3.3228547535836697,1.5442894470000113,0.00360107421875,12.201948165893555,185.89170265197754,five_branches_True_0.7_0.7_30:70:10.h5mu
6.858259439468384e-05,6.6120999999697e-05,176.066049461253,162.64671639199997,5.894562576897442,2.343284157999989,0.00360107421875,13.973664283752441,179.7880563735962,five_branches_True_0.7_0.7_50:10:50.h5mu
5.731731653213501e-05,5.449400000046012e-05,219.4926371909678,188.929125295,19.18074415717274,2.3500081429999966,0.00360107421875,13.016392707824707,184.48277854919434,five_branches_False_0.7_0.7_30:70:70.h5mu
6.701517850160599e-05,5.9886999999037016e-05,175.1062032636255,163.31442786,4.758348762989044,2.2712760579999838,0.00360107421875,14.156017303466797,179.78707790374756,five_branches_True_0.7_0.7_50:10:70.h5mu
9.84417274594307e-05,9.562000000151727e-05,219.65965262241662,192.09482448,3.051402784883976,1.4197575150000148,0.00360107421875,12.101579666137695,185.89096069335938,five_branches_True_0.7_0.7_30:70:30.h5mu
6.099045276641846e-05,5.9408000000260586e-05,221.73081641085446,190.78975840799998,19.30879674386233,1.821343277999972,0.00360107421875,12.445865631103516,185.4182939529419,five_branches_False_0.7_0.7_30:70:50.h5mu
5.731731653213501e-05,5.449400000046012e-05,219.4926371909678,188.929125295,2.9828227860853076,2.309877512000014,0.00360107421875,12.890828132629395,184.48277854919434,five_branches_True_0.7_0.7_30:70:70.h5mu
6.099045276641846e-05,5.9408000000260586e-05,221.73081641085446,190.78975840799998,2.189233163371682,1.3595938819999844,0.00360107421875,12.375667572021484,185.4182939529419,five_branches_True_0.7_0.7_30:70:50.h5mu
6.473902612924576e-05,6.242799999967019e-05,185.64726444147527,172.54993557199998,21.36953412182629,1.969937791999996,0.00360107421875,12.20187759399414,182.84142208099365,five_branches_False_0.7_0.7_50:30:10.h5mu
5.855131894350052e-05,5.614099999995403e-05,174.11419576685876,171.817090929,25.665030212141573,2.478010569999981,0.00360107421875,13.354866027832031,182.83967113494873,five_branches_False_0.7_0.7_50:30:50.h5mu
6.64740800857544e-05,6.40509999989547e-05,176.26739830058068,170.52173419300001,23.716704092919827,1.8704931930000157,0.00360107421875,12.45571517944336,182.84142589569092,five_branches_False_0.7_0.7_50:30:30.h5mu
6.694067269563675e-05,6.410700000003544e-05,187.33722265902907,173.045951003,14.453414043411613,2.329100982,0.00360107421875,13.224749565124512,182.36910438537598,five_branches_False_0.7_0.7_50:30:70.h5mu
6.473902612924576e-05,6.242799999967019e-05,185.64726444147527,172.54993557199998,2.9001236222684383,1.5281411379999952,0.00360107421875,12.254779815673828,182.84142208099365,five_branches_True_0.7_0.7_50:30:10.h5mu
5.855131894350052e-05,5.614099999995403e-05,174.11419576685876,171.817090929,1.799611547961831,1.5872258490000206,0.00360107421875,13.188417434692383,182.83967113494873,five_branches_True_0.7_0.7_50:30:50.h5mu
6.64740800857544e-05,6.40509999989547e-05,176.26739830058068,170.52173419300001,1.6264612590894103,1.2813820410000005,0.00360107421875,12.256485939025879,182.84142589569092,five_branches_True_0.7_0.7_50:30:30.h5mu
6.694067269563675e-05,6.410700000003544e-05,187.33722265902907,173.045951003,3.299100532196462,1.877881288000026,0.00360107421875,13.129843711853027,182.36910438537598,five_branches_True_0.7_0.7_50:30:70.h5mu
5.787145346403122e-05,5.568299999936244e-05,198.71067087817937,186.82691344699998,24.087590288370848,2.040742475000002,0.00360107421875,12.40810489654541,185.4197998046875,five_branches_False_0.7_0.7_50:50:30.h5mu
5.014240741729736e-05,4.756999999955269e-05,199.4591259472072,184.26007040899998,25.360771576873958,2.0093728850000048,0.00360107421875,12.105321884155273,185.8893756866455,five_branches_False_0.7_0.7_50:50:10.h5mu
6.162840873003006e-05,5.913699999915423e-05,200.64980825129896,185.337659624,21.686143243685365,1.8775481879999916,0.00360107421875,13.134420394897461,185.89135837554932,five_branches_False_0.7_0.7_50:50:50.h5mu
6.503704935312271e-05,6.255800000154466e-05,214.10711820423603,196.566320879,13.585515886545181,1.8299099029999866,0.00360107421875,11.50250244140625,188.94275665283203,five_branches_False_0.7_0.7_50:70:10.h5mu
6.086379289627075e-05,5.877599999948302e-05,202.12098076194525,185.440145459,21.655853151343763,2.5271355959999937,0.00360107421875,13.485097885131836,185.89182949066162,five_branches_False_0.7_0.7_50:50:70.h5mu
5.787145346403122e-05,5.568299999936244e-05,198.71067087817937,186.82691344699998,2.8213939471170306,1.4907408370000041,0.00360107421875,12.34898567199707,185.4197998046875,five_branches_True_0.7_0.7_50:50:30.h5mu
5.014240741729736e-05,4.756999999955269e-05,199.4591259472072,184.26007040899998,2.683302220888436,1.4477360050000243,0.00360107421875,11.974869728088379,185.8893756866455,five_branches_True_0.7_0.7_50:50:10.h5mu
6.162840873003006e-05,5.913699999915423e-05,200.64980825129896,185.337659624,3.3434187211096287,1.5082811900000195,0.00360107421875,13.048879623413086,185.89135837554932,five_branches_True_0.7_0.7_50:50:50.h5mu
6.503704935312271e-05,6.255800000154466e-05,214.10711820423603,196.566320879,3.7385238241404295,1.4691172569999935,0.00360107421875,11.500589370727539,188.94275665283203,five_branches_True_0.7_0.7_50:70:10.h5mu
6.086379289627075e-05,5.877599999948302e-05,202.12098076194525,185.440145459,4.448655804619193,2.118242835000018,0.00360107421875,13.368515014648438,185.89182949066162,five_branches_True_0.7_0.7_50:50:70.h5mu
5.033425986766815e-05,4.835600000063778e-05,221.42091921716928,197.21161368,15.731510227546096,1.76647832499998,0.00360107421875,12.15377426147461,188.9440402984619,five_branches_False_0.7_0.7_50:70:30.h5mu
5.033425986766815e-05,4.835600000063778e-05,221.42091921716928,197.21161368,1.5035743322223425,1.4366260250000096,0.00360107421875,12.08265495300293,188.9440402984619,five_branches_True_0.7_0.7_50:70:30.h5mu
5.8346427977085114e-05,5.620800000016857e-05,178.21115603484213,168.16254385800002,18.262108005583286,2.5519045519999963,0.00360107421875,13.187731742858887,185.9199275970459,five_branches_False_0.7_0.7_70:10:30.h5mu
6.331689655780792e-05,6.107299999946747e-05,181.20347480569035,168.54571986300002,19.925567797385156,2.3491988359999993,0.00360107421875,12.993638038635254,182.84086227416992,five_branches_False_0.7_0.7_70:10:10.h5mu
5.8346427977085114e-05,5.620800000016857e-05,178.21115603484213,168.16254385800002,4.084789228625596,2.063663646000009,0.00360107421875,12.996496200561523,185.9199275970459,five_branches_True_0.7_0.7_70:10:30.h5mu
6.331689655780792e-05,6.107299999946747e-05,181.20347480569035,168.54571986300002,7.9536187360063195,2.3329618490000144,0.00360107421875,12.739938735961914,182.84086227416992,five_branches_True_0.7_0.7_70:10:10.h5mu
6.096158176660538e-05,5.8404000000678025e-05,178.24483482446522,171.177480148,21.66343570034951,2.611256919999988,0.00360107421875,13.435789108276367,185.92254066467285,five_branches_False_0.7_0.7_70:10:50.h5mu
6.064958870410919e-05,5.8863999999658745e-05,213.0758698778227,196.17650289399998,22.014923681505024,2.612766558000004,0.00360107421875,13.116101264953613,188.94278240203857,five_branches_False_0.7_0.7_50:70:70.h5mu
5.723349750041962e-05,5.1501000001508146e-05,181.79961483739316,170.726069921,25.01475556846708,2.7069435410000153,0.00360107421875,14.188531875610352,182.84176349639893,five_branches_False_0.7_0.7_70:10:70.h5mu
5.220435559749603e-05,4.974299999993548e-05,196.57252167444676,179.606427875,19.815187980420887,1.9147110409999755,0.00360107421875,13.20461368560791,185.89148712158203,five_branches_False_0.7_0.7_70:30:50.h5mu
6.419233977794647e-05,6.140699999868104e-05,199.8502011951059,182.153804218,19.792111628688872,1.9643002739999815,0.00360107421875,12.856746673583984,185.89255809783936,five_branches_False_0.7_0.7_70:30:30.h5mu
6.096158176660538e-05,5.8404000000678025e-05,178.24483482446522,171.177480148,3.4870749497786164,2.0464361380000184,0.00360107421875,13.270515441894531,185.92254066467285,five_branches_True_0.7_0.7_70:10:50.h5mu
5.375035107135773e-05,5.1841999999524546e-05,221.02858598995954,196.462132873,20.35484408121556,1.96423751399999,0.00360107421875,12.439342498779297,188.9425106048584,five_branches_False_0.7_0.7_50:70:50.h5mu
6.064958870410919e-05,5.8863999999658745e-05,213.0758698778227,196.17650289399998,3.6158938501030207,1.9951206439999964,0.00360107421875,13.091811180114746,188.94278240203857,five_branches_True_0.7_0.7_50:70:70.h5mu
5.723349750041962e-05,5.1501000001508146e-05,181.79961483739316,170.726069921,6.047640829347074,2.2147425770000098,0.00360107421875,14.02161979675293,182.84176349639893,five_branches_True_0.7_0.7_70:10:70.h5mu
6.419233977794647e-05,6.140699999868104e-05,199.8502011951059,182.153804218,4.064571847207844,1.5343383130000063,0.00360107421875,12.900588989257812,185.89255809783936,five_branches_True_0.7_0.7_70:30:30.h5mu
5.375035107135773e-05,5.1841999999524546e-05,221.02858598995954,196.462132873,3.3715152703225613,1.4780383410000013,0.00360107421875,12.3184232711792,188.9425106048584,five_branches_True_0.7_0.7_50:70:50.h5mu
5.220435559749603e-05,4.974299999993548e-05,196.57252167444676,179.606427875,4.987775140441954,1.6476271220000172,0.00360107421875,13.25546932220459,185.89148712158203,five_branches_True_0.7_0.7_70:30:50.h5mu
6.269197911024094e-05,6.0154999999895153e-05,213.0587037941441,181.129172529,21.41220594290644,2.0062746560000164,0.00360107421875,12.203561782836914,185.8924560546875,five_branches_False_0.7_0.7_70:30:10.h5mu
5.947146564722061e-05,5.7287000000627586e-05,200.01674617640674,182.625341418,19.72575063072145,2.4291060170000094,0.00360107421875,13.545144081115723,185.89331340789795,five_branches_False_0.7_0.7_70:30:70.h5mu
6.269197911024094e-05,6.0154999999895153e-05,213.0587037941441,181.129172529,2.4509027982130647,1.4668347949999827,0.00360107421875,12.112143516540527,185.8924560546875,five_branches_True_0.7_0.7_70:30:10.h5mu
5.947146564722061e-05,5.7287000000627586e-05,200.01674617640674,182.625341418,1.8013132773339748,1.7665950880000025,0.00360107421875,13.42609977722168,185.89331340789795,five_branches_True_0.7_0.7_70:30:70.h5mu
4.9583613872528076e-05,4.7749000000152364e-05,133.54165582638234,128.577193929,24.320737554691732,2.3494104639999875,0.00360107421875,12.52556037902832,173.74831771850586,five_branches_False_0.7_0.7_10:10:10.h5mu
5.979742854833603e-05,5.7070000000436494e-05,134.17827329505235,131.530055793,23.221315034665167,2.565759608999997,0.00360107421875,12.971578598022461,173.68456268310547,five_branches_False_0.7_0.7_10:10:30.h5mu
4.9583613872528076e-05,4.7749000000152364e-05,133.54165582638234,128.577193929,1.9749283976852894,1.411185689000007,0.00360107421875,12.39990520477295,173.74831771850586,five_branches_True_0.7_0.7_10:10:10.h5mu
5.979742854833603e-05,5.7070000000436494e-05,134.17827329505235,131.530055793,2.6652813609689474,1.9161279340000021,0.00360107421875,12.855057716369629,173.68456268310547,five_branches_True_0.7_0.7_10:10:30.h5mu
6.439164280891418e-05,6.135599999979036e-05,207.1206695297733,193.715193576,13.355993891134858,1.9261544729999969,0.00360107421875,11.800731658935547,188.9423122406006,five_branches_False_0.7_0.7_70:50:10.h5mu
5.435477942228317e-05,5.1411999999473323e-05,213.18996723368764,193.01138833500002,14.199129219166934,1.8579252199999985,0.00360107421875,12.202994346618652,188.94461727142334,five_branches_False_0.7_0.7_70:50:30.h5mu
6.439164280891418e-05,6.135599999979036e-05,207.1206695297733,193.715193576,2.291375353001058,1.3401827389999994,0.00360107421875,11.855820655822754,188.9423122406006,five_branches_True_0.7_0.7_70:50:10.h5mu
6.996188312768936e-05,6.248799999930554e-05,210.72331721149385,193.734207723,19.171565225347877,1.9800823150000042,0.00360107421875,13.704608917236328,188.94451999664307,five_branches_False_0.7_0.7_70:50:50.h5mu
6.304401904344559e-05,6.1006999999335676e-05,204.96842605248094,193.067965368,18.171164116822183,2.4710110240000063,0.00360107421875,13.388596534729004,188.94237613677979,five_branches_False_0.7_0.7_70:50:70.h5mu
5.435477942228317e-05,5.1411999999473323e-05,213.18996723368764,193.01138833500002,3.7319980934262276,1.5251902100000052,0.00360107421875,12.267056465148926,188.94461727142334,five_branches_True_0.7_0.7_70:50:30.h5mu
6.996188312768936e-05,6.248799999930554e-05,210.72331721149385,193.734207723,2.6992760552093387,1.435789591999992,0.00360107421875,13.738500595092773,188.94451999664307,five_branches_True_0.7_0.7_70:50:50.h5mu
6.304401904344559e-05,6.1006999999335676e-05,204.96842605248094,193.067965368,3.9918151665478945,1.9223089790000074,0.00360107421875,13.372414588928223,188.94237613677979,five_branches_True_0.7_0.7_70:50:70.h5mu
6.259605288505554e-05,6.0213999999447765e-05,232.66848095413297,206.06792018299998,21.251056774519384,1.9737427610000111,0.00360107421875,11.7086181640625,191.52425479888916,five_branches_False_0.7_0.7_70:70:10.h5mu
4.957243800163269e-05,4.714900000024613e-05,222.53350116778165,204.667472823,25.75854125060141,1.964991093000009,0.00360107421875,13.238556861877441,191.9947280883789,five_branches_False_0.7_0.7_70:70:70.h5mu
5.875900387763977e-05,5.639400000134742e-05,217.87309097405523,206.45171375500001,26.279414693824947,2.1105851750000113,0.00360107421875,12.692054748535156,191.9961051940918,five_branches_False_0.7_0.7_70:70:50.h5mu
5.4253265261650085e-05,5.193000000147663e-05,222.67263091076165,206.637792552,25.753616511821747,1.954724456000008,0.00360107421875,11.94975757598877,191.99437522888184,five_branches_False_0.7_0.7_70:70:30.h5mu
6.259605288505554e-05,6.0213999999447765e-05,232.66848095413297,206.06792018299998,1.8806550605222583,1.3962396850000118,0.00360107421875,11.695383071899414,191.52425479888916,five_branches_True_0.7_0.7_70:70:10.h5mu
4.957243800163269e-05,4.714900000024613e-05,222.53350116778165,204.667472823,1.9814106216654181,1.415690681000001,0.00360107421875,13.303032875061035,191.9947280883789,five_branches_True_0.7_0.7_70:70:70.h5mu
5.875900387763977e-05,5.639400000134742e-05,217.87309097405523,206.45171375500001,2.1708623813465238,1.3516853069999968,0.00360107421875,12.559059143066406,191.9961051940918,five_branches_True_0.7_0.7_70:70:50.h5mu
5.4253265261650085e-05,5.193000000147663e-05,222.67263091076165,206.637792552,2.243764583952725,1.3200156119999917,0.00360107421875,11.880752563476562,191.99437522888184,five_branches_True_0.7_0.7_70:70:30.h5mu
6.046239286661148e-05,5.841900000014277e-05,156.8400786491111,135.682831197,23.795200099237263,2.3494369999999947,0.00360107421875,13.364544868469238,173.68538188934326,five_branches_False_0.7_0.7_10:10:50.h5mu
6.02230429649353e-05,5.791100000074323e-05,152.49932548217475,133.593730869,22.942271302454174,2.4047412060000113,0.00360107421875,13.796092987060547,173.68457221984863,five_branches_False_0.7_0.7_10:10:70.h5mu
6.046239286661148e-05,5.841900000014277e-05,156.8400786491111,135.682831197,2.4758463418111205,2.0007760629999893,0.00360107421875,13.340786933898926,173.68538188934326,five_branches_True_0.7_0.7_10:10:50.h5mu
6.02230429649353e-05,5.791100000074323e-05,152.49932548217475,133.593730869,2.5490978034213185,1.8225690130000203,0.00360107421875,13.544944763183594,173.68457221984863,five_branches_True_0.7_0.7_10:10:70.h5mu
6.158649921417236e-05,5.9037999999844715e-05,165.23232113290578,143.849701302,22.9657781412825,1.9246523779999904,0.00360107421875,11.797054290771484,176.7340269088745,five_branches_False_0.7_0.7_10:30:10.h5mu
5.6259334087371826e-05,5.3853000000714246e-05,154.87087347358465,143.51535994900001,22.40171901974827,1.9330551840000112,0.00360107421875,12.44936466217041,176.73487758636475,five_branches_False_0.7_0.7_10:30:30.h5mu
6.137508898973465e-05,5.8728999999146936e-05,154.88996246270835,143.49327853900002,19.837860611267388,1.9199598200000025,0.00360107421875,13.13747787475586,176.7373399734497,five_branches_False_0.7_0.7_10:30:70.h5mu
5.096103996038437e-05,4.90880000008076e-05,166.97076978627592,143.195104796,12.362620160914958,1.856088423000017,0.00360107421875,12.69569206237793,176.73540019989014,five_branches_False_0.7_0.7_10:30:50.h5mu
6.158649921417236e-05,5.9037999999844715e-05,165.23232113290578,143.849701302,3.4599271286278963,1.5373479430000145,0.00360107421875,11.859498023986816,176.7340269088745,five_branches_True_0.7_0.7_10:30:10.h5mu
5.6259334087371826e-05,5.3853000000714246e-05,154.87087347358465,143.51535994900001,3.173469355329871,1.550089559000014,0.00360107421875,12.510275840759277,176.73487758636475,five_branches_True_0.7_0.7_10:30:30.h5mu
6.137508898973465e-05,5.8728999999146936e-05,154.88996246270835,143.49327853900002,1.9438104005530477,1.2827921490000165,0.00360107421875,12.967986106872559,176.7373399734497,five_branches_True_0.7_0.7_10:30:70.h5mu
5.096103996038437e-05,4.90880000008076e-05,166.97076978627592,143.195104796,2.193836821243167,1.3919145860000128,0.00360107421875,12.741429328918457,176.73540019989014,five_branches_True_0.7_0.7_10:30:50.h5mu
6.321072578430176e-05,6.103800000012427e-05,178.09791808854789,160.871533549,16.542370341718197,1.8365748300000178,0.00360107421875,12.098994255065918,179.78851985931396,five_branches_False_0.7_0.7_10:50:30.h5mu
7.603876292705536e-05,7.216300000045806e-05,181.45497533865273,159.234092029,22.008940481580794,1.998478328999994,0.00360107421875,11.289885520935059,179.78920555114746,five_branches_False_0.7_0.7_10:50:10.h5mu
6.321072578430176e-05,6.103800000012427e-05,178.09791808854789,160.871533549,3.611259788274765,1.4761536309999883,0.00360107421875,12.191144943237305,179.78851985931396,five_branches_True_0.7_0.7_10:50:30.h5mu
6.094388663768768e-05,5.8150999999284636e-05,184.17167482618243,175.065441416,19.757549879141152,1.9980825650000043,0.00360107421875,11.796638488769531,182.42295169830322,five_branches_False_0.3_0.7_50:30:10.h5mu
8.673034608364105e-05,7.928700000014999e-05,190.73196163587272,173.116251818,14.435766763985157,2.0616998320000164,0.00360107421875,12.362752914428711,181.9518928527832,five_branches_False_0.3_0.7_50:30:30.h5mu
7.603876292705536e-05,7.216300000045806e-05,181.45497533865273,159.234092029,1.880024392157793,1.2603359860000012,0.00360107421875,11.29690170288086,179.78920555114746,five_branches_True_0.7_0.7_10:50:10.h5mu
6.094388663768768e-05,5.8150999999284636e-05,184.17167482618243,175.065441416,3.0391925871372223,1.5225244339999904,0.00360107421875,11.738743782043457,182.42295169830322,five_branches_True_0.3_0.7_50:30:10.h5mu
8.673034608364105e-05,7.928700000014999e-05,190.73196163587272,173.116251818,3.835073394700885,1.487810077000006,0.00360107421875,12.248567581176758,181.9518928527832,five_branches_True_0.3_0.7_50:30:30.h5mu
7.057469338178635e-05,6.824199999933e-05,198.15977469459176,178.066100423,19.37852460704744,1.8470019769999908,0.00360107421875,12.954670906066895,182.4229564666748,five_branches_False_0.3_0.7_50:30:50.h5mu
6.141327321529388e-05,5.913899999931971e-05,199.75780453626066,175.36323811,15.515912625938654,1.9695233790000088,0.00360107421875,13.572059631347656,182.42209434509277,five_branches_False_0.3_0.7_50:30:70.h5mu
7.057469338178635e-05,6.824199999933e-05,198.15977469459176,178.066100423,1.892149698920548,1.419254953999996,0.00360107421875,12.873827934265137,182.4229564666748,five_branches_True_0.3_0.7_50:30:50.h5mu
6.141327321529388e-05,5.913899999931971e-05,199.75780453626066,175.36323811,1.7918159076943994,1.4048188369999934,0.00360107421875,13.414623260498047,182.42209434509277,five_branches_True_0.3_0.7_50:30:70.h5mu
5.835946649312973e-05,5.584700000049736e-05,212.16084019094706,187.002022712,18.744430483318865,2.041339614000009,0.00360107421875,12.673178672790527,185.4741325378418,five_branches_False_0.3_0.7_50:50:50.h5mu
6.443727761507034e-05,6.214400000104092e-05,215.97654389124364,195.198169988,19.189074229449034,1.995957795999999,0.00360107421875,11.948149681091309,188.52778911590576,five_branches_False_0.3_0.7_50:70:10.h5mu
6.283167749643326e-05,6.047299999956124e-05,211.96027257107198,185.254139204,22.162832206115127,2.104982245000002,0.00360107421875,13.708223342895508,185.0032138824463,five_branches_False_0.3_0.7_50:50:70.h5mu
6.109941750764847e-05,5.842399999878012e-05,214.96845248993486,196.945327429,16.123157960362732,2.019227755000003,0.00360107421875,12.457315444946289,188.52719593048096,five_branches_False_0.3_0.7_50:70:30.h5mu
5.835946649312973e-05,5.584700000049736e-05,212.16084019094706,187.002022712,2.0921995947137475,1.2983784829999934,0.00360107421875,12.547653198242188,185.4741325378418,five_branches_True_0.3_0.7_50:50:50.h5mu
6.443727761507034e-05,6.214400000104092e-05,215.97654389124364,195.198169988,2.1646863296628,1.5033362220000015,0.00360107421875,12.010261535644531,188.52778911590576,five_branches_True_0.3_0.7_50:70:10.h5mu
6.283167749643326e-05,6.047299999956124e-05,211.96027257107198,185.254139204,2.5329426815733314,1.433867967000026,0.00360107421875,13.628840446472168,185.0032138824463,five_branches_True_0.3_0.7_50:50:70.h5mu
6.109941750764847e-05,5.842399999878012e-05,214.96845248993486,196.945327429,3.146073534153402,1.5231056740000213,0.00360107421875,12.400477409362793,188.52719593048096,five_branches_True_0.3_0.7_50:70:30.h5mu
5.976483225822449e-05,5.7268000000831876e-05,198.78117346391082,167.935884318,18.46037378720939,2.103627305999993,0.00360107421875,12.610917091369629,182.42287635803223,five_branches_False_0.3_0.7_70:10:10.h5mu
6.0595571994781494e-05,5.817299999932857e-05,193.22181508503854,167.502482833,20.044562033377588,2.018473744000005,0.00360107421875,13.018321990966797,182.42417430877686,five_branches_False_0.3_0.7_70:10:30.h5mu
6.536673754453659e-05,6.277499999995939e-05,213.24538849573582,195.132296147,17.598394480533898,1.8253108060000045,0.00360107421875,13.14729118347168,188.52515029907227,five_branches_False_0.3_0.7_50:70:70.h5mu
6.0595571994781494e-05,5.817299999932857e-05,193.22181508503854,167.502482833,1.7969248248264194,1.2940513099999862,0.00360107421875,12.825043678283691,182.42417430877686,five_branches_True_0.3_0.7_70:10:30.h5mu
5.976483225822449e-05,5.7268000000831876e-05,198.78117346391082,167.935884318,2.1665799831971526,1.4458239370000001,0.00360107421875,12.48005485534668,182.42287635803223,five_branches_True_0.3_0.7_70:10:10.h5mu
5.9023499488830566e-05,5.6665000000677423e-05,225.46040772553533,195.609320056,11.940802100114524,1.8910578979999855,0.00360107421875,12.550040245056152,188.05547332763672,five_branches_False_0.3_0.7_50:70:50.h5mu
6.536673754453659e-05,6.277499999995939e-05,213.24538849573582,195.132296147,2.993216066621244,1.1801079749999985,0.00360107421875,13.004485130310059,188.52515029907227,five_branches_True_0.3_0.7_50:70:70.h5mu
5.9023499488830566e-05,5.6665000000677423e-05,225.46040772553533,195.609320056,1.9375640396028757,1.3648646519999943,0.00360107421875,12.522160530090332,188.05547332763672,five_branches_True_0.3_0.7_50:70:50.h5mu
5.490519106388092e-05,5.227199999957577e-05,158.66243189759552,137.932805337,20.608250323683023,1.892116963999996,0.00360107421875,12.101709365844727,173.26642608642578,five_branches_False_0.3_0.7_10:10:10.h5mu
5.200784653425217e-05,4.9716999999560585e-05,164.40673854760826,138.38841692199998,16.840284136123955,1.974354255999998,0.00360107421875,13.06859016418457,173.26684379577637,five_branches_False_0.3_0.7_10:10:50.h5mu
5.490519106388092e-05,5.227199999957577e-05,158.66243189759552,137.932805337,2.038199638016522,1.326528747999987,0.00360107421875,12.09421157836914,173.26642608642578,five_branches_True_0.3_0.7_10:10:10.h5mu
5.200784653425217e-05,4.9716999999560585e-05,164.40673854760826,138.38841692199998,2.7530587846413255,1.4073040610000191,0.00360107421875,12.927708625793457,173.26684379577637,five_branches_True_0.3_0.7_10:10:50.h5mu
6.12819567322731e-05,5.9250999999704845e-05,146.30730529036373,134.59983024399997,15.943416552618146,1.8058290580000005,0.00360107421875,13.418924331665039,172.79897022247314,five_branches_False_0.3_0.7_10:10:70.h5mu
6.12819567322731e-05,5.9250999999704845e-05,146.30730529036373,134.59983024399997,3.24595841858536,1.4288763790000019,0.00360107421875,13.381901741027832,172.79897022247314,five_branches_True_0.3_0.7_10:10:70.h5mu
6.874650716781616e-05,6.550400000016054e-05,167.42991814669222,148.077844149,21.280565164983273,1.9801036340000167,0.00360107421875,11.519087791442871,176.32096195220947,five_branches_False_0.3_0.7_10:30:10.h5mu
5.997810512781143e-05,5.8058000000471566e-05,162.6567938318476,148.664621525,21.364091197028756,2.005413841999996,0.00360107421875,12.203248977661133,176.32105827331543,five_branches_False_0.3_0.7_10:30:30.h5mu
6.0955993831157684e-05,5.839800000018158e-05,171.12364191003144,150.35009333,13.724238378927112,1.901032626999978,0.00360107421875,12.759417533874512,176.3185510635376,five_branches_False_0.3_0.7_10:30:50.h5mu
5.997810512781143e-05,5.8058000000471566e-05,162.6567938318476,148.664621525,1.7038202919065952,1.2998241009999845,0.00360107421875,12.029633522033691,176.32105827331543,five_branches_True_0.3_0.7_10:30:30.h5mu
6.874650716781616e-05,6.550400000016054e-05,167.42991814669222,148.077844149,1.9360258160158992,1.3305137480000155,0.00360107421875,11.459376335144043,176.32096195220947,five_branches_True_0.3_0.7_10:30:10.h5mu
6.0955993831157684e-05,5.839800000018158e-05,171.12364191003144,150.35009333,3.5841927342116833,1.4962493660000007,0.00360107421875,12.585383415222168,176.3185510635376,five_branches_True_0.3_0.7_10:30:50.h5mu
6.352737545967102e-05,6.133000000119182e-05,165.6022920301184,149.19370303,14.721468857489526,1.9360020839999947,0.00360107421875,13.555014610290527,176.31637001037598,five_branches_False_0.3_0.7_10:30:70.h5mu
6.352737545967102e-05,6.133000000119182e-05,165.6022920301184,149.19370303,1.4760325085371733,1.2284627880000016,0.00360107421875,13.408191680908203,176.31637001037598,five_branches_True_0.3_0.7_10:30:70.h5mu
6.661098450422287e-05,6.412599999983115e-05,186.78703709039837,159.249403281,21.173921471461654,1.9278781210000204,0.00360107421875,11.56592082977295,179.3697748184204,five_branches_False_0.3_0.7_10:50:10.h5mu
5.321856588125229e-05,4.6790000000740406e-05,188.5884602572769,170.576612262,20.701434812508523,2.0023129770000025,0.00360107421875,13.471564292907715,182.42168045043945,five_branches_False_0.3_0.7_70:10:50.h5mu
6.332900375127792e-05,6.106200000033368e-05,183.8597162226215,160.325989203,19.040066993795335,2.005266272,0.00360107421875,11.9461030960083,179.37096405029297,five_branches_False_0.3_0.7_10:50:30.h5mu
6.661098450422287e-05,6.412599999983115e-05,186.78703709039837,159.249403281,2.396358197554946,1.4244968730000096,0.00360107421875,11.610352516174316,179.3697748184204,five_branches_True_0.3_0.7_10:50:10.h5mu
5.321856588125229e-05,4.6790000000740406e-05,188.5884602572769,170.576612262,1.617934755049646,1.3750366000000156,0.00360107421875,13.293004989624023,182.42168045043945,five_branches_True_0.3_0.7_70:10:50.h5mu
6.332900375127792e-05,6.106200000033368e-05,183.8597162226215,160.325989203,1.807394697330892,1.3927799899999798,0.00360107421875,11.872319221496582,179.37096405029297,five_branches_True_0.3_0.7_10:50:30.h5mu
6.383098661899567e-05,6.145699999926535e-05,207.2196530047804,185.204398059,17.97431654855609,1.8672752239999966,0.00360107421875,11.894429206848145,185.47388172149658,five_branches_False_0.3_0.7_70:30:10.h5mu
6.38868659734726e-05,6.135999999834496e-05,176.92134834825993,159.15584182600003,19.12566002830863,1.8390308659999732,0.00360107421875,13.53151798248291,179.37044429779053,five_branches_False_0.3_0.7_10:50:70.h5mu
6.38868659734726e-05,6.135999999834496e-05,176.92134834825993,159.15584182600003,3.7420965749770403,1.4807214949999832,0.00360107421875,13.410307884216309,179.37044429779053,five_branches_True_0.3_0.7_10:50:70.h5mu
6.383098661899567e-05,6.145699999926535e-05,207.2196530047804,185.204398059,4.739068735390902,1.5474194519999855,0.00360107421875,11.895228385925293,185.47388172149658,five_branches_True_0.3_0.7_70:30:10.h5mu
7.06017017364502e-05,6.805800000009299e-05,213.5864577041939,182.884427157,13.408714667893946,1.7569641050000087,0.00360107421875,12.405871391296387,185.47379302978516,five_branches_False_0.3_0.7_70:30:30.h5mu
7.06017017364502e-05,6.805800000009299e-05,213.5864577041939,182.884427157,6.525130185298622,1.6115713349999794,0.00360107421875,12.35189151763916,185.47379302978516,five_branches_True_0.3_0.7_70:30:30.h5mu
6.139930337667465e-05,5.860799999979349e-05,188.47102138213813,171.927433154,19.16741633042693,1.8922823229999892,0.00360107421875,12.500946998596191,182.4238224029541,five_branches_False_0.3_0.7_10:70:50.h5mu
5.7027675211429596e-05,5.4715999999288556e-05,205.19282547291368,185.001947035,21.94675223529339,1.9746491360000107,0.00360107421875,13.744056701660156,185.00354862213135,five_branches_False_0.3_0.7_70:30:70.h5mu
6.139930337667465e-05,5.860799999979349e-05,188.47102138213813,171.927433154,2.9347437731921673,1.4937756569999863,0.00360107421875,12.399374961853027,182.4238224029541,five_branches_True_0.3_0.7_10:70:50.h5mu
5.9087760746479034e-05,5.690400000091245e-05,210.9298861315474,183.195439928,22.802044957876205,1.9925093960000027,0.00360107421875,12.405133247375488,185.47543716430664,five_branches_False_0.3_0.7_70:30:50.h5mu
5.768425762653351e-05,5.5148999999588e-05,172.56967172585428,149.347694222,12.786839419975877,1.93187928399999,0.00360107421875,12.153897285461426,176.320650100708,five_branches_False_0.3_0.7_30:10:10.h5mu
5.9087760746479034e-05,5.690400000091245e-05,210.9298861315474,183.195439928,2.6499815415591,1.425745207999995,0.00360107421875,12.298892974853516,185.47543716430664,five_branches_True_0.3_0.7_70:30:50.h5mu
5.7027675211429596e-05,5.4715999999288556e-05,205.19282547291368,185.001947035,2.81143681704998,1.426829644999998,0.00360107421875,13.725316047668457,185.00354862213135,five_branches_True_0.3_0.7_70:30:70.h5mu
5.768425762653351e-05,5.5148999999588e-05,172.56967172585428,149.347694222,2.9060758287087083,1.452770375,0.00360107421875,12.02122688293457,176.320650100708,five_branches_True_0.3_0.7_30:10:10.h5mu
6.150826811790466e-05,5.9275999999997e-05,213.97449123300612,196.71839431200002,14.79877697583288,1.8438672789999941,0.00360107421875,12.559154510498047,188.5263729095459,five_branches_False_0.3_0.7_70:50:30.h5mu
6.150826811790466e-05,5.9275999999997e-05,213.97449123300612,196.71839431200002,3.7116242945194244,1.6046127910000223,0.00360107421875,12.520106315612793,188.5263729095459,five_branches_True_0.3_0.7_70:50:30.h5mu
5.097780376672745e-05,4.870400000100972e-05,211.2725642742589,194.355220546,16.719595813192427,2.0512193870000033,0.00360107421875,12.703719139099121,188.52660655975342,five_branches_False_0.3_0.7_70:50:50.h5mu
6.471667438745499e-05,6.192800000093257e-05,215.76993727032095,194.264003545,12.385544439777732,2.073364613999985,0.00360107421875,13.686304092407227,188.52657985687256,five_branches_False_0.3_0.7_70:50:70.h5mu
5.097780376672745e-05,4.870400000100972e-05,211.2725642742589,194.355220546,2.3280582688748837,1.4634701260000043,0.00360107421875,12.55889892578125,188.52660655975342,five_branches_True_0.3_0.7_70:50:50.h5mu
6.471667438745499e-05,6.192800000093257e-05,215.76993727032095,194.264003545,1.7963301381096244,1.4717176529999847,0.00360107421875,13.533378601074219,188.52657985687256,five_branches_True_0.3_0.7_70:50:70.h5mu
6.0617923736572266e-05,5.8361999998979286e-05,166.76211522240192,151.02528575,18.569853086024523,1.8185812330000033,0.00360107421875,13.265848159790039,176.3189344406128,five_branches_False_0.3_0.7_30:10:50.h5mu
6.0617923736572266e-05,5.8361999998979286e-05,166.76211522240192,151.02528575,2.212961792945862,1.3951313190000008,0.00360107421875,13.159515380859375,176.3189344406128,five_branches_True_0.3_0.7_30:10:50.h5mu
6.609968841075897e-05,6.354599999980337e-05,178.49409262277186,161.983134361,19.920250283554196,1.9584776929999919,0.00360107421875,11.82381534576416,179.3713788986206,five_branches_False_0.3_0.7_30:30:10.h5mu
6.609968841075897e-05,6.354599999980337e-05,178.49409262277186,161.983134361,2.9488478396087885,1.542732927000003,0.00360107421875,11.871172904968262,179.3713788986206,five_branches_True_0.3_0.7_30:30:10.h5mu
5.887076258659363e-05,5.7052000000723524e-05,172.5010070465505,160.982637879,18.906307701021433,1.9595188220000068,0.00360107421875,12.301891326904297,179.37190055847168,five_branches_False_0.3_0.7_30:30:30.h5mu
5.906447768211365e-05,5.675000000060493e-05,173.1518522426486,158.23628978300002,14.713520459830761,1.8334706030000234,0.00360107421875,12.602444648742676,179.36894989013672,five_branches_False_0.3_0.7_30:30:50.h5mu
5.906447768211365e-05,5.675000000060493e-05,173.1518522426486,158.23628978300002,3.2381720077246428,1.4459701650000056,0.00360107421875,12.509732246398926,179.36894989013672,five_branches_True_0.3_0.7_30:30:50.h5mu
5.887076258659363e-05,5.7052000000723524e-05,172.5010070465505,160.982637879,3.3013680251315236,1.504502137000003,0.00360107421875,12.201848983764648,179.37190055847168,five_branches_True_0.3_0.7_30:30:30.h5mu
6.315670907497406e-05,6.072799999934375e-05,175.72995089553297,162.48490223599998,22.3097710525617,2.0987325010000006,0.00360107421875,13.490517616271973,178.9012393951416,five_branches_False_0.3_0.7_30:30:70.h5mu
6.341934204101562e-05,6.097799999960074e-05,223.25567667651922,207.96558961399998,24.411624717526138,2.0098330689999955,0.00360107421875,13.002264022827148,191.57866382598877,five_branches_False_0.3_0.7_70:70:50.h5mu
4.75514680147171e-05,4.59609999996502e-05,244.38311038259417,205.257886205,16.140491778962314,1.9556591399999945,0.00360107421875,11.91879940032959,191.57927894592285,five_branches_False_0.3_0.7_70:70:10.h5mu
6.315670907497406e-05,6.072799999934375e-05,175.72995089553297,162.48490223599998,2.7864347780123353,1.4797792409999886,0.00360107421875,13.459836959838867,178.9012393951416,five_branches_True_0.3_0.7_30:30:70.h5mu
6.341934204101562e-05,6.097799999960074e-05,223.25567667651922,207.96558961399998,2.910578806884587,1.5039969610000128,0.00360107421875,12.917149543762207,191.57866382598877,five_branches_True_0.3_0.7_70:70:50.h5mu
4.75514680147171e-05,4.59609999996502e-05,244.38311038259417,205.257886205,2.7660741079598665,1.4641860920000056,0.00360107421875,11.857490539550781,191.57927894592285,five_branches_True_0.3_0.7_70:70:10.h5mu
6.382446736097336e-05,6.149400000055039e-05,228.2741552842781,205.16581891299998,13.487810553982854,2.0417348580000123,0.00360107421875,13.754865646362305,191.5779323577881,five_branches_False_0.3_0.7_70:70:70.h5mu
6.625056266784668e-05,6.390300000091997e-05,194.09139241557568,174.488672989,19.529023167677224,2.007558438000018,0.00360107421875,11.921515464782715,182.42560195922852,five_branches_False_0.3_0.7_30:50:10.h5mu
6.113015115261078e-05,5.881699999932266e-05,196.66364386398345,170.451940794,20.011060746386647,2.013270946999995,0.00360107421875,13.953015327453613,182.42394256591797,five_branches_False_0.3_0.7_70:10:70.h5mu
6.382446736097336e-05,6.149400000055039e-05,228.2741552842781,205.16581891299998,2.3493603644892573,1.5434019030000172,0.00360107421875,13.654485702514648,191.5779323577881,five_branches_True_0.3_0.7_70:70:70.h5mu
6.625056266784668e-05,6.390300000091997e-05,194.09139241557568,174.488672989,1.6575193768367171,1.3707533230000024,0.00360107421875,11.98452091217041,182.42560195922852,five_branches_True_0.3_0.7_30:50:10.h5mu
6.113015115261078e-05,5.881699999932266e-05,196.66364386398345,170.451940794,1.5689187934622169,1.2308469470000034,0.00360107421875,13.854859352111816,182.42394256591797,five_branches_True_0.3_0.7_70:10:70.h5mu
5.828589200973511e-05,5.538299999940932e-05,144.11984426807612,135.676349304,15.885725422762334,1.7450297580000154,0.00360107421875,12.25882339477539,173.26587200164795,five_branches_False_0.3_0.7_10:10:30.h5mu
5.828589200973511e-05,5.538299999940932e-05,144.11984426807612,135.676349304,2.09483346901834,1.3115196880000042,0.00360107421875,12.182604789733887,173.26587200164795,five_branches_True_0.3_0.7_10:10:30.h5mu
5.772709846496582e-05,5.5623999999809826e-05,193.3452130444348,175.92548586200002,13.12161888089031,1.8855120169999964,0.00360107421875,12.205232620239258,182.42155933380127,five_branches_False_0.3_0.7_30:50:30.h5mu
5.9816986322402954e-05,5.721199999975113e-05,237.2447670493275,198.90278408199998,17.563509865663946,1.9527836709999917,0.00360107421875,12.080277442932129,188.05788803100586,five_branches_False_0.3_0.7_70:50:10.h5mu
5.772709846496582e-05,5.5623999999809826e-05,193.3452130444348,175.92548586200002,1.9657495245337486,1.3959437349999746,0.00360107421875,12.108930587768555,182.42155933380127,five_branches_True_0.3_0.7_30:50:30.h5mu
5.8014877140522e-05,5.551399999959017e-05,167.3945256061852,159.065284066,15.620961637236178,1.9186477799999864,0.00360107421875,12.806142807006836,179.37068557739258,five_branches_False_0.3_0.7_10:50:50.h5mu
5.9816986322402954e-05,5.721199999975113e-05,237.2447670493275,198.90278408199998,1.9312373660504818,1.4746353689999978,0.00360107421875,12.07291030883789,188.05788803100586,five_branches_True_0.3_0.7_70:50:10.h5mu
5.8014877140522e-05,5.551399999959017e-05,167.3945256061852,159.065284066,3.350798422470689,1.4332759979999992,0.00360107421875,12.663859367370605,179.37068557739258,five_branches_True_0.3_0.7_10:50:50.h5mu
6.344541907310486e-05,6.0928999999987354e-05,191.36355762649328,174.32810499700003,27.264713671058416,2.0945184379999944,0.00360107421875,12.701178550720215,182.42359161376953,five_branches_False_0.3_0.7_30:50:50.h5mu
6.1756931245327e-05,5.9578000000115594e-05,187.79688628576696,174.11574638699997,27.95650179963559,2.0985276919999762,0.00360107421875,13.304496765136719,182.4230489730835,five_branches_False_0.3_0.7_30:50:70.h5mu
4.6980567276477814e-05,4.483400000054871e-05,187.2851193593815,169.470333767,20.039933203719556,1.994337583999993,0.00360107421875,11.565677642822266,182.4232053756714,five_branches_False_0.3_0.7_10:70:10.h5mu
6.450247019529343e-05,6.235300000057009e-05,183.09118363261223,169.03896529300002,21.84255579765886,2.0262624989999836,0.00360107421875,12.398822784423828,182.42400646209717,five_branches_False_0.3_0.7_10:70:30.h5mu
6.344541907310486e-05,6.0928999999987354e-05,191.36355762649328,174.32810499700003,2.263602771796286,1.3840117479999776,0.00360107421875,12.562545776367188,182.42359161376953,five_branches_True_0.3_0.7_30:50:50.h5mu
7.886812090873718e-05,7.65359999999049e-05,232.622293417342,206.668539928,11.417045784182847,1.9460966590000055,0.00360107421875,12.603941917419434,191.57966423034668,five_branches_False_0.3_0.7_70:70:30.h5mu
6.450247019529343e-05,6.235300000057009e-05,183.09118363261223,169.03896529300002,1.865273759700358,1.422948942000005,0.00360107421875,12.32972526550293,182.42400646209717,five_branches_True_0.3_0.7_10:70:30.h5mu
6.1756931245327e-05,5.9578000000115594e-05,187.79688628576696,174.11574638699997,2.1553492015227675,1.4367998490000105,0.00360107421875,13.171574592590332,182.4230489730835,five_branches_True_0.3_0.7_30:50:70.h5mu
4.6980567276477814e-05,4.483400000054871e-05,187.2851193593815,169.470333767,1.6811575833708048,1.3881025729999976,0.00360107421875,11.516434669494629,182.4232053756714,five_branches_True_0.3_0.7_10:70:10.h5mu
7.038284093141556e-05,6.811599999956286e-05,215.5984632950276,193.014321661,15.14764943625778,1.9098206419999997,0.00360107421875,11.52370548248291,185.00418758392334,five_branches_False_0.3_0.7_30:70:10.h5mu
7.886812090873718e-05,7.65359999999049e-05,232.622293417342,206.668539928,4.242749577388167,1.505903974000006,0.00360107421875,12.549638748168945,191.57966423034668,five_branches_True_0.3_0.7_70:70:30.h5mu
7.038284093141556e-05,6.811599999956286e-05,215.5984632950276,193.014321661,2.554373905993998,1.4738090300000124,0.00360107421875,11.51168155670166,185.00418758392334,five_branches_True_0.3_0.7_30:70:10.h5mu
5.8311037719249725e-05,5.610100000019713e-05,205.15502875950187,174.552504241,20.603883023373783,1.796387444000004,0.00360107421875,13.752045631408691,182.42614364624023,five_branches_False_0.3_0.7_10:70:70.h5mu
5.742814391851425e-05,5.46159999998963e-05,165.85011333040893,151.599725416,17.094391440972686,1.883062324000008,0.00360107421875,12.561264991760254,176.3193712234497,five_branches_False_0.3_0.7_30:10:30.h5mu
5.8311037719249725e-05,5.610100000019713e-05,205.15502875950187,174.552504241,3.5470599569380283,1.372477158999999,0.00360107421875,13.65248966217041,182.42614364624023,five_branches_True_0.3_0.7_10:70:70.h5mu
5.8856792747974396e-05,5.667799999997669e-05,175.04244623705745,151.158045833,13.90166144631803,1.8448971199999846,0.00360107421875,13.517845153808594,175.84722995758057,five_branches_False_0.3_0.7_30:10:70.h5mu
5.742814391851425e-05,5.46159999998963e-05,165.85011333040893,151.599725416,2.100422313436866,1.4176864929999908,0.00360107421875,12.431562423706055,176.3193712234497,five_branches_True_0.3_0.7_30:10:30.h5mu
5.8856792747974396e-05,5.667799999997669e-05,175.04244623705745,151.158045833,2.238993133418262,1.4739194480000037,0.00360107421875,13.382405281066895,175.84722995758057,five_branches_True_0.3_0.7_30:10:70.h5mu
6.203260272741318e-05,5.9596999999911304e-05,195.67917418014258,184.505083254,24.97782336641103,1.972687939999986,0.00360107421875,12.354232788085938,185.4737024307251,five_branches_False_0.3_0.7_30:70:30.h5mu
6.629154086112976e-05,6.351899999934574e-05,170.0172949815169,159.55292453599998,26.394319102168083,2.0471875109999758,0.00360107421875,12.452881813049316,179.3712034225464,five_branches_False_0.3_0.7_50:10:10.h5mu
6.176251918077469e-05,5.922300000094083e-05,174.94777862448245,160.30538134199998,23.988700048066676,2.105763058000008,0.00360107421875,13.170084953308105,179.37024307250977,five_branches_False_0.3_0.7_50:10:30.h5mu
4.881620407104492e-05,4.654299999984346e-05,180.43840232025832,159.303589098,15.022725207731128,2.0097041619999914,0.00360107421875,13.849238395690918,179.3701524734497,five_branches_False_0.3_0.7_50:10:70.h5mu
6.629154086112976e-05,6.351899999934574e-05,170.0172949815169,159.55292453599998,3.1144577115774155,1.5307818870000176,0.00360107421875,12.352663040161133,179.3712034225464,five_branches_True_0.3_0.7_50:10:10.h5mu
6.203260272741318e-05,5.9596999999911304e-05,195.67917418014258,184.505083254,3.7864844668656588,1.5328436860000068,0.00360107421875,12.300907135009766,185.4737024307251,five_branches_True_0.3_0.7_30:70:30.h5mu
4.881620407104492e-05,4.654299999984346e-05,180.43840232025832,159.303589098,3.2772123757749796,1.5162495929999977,0.00360107421875,13.739161491394043,179.3701524734497,five_branches_True_0.3_0.7_50:10:70.h5mu
6.176251918077469e-05,5.922300000094083e-05,174.94777862448245,160.30538134199998,3.4201375488191843,1.5841882990000045,0.00360107421875,13.079678535461426,179.37024307250977,five_branches_True_0.3_0.7_50:10:30.h5mu
5.910452455282211e-05,5.66969999997724e-05,203.9346714131534,186.511498008,17.538275158032775,1.8933795830000122,0.00360107421875,12.445974349975586,185.4758005142212,five_branches_False_0.3_0.7_30:70:50.h5mu
6.434787064790726e-05,6.193399999965266e-05,204.70744214393198,185.19261846499998,17.782616363838315,1.9454150470000116,0.00360107421875,14.002902030944824,185.47402095794678,five_branches_False_0.3_0.7_30:70:70.h5mu
5.910452455282211e-05,5.66969999997724e-05,203.9346714131534,186.511498008,1.7201545154675841,1.2811669780000159,0.00360107421875,12.350630760192871,185.4758005142212,five_branches_True_0.3_0.7_30:70:50.h5mu
6.434787064790726e-05,6.193399999965266e-05,204.70744214393198,185.19261846499998,3.698405707255006,1.5356192559999897,0.00360107421875,13.911020278930664,185.47402095794678,five_branches_True_0.3_0.7_30:70:70.h5mu
6.85499981045723e-05,6.613100000052441e-05,216.87029051221907,188.210310162,11.593574227765203,1.9188627579999888,0.00360107421875,11.672621726989746,185.47649669647217,five_branches_False_0.3_0.7_50:50:10.h5mu
6.85499981045723e-05,6.613100000052441e-05,216.87029051221907,188.210310162,2.032240725122392,1.46271864900001,0.00360107421875,11.590983390808105,185.47649669647217,five_branches_True_0.3_0.7_50:50:10.h5mu
4.668533802032471e-05,4.440100000024927e-05,143.40651600807905,126.43819095100001,14.787726197391748,1.8276171420000082,0.00360107421875,12.46666145324707,189.86589336395264,five_branches_False_0.9_0.5_10:10:10.h5mu
4.668533802032471e-05,4.440100000024927e-05,143.40651600807905,126.43819095100001,2.039256867952645,1.42443456700002,0.00360107421875,12.202621459960938,189.86589336395264,five_branches_True_0.9_0.5_10:10:10.h5mu
5.6519173085689545e-05,5.381800000137105e-05,133.57235376909375,125.471469215,20.68065435346216,1.9049243119999915,0.00360107421875,12.637114524841309,189.86776065826416,five_branches_False_0.9_0.5_10:10:30.h5mu
6.438791751861572e-05,6.186599999935538e-05,134.45795178040862,124.336855889,20.03544562496245,1.8762690390000216,0.00360107421875,13.369077682495117,189.865065574646,five_branches_False_0.9_0.5_10:10:50.h5mu
6.071943789720535e-05,5.8423000000473735e-05,132.6945481253788,124.86586072,19.771597867831588,2.0134206570000117,0.00360107421875,13.811912536621094,189.8653211593628,five_branches_False_0.9_0.5_10:10:70.h5mu
5.6519173085689545e-05,5.381800000137105e-05,133.57235376909375,125.471469215,4.161494350992143,1.5719922470000256,0.00360107421875,12.551889419555664,189.86776065826416,five_branches_True_0.9_0.5_10:10:30.h5mu
7.221102714538574e-05,6.154099999911011e-05,147.15010403562337,134.276199892,13.838796199299395,1.7754338770000118,0.00360107421875,11.855633735656738,192.91792106628418,five_branches_False_0.9_0.5_10:30:10.h5mu
6.071943789720535e-05,5.8423000000473735e-05,132.6945481253788,124.86586072,2.7531950920820236,1.4793943219999903,0.00360107421875,13.747870445251465,189.8653211593628,five_branches_True_0.9_0.5_10:10:70.h5mu
6.438791751861572e-05,6.186599999935538e-05,134.45795178040862,124.336855889,4.045710103586316,1.547000693000001,0.00360107421875,13.31954574584961,189.865065574646,five_branches_True_0.9_0.5_10:10:50.h5mu
5.7579949498176575e-05,5.524699999881477e-05,204.23915381543338,165.18740393299998,20.146330697461963,2.041014068999999,0.00360107421875,13.165411949157715,179.3706874847412,five_branches_False_0.3_0.7_50:10:50.h5mu
7.221102714538574e-05,6.154099999911011e-05,147.15010403562337,134.276199892,4.835266332142055,1.530154245999995,0.00360107421875,11.7905912399292,192.91792106628418,five_branches_True_0.9_0.5_10:30:10.h5mu
6.420537829399109e-05,6.175199999880476e-05,148.43899752106518,133.36792064600002,23.128807531669736,2.0885823769999945,0.00360107421875,13.188794136047363,192.9162893295288,five_branches_False_0.9_0.5_10:30:30.h5mu
6.221700459718704e-05,6.002800000004527e-05,143.5372012881562,134.084269734,23.22259199526161,2.027775821000006,0.00360107421875,12.914230346679688,192.91799545288086,five_branches_False_0.9_0.5_10:30:50.h5mu
5.7579949498176575e-05,5.524699999881477e-05,204.23915381543338,165.18740393299998,2.155907152220607,1.311482127000005,0.00360107421875,13.092131614685059,179.3706874847412,five_branches_True_0.3_0.7_50:10:50.h5mu
6.666313856840134e-05,6.452600000095288e-05,232.97299656644464,192.32482934400002,16.602488382719457,1.9709383840000214,0.00360107421875,12.12433910369873,185.4741973876953,five_branches_False_0.3_0.7_50:50:30.h5mu
6.420537829399109e-05,6.175199999880476e-05,148.43899752106518,133.36792064600002,3.043500265106559,1.4690795669999943,0.00360107421875,13.125210762023926,192.9162893295288,five_branches_True_0.9_0.5_10:30:30.h5mu
6.221700459718704e-05,6.002800000004527e-05,143.5372012881562,134.084269734,3.8059842390939593,1.5397239890000094,0.00360107421875,12.866168022155762,192.91799545288086,five_branches_True_0.9_0.5_10:30:50.h5mu
6.666313856840134e-05,6.452600000095288e-05,232.97299656644464,192.32482934400002,3.1225856142118573,1.3763715720000107,0.00360107421875,12.068961143493652,185.4741973876953,five_branches_True_0.3_0.7_50:50:30.h5mu
6.032455712556839e-05,5.825899999933881e-05,169.70987072587013,133.65916928,13.15406543109566,1.9491780840000104,0.00360107421875,13.920295715332031,192.44361877441406,five_branches_False_0.9_0.5_10:30:70.h5mu
6.032455712556839e-05,5.825899999933881e-05,169.70987072587013,133.65916928,1.9154515340924263,1.4802578780000033,0.00360107421875,13.789443969726562,192.44361877441406,five_branches_True_0.9_0.5_10:30:70.h5mu
5.563255399465561e-05,5.345699999992348e-05,161.12811202928424,144.749538379,15.084965272806585,1.7243233560000135,0.00360107421875,12.21019172668457,195.97043895721436,five_branches_False_0.9_0.5_10:50:10.h5mu
5.563255399465561e-05,5.345699999992348e-05,161.12811202928424,144.749538379,3.3036689441651106,1.5205904909999788,0.00360107421875,12.166836738586426,195.97043895721436,five_branches_True_0.9_0.5_10:50:10.h5mu
6.263051182031631e-05,6.035699999884514e-05,149.6112555116415,145.24354575,17.881415865384042,2.0608059229999753,0.00360107421875,14.065470695495605,195.96965408325195,five_branches_False_0.9_0.5_10:50:70.h5mu
5.6383199989795685e-05,5.396899999965399e-05,155.08144565857947,145.24663252399998,20.033428606577218,1.923232229000007,0.00360107421875,12.34087085723877,195.96671295166016,five_branches_False_0.9_0.5_10:50:30.h5mu
5.086418241262436e-05,4.818199999867545e-05,155.5757922437042,144.478378144,20.096392584964633,1.9977940969999963,0.00360107421875,12.919328689575195,195.96768283843994,five_branches_False_0.9_0.5_10:50:50.h5mu
6.263051182031631e-05,6.035699999884514e-05,149.6112555116415,145.24354575,2.9259717976674438,1.5777956900000163,0.00360107421875,13.946602821350098,195.96965408325195,five_branches_True_0.9_0.5_10:50:70.h5mu
5.6383199989795685e-05,5.396899999965399e-05,155.08144565857947,145.24663252399998,3.190445310436189,1.4218291859999965,0.00360107421875,12.251347541809082,195.96671295166016,five_branches_True_0.9_0.5_10:50:30.h5mu
5.086418241262436e-05,4.818199999867545e-05,155.5757922437042,144.478378144,3.3985703187063336,1.4332679059999975,0.00360107421875,12.858986854553223,195.96768283843994,five_branches_True_0.9_0.5_10:50:50.h5mu
6.0292892158031464e-05,5.761599999942746e-05,150.79049320984632,133.77284853400002,19.063025002367795,2.082438617000008,0.00360107421875,12.458613395690918,192.91574668884277,five_branches_False_0.9_0.5_30:10:10.h5mu
6.147380918264389e-05,5.882099999965362e-05,163.45408970396966,136.911149535,18.14826828520745,2.0498927900000012,0.00360107421875,15.971332550048828,192.9167594909668,five_branches_False_0.9_0.5_30:10:30.h5mu
4.477333277463913e-05,4.288200000068798e-05,169.06324967276305,157.062463365,19.844615081325173,1.9212282739999864,0.00360107421875,11.80321216583252,199.02213287353516,five_branches_False_0.9_0.5_10:70:10.h5mu
6.85621052980423e-05,6.632500000058883e-05,173.3647697120905,156.464392965,23.852639574557543,2.0140949630000193,0.00360107421875,12.475977897644043,199.01998901367188,five_branches_False_0.9_0.5_10:70:30.h5mu
6.0292892158031464e-05,5.761599999942746e-05,150.79049320984632,133.77284853400002,2.354329456575215,1.4973540919999948,0.00360107421875,12.350992202758789,192.91574668884277,five_branches_True_0.9_0.5_30:10:10.h5mu
6.215926259756088e-05,5.966099999987762e-05,169.7878270559013,155.493887423,23.193072381429374,2.0541341889999956,0.00360107421875,12.986276626586914,199.0209493637085,five_branches_False_0.9_0.5_10:70:50.h5mu
6.147380918264389e-05,5.882099999965362e-05,163.45408970396966,136.911149535,3.6526634199544787,1.5772616710000023,0.00360107421875,15.868669509887695,192.9167594909668,five_branches_True_0.9_0.5_30:10:30.h5mu
4.477333277463913e-05,4.288200000068798e-05,169.06324967276305,157.062463365,2.9194585978984833,1.4286509499999909,0.00360107421875,11.766618728637695,199.02213287353516,five_branches_True_0.9_0.5_10:70:10.h5mu
6.85621052980423e-05,6.632500000058883e-05,173.3647697120905,156.464392965,2.9710249258205295,1.4662406500000031,0.00360107421875,12.402262687683105,199.01998901367188,five_branches_True_0.9_0.5_10:70:30.h5mu
6.215926259756088e-05,5.966099999987762e-05,169.7878270559013,155.493887423,3.1439581317827106,1.4857940259999793,0.00360107421875,12.949850082397461,199.0209493637085,five_branches_True_0.9_0.5_10:70:50.h5mu
6.138626486063004e-05,5.925000000139846e-05,193.58723755646497,157.258217756,14.005162654444575,1.8395183499999916,0.00360107421875,13.949753761291504,199.01968574523926,five_branches_False_0.9_0.5_10:70:70.h5mu
6.138626486063004e-05,5.925000000139846e-05,193.58723755646497,157.258217756,1.9941612044349313,1.3373083730000133,0.00360107421875,13.749409675598145,199.01968574523926,five_branches_True_0.9_0.5_10:70:70.h5mu
6.446614861488342e-05,6.221499999981006e-05,160.7122627692297,136.07779394800002,17.010152937844396,1.7300533979999955,0.00360107421875,13.120307922363281,192.9153118133545,five_branches_False_0.9_0.5_30:10:50.h5mu
6.978586316108704e-05,6.785099999895294e-05,151.08093698043376,137.469258872,14.162261434830725,1.94198375900001,0.00360107421875,14.075140953063965,192.44436168670654,five_branches_False_0.9_0.5_30:10:70.h5mu
6.446614861488342e-05,6.221499999981006e-05,160.7122627692297,136.07779394800002,1.8649572730064392,1.4135133160000066,0.00360107421875,13.079505920410156,192.9153118133545,five_branches_True_0.9_0.5_30:10:50.h5mu
6.978586316108704e-05,6.785099999895294e-05,151.08093698043376,137.469258872,3.028282403945923,1.533536951000002,0.00360107421875,13.91393756866455,192.44436168670654,five_branches_True_0.9_0.5_30:10:70.h5mu
5.783047527074814e-05,5.57680000010663e-05,159.8860058207065,144.23577776,12.693546772003174,1.9414694779999877,0.00360107421875,12.410717010498047,195.49689388275146,five_branches_False_0.9_0.5_30:30:10.h5mu
6.197858601808548e-05,6.00500000000892e-05,169.28328142035753,146.218817108,21.329298353753984,2.1519581970000274,0.00360107421875,15.812982559204102,195.8086395263672,five_branches_False_0.9_0.5_30:30:30.h5mu
5.783047527074814e-05,5.57680000010663e-05,159.8860058207065,144.23577776,4.293805628083646,1.545945453999991,0.00360107421875,12.278306007385254,195.49689388275146,five_branches_True_0.9_0.5_30:30:10.h5mu
6.109382957220078e-05,5.894100000070068e-05,153.12837854679674,142.446297036,22.87653021607548,2.1785193359999937,0.00360107421875,13.84422779083252,195.96882724761963,five_branches_False_0.9_0.5_30:30:70.h5mu
6.197858601808548e-05,6.00500000000892e-05,169.28328142035753,146.218817108,4.756034338846803,1.6577219530000207,0.00360107421875,15.706993103027344,195.8086395263672,five_branches_True_0.9_0.5_30:30:30.h5mu
6.474368274211884e-05,6.256599999865387e-05,163.49440988898277,145.787979268,19.299608149565756,1.9971612689999745,0.00360107421875,13.171130180358887,195.96623039245605,five_branches_False_0.9_0.5_30:30:50.h5mu
6.109382957220078e-05,5.894100000070068e-05,153.12837854679674,142.446297036,4.017647750675678,1.4469098689999953,0.00360107421875,13.722163200378418,195.96882724761963,five_branches_True_0.9_0.5_30:30:70.h5mu
5.9351325035095215e-05,5.715700000052948e-05,168.72002530656755,155.980079514,22.392648382112384,2.0549207319999994,0.00360107421875,12.308181762695312,199.01862716674805,five_branches_False_0.9_0.5_30:50:10.h5mu
6.216112524271011e-05,6.027100000061125e-05,167.78029452823102,154.55239968,22.938811810687184,2.0338676220000025,0.00360107421875,12.986026763916016,199.02035903930664,five_branches_False_0.9_0.5_30:50:30.h5mu
6.051640957593918e-05,5.843299999952478e-05,172.2624696996063,155.50133870300002,19.649299923330545,2.0073043609999957,0.00360107421875,13.189741134643555,199.02010917663574,five_branches_False_0.9_0.5_30:50:50.h5mu
6.474368274211884e-05,6.256599999865387e-05,163.49440988898277,145.787979268,4.064623529091477,1.4248102520000145,0.00360107421875,13.116369247436523,195.96623039245605,five_branches_True_0.9_0.5_30:30:50.h5mu
5.9351325035095215e-05,5.715700000052948e-05,168.72002530656755,155.980079514,2.919342561624944,1.4305711840000015,0.00360107421875,12.184386253356934,199.01862716674805,five_branches_True_0.9_0.5_30:50:10.h5mu
5.91399148106575e-05,5.6621999998895944e-05,181.33063861820847,155.157233241,13.131578780710697,2.0858470180000097,0.00360107421875,14.263909339904785,199.02163314819336,five_branches_False_0.9_0.5_30:50:70.h5mu
6.216112524271011e-05,6.027100000061125e-05,167.78029452823102,154.55239968,1.9408862870186567,1.3164984039999865,0.00360107421875,12.931294441223145,199.02035903930664,five_branches_True_0.9_0.5_30:50:30.h5mu
6.051640957593918e-05,5.843299999952478e-05,172.2624696996063,155.50133870300002,3.1079579535871744,1.4467401899999857,0.00360107421875,13.081819534301758,199.02010917663574,five_branches_True_0.9_0.5_30:50:50.h5mu
5.91399148106575e-05,5.6621999998895944e-05,181.33063861820847,155.157233241,2.6902174493297935,1.4807806610000114,0.00360107421875,14.14864444732666,199.02163314819336,five_branches_True_0.9_0.5_30:50:70.h5mu
6.286147981882095e-05,6.049399999952243e-05,181.7000075681135,167.304256063,19.40414272621274,1.8611553690000164,0.00360107421875,11.700054168701172,202.0729627609253,five_branches_False_0.9_0.5_30:70:10.h5mu
6.398651748895645e-05,6.156299999915404e-05,153.3632904626429,142.744942399,15.833879199810326,2.052802822999979,0.00360107421875,16.046334266662598,196.0341682434082,five_branches_False_0.9_0.5_50:10:30.h5mu
6.151385605335236e-05,5.960600000065597e-05,147.309619971551,142.39542479,20.531700676307082,2.005314150999993,0.00360107421875,12.306997299194336,195.95983219146729,five_branches_False_0.9_0.5_50:10:10.h5mu
6.260350346565247e-05,6.055200000076866e-05,180.43656466901302,169.171464191,20.61718892864883,1.9283769600000085,0.00360107421875,12.63762378692627,201.60199451446533,five_branches_False_0.9_0.5_30:70:30.h5mu
6.286147981882095e-05,6.049399999952243e-05,181.7000075681135,167.304256063,4.798205162398517,1.446400369999992,0.00360107421875,11.608553886413574,202.0729627609253,five_branches_True_0.9_0.5_30:70:10.h5mu
6.151385605335236e-05,5.960600000065597e-05,147.309619971551,142.39542479,3.9092285577207804,1.522857872000003,0.00360107421875,12.169868469238281,195.95983219146729,five_branches_True_0.9_0.5_50:10:10.h5mu
6.398651748895645e-05,6.156299999915404e-05,153.3632904626429,142.744942399,6.130409672856331,1.7772140739999998,0.00360107421875,15.9283447265625,196.0341682434082,five_branches_True_0.9_0.5_50:10:30.h5mu
6.30691647529602e-05,6.129999999870961e-05,157.3485092977062,143.312660158,22.752380987629294,2.0005786000000114,0.00360107421875,13.190059661865234,195.9683485031128,five_branches_False_0.9_0.5_50:10:50.h5mu
6.260350346565247e-05,6.055200000076866e-05,180.43656466901302,169.171464191,4.672925679013133,1.5421947250000017,0.00360107421875,12.571176528930664,201.60199451446533,five_branches_True_0.9_0.5_30:70:30.h5mu
7.072556763887405e-05,6.840300000021671e-05,157.3034000042826,143.730183088,25.024377778172493,2.031618447999989,0.00360107421875,13.795984268188477,195.96785640716553,five_branches_False_0.9_0.5_50:10:70.h5mu
6.680376827716827e-05,6.459999999997024e-05,186.97062243986875,167.65010234800002,19.744258359074593,2.014821202999997,0.00360107421875,14.266393661499023,202.0703935623169,five_branches_False_0.9_0.5_30:70:70.h5mu
5.939323455095291e-05,5.7012999999273006e-05,181.7089931704104,151.542781361,17.018958752043545,2.1471402260000048,0.00360107421875,15.862650871276855,199.02014636993408,five_branches_False_0.9_0.5_50:30:30.h5mu
6.30691647529602e-05,6.129999999870961e-05,157.3485092977062,143.312660158,4.620773893781006,1.5328237589999958,0.00360107421875,13.094781875610352,195.9683485031128,five_branches_True_0.9_0.5_50:10:50.h5mu
6.323680281639099e-05,6.059400000069104e-05,188.0297428155318,168.208743445,24.90692571364343,2.127876348000001,0.00360107421875,13.351351737976074,201.59933376312256,five_branches_False_0.9_0.5_30:70:50.h5mu
6.39893114566803e-05,6.159900000035634e-05,177.12277697771788,154.831767465,17.65692268498242,2.0667730560000166,0.00360107421875,12.311692237854004,199.02036380767822,five_branches_False_0.9_0.5_50:30:10.h5mu
7.072556763887405e-05,6.840300000021671e-05,157.3034000042826,143.730183088,2.6209518602117896,1.4832476690000078,0.00360107421875,13.677713394165039,195.96785640716553,five_branches_True_0.9_0.5_50:10:70.h5mu
6.680376827716827e-05,6.459999999997024e-05,186.97062243986875,167.65010234800002,3.2133135544136167,1.4756086809999829,0.00360107421875,14.13917064666748,202.0703935623169,five_branches_True_0.9_0.5_30:70:70.h5mu
6.323680281639099e-05,6.059400000069104e-05,188.0297428155318,168.208743445,2.434373295865953,1.4233919150000247,0.00360107421875,13.275971412658691,201.59933376312256,five_branches_True_0.9_0.5_30:70:50.h5mu
5.939323455095291e-05,5.7012999999273006e-05,181.7089931704104,151.542781361,2.6984605230391026,1.569813642000014,0.00360107421875,15.750720977783203,199.02014636993408,five_branches_True_0.9_0.5_50:30:30.h5mu
6.39893114566803e-05,6.159900000035634e-05,177.12277697771788,154.831767465,2.796600289642811,1.4175276359999884,0.00360107421875,12.231531143188477,199.02036380767822,five_branches_True_0.9_0.5_50:30:10.h5mu
6.354972720146179e-05,6.121800000080668e-05,155.30334642715752,151.976222374,15.951659965328872,1.9372598159999939,0.00360107421875,13.124720573425293,198.549054145813,five_branches_False_0.9_0.5_50:30:50.h5mu
0.004149718210101128,5.54160000003634e-05,157.69811635557562,152.084955673,16.191882447339594,1.8059269979999897,0.00360107421875,14.16475772857666,199.021333694458,five_branches_False_0.9_0.5_50:30:70.h5mu
6.354972720146179e-05,6.121800000080668e-05,155.30334642715752,151.976222374,3.4880672888830304,1.5219408859999817,0.00360107421875,13.053489685058594,198.549054145813,five_branches_True_0.9_0.5_50:30:50.h5mu
6.174575537443161e-05,5.948799999977439e-05,174.5671032331884,163.444566393,17.66942242719233,2.0557185969999807,0.00360107421875,15.794044494628906,201.6000270843506,five_branches_False_0.9_0.5_50:50:30.h5mu
0.004149718210101128,5.54160000003634e-05,157.69811635557562,152.084955673,3.2940119272097945,1.473852495999978,0.00360107421875,14.084784507751465,199.021333694458,five_branches_True_0.9_0.5_50:30:70.h5mu
5.438178777694702e-05,0.0010430919999997457,173.3025685828179,163.78148243700002,21.725133712403476,2.0392215189999945,0.00360107421875,12.209875106811523,202.0713014602661,five_branches_False_0.9_0.5_50:50:10.h5mu
6.174575537443161e-05,5.948799999977439e-05,174.5671032331884,163.444566393,3.3131644604727626,1.5308719779999933,0.00360107421875,15.681761741638184,201.6000270843506,five_branches_True_0.9_0.5_50:50:30.h5mu
5.82132488489151e-05,5.5937000000838566e-05,176.28984159883112,162.26730993500001,15.52234314661473,1.9919252610000058,0.00360107421875,13.491609573364258,202.07192039489746,five_branches_False_0.9_0.5_50:50:50.h5mu
6.302446126937866e-05,6.04470000009627e-05,184.1409682398662,164.89697829,13.505645333789289,1.9854283360000125,0.00360107421875,13.689568519592285,202.07057571411133,five_branches_False_0.9_0.5_50:50:70.h5mu
5.438178777694702e-05,0.0010430919999997457,173.3025685828179,163.78148243700002,2.8788466192781925,1.4675490500000024,0.00360107421875,12.105467796325684,202.0713014602661,five_branches_True_0.9_0.5_50:50:10.h5mu
5.82132488489151e-05,5.5937000000838566e-05,176.28984159883112,162.26730993500001,3.0048606172204018,1.4654265599999974,0.00360107421875,13.39493179321289,202.07192039489746,five_branches_True_0.9_0.5_50:50:50.h5mu
6.302446126937866e-05,6.04470000009627e-05,184.1409682398662,164.89697829,3.4489645045250654,1.4916956819999996,0.00360107421875,13.574055671691895,202.07057571411133,five_branches_True_0.9_0.5_50:50:70.h5mu
6.175041198730469e-05,5.96669999985977e-05,190.2398698385805,175.122579206,17.532216016203165,2.0252116169999965,0.00360107421875,13.039261817932129,205.12150478363037,five_branches_False_0.9_0.5_50:70:50.h5mu
5.9681013226509094e-05,5.671299999931989e-05,201.68663086369634,175.20396219999998,21.044871371239424,2.05202427399999,0.00360107421875,12.050631523132324,205.12395763397217,five_branches_False_0.9_0.5_50:70:10.h5mu
5.130935460329056e-05,4.928899999967484e-05,195.57369201164693,174.597271469,22.29884651955217,2.1268379679999896,0.00360107421875,14.367018699645996,205.12219047546387,five_branches_False_0.9_0.5_50:70:70.h5mu
6.175041198730469e-05,5.96669999985977e-05,190.2398698385805,175.122579206,2.6374698569998145,1.4689488890000177,0.00360107421875,12.938878059387207,205.12150478363037,five_branches_True_0.9_0.5_50:70:50.h5mu
6.0206279158592224e-05,5.809999999861759e-05,210.64321454241872,176.01984996299998,15.197245569899678,1.865456881,0.00360107421875,12.738065719604492,205.1224241256714,five_branches_False_0.9_0.5_50:70:30.h5mu
5.130935460329056e-05,4.928899999967484e-05,195.57369201164693,174.597271469,2.389862853102386,1.4946795150000014,0.00360107421875,14.242093086242676,205.12219047546387,five_branches_True_0.9_0.5_50:70:70.h5mu
5.9681013226509094e-05,5.671299999931989e-05,201.68663086369634,175.20396219999998,2.2467782450839877,1.4988127729999974,0.00360107421875,11.922467231750488,205.12395763397217,five_branches_True_0.9_0.5_50:70:10.h5mu
6.0206279158592224e-05,5.809999999861759e-05,210.64321454241872,176.01984996299998,2.651722887530923,1.4564554869999995,0.00360107421875,12.625665664672852,205.1224241256714,five_branches_True_0.9_0.5_50:70:30.h5mu
6.18351623415947e-05,5.966099999987762e-05,173.4513749331236,158.034944195,19.358123757876456,1.9663458900000137,0.00360107421875,16.075129508972168,199.02129459381104,five_branches_False_0.9_0.5_70:10:30.h5mu
6.167963147163391e-05,5.9581000000363815e-05,177.17513755429536,157.987675362,21.550845137797296,1.807962276000012,0.00360107421875,12.009655952453613,199.01823902130127,five_branches_False_0.9_0.5_70:10:10.h5mu
6.18351623415947e-05,5.966099999987762e-05,173.4513749331236,158.034944195,2.911131705157459,1.5628230009999982,0.00360107421875,15.959576606750488,199.02129459381104,five_branches_True_0.9_0.5_70:10:30.h5mu
6.289035081863403e-05,6.0720000000458185e-05,169.88804245181382,157.229072813,17.04642202798277,2.0237979029999735,0.00360107421875,13.199211120605469,198.54897785186768,five_branches_False_0.9_0.5_70:10:50.h5mu
5.7581812143325806e-05,5.520299999872691e-05,170.58513907250017,158.325198623,15.755624868907034,1.9873580739999852,0.00360107421875,13.813709259033203,199.01967239379883,five_branches_False_0.9_0.5_70:10:70.h5mu
6.167963147163391e-05,5.9581000000363815e-05,177.17513755429536,157.987675362,3.8983931317925453,1.4875269249999974,0.00360107421875,11.878008842468262,199.01823902130127,five_branches_True_0.9_0.5_70:10:10.h5mu
6.289035081863403e-05,6.0720000000458185e-05,169.88804245181382,157.229072813,2.4118752302601933,1.4008983550000096,0.00360107421875,13.056205749511719,198.54897785186768,five_branches_True_0.9_0.5_70:10:50.h5mu
5.7581812143325806e-05,5.520299999872691e-05,170.58513907250017,158.325198623,2.2478642761707306,1.478943973999975,0.00360107421875,13.753523826599121,199.01967239379883,five_branches_True_0.9_0.5_70:10:70.h5mu
7.647834718227386e-05,6.560199999938732e-05,183.68840816430748,166.79088867200002,23.939139583148062,2.0530887500000006,0.00360107421875,15.867790222167969,202.0722312927246,five_branches_False_0.9_0.5_70:30:30.h5mu
6.766431033611298e-05,6.566100000071629e-05,189.47868589591235,164.005024365,23.59724168572575,2.08056885900001,0.00360107421875,12.353596687316895,202.0724582672119,five_branches_False_0.9_0.5_70:30:10.h5mu
7.647834718227386e-05,6.560199999938732e-05,183.68840816430748,166.79088867200002,2.9738772930577397,1.6409345000000144,0.00360107421875,15.765412330627441,202.0722312927246,five_branches_True_0.9_0.5_70:30:30.h5mu
6.079860031604767e-05,5.792700000029072e-05,182.46705079451203,165.309958835,15.85585100017488,2.0549971119999952,0.00360107421875,13.319371223449707,202.0708589553833,five_branches_False_0.9_0.5_70:30:50.h5mu
5.025230348110199e-05,4.771099999878459e-05,188.32618776988238,165.24807458400002,12.307445381768048,1.9185038669999983,0.00360107421875,14.244104385375977,202.0716209411621,five_branches_False_0.9_0.5_70:30:70.h5mu
6.071850657463074e-05,5.82399999995431e-05,195.8142606811598,177.417405524,15.369783950038254,2.037614882000014,0.00360107421875,15.838116645812988,205.1223669052124,five_branches_False_0.9_0.5_70:50:30.h5mu
6.766431033611298e-05,6.566100000071629e-05,189.47868589591235,164.005024365,2.8160461289808154,1.4686034150000182,0.00360107421875,12.287528991699219,202.0724582672119,five_branches_True_0.9_0.5_70:30:10.h5mu
6.079860031604767e-05,5.792700000029072e-05,182.46705079451203,165.309958835,5.357429426163435,1.5335270809999884,0.00360107421875,13.251113891601562,202.0708589553833,five_branches_True_0.9_0.5_70:30:50.h5mu
5.025230348110199e-05,4.771099999878459e-05,188.32618776988238,165.24807458400002,3.7221319638192654,1.5500341900000194,0.00360107421875,14.165620803833008,202.0716209411621,five_branches_True_0.9_0.5_70:30:70.h5mu
6.071850657463074e-05,5.82399999995431e-05,195.8142606811598,177.417405524,3.8759799618273973,1.705646497999993,0.00360107421875,15.726922988891602,205.1223669052124,five_branches_True_0.9_0.5_70:50:30.h5mu
6.610434502363205e-05,6.357200000017826e-05,205.7966202069074,178.041930149,15.277274907566607,1.906555912000016,0.00360107421875,12.461421966552734,205.12292957305908,five_branches_False_0.9_0.5_70:50:10.h5mu
6.610434502363205e-05,6.357200000017826e-05,205.7966202069074,178.041930149,1.9776506125926971,1.4470706900000039,0.00360107421875,12.352997779846191,205.12292957305908,five_branches_True_0.9_0.5_70:50:10.h5mu
7.171835750341415e-05,6.944799999963891e-05,130.27417771983892,127.02805088,23.034595761448145,2.00772472700001,0.00360107421875,12.665491104125977,175.8903341293335,five_branches_False_0.7_0.5_10:10:10.h5mu
4.992540925741196e-05,4.712900000036768e-05,131.52227147389203,128.659031102,26.43660977203399,2.0484097380000037,0.00360107421875,13.503585815429688,176.05226516723633,five_branches_False_0.7_0.5_10:10:50.h5mu
6.405636668205261e-05,6.20960000006221e-05,133.78750493563712,128.078082199,26.640215045772493,2.0308004660000165,0.00360107421875,13.321682929992676,176.050874710083,five_branches_False_0.7_0.5_10:10:30.h5mu
6.907619535923004e-05,6.266200000126787e-05,136.98400902189314,127.74045705300001,17.981313614174724,2.0979491199999813,0.00360107421875,14.436747550964355,176.05060863494873,five_branches_False_0.7_0.5_10:10:70.h5mu
7.171835750341415e-05,6.944799999963891e-05,130.27417771983892,127.02805088,3.928819453343749,1.9849360130000093,0.00360107421875,12.704326629638672,175.8903341293335,five_branches_True_0.7_0.5_10:10:10.h5mu
6.405636668205261e-05,6.20960000006221e-05,133.78750493563712,128.078082199,3.968108983710408,1.480213338999988,0.00360107421875,13.307825088500977,176.050874710083,five_branches_True_0.7_0.5_10:10:30.h5mu
4.992540925741196e-05,4.712900000036768e-05,131.52227147389203,128.659031102,3.1332446904852986,1.5039035409999997,0.00360107421875,13.57042121887207,176.05226516723633,five_branches_True_0.7_0.5_10:10:50.h5mu
6.907619535923004e-05,6.266200000126787e-05,136.98400902189314,127.74045705300001,6.862915340811014,1.7518209039999988,0.00360107421875,14.482449531555176,176.05060863494873,five_branches_True_0.7_0.5_10:10:70.h5mu
6.198044866323471e-05,5.984199999886641e-05,212.11529737059027,179.878097755,16.91152150183916,2.0291945479999924,0.00360107421875,13.6253023147583,205.12474632263184,five_branches_False_0.9_0.5_70:50:50.h5mu
6.3285231590271e-05,5.763699999938865e-05,205.1726407231763,179.36320531899997,15.095923735760152,2.096365222000003,0.00360107421875,13.958888053894043,205.12163734436035,five_branches_False_0.9_0.5_70:50:70.h5mu
6.198044866323471e-05,5.984199999886641e-05,212.11529737059027,179.878097755,2.816239168867469,1.4222639790000073,0.00360107421875,13.642132759094238,205.12474632263184,five_branches_True_0.9_0.5_70:50:50.h5mu
6.3285231590271e-05,5.763699999938865e-05,205.1726407231763,179.36320531899997,3.637997403740883,1.5850260299999945,0.00360107421875,13.92896842956543,205.12163734436035,five_branches_True_0.9_0.5_70:50:70.h5mu
6.0901977121829987e-05,5.860299999937979e-05,216.75385593343526,189.607270976,18.00671616010368,2.0637887240000055,0.00360107421875,15.788464546203613,208.17653274536133,five_branches_False_0.9_0.5_70:70:30.h5mu
6.236974149942398e-05,5.991199999932917e-05,216.33349617943168,190.159123698,20.451109149493277,2.1343424760000005,0.00360107421875,12.057823181152344,208.1768980026245,five_branches_False_0.9_0.5_70:70:10.h5mu
6.0901977121829987e-05,5.860299999937979e-05,216.75385593343526,189.607270976,3.481373615562916,1.597786828000011,0.00360107421875,15.683794975280762,208.17653274536133,five_branches_True_0.9_0.5_70:70:30.h5mu
6.126891821622849e-05,5.934899999893162e-05,214.91317884996533,191.995035745,12.466810300014913,2.0301825610000037,0.00360107421875,13.423648834228516,208.175274848938,five_branches_False_0.9_0.5_70:70:50.h5mu
6.236974149942398e-05,5.991199999932917e-05,216.33349617943168,190.159123698,3.0922303637489676,1.485396398000006,0.00360107421875,11.928428649902344,208.1768980026245,five_branches_True_0.9_0.5_70:70:10.h5mu
4.4065527617931366e-05,4.230400000082568e-05,215.2373272087425,190.181073102,13.64916112087667,2.0062292199999945,0.00360107421875,14.21729564666748,208.1770191192627,five_branches_False_0.9_0.5_70:70:70.h5mu
6.126891821622849e-05,5.934899999893162e-05,214.91317884996533,191.995035745,2.024549216032028,1.3091945099999975,0.00360107421875,13.355973243713379,208.175274848938,five_branches_True_0.9_0.5_70:70:50.h5mu
4.4065527617931366e-05,4.230400000082568e-05,215.2373272087425,190.181073102,2.5008316999301314,1.2818350830000043,0.00360107421875,14.097180366516113,208.1770191192627,five_branches_True_0.9_0.5_70:70:70.h5mu
6.15222379565239e-05,5.9247999999456624e-05,154.712363447994,140.11449604400002,22.74125668592751,1.8012282660000096,0.00360107421875,12.756759643554688,179.10292148590088,five_branches_False_0.7_0.5_10:30:10.h5mu
6.510969251394272e-05,6.241900000070189e-05,154.17864925786853,143.42221386699998,20.29938044399023,1.9715414929999895,0.00360107421875,13.685736656188965,178.63239860534668,five_branches_False_0.7_0.5_10:30:50.h5mu
6.276555359363556e-05,6.044500000079722e-05,153.26335579529405,140.912460447,23.401281159371138,1.9717442889999859,0.00360107421875,12.966085433959961,178.63238430023193,five_branches_False_0.7_0.5_10:30:30.h5mu
6.15222379565239e-05,5.9247999999456624e-05,154.712363447994,140.11449604400002,2.053053416311741,1.4578387690000056,0.00360107421875,12.80384349822998,179.10292148590088,five_branches_True_0.7_0.5_10:30:10.h5mu
6.276555359363556e-05,6.044500000079722e-05,153.26335579529405,140.912460447,1.8413860760629177,1.3227175339999917,0.00360107421875,12.948494911193848,178.63238430023193,five_branches_True_0.7_0.5_10:30:30.h5mu
6.510969251394272e-05,6.241900000070189e-05,154.17864925786853,143.42221386699998,1.7981656370684505,1.411269677000007,0.00360107421875,13.6104097366333,178.63239860534668,five_branches_True_0.7_0.5_10:30:50.h5mu
7.152929902076721e-05,6.341000000098518e-05,169.90182733442634,141.517755809,15.187125937081873,1.9079219019999982,0.00360107421875,14.026344299316406,179.10167980194092,five_branches_False_0.7_0.5_10:30:70.h5mu
7.152929902076721e-05,6.341000000098518e-05,169.90182733442634,141.517755809,1.6149928327649832,1.4341384810000193,0.00360107421875,14.074319839477539,179.10167980194092,five_branches_True_0.7_0.5_10:30:70.h5mu
6.281770765781403e-05,0.0010508250000000885,172.4534470094368,154.021537587,20.494780401699245,2.07787474700001,0.00360107421875,13.118955612182617,182.15165042877197,five_branches_False_0.7_0.5_10:50:30.h5mu
6.028730422258377e-05,5.8040000000758596e-05,162.07401597406715,149.81749908999998,21.47765230294317,2.0711656450000078,0.00360107421875,14.109917640686035,182.15411567687988,five_branches_False_0.7_0.5_10:50:50.h5mu
5.955621600151062e-05,5.7358999999479465e-05,180.20432810578495,151.663852559,18.548198961652815,2.0732926969999994,0.00360107421875,12.575325012207031,182.15392208099365,five_branches_False_0.7_0.5_10:50:10.h5mu
6.281770765781403e-05,0.0010508250000000885,172.4534470094368,154.021537587,4.835187899880111,2.029881801000016,0.00360107421875,13.166495323181152,182.15165042877197,five_branches_True_0.7_0.5_10:50:30.h5mu
6.141234189271927e-05,5.9042000000175676e-05,172.05060314387083,151.57974054,14.30503109190613,2.019569863999976,0.00360107421875,14.228549003601074,182.15400791168213,five_branches_False_0.7_0.5_10:50:70.h5mu
5.955621600151062e-05,5.7358999999479465e-05,180.20432810578495,151.663852559,2.6025850316509604,1.5007255809999833,0.00360107421875,12.571552276611328,182.15392208099365,five_branches_True_0.7_0.5_10:50:10.h5mu
6.028730422258377e-05,5.8040000000758596e-05,162.07401597406715,149.81749908999998,3.218953400850296,1.5736671639999997,0.00360107421875,14.170977592468262,182.15411567687988,five_branches_True_0.7_0.5_10:50:50.h5mu
5.999114364385605e-05,5.7703999999603184e-05,174.44001002144068,161.21204016500002,18.61964034009725,1.9360757670000055,0.00360107421875,12.851822853088379,185.20607089996338,five_branches_False_0.7_0.5_10:70:30.h5mu
6.141234189271927e-05,5.9042000000175676e-05,172.05060314387083,151.57974054,2.9453287990763783,1.5233320260000198,0.00360107421875,14.2191743850708,182.15400791168213,five_branches_True_0.7_0.5_10:50:70.h5mu
5.7025812566280365e-05,5.508699999978717e-05,177.83310038596392,159.014563575,18.551363601349294,1.785690408000022,0.00360107421875,12.173112869262695,185.20590782165527,five_branches_False_0.7_0.5_10:70:10.h5mu
5.999114364385605e-05,5.7703999999603184e-05,174.44001002144068,161.21204016500002,2.2348298598080873,1.4082860580000158,0.00360107421875,12.900598526000977,185.20607089996338,five_branches_True_0.7_0.5_10:70:30.h5mu
5.7025812566280365e-05,5.508699999978717e-05,177.83310038596392,159.014563575,2.2174868807196617,1.5162554580000176,0.00360107421875,12.185150146484375,185.20590782165527,five_branches_True_0.7_0.5_10:70:10.h5mu
6.529968231916428e-05,6.330400000109648e-05,183.49247714597732,162.292128854,23.501562698744237,1.9527675660000057,0.00360107421875,12.406754493713379,185.2062473297119,five_branches_False_0.7_0.5_30:50:10.h5mu
6.644707173109055e-05,6.382100000124069e-05,181.55587077792734,164.709633491,23.240274640731514,2.0282201370000053,0.00360107421875,13.255236625671387,184.73492527008057,five_branches_False_0.7_0.5_30:50:30.h5mu
5.86463138461113e-05,5.627700000054858e-05,188.44159343559295,164.030296462,15.89565747231245,1.898745421000001,0.00360107421875,14.105842590332031,184.73591423034668,five_branches_False_0.7_0.5_30:50:50.h5mu
6.644707173109055e-05,6.382100000124069e-05,181.55587077792734,164.709633491,2.6655053850263357,1.5211211050000202,0.00360107421875,13.231731414794922,184.73492527008057,five_branches_True_0.7_0.5_30:50:30.h5mu
6.529968231916428e-05,6.330400000109648e-05,183.49247714597732,162.292128854,2.8506807293742895,1.7757817849999924,0.00360107421875,12.402955055236816,185.2062473297119,five_branches_True_0.7_0.5_30:50:10.h5mu
6.441399455070496e-05,6.209400000045662e-05,185.22651751432568,165.237814133,13.845997991040349,1.9799130300000058,0.00360107421875,14.380162239074707,185.2049674987793,five_branches_False_0.7_0.5_30:50:70.h5mu
5.86463138461113e-05,5.627700000054858e-05,188.44159343559295,164.030296462,3.2443828051909804,1.5528336790000026,0.00360107421875,14.085260391235352,184.73591423034668,five_branches_True_0.7_0.5_30:50:50.h5mu
6.93080946803093e-05,6.703500000071472e-05,170.146391463466,158.773184736,14.158293008804321,1.9506457359999843,0.00360107421875,13.480294227600098,185.20472145080566,five_branches_False_0.7_0.5_10:70:50.h5mu
6.441399455070496e-05,6.209400000045662e-05,185.22651751432568,165.237814133,4.088986089453101,1.5432606059999898,0.00360107421875,14.422761917114258,185.2049674987793,five_branches_True_0.7_0.5_30:50:70.h5mu
6.93080946803093e-05,6.703500000071472e-05,170.146391463466,158.773184736,2.8180806199088693,1.4130375619999995,0.00360107421875,13.537985801696777,185.20472145080566,five_branches_True_0.7_0.5_10:70:50.h5mu
6.302632391452789e-05,6.101600000008034e-05,169.05414990708232,154.294797786,18.232499649748206,2.081843125000006,0.00360107421875,12.614228248596191,182.1530876159668,five_branches_False_0.7_0.5_50:10:10.h5mu
6.375275552272797e-05,6.129599999837865e-05,188.0533864516765,172.81401809,17.989698748104274,2.085412243999997,0.00360107421875,12.4712553024292,188.2568187713623,five_branches_False_0.7_0.5_30:70:10.h5mu
5.7353638112545013e-05,5.45709999997257e-05,199.0822547338903,171.360416007,16.250369250774384,2.116219412999982,0.00360107421875,13.270964622497559,188.25737285614014,five_branches_False_0.7_0.5_30:70:30.h5mu
6.375275552272797e-05,6.129599999837865e-05,188.0533864516765,172.81401809,4.678903508000076,1.5666073939999876,0.00360107421875,12.412056922912598,188.2568187713623,five_branches_True_0.7_0.5_30:70:10.h5mu
6.302632391452789e-05,6.101600000008034e-05,169.05414990708232,154.294797786,5.076197981834412,1.653068449000017,0.00360107421875,12.608770370483398,182.1530876159668,five_branches_True_0.7_0.5_50:10:10.h5mu
6.007123738527298e-05,5.7842000000363214e-05,190.04481423646212,169.35611997499998,18.39808682538569,2.0647645720000014,0.00360107421875,14.38202953338623,188.25659465789795,five_branches_False_0.7_0.5_30:70:70.h5mu
6.033852696418762e-05,5.800499999963904e-05,200.2752176783979,169.695288575,17.000023739412427,2.0903724289999843,0.00360107421875,13.634653091430664,188.25768852233887,five_branches_False_0.7_0.5_30:70:50.h5mu
5.7353638112545013e-05,5.45709999997257e-05,199.0822547338903,171.360416007,5.650405704043806,2.086660127999977,0.00360107421875,13.30776596069336,188.25737285614014,five_branches_True_0.7_0.5_30:70:30.h5mu
6.007123738527298e-05,5.7842000000363214e-05,190.04481423646212,169.35611997499998,2.2775887409225106,1.5591434960000186,0.00360107421875,14.43027400970459,188.25659465789795,five_branches_True_0.7_0.5_30:70:70.h5mu
6.033852696418762e-05,5.800499999963904e-05,200.2752176783979,169.695288575,2.1235416335985065,1.5343867990000035,0.00360107421875,13.682296752929688,188.25768852233887,five_branches_True_0.7_0.5_30:70:50.h5mu
6.419699639081955e-05,6.172600000020623e-05,168.07636780664325,156.28142044499998,19.053378799930215,1.9537564350000025,0.00360107421875,13.123662948608398,182.15329837799072,five_branches_False_0.7_0.5_50:10:30.h5mu
5.6366436183452606e-05,0.0010788110000010676,169.77332601696253,156.770051523,17.84348315745592,1.9641910980000148,0.00360107421875,13.758630752563477,185.2354974746704,five_branches_False_0.7_0.5_50:10:50.h5mu
5.8127567172050476e-05,5.6144000000202254e-05,183.1964089879766,160.940847297,15.91956465318799,2.200064225999995,0.00360107421875,14.545331001281738,184.73541164398193,five_branches_False_0.7_0.5_10:70:70.h5mu
6.419699639081955e-05,6.172600000020623e-05,168.07636780664325,156.28142044499998,3.547058823518455,1.9705291999999872,0.00360107421875,13.161580085754395,182.15329837799072,five_branches_True_0.7_0.5_50:10:30.h5mu
5.6366436183452606e-05,0.0010788110000010676,169.77332601696253,156.770051523,4.720204828307033,1.6121529479999879,0.00360107421875,13.759078025817871,185.2354974746704,five_branches_True_0.7_0.5_50:10:50.h5mu
6.281677633523941e-05,6.0722000000623666e-05,177.34624108672142,154.21921832299998,13.405650808475912,1.9995623030000047,0.00360107421875,14.18480110168457,182.15137767791748,five_branches_False_0.7_0.5_50:10:70.h5mu
5.8127567172050476e-05,5.6144000000202254e-05,183.1964089879766,160.940847297,3.4119225135073066,1.4993228720000218,0.00360107421875,14.528944969177246,184.73541164398193,five_branches_True_0.7_0.5_10:70:70.h5mu
6.281677633523941e-05,6.0722000000623666e-05,177.34624108672142,154.21921832299998,3.686335636302829,1.5935245889999976,0.00360107421875,14.230050086975098,182.15137767791748,five_branches_True_0.7_0.5_50:10:70.h5mu
5.9592537581920624e-05,5.740699999989829e-05,158.4516126960516,142.28340599,18.47664156090468,2.0580565900000067,0.00360107421875,12.310076713562012,179.10119152069092,five_branches_False_0.7_0.5_30:10:10.h5mu
6.439164280891418e-05,6.239200000024425e-05,184.37284220568836,164.35906236,18.292039023712277,1.9657518690000018,0.00360107421875,12.563780784606934,185.20733547210693,five_branches_False_0.7_0.5_50:30:10.h5mu
5.9592537581920624e-05,5.740699999989829e-05,158.4516126960516,142.28340599,3.4218749161809683,1.517875394000015,0.00360107421875,12.349478721618652,179.10119152069092,five_branches_True_0.7_0.5_30:10:10.h5mu
6.439164280891418e-05,6.239200000024425e-05,184.37284220568836,164.35906236,3.922910250723362,1.9593238710000094,0.00360107421875,12.604557037353516,185.20733547210693,five_branches_True_0.7_0.5_50:30:10.h5mu
6.785895675420761e-05,6.166600000057088e-05,182.73684059362859,164.122761921,18.341841153800488,2.134994717000012,0.00360107421875,13.270323753356934,185.20403957366943,five_branches_False_0.7_0.5_50:30:30.h5mu
6.571784615516663e-05,6.34220000002017e-05,186.13669108506292,163.61554116500002,21.75013996940106,2.271793459999998,0.00360107421875,13.481732368469238,185.20469760894775,five_branches_False_0.7_0.5_50:30:50.h5mu
6.401259452104568e-05,6.197299999932682e-05,184.78400696069002,165.21411974999998,19.489949294365942,2.065462429000007,0.00360107421875,14.280989646911621,185.2037172317505,five_branches_False_0.7_0.5_50:30:70.h5mu
6.785895675420761e-05,6.166600000057088e-05,182.73684059362859,164.122761921,4.6002050852403045,1.6266175840000017,0.00360107421875,13.29785442352295,185.20403957366943,five_branches_True_0.7_0.5_50:30:30.h5mu
6.157346069812775e-05,5.943100000038726e-05,193.37473085615784,173.575631226,12.682289905846119,1.998272400000019,0.00360107421875,12.56404972076416,188.25889015197754,five_branches_False_0.7_0.5_50:50:10.h5mu
6.571784615516663e-05,6.34220000002017e-05,186.13669108506292,163.61554116500002,3.2946813087910414,1.537873143000013,0.00360107421875,13.523978233337402,185.20469760894775,five_branches_True_0.7_0.5_50:30:50.h5mu
6.401259452104568e-05,6.197299999932682e-05,184.78400696069002,165.21411974999998,2.0614613397046924,1.5105603399999836,0.00360107421875,14.310343742370605,185.2037172317505,five_branches_True_0.7_0.5_50:30:70.h5mu
6.157346069812775e-05,5.943100000038726e-05,193.37473085615784,173.575631226,2.558623142540455,1.5114098699999943,0.00360107421875,12.549108505249023,188.25889015197754,five_branches_True_0.7_0.5_50:50:10.h5mu
6.87725841999054e-05,6.208900000004292e-05,147.31271901354194,144.159208096,15.935649307444692,1.74639338099999,0.00360107421875,13.07081413269043,179.10108852386475,five_branches_False_0.7_0.5_30:10:30.h5mu
6.87725841999054e-05,6.208900000004292e-05,147.31271901354194,144.159208096,2.54497417062521,1.7421053110000173,0.00360107421875,13.119976997375488,179.10108852386475,five_branches_True_0.7_0.5_30:10:30.h5mu
6.294623017311096e-05,6.0486000000636864e-05,195.16910047642887,174.803403177,21.47532467544079,1.874916576000004,0.00360107421875,13.12028980255127,187.7848424911499,five_branches_False_0.7_0.5_50:50:30.h5mu
5.893688648939133e-05,5.646500000011656e-05,191.83416336216033,175.275044442,21.588808902539313,1.936519043000004,0.00360107421875,13.74942684173584,188.25999450683594,five_branches_False_0.7_0.5_50:50:50.h5mu
6.44223764538765e-05,6.17990000009172e-05,151.8731381157413,139.995120879,15.189361719414592,2.0638530519999847,0.00360107421875,13.908490180969238,179.1027421951294,five_branches_False_0.7_0.5_30:10:50.h5mu
6.294623017311096e-05,6.0486000000636864e-05,195.16910047642887,174.803403177,3.4150067642331123,1.5573561359999815,0.00360107421875,13.103331565856934,187.7848424911499,five_branches_True_0.7_0.5_50:50:30.h5mu
6.615370512008667e-05,5.848900000060553e-05,197.4877141006291,174.71182323099998,12.725360486656427,1.942711093000014,0.00360107421875,13.875402450561523,188.25772380828857,five_branches_False_0.7_0.5_50:50:70.h5mu
5.893688648939133e-05,5.646500000011656e-05,191.83416336216033,175.275044442,3.970648697577417,1.5992889979999916,0.00360107421875,13.818918228149414,188.25999450683594,five_branches_True_0.7_0.5_50:50:50.h5mu
6.44223764538765e-05,6.17990000009172e-05,151.8731381157413,139.995120879,2.275148314423859,1.4650761910000085,0.00360107421875,13.95598316192627,179.1027421951294,five_branches_True_0.7_0.5_30:10:50.h5mu
6.615370512008667e-05,5.848900000060553e-05,197.4877141006291,174.71182323099998,2.5320973144844174,1.436064593999987,0.00360107421875,13.912308692932129,188.25772380828857,five_branches_True_0.7_0.5_50:50:70.h5mu
6.372947245836258e-05,6.159900000035634e-05,179.19059316720814,160.496423183,21.360016943886876,1.960329053999999,0.00360107421875,12.361149787902832,185.2044506072998,five_branches_False_0.7_0.5_70:10:10.h5mu
6.532948464155197e-05,6.307599999999525e-05,201.19865437597036,184.464440997,20.608958527445793,1.9519794620000255,0.00360107421875,12.020210266113281,191.3099184036255,five_branches_False_0.7_0.5_50:70:10.h5mu
5.39291650056839e-05,5.1496000001094444e-05,203.4592207390815,186.030184377,18.526025423780084,2.205956323999999,0.00360107421875,13.120332717895508,191.3069658279419,five_branches_False_0.7_0.5_50:70:30.h5mu
6.372947245836258e-05,6.159900000035634e-05,179.19059316720814,160.496423183,3.9809061409905553,1.4454949570000224,0.00360107421875,12.22890853881836,185.2044506072998,five_branches_True_0.7_0.5_70:10:10.h5mu
5.733966827392578e-05,5.509600000053183e-05,207.8870272859931,184.8162801,15.601412494666874,1.9859532559999877,0.00360107421875,13.748621940612793,191.30897998809814,five_branches_False_0.7_0.5_50:70:50.h5mu
6.532948464155197e-05,6.307599999999525e-05,201.19865437597036,184.464440997,3.054623221978545,1.4679910690000213,0.00360107421875,12.011730194091797,191.3099184036255,five_branches_True_0.7_0.5_50:70:10.h5mu
6.173364818096161e-05,5.956900000114729e-05,205.85922657418996,182.769938296,14.767443301156163,2.0162559689999853,0.00360107421875,14.227588653564453,191.3097791671753,five_branches_False_0.7_0.5_50:70:70.h5mu
5.39291650056839e-05,5.1496000001094444e-05,203.4592207390815,186.030184377,4.33703559730202,1.9796329270000115,0.00360107421875,13.168445587158203,191.3069658279419,five_branches_True_0.7_0.5_50:70:30.h5mu
5.733966827392578e-05,5.509600000053183e-05,207.8870272859931,184.8162801,3.2831191197037697,1.5931258619999937,0.00360107421875,13.81486988067627,191.30897998809814,five_branches_True_0.7_0.5_50:70:50.h5mu
6.173364818096161e-05,5.956900000114729e-05,205.85922657418996,182.769938296,2.710578174330294,1.5318154310000125,0.00360107421875,14.262405395507812,191.3097791671753,five_branches_True_0.7_0.5_50:70:70.h5mu
6.200652569532394e-05,5.9387000000299395e-05,183.58008741028607,163.364042358,14.639529855921865,1.8712275910000074,0.00360107421875,12.919438362121582,185.20525646209717,five_branches_False_0.7_0.5_70:10:30.h5mu
6.200652569532394e-05,5.9387000000299395e-05,183.58008741028607,163.364042358,1.7308311304077506,1.2731650649999722,0.00360107421875,12.966114044189453,185.20525646209717,five_branches_True_0.7_0.5_70:10:30.h5mu
7.004197686910629e-05,6.720600000065247e-05,180.95026355050504,162.831547609,22.502162688411772,1.9508263390000025,0.00360107421875,14.05318546295166,184.7354965209961,five_branches_False_0.7_0.5_70:10:50.h5mu
5.9703364968299866e-05,5.7379999999440656e-05,177.69389998354018,161.533388105,22.58886916562915,2.0690898340000103,0.00360107421875,14.641839027404785,185.20423412322998,five_branches_False_0.7_0.5_70:10:70.h5mu
6.149895489215851e-05,5.921999999891625e-05,150.92878598161042,140.966531912,17.229460353031754,1.9936063979999972,0.00360107421875,14.592212677001953,179.10428047180176,five_branches_False_0.7_0.5_30:10:70.h5mu
7.004197686910629e-05,6.720600000065247e-05,180.95026355050504,162.831547609,2.586787070147693,1.447469969999986,0.00360107421875,14.033212661743164,184.7354965209961,five_branches_True_0.7_0.5_70:10:50.h5mu
5.9703364968299866e-05,5.7379999999440656e-05,177.69389998354018,161.533388105,3.2487078262493014,1.6216848029999937,0.00360107421875,14.67532730102539,185.20423412322998,five_branches_True_0.7_0.5_70:10:70.h5mu
6.149895489215851e-05,5.921999999891625e-05,150.92878598161042,140.966531912,3.9101759903132915,1.6068977949999805,0.00360107421875,14.63178825378418,179.10428047180176,five_branches_True_0.7_0.5_30:10:70.h5mu
6.595440208911896e-05,6.358799999972575e-05,190.83654410298914,173.810327362,19.407143952324986,1.9036544850000041,0.00360107421875,12.562349319458008,188.25775623321533,five_branches_False_0.7_0.5_70:30:10.h5mu
6.555020809173584e-05,5.8807000000271614e-05,190.74785179272294,174.20677611300002,18.506050094030797,2.003653567000015,0.00360107421875,12.747671127319336,188.2561731338501,five_branches_False_0.7_0.5_70:30:30.h5mu
6.595440208911896e-05,6.358799999972575e-05,190.83654410298914,173.810327362,1.5163538055494428,1.2961308270000131,0.00360107421875,12.564813613891602,188.25775623321533,five_branches_True_0.7_0.5_70:30:10.h5mu
6.555020809173584e-05,5.8807000000271614e-05,190.74785179272294,174.20677611300002,2.142671630717814,1.856681481999999,0.00360107421875,12.783228874206543,188.2561731338501,five_branches_True_0.7_0.5_70:30:30.h5mu
6.33634626865387e-05,6.114700000026119e-05,194.3769266763702,171.720118843,18.03643219731748,2.098917827000008,0.00360107421875,13.532804489135742,188.25884628295898,five_branches_False_0.7_0.5_70:30:50.h5mu
6.414856761693954e-05,6.216100000067115e-05,199.99486982263625,174.138242622,21.096958741545677,2.092787434999991,0.00360107421875,14.230854988098145,188.25827503204346,five_branches_False_0.7_0.5_70:30:70.h5mu
6.362050771713257e-05,6.118599999993535e-05,197.78745999373496,180.528461034,17.02128265891224,2.1243521250000015,0.00360107421875,13.250321388244629,191.30965042114258,five_branches_False_0.7_0.5_70:50:30.h5mu
0.00011223088949918747,0.00010985299999966003,201.86390145961195,180.644719656,15.60492990911007,2.096268034000019,0.00360107421875,12.514698028564453,191.30799674987793,five_branches_False_0.7_0.5_70:50:10.h5mu
6.33634626865387e-05,6.114700000026119e-05,194.3769266763702,171.720118843,6.154754044488072,1.6668189449999886,0.00360107421875,13.585323333740234,188.25884628295898,five_branches_True_0.7_0.5_70:30:50.h5mu
6.414856761693954e-05,6.216100000067115e-05,199.99486982263625,174.138242622,1.6728558521717787,1.4827860970000017,0.00360107421875,14.263855934143066,188.25827503204346,five_branches_True_0.7_0.5_70:30:70.h5mu
6.362050771713257e-05,6.118599999993535e-05,197.78745999373496,180.528461034,1.7820653272792697,1.3833942100000058,0.00360107421875,13.299582481384277,191.30965042114258,five_branches_True_0.7_0.5_70:50:30.h5mu
0.00011223088949918747,0.00010985299999966003,201.86390145961195,180.644719656,1.7911447808146477,1.4674413000000186,0.00360107421875,12.56516170501709,191.30799674987793,five_branches_True_0.7_0.5_70:50:10.h5mu
0.018105539493262768,9.919600000074524e-05,168.3735414100811,151.41631227,15.692152176983654,1.8383633690000067,0.00360107421875,12.053556442260742,182.15395164489746,five_branches_False_0.7_0.5_30:30:10.h5mu
0.018105539493262768,9.919600000074524e-05,168.3735414100811,151.41631227,2.2577875712886453,1.7391051919999825,0.00360107421875,12.084419250488281,182.15395164489746,five_branches_True_0.7_0.5_30:30:10.h5mu
6.3382089138031e-05,6.047599999980946e-05,208.33381768036634,185.601621813,16.280077995732427,1.9242745029999924,0.00360107421875,13.447586059570312,191.30910873413086,five_branches_False_0.7_0.5_70:50:50.h5mu
6.3382089138031e-05,6.047599999980946e-05,208.33381768036634,185.601621813,1.9278723895549774,1.435936699000024,0.00360107421875,13.50182819366455,191.30910873413086,five_branches_True_0.7_0.5_70:50:50.h5mu
6.480049341917038e-05,6.262300000159371e-05,205.2941483464092,183.573950971,28.96048811171204,1.9992696310000042,0.00360107421875,14.025803565979004,191.3107213973999,five_branches_False_0.7_0.5_70:50:70.h5mu
6.508175283670425e-05,6.273000000156514e-05,160.14136147499084,150.512328072,28.222045506350696,1.984168794999988,0.00360107421875,12.816883087158203,182.15650081634521,five_branches_False_0.7_0.5_30:30:30.h5mu
6.565731018781662e-05,6.31060000007011e-05,157.54600491188467,150.427703345,28.38800781685859,2.120583690999979,0.00360107421875,14.283125877380371,182.15376949310303,five_branches_False_0.7_0.5_30:30:70.h5mu
6.038881838321686e-05,5.82299999987157e-05,210.1417424250394,191.01856481000002,22.234263532795012,2.011060366999999,0.00360107421875,12.436182975769043,194.3617353439331,five_branches_False_0.7_0.5_70:70:10.h5mu
5.414988845586777e-05,5.208400000000779e-05,164.54776050895452,149.443318774,24.209642536006868,2.027285648000003,0.00360107421875,13.795318603515625,182.15624332427979,five_branches_False_0.7_0.5_30:30:50.h5mu
6.508175283670425e-05,6.273000000156514e-05,160.14136147499084,150.512328072,3.6627209838479757,1.9998013630000173,0.00360107421875,12.848348617553711,182.15650081634521,five_branches_True_0.7_0.5_30:30:30.h5mu
5.414988845586777e-05,5.208400000000779e-05,164.54776050895452,149.443318774,3.2495975540950894,1.5625578370000142,0.00360107421875,13.841096878051758,182.15624332427979,five_branches_True_0.7_0.5_30:30:50.h5mu
6.480049341917038e-05,6.262300000159371e-05,205.2941483464092,183.573950971,3.4301409451290965,1.5293202590000021,0.00360107421875,14.076149940490723,191.3107213973999,five_branches_True_0.7_0.5_70:50:70.h5mu
8.424092084169388e-05,8.193799999922646e-05,210.59175417479128,193.02510686300002,15.203917597420514,2.0198506140000063,0.00360107421875,13.228367805480957,193.8877010345459,five_branches_False_0.7_0.5_70:70:30.h5mu
6.565731018781662e-05,6.31060000007011e-05,157.54600491188467,150.427703345,4.021429093554616,1.61028984699999,0.00360107421875,14.336504936218262,182.15376949310303,five_branches_True_0.7_0.5_30:30:70.h5mu
6.038881838321686e-05,5.82299999987157e-05,210.1417424250394,191.01856481000002,4.255992297083139,1.994720435000005,0.00360107421875,12.41875171661377,194.3617353439331,five_branches_True_0.7_0.5_70:70:10.h5mu
5.095731467008591e-05,4.865699999889728e-05,215.19836984854192,191.532988235,19.630387797020376,2.0140925890000005,0.00360107421875,13.728089332580566,194.36080646514893,five_branches_False_0.7_0.5_70:70:50.h5mu
8.424092084169388e-05,8.193799999922646e-05,210.59175417479128,193.02510686300002,4.702777413651347,1.5688995879999936,0.00360107421875,13.199723243713379,193.8877010345459,five_branches_True_0.7_0.5_70:70:30.h5mu
5.095731467008591e-05,4.865699999889728e-05,215.19836984854192,191.532988235,1.7749834647402167,1.5173084689999996,0.00360107421875,13.738446235656738,194.36080646514893,five_branches_True_0.7_0.5_70:70:50.h5mu
4.830304533243179e-05,4.606200000090155e-05,220.02385594695807,192.76244175899998,13.000229542143643,2.0596110619999877,0.00360107421875,14.080580711364746,194.3604211807251,five_branches_False_0.7_0.5_70:70:70.h5mu
4.830304533243179e-05,4.606200000090155e-05,220.02385594695807,192.76244175899998,1.8118585394695401,1.4478622839999957,0.00360107421875,14.127741813659668,194.3604211807251,five_branches_True_0.7_0.5_70:70:70.h5mu
6.162561476230621e-05,5.9119999999524e-05,206.434195227921,182.15795160099998,18.72181177791208,2.578668184999998,0.00360107421875,15.157902717590332,171.1794204711914,three_branches_False_0.1_0.7_70:10:70.h5mu
6.162561476230621e-05,5.9119999999524e-05,206.434195227921,182.15795160099998,2.995321249589324,2.241145622999994,0.00360107421875,14.854403495788574,171.1794204711914,three_branches_True_0.1_0.7_70:10:70.h5mu
6.0535967350006104e-05,5.821699999941643e-05,208.72543245460838,189.838282632,17.339147456921637,2.104041842000015,0.00360107421875,12.568856239318848,174.2317247390747,three_branches_False_0.1_0.7_70:30:10.h5mu
5.182530730962753e-05,4.956100000086394e-05,151.01658196933568,141.56792041600002,18.62164185103029,2.0094290159999844,0.00360107421875,12.825526237487793,162.02635288238525,three_branches_False_0.1_0.7_10:10:10.h5mu
6.0535967350006104e-05,5.821699999941643e-05,208.72543245460838,189.838282632,3.3592077922075987,1.484657291000019,0.00360107421875,12.381049156188965,174.2317247390747,three_branches_True_0.1_0.7_70:30:10.h5mu
5.182530730962753e-05,4.956100000086394e-05,151.01658196933568,141.56792041600002,3.837249170988798,1.470102096000005,0.00360107421875,12.576924324035645,162.02635288238525,three_branches_True_0.1_0.7_10:10:10.h5mu
7.30026513338089e-05,6.478899999962096e-05,201.34829053469002,189.108122122,15.624526991508901,2.0139927460000138,0.00360107421875,13.143377304077148,174.2296600341797,three_branches_False_0.1_0.7_70:30:30.h5mu
6.809551268815994e-05,6.540800000109925e-05,203.75432204734534,188.731022236,22.381397768855095,2.1508299409999836,0.00360107421875,13.961854934692383,174.23385429382324,three_branches_False_0.1_0.7_70:30:70.h5mu
6.780028343200684e-05,6.542600000081222e-05,211.43842011503875,190.2412972,18.854263937100768,2.164092989000011,0.00360107421875,13.810437202453613,174.23831176757812,three_branches_False_0.1_0.7_70:30:50.h5mu
7.30026513338089e-05,6.478899999962096e-05,201.34829053469002,189.108122122,3.793567283079028,1.5580594749999932,0.00360107421875,12.905994415283203,174.2296600341797,three_branches_True_0.1_0.7_70:30:30.h5mu
6.809551268815994e-05,6.540800000109925e-05,203.75432204734534,188.731022236,4.130958271212876,1.5390060699999992,0.00360107421875,13.733242988586426,174.23385429382324,three_branches_True_0.1_0.7_70:30:70.h5mu
6.114691495895386e-05,5.887799999904075e-05,213.5314394440502,198.842657785,20.323913540691137,2.1246766970000124,0.00360107421875,13.14086627960205,177.2831563949585,three_branches_False_0.1_0.7_70:50:30.h5mu
6.780028343200684e-05,6.542600000081222e-05,211.43842011503875,190.2412972,4.138259164057672,1.6077797789999977,0.00360107421875,13.564435958862305,174.23831176757812,three_branches_True_0.1_0.7_70:30:50.h5mu
6.684474647045135e-05,0.0014880230000002825,217.47398399934173,200.611569599,20.12580124102533,2.1480633339999997,0.00360107421875,12.905877113342285,177.28308868408203,three_branches_False_0.1_0.7_70:50:10.h5mu
7.041729986667633e-05,6.332900000138864e-05,223.19813686609268,202.480200181,17.644971982575953,2.139877525000003,0.00360107421875,13.86069107055664,177.28266429901123,three_branches_False_0.1_0.7_70:50:50.h5mu
6.114691495895386e-05,5.887799999904075e-05,213.5314394440502,198.842657785,4.29496031999588,1.5777974969999775,0.00360107421875,12.904406547546387,177.2831563949585,three_branches_True_0.1_0.7_70:50:30.h5mu
6.684474647045135e-05,0.0014880230000002825,217.47398399934173,200.611569599,2.8686111513525248,1.582319506999994,0.00360107421875,12.672403335571289,177.28308868408203,three_branches_True_0.1_0.7_70:50:10.h5mu
5.7783909142017365e-05,5.538699999974028e-05,225.73389669321477,199.798005789,14.546444642357528,2.1156862850000095,0.00360107421875,14.217081069946289,177.28448295593262,three_branches_False_0.1_0.7_70:50:70.h5mu
7.041729986667633e-05,6.332900000138864e-05,223.19813686609268,202.480200181,2.633495731279254,1.555245752000019,0.00360107421875,13.658683776855469,177.28266429901123,three_branches_True_0.1_0.7_70:50:50.h5mu
5.7783909142017365e-05,5.538699999974028e-05,225.73389669321477,199.798005789,2.893767620436847,1.651130462999987,0.00360107421875,14.025240898132324,177.28448295593262,three_branches_True_0.1_0.7_70:50:70.h5mu
5.760416388511658e-05,5.4851999999883105e-05,146.90833211131394,142.513696655,17.07971419673413,1.8493834269999923,0.00360107421875,13.008404731750488,167.24470043182373,three_branches_False_0.1_0.7_10:10:30.h5mu
5.760416388511658e-05,5.4851999999883105e-05,146.90833211131394,142.513696655,3.9142914917320013,1.4803954440000098,0.00360107421875,12.69258975982666,167.24470043182373,three_branches_True_0.1_0.7_10:10:30.h5mu
5.6724995374679565e-05,5.440500000020165e-05,149.38404518924654,143.523728044,18.84450715314597,1.9274120470000184,0.00360107421875,14.13481330871582,162.0239133834839,three_branches_False_0.1_0.7_10:10:50.h5mu
6.354134529829025e-05,6.103399999979331e-05,151.43831651005894,143.07258400499998,19.255314440466464,2.0353058919999967,0.00360107421875,14.350959777832031,167.24146842956543,three_branches_False_0.1_0.7_10:10:70.h5mu
5.6724995374679565e-05,5.440500000020165e-05,149.38404518924654,143.523728044,2.417739945463836,1.6048782240000037,0.00360107421875,13.856918334960938,162.0239133834839,three_branches_True_0.1_0.7_10:10:50.h5mu
6.354134529829025e-05,6.103399999979331e-05,151.43831651005894,143.07258400499998,3.0460168039426208,1.5334306820000165,0.00360107421875,14.173208236694336,167.24146842956543,three_branches_True_0.1_0.7_10:10:70.h5mu
6.864871829748154e-05,6.246899999950983e-05,164.57358595449477,153.863793968,13.91199800837785,1.9262594859999922,0.00360107421875,12.617436408996582,165.07637691497803,three_branches_False_0.1_0.7_10:30:10.h5mu
6.864871829748154e-05,6.246899999950983e-05,164.57358595449477,153.863793968,3.45851877797395,1.528488483999979,0.00360107421875,12.329629898071289,165.07637691497803,three_branches_True_0.1_0.7_10:30:10.h5mu
6.312225013971329e-05,6.080400000030295e-05,248.62187763676047,210.483995399,21.771201473660767,2.034643249000027,0.00360107421875,12.515863418579102,180.33460807800293,three_branches_False_0.1_0.7_70:70:10.h5mu
0.007965531200170517,0.00799130299999895,169.38890423811972,158.44310086299998,21.95291913114488,2.0313731360000133,0.00360107421875,13.45650577545166,165.07308292388916,three_branches_False_0.1_0.7_10:30:50.h5mu
6.901565939188004e-05,6.302699999949368e-05,177.14364862721413,156.06866792600002,17.657665812410414,2.1036851769999885,0.00360107421875,13.44884967803955,165.07375049591064,three_branches_False_0.1_0.7_10:30:30.h5mu
6.312225013971329e-05,6.080400000030295e-05,248.62187763676047,210.483995399,3.1031499952077866,1.4142310839999936,0.00360107421875,12.272204399108887,180.33460807800293,three_branches_True_0.1_0.7_70:70:10.h5mu
6.901565939188004e-05,6.302699999949368e-05,177.14364862721413,156.06866792600002,2.8696887511759996,1.5126014780000219,0.00360107421875,13.206832885742188,165.07375049591064,three_branches_True_0.1_0.7_10:30:30.h5mu
0.007965531200170517,0.00799130299999895,169.38890423811972,158.44310086299998,2.8036222606897354,1.391029632999988,0.00360107421875,13.257842063903809,165.07308292388916,three_branches_True_0.1_0.7_10:30:50.h5mu
6.415043026208878e-05,6.097199999999248e-05,226.24605728313327,208.039325337,14.80397810228169,2.012820943999998,0.00360107421875,12.891728401184082,180.339861869812,three_branches_False_0.1_0.7_70:70:30.h5mu
6.415043026208878e-05,6.097199999999248e-05,226.24605728313327,208.039325337,1.6683318065479398,1.4332800619999944,0.00360107421875,12.668192863464355,180.339861869812,three_branches_True_0.1_0.7_70:70:30.h5mu
6.032921373844147e-05,5.8307999999840376e-05,237.03258680272847,210.320283528,17.04722487181425,1.9964196699999945,0.00360107421875,13.438580513000488,180.3324737548828,three_branches_False_0.1_0.7_70:70:50.h5mu
6.0898251831531525e-05,5.8672999999842546e-05,228.04854509141296,210.213026821,16.611960908398032,2.0910761300000047,0.00360107421875,13.965781211853027,180.33612155914307,three_branches_False_0.1_0.7_70:70:70.h5mu
6.032921373844147e-05,5.8307999999840376e-05,237.03258680272847,210.320283528,1.7187417363747954,1.431662906000014,0.00360107421875,13.19385814666748,180.3324737548828,three_branches_True_0.1_0.7_70:70:50.h5mu
6.0898251831531525e-05,5.8672999999842546e-05,228.04854509141296,210.213026821,1.7967698331922293,1.4616015830000038,0.00360107421875,13.705060958862305,180.33612155914307,three_branches_True_0.1_0.7_70:70:70.h5mu
5.328375846147537e-05,5.0857999999820436e-05,176.50361063424498,159.12768921100002,16.84521168563515,1.8652686419999895,0.00360107421875,13.618907928466797,165.07712364196777,three_branches_False_0.1_0.7_10:30:70.h5mu
5.328375846147537e-05,5.0857999999820436e-05,176.50361063424498,159.12768921100002,2.077089157886803,1.4210576879999905,0.00360107421875,13.431808471679688,165.07712364196777,three_branches_True_0.1_0.7_10:30:70.h5mu
6.933789700269699e-05,6.68949999997892e-05,182.24571477156132,164.681311424,19.251470746472478,1.9757457920000263,0.00360107421875,12.476485252380371,168.13361358642578,three_branches_False_0.1_0.7_10:50:30.h5mu
6.24610111117363e-05,5.990200000027812e-05,184.20218660775572,165.00079860999998,20.39665341656655,1.8719399920000228,0.00360107421875,12.718199729919434,168.13028621673584,three_branches_False_0.1_0.7_10:50:10.h5mu
6.933789700269699e-05,6.68949999997892e-05,182.24571477156132,164.681311424,2.53487550560385,1.518721295000006,0.00360107421875,12.197999954223633,168.13361358642578,three_branches_True_0.1_0.7_10:50:30.h5mu
5.981419235467911e-05,5.659799999868653e-05,187.95100808888674,166.00890136,14.690340384840965,1.8944873209999855,0.00360107421875,13.211633682250977,168.12702178955078,three_branches_False_0.1_0.7_10:50:50.h5mu
6.24610111117363e-05,5.990200000027812e-05,184.20218660775572,165.00079860999998,2.86980739608407,1.43312702099999,0.00360107421875,12.521672248840332,168.13028621673584,three_branches_True_0.1_0.7_10:50:10.h5mu
5.981419235467911e-05,5.659799999868653e-05,187.95100808888674,166.00890136,3.9365400299429893,1.608406806000005,0.00360107421875,13.026860237121582,168.12702178955078,three_branches_True_0.1_0.7_10:50:50.h5mu
6.649363785982132e-05,6.436600000014892e-05,179.30730183795094,167.05415643199998,13.553027543239295,2.0244602280000095,0.00360107421875,13.546622276306152,168.13219261169434,three_branches_False_0.1_0.7_10:50:70.h5mu
6.649363785982132e-05,6.436600000014892e-05,179.30730183795094,167.05415643199998,4.985287106595933,1.6557860869999956,0.00360107421875,13.31451416015625,168.13219261169434,three_branches_True_0.1_0.7_10:50:70.h5mu
0.015960272401571274,8.642699999938941e-05,194.43824450299144,174.39440150599998,17.09158357605338,2.0703901949999874,0.00360107421875,12.297300338745117,171.18360424041748,three_branches_False_0.1_0.7_10:70:10.h5mu
6.9386325776577e-05,6.100000000053285e-05,193.04478806164116,172.400293099,18.056337756104767,1.9722549720000018,0.00360107421875,13.252984046936035,171.17699527740479,three_branches_False_0.1_0.7_10:70:50.h5mu
5.1448121666908264e-05,4.928099999901292e-05,197.76671745628119,174.212974475,19.987264168448746,2.15773497699999,0.00360107421875,12.928754806518555,176.3954029083252,three_branches_False_0.1_0.7_10:70:30.h5mu
0.015960272401571274,8.642699999938941e-05,194.43824450299144,174.39440150599998,2.4431847147643566,1.5698413350000067,0.00360107421875,12.130353927612305,171.18360424041748,three_branches_True_0.1_0.7_10:70:10.h5mu
5.1448121666908264e-05,4.928099999901292e-05,197.76671745628119,174.212974475,2.003885829821229,1.5744036069999936,0.00360107421875,12.657715797424316,176.3954029083252,three_branches_True_0.1_0.7_10:70:30.h5mu
6.568990647792816e-05,6.365999999857763e-05,179.1613961001858,156.45901463,14.984262404032052,2.5543941009999855,0.00360107421875,13.191263198852539,165.07578086853027,three_branches_False_0.1_0.7_30:10:10.h5mu
6.9386325776577e-05,6.100000000053285e-05,193.04478806164116,172.400293099,2.3850988475605845,1.4915677120000055,0.00360107421875,13.165192604064941,171.17699527740479,three_branches_True_0.1_0.7_10:70:50.h5mu
6.391666829586029e-05,6.173200000070267e-05,195.82553621474653,170.477689898,14.173931570723653,1.9609407879999878,0.00360107421875,14.164319038391113,171.17833518981934,three_branches_False_0.1_0.7_10:70:70.h5mu
6.568990647792816e-05,6.365999999857763e-05,179.1613961001858,156.45901463,5.2587448842823505,2.355385963999993,0.00360107421875,12.972860336303711,165.07578086853027,three_branches_True_0.1_0.7_30:10:10.h5mu
6.391666829586029e-05,6.173200000070267e-05,195.82553621474653,170.477689898,1.8790048630908132,1.428000274999988,0.00360107421875,14.036761283874512,171.17833518981934,three_branches_True_0.1_0.7_10:70:70.h5mu
5.94528391957283e-05,5.725699999992173e-05,184.74841559119523,160.00021181800003,20.248631563037634,1.9352790419999906,0.00360107421875,13.960892677307129,165.07641696929932,three_branches_False_0.1_0.7_30:10:30.h5mu
5.94528391957283e-05,5.725699999992173e-05,184.74841559119523,160.00021181800003,4.692964839749038,1.6238445409999827,0.00360107421875,13.734711647033691,165.07641696929932,three_branches_True_0.1_0.7_30:10:30.h5mu
5.3911469876766205e-05,5.1451999999230225e-05,177.74430296663195,161.15856762500002,15.969167355448008,2.0193134259999965,0.00360107421875,14.331595420837402,165.07699394226074,three_branches_False_0.1_0.7_30:10:50.h5mu
5.3911469876766205e-05,5.1451999999230225e-05,177.74430296663195,161.15856762500002,2.3197845881804824,1.5135473819999845,0.00360107421875,14.020184516906738,165.07699394226074,three_branches_True_0.1_0.7_30:10:50.h5mu
6.2502920627594e-05,5.980300000096861e-05,177.29643232468516,160.034200559,17.257127260789275,2.085405189999989,0.00360107421875,14.692975044250488,165.07602214813232,three_branches_False_0.1_0.7_30:10:70.h5mu
6.2502920627594e-05,5.980300000096861e-05,177.29643232468516,160.034200559,3.396166737191379,1.7009931409999979,0.00360107421875,14.598841667175293,165.07602214813232,three_branches_True_0.1_0.7_30:10:70.h5mu
6.675254553556442e-05,6.458900000083645e-05,188.84101812820882,172.716082494,13.160272599197924,2.115561910999986,0.00360107421875,12.755003929138184,168.1310806274414,three_branches_False_0.1_0.7_30:30:10.h5mu
5.873851478099823e-05,5.610400000044535e-05,185.23915568646044,169.943962912,13.558066591620445,2.116717249000004,0.00360107421875,13.143877983093262,168.1265459060669,three_branches_False_0.1_0.7_30:30:30.h5mu
6.675254553556442e-05,6.458900000083645e-05,188.84101812820882,172.716082494,1.8883011229336262,1.3779472460000193,0.00360107421875,12.456985473632812,168.1310806274414,three_branches_True_0.1_0.7_30:30:10.h5mu
5.873851478099823e-05,5.610400000044535e-05,185.23915568646044,169.943962912,5.0501858945935965,1.6402529420000178,0.00360107421875,13.01132583618164,168.1265459060669,three_branches_True_0.1_0.7_30:30:30.h5mu
6.0277990996837616e-05,5.794299999983821e-05,190.1371341906488,169.527918132,18.088529559783638,1.8805952409999804,0.00360107421875,13.558002471923828,168.12676239013672,three_branches_False_0.1_0.7_30:30:50.h5mu
6.596464663743973e-05,6.352000000120483e-05,190.04633534047753,172.93010710899998,18.803210521116853,2.1595186860000126,0.00360107421875,14.267601013183594,168.12489128112793,three_branches_False_0.1_0.7_30:30:70.h5mu
6.325636059045792e-05,6.104400000062071e-05,197.3379997862503,179.268419577,13.322831164114177,1.9807434330000149,0.00360107421875,12.749800682067871,171.17854022979736,three_branches_False_0.1_0.7_30:50:10.h5mu
6.0277990996837616e-05,5.794299999983821e-05,190.1371341906488,169.527918132,1.7189479852095246,1.3991985449999902,0.00360107421875,13.369961738586426,168.12676239013672,three_branches_True_0.1_0.7_30:30:50.h5mu
6.596464663743973e-05,6.352000000120483e-05,190.04633534047753,172.93010710899998,2.629719026386738,1.6009871370000042,0.00360107421875,14.03007698059082,168.12489128112793,three_branches_True_0.1_0.7_30:30:70.h5mu
6.325636059045792e-05,6.104400000062071e-05,197.3379997862503,179.268419577,3.450007727369666,1.4712889200000063,0.00360107421875,12.408560752868652,171.17854022979736,three_branches_True_0.1_0.7_30:50:10.h5mu
6.179697811603546e-05,5.9307999999091976e-05,207.740731167607,179.61585439200002,14.7238878197968,1.9962586449999833,0.00360107421875,12.94089412689209,171.17881965637207,three_branches_False_0.1_0.7_30:50:30.h5mu
5.044229328632355e-05,4.812799999953654e-05,211.04898261930794,183.617161509,14.747960203327239,2.0381575250000026,0.00360107421875,13.247395515441895,171.17979335784912,three_branches_False_0.1_0.7_30:50:50.h5mu
6.179697811603546e-05,5.9307999999091976e-05,207.740731167607,179.61585439200002,1.6921026483178139,1.3682651660000147,0.00360107421875,12.703532218933105,171.17881965637207,three_branches_True_0.1_0.7_30:50:30.h5mu
5.044229328632355e-05,4.812799999953654e-05,211.04898261930794,183.617161509,2.5065926453098655,1.413545144000011,0.00360107421875,13.06571102142334,171.17979335784912,three_branches_True_0.1_0.7_30:50:50.h5mu
6.723776459693909e-05,6.480699999933393e-05,207.48382295761257,182.868801794,13.989665021188557,1.8951278479999871,0.00360107421875,13.842523574829102,171.17969417572021,three_branches_False_0.1_0.7_30:50:70.h5mu
6.723776459693909e-05,6.480699999933393e-05,207.48382295761257,182.868801794,2.858914396725595,1.5309658769999999,0.00360107421875,13.554997444152832,171.17969417572021,three_branches_True_0.1_0.7_30:50:70.h5mu
6.176624447107315e-05,5.9770000000014534e-05,209.43741376325488,186.916697457,13.757895132526755,1.9573118239999872,0.00360107421875,12.599705696105957,179.45068740844727,three_branches_False_0.1_0.7_30:70:10.h5mu
6.176624447107315e-05,5.9770000000014534e-05,209.43741376325488,186.916697457,4.694385723210871,1.6113494040000091,0.00360107421875,12.355843544006348,179.45068740844727,three_branches_True_0.1_0.7_30:70:10.h5mu
6.526708602905273e-05,6.348200000161341e-05,212.0259316386655,189.247080897,14.954386758618057,2.092901201000018,0.00360107421875,12.887986183166504,174.23513317108154,three_branches_False_0.1_0.7_30:70:30.h5mu
6.526708602905273e-05,6.348200000161341e-05,212.0259316386655,189.247080897,3.985796796157956,1.5898972169999865,0.00360107421875,12.646681785583496,174.23513317108154,three_branches_True_0.1_0.7_30:70:30.h5mu
6.445404142141342e-05,6.238499999966507e-05,180.5363628026098,169.547796634,23.504906960763037,2.772738662999984,0.00360107421875,13.871485710144043,168.127121925354,three_branches_False_0.1_0.7_50:10:30.h5mu
7.160007953643799e-05,6.929799999966235e-05,181.68919878359884,169.09052622599998,22.836302563548088,2.8649761700000056,0.00360107421875,13.396193504333496,168.12553119659424,three_branches_False_0.1_0.7_50:10:10.h5mu
6.748735904693604e-05,6.494500000009396e-05,180.46317732986063,167.08024021199998,24.594536281190813,2.9043791629999873,0.00360107421875,14.079631805419922,173.34775924682617,three_branches_False_0.1_0.7_50:10:50.h5mu
6.66910782456398e-05,6.45640000005443e-05,221.01235753390938,188.480433251,19.54240058362484,2.0638858299999754,0.00360107421875,13.20359992980957,174.2302188873291,three_branches_False_0.1_0.7_30:70:50.h5mu
6.445404142141342e-05,6.238499999966507e-05,180.5363628026098,169.547796634,5.624511819332838,2.41240375000001,0.00360107421875,13.630465507507324,168.127121925354,three_branches_True_0.1_0.7_50:10:30.h5mu
7.160007953643799e-05,6.929799999966235e-05,181.68919878359884,169.09052622599998,4.292215956375003,2.406142475000024,0.00360107421875,13.147438049316406,168.12553119659424,three_branches_True_0.1_0.7_50:10:10.h5mu
6.748735904693604e-05,6.494500000009396e-05,180.46317732986063,167.08024021199998,2.995667510665953,2.2746054859999845,0.00360107421875,13.789956092834473,173.34775924682617,three_branches_True_0.1_0.7_50:10:50.h5mu
6.175786256790161e-05,5.934100000004605e-05,219.87616000138223,189.441149037,19.34195347223431,1.9491065859999992,0.00360107421875,13.905791282653809,174.23352527618408,three_branches_False_0.1_0.7_30:70:70.h5mu
5.689449608325958e-05,5.476299999962464e-05,187.44543575122952,166.711564582,21.11806415952742,2.5566543829999944,0.00360107421875,14.847731590270996,168.1910743713379,three_branches_False_0.1_0.7_50:10:70.h5mu
6.66910782456398e-05,6.45640000005443e-05,221.01235753390938,188.480433251,3.049209553748369,1.5127108800000144,0.00360107421875,12.962663650512695,174.2302188873291,three_branches_True_0.1_0.7_30:70:50.h5mu
6.175786256790161e-05,5.934100000004605e-05,219.87616000138223,189.441149037,3.5582764744758606,1.5705915980000213,0.00360107421875,13.666805267333984,174.23352527618408,three_branches_True_0.1_0.7_30:70:70.h5mu
6.642192602157593e-05,6.423799999843993e-05,204.26690158434212,182.354775262,14.051663050428033,2.0443860409999957,0.00360107421875,13.105148315429688,171.17955207824707,three_branches_False_0.1_0.7_50:30:10.h5mu
5.689449608325958e-05,5.476299999962464e-05,187.44543575122952,166.711564582,4.5060227904468775,2.379648817000003,0.00360107421875,14.536720275878906,168.1910743713379,three_branches_True_0.1_0.7_50:10:70.h5mu
6.642192602157593e-05,6.423799999843993e-05,204.26690158434212,182.354775262,3.528811822645366,1.6569324790000053,0.00360107421875,12.87290096282959,171.17955207824707,three_branches_True_0.1_0.7_50:30:10.h5mu
6.711669266223907e-05,6.493799999951477e-05,200.068140367046,182.487070762,14.620535694994032,1.8716498139999942,0.00360107421875,13.143939971923828,176.39786338806152,three_branches_False_0.1_0.7_50:30:30.h5mu
6.711669266223907e-05,6.493799999951477e-05,200.068140367046,182.487070762,2.2496817391365767,1.493405368999987,0.00360107421875,12.910377502441406,176.39786338806152,three_branches_True_0.1_0.7_50:30:30.h5mu
5.971640348434448e-05,5.7480000000609266e-05,191.24040150083601,181.86932141699998,19.40815438143909,2.0110338450000143,0.00360107421875,13.860347747802734,171.17961502075195,three_branches_False_0.1_0.7_50:30:50.h5mu
6.350688636302948e-05,6.1006999999335676e-05,189.05499424412847,182.28661211800002,16.40780941117555,1.994257100999988,0.00360107421875,13.915159225463867,171.18178272247314,three_branches_False_0.1_0.7_50:30:70.h5mu
5.971640348434448e-05,5.7480000000609266e-05,191.24040150083601,181.86932141699998,4.8297269539907575,1.630928087000001,0.00360107421875,13.662156105041504,171.17961502075195,three_branches_True_0.1_0.7_50:30:50.h5mu
6.350688636302948e-05,6.1006999999335676e-05,189.05499424412847,182.28661211800002,6.008276803418994,1.6489289179999957,0.00360107421875,13.673397064208984,171.18178272247314,three_branches_True_0.1_0.7_50:30:70.h5mu
6.42063096165657e-05,6.171000000065874e-05,198.5232702307403,188.85186530000001,24.458197427913547,2.074149772999988,0.00360107421875,13.249245643615723,174.23398780822754,three_branches_False_0.1_0.7_50:50:50.h5mu
6.384402513504028e-05,6.15680000013441e-05,200.80105649214238,189.626756351,24.31559107452631,2.150534988000004,0.00360107421875,12.867420196533203,174.22983932495117,three_branches_False_0.1_0.7_50:50:10.h5mu
8.674245327711105e-05,8.433800000062774e-05,199.54566711559892,191.19294973799998,23.002784656360745,2.1478890690000014,0.00360107421875,13.964131355285645,174.23025798797607,three_branches_False_0.1_0.7_50:50:70.h5mu
5.0693750381469727e-05,4.8524000000327305e-05,215.7973738340661,187.99940976899998,14.835647566244006,2.1134357390000105,0.00360107421875,13.245841979980469,174.2318468093872,three_branches_False_0.1_0.7_50:50:30.h5mu
6.384402513504028e-05,6.15680000013441e-05,200.80105649214238,189.626756351,2.840064549818635,1.4458384669999873,0.00360107421875,12.569136619567871,174.22983932495117,three_branches_True_0.1_0.7_50:50:10.h5mu
6.42063096165657e-05,6.171000000065874e-05,198.5232702307403,188.85186530000001,3.1380975265055895,1.555469802999994,0.00360107421875,13.020272254943848,174.23398780822754,three_branches_True_0.1_0.7_50:50:50.h5mu
8.674245327711105e-05,8.433800000062774e-05,199.54566711559892,191.19294973799998,4.476701726205647,1.5926783120000039,0.00360107421875,13.774239540100098,174.23025798797607,three_branches_True_0.1_0.7_50:50:70.h5mu
5.0693750381469727e-05,4.8524000000327305e-05,215.7973738340661,187.99940976899998,4.802894332446158,1.6151610089999906,0.00360107421875,13.048593521118164,174.2318468093872,three_branches_True_0.1_0.7_50:50:30.h5mu
6.198510527610779e-05,5.998599999834653e-05,219.4470794228837,198.317674548,20.761873057112098,2.0659549949999985,0.00360107421875,12.25009822845459,177.28561782836914,three_branches_False_0.1_0.7_50:70:10.h5mu
6.297975778579712e-05,6.112300000005177e-05,222.9461548179388,198.738540936,23.567683205008507,2.067829551000017,0.00360107421875,12.642848014831543,177.28047466278076,three_branches_False_0.1_0.7_50:70:30.h5mu
6.763823330402374e-05,5.945100000026571e-05,220.60293561499566,198.191991642,20.739143477752805,2.0713651480000124,0.00360107421875,13.349621772766113,177.28056240081787,three_branches_False_0.1_0.7_50:70:50.h5mu
6.198510527610779e-05,5.998599999834653e-05,219.4470794228837,198.317674548,1.8226154018193483,1.427724660999985,0.00360107421875,12.071149826049805,177.28561782836914,three_branches_True_0.1_0.7_50:70:10.h5mu
6.297975778579712e-05,6.112300000005177e-05,222.9461548179388,198.738540936,1.7879103906452656,1.4852589580000028,0.00360107421875,12.411577224731445,177.28047466278076,three_branches_True_0.1_0.7_50:70:30.h5mu
6.763823330402374e-05,5.945100000026571e-05,220.60293561499566,198.191991642,2.7341658622026443,1.517961009000004,0.00360107421875,13.181053161621094,177.28056240081787,three_branches_True_0.1_0.7_50:70:50.h5mu
6.240047514438629e-05,6.006200000108208e-05,150.98641824536026,146.366304969,25.33261225372553,1.9664129049999985,0.00360107421875,13.105706214904785,192.00471115112305,five_branches_False_0.7_0.3_50:10:50.h5mu
4.9484893679618835e-05,4.748399999954245e-05,151.63262476027012,149.42181752000002,25.773912258446217,2.0336827769999957,0.00360107421875,12.881335258483887,192.00555610656738,five_branches_False_0.7_0.3_50:10:30.h5mu
4.983227699995041e-05,4.737700000045919e-05,149.21353687532246,146.359150801,26.797072183340788,1.9168121939999878,0.00360107421875,13.23106861114502,192.0052032470703,five_branches_False_0.7_0.3_50:10:70.h5mu
6.182678043842316e-05,5.9342999998435175e-05,194.6707237539813,180.508278363,22.77617438044399,2.7712115039999787,0.00360107421875,13.96915340423584,171.18125534057617,three_branches_False_0.1_0.7_70:10:30.h5mu
6.240047514438629e-05,6.006200000108208e-05,150.98641824536026,146.366304969,3.56790326628834,1.4975339089999977,0.00360107421875,13.022237777709961,192.00471115112305,five_branches_True_0.7_0.3_50:10:50.h5mu
7.573235780000687e-05,6.29550000006418e-05,195.96330442931503,178.74482897899998,23.014695709571242,3.345138125999995,0.00360107421875,13.000548362731934,176.39585876464844,three_branches_False_0.1_0.7_70:10:10.h5mu
0.00010708440095186234,0.00010422899999973367,237.2028093310073,204.256397457,16.097079848870635,2.0547362979999946,0.00360107421875,13.8973388671875,177.28338718414307,three_branches_False_0.1_0.7_50:70:70.h5mu
4.9484893679618835e-05,4.748399999954245e-05,151.63262476027012,149.42181752000002,3.4263494107872248,1.4729003500000033,0.00360107421875,12.809664726257324,192.00555610656738,five_branches_True_0.7_0.3_50:10:30.h5mu
4.983227699995041e-05,4.737700000045919e-05,149.21353687532246,146.359150801,4.196851066313684,1.5058910270000183,0.00360107421875,13.156270027160645,192.0052032470703,five_branches_True_0.7_0.3_50:10:70.h5mu
6.0199759900569916e-05,5.7972999998767705e-05,176.3104082113132,158.131212338,12.598718675784767,1.8602340950000098,0.00360107421875,12.142311096191406,195.05527210235596,five_branches_False_0.7_0.3_50:30:10.h5mu
6.182678043842316e-05,5.9342999998435175e-05,194.6707237539813,180.508278363,7.629974029958248,2.4576066660000038,0.00360107421875,13.684103965759277,171.18125534057617,three_branches_True_0.1_0.7_70:10:30.h5mu
0.00010708440095186234,0.00010422899999973367,237.2028093310073,204.256397457,6.309389507398009,1.6496714940000174,0.00360107421875,13.694361686706543,177.28338718414307,three_branches_True_0.1_0.7_50:70:70.h5mu
7.573235780000687e-05,6.29550000006418e-05,195.96330442931503,178.74482897899998,10.734950549900532,3.243827725999978,0.00360107421875,12.711130142211914,176.39585876464844,three_branches_True_0.1_0.7_70:10:10.h5mu
6.0199759900569916e-05,5.7972999998767705e-05,176.3104082113132,158.131212338,3.7177631184458733,1.3625245799999846,0.00360107421875,12.037595748901367,195.05527210235596,five_branches_True_0.7_0.3_50:30:10.h5mu
6.43748790025711e-05,0.0010515319999999662,209.0128754787147,179.37549089499998,20.805168765597045,2.722390682999986,0.00360107421875,14.427236557006836,171.1813440322876,three_branches_False_0.1_0.7_70:10:50.h5mu
5.720462650060654e-05,5.5010000000521586e-05,183.82992537785321,159.345328504,25.131498251110315,1.9447524759999908,0.00360107421875,12.51459789276123,195.05481147766113,five_branches_False_0.7_0.3_50:30:30.h5mu
5.443394184112549e-05,0.0010461810000013116,182.74945783335716,159.227314877,24.755411243997514,2.011622215999978,0.00360107421875,13.152235984802246,195.05625820159912,five_branches_False_0.7_0.3_50:30:50.h5mu
6.43748790025711e-05,0.0010515319999999662,209.0128754787147,179.37549089499998,2.6762928487733006,2.312495192,0.00360107421875,14.2125825881958,171.1813440322876,three_branches_True_0.1_0.7_70:10:50.h5mu
5.443394184112549e-05,0.0010461810000013116,182.74945783335716,159.227314877,1.7931881556287408,1.485360283999995,0.00360107421875,13.05648422241211,195.05625820159912,five_branches_True_0.7_0.3_50:30:50.h5mu
5.720462650060654e-05,5.5010000000521586e-05,183.82992537785321,159.345328504,1.6054291892796755,1.3898112739999817,0.00360107421875,12.431994438171387,195.05481147766113,five_branches_True_0.7_0.3_50:30:30.h5mu
6.274599581956863e-05,6.026700000028029e-05,126.4560630498454,123.11867900000001,12.403397493995726,1.7330885940000087,0.00360107421875,11.881964683532715,185.89978504180908,five_branches_False_0.7_0.3_10:10:10.h5mu
6.274599581956863e-05,6.026700000028029e-05,126.4560630498454,123.11867900000001,2.74480046518147,1.4542414979999876,0.00360107421875,11.76890754699707,185.89978504180908,five_branches_True_0.7_0.3_10:10:10.h5mu
6.269849836826324e-05,6.030099999954075e-05,141.50494851917028,134.41416077300002,23.719421569257975,1.9962329929999783,0.00360107421875,12.246940612792969,188.79564762115479,five_branches_False_0.7_0.3_10:30:10.h5mu
5.3552910685539246e-05,5.131800000057751e-05,169.6008166372776,161.056724056,22.323479576036334,1.959031925000005,0.00360107421875,13.82988166809082,195.0556240081787,five_branches_False_0.7_0.3_50:30:70.h5mu
5.880091339349747e-05,5.6667000000842904e-05,178.04622810240835,165.839665223,18.664488272741437,1.9810653140000056,0.00360107421875,12.346613883972168,197.63619422912598,five_branches_False_0.7_0.3_50:50:10.h5mu
6.426498293876648e-05,6.201699999941468e-05,178.55749995820224,167.122004017,17.566781326197088,1.86724139399999,0.00360107421875,12.618535995483398,198.10618591308594,five_branches_False_0.7_0.3_50:50:30.h5mu
6.269849836826324e-05,6.030099999954075e-05,141.50494851917028,134.41416077300002,2.860778567381203,1.4452939569999899,0.00360107421875,12.125387191772461,188.79564762115479,five_branches_True_0.7_0.3_10:30:10.h5mu
5.3552910685539246e-05,5.131800000057751e-05,169.6008166372776,161.056724056,4.619226600974798,1.5936669980000033,0.00360107421875,13.784912109375,195.0556240081787,five_branches_True_0.7_0.3_50:30:70.h5mu
5.880091339349747e-05,5.6667000000842904e-05,178.04622810240835,165.839665223,3.634958709590137,1.4952943130000165,0.00360107421875,12.342082023620605,197.63619422912598,five_branches_True_0.7_0.3_50:50:10.h5mu
6.680749356746674e-05,6.435599999932151e-05,191.413078866899,178.12372146,20.224614654667675,1.9607441240000014,0.00360107421875,13.524968147277832,201.1581516265869,five_branches_False_0.7_0.3_70:50:70.h5mu
6.426498293876648e-05,6.201699999941468e-05,178.55749995820224,167.122004017,3.899742729961872,1.5392593960000056,0.00360107421875,12.597210884094238,198.10618591308594,five_branches_True_0.7_0.3_50:50:30.h5mu
6.164051592350006e-05,5.943299999877638e-05,198.56728445272893,174.903466696,23.824800844304264,1.9009891350000032,0.00360107421875,12.85439682006836,200.6882610321045,five_branches_False_0.7_0.3_70:50:50.h5mu
6.448756903409958e-05,6.216400000091937e-05,203.35185938328505,176.711910658,23.90392226073891,2.002389557999976,0.00360107421875,12.366705894470215,201.15986251831055,five_branches_False_0.7_0.3_70:50:30.h5mu
6.680749356746674e-05,6.435599999932151e-05,191.413078866899,178.12372146,3.4356239773333073,1.4731944279999993,0.00360107421875,13.447005271911621,201.1581516265869,five_branches_True_0.7_0.3_70:50:70.h5mu
8.0060213804245e-05,7.777900000149884e-05,191.30533745512366,166.852568773,20.906145691871643,2.030098860999999,0.00360107421875,13.098295211791992,198.10910606384277,five_branches_False_0.7_0.3_50:50:50.h5mu
6.164051592350006e-05,5.943299999877638e-05,198.56728445272893,174.903466696,1.88710193708539,1.244924056000002,0.00360107421875,12.829306602478027,200.6882610321045,five_branches_True_0.7_0.3_70:50:50.h5mu
6.448756903409958e-05,6.216400000091937e-05,203.35185938328505,176.711910658,1.9629077836871147,1.341489623000001,0.00360107421875,12.305638313293457,201.15986251831055,five_branches_True_0.7_0.3_70:50:30.h5mu
5.894433706998825e-05,5.663300000069427e-05,213.2485087942332,188.74354495,16.323966570198536,1.7868930310000053,0.00360107421875,11.986693382263184,204.21117973327637,five_branches_False_0.7_0.3_70:70:10.h5mu
8.0060213804245e-05,7.777900000149884e-05,191.30533745512366,166.852568773,2.65288595110178,1.3526521230000128,0.00360107421875,12.951238632202148,198.10910606384277,five_branches_True_0.7_0.3_50:50:50.h5mu
5.894433706998825e-05,5.663300000069427e-05,213.2485087942332,188.74354495,2.655930068343878,1.4232646940000109,0.00360107421875,11.94377613067627,204.21117973327637,five_branches_True_0.7_0.3_70:70:10.h5mu
7.467437535524368e-05,7.219299999938755e-05,132.1060457667336,126.10920311200002,13.034175230190158,1.8264613449999842,0.00360107421875,12.828298568725586,185.43203926086426,five_branches_False_0.7_0.3_10:10:30.h5mu
6.223749369382858e-05,5.981699999857426e-05,138.19175147358328,126.933399372,15.55288144107908,1.7778292929999964,0.00360107421875,13.251731872558594,185.90092658996582,five_branches_False_0.7_0.3_10:10:50.h5mu
7.467437535524368e-05,7.219299999938755e-05,132.1060457667336,126.10920311200002,1.8229610342532396,1.2920153809999988,0.00360107421875,12.754986763000488,185.43203926086426,five_branches_True_0.7_0.3_10:10:30.h5mu
6.223749369382858e-05,5.981699999857426e-05,138.19175147358328,126.933399372,4.381028537638485,1.3981417689999773,0.00360107421875,13.281583786010742,185.90092658996582,five_branches_True_0.7_0.3_10:10:50.h5mu
6.471015512943268e-05,6.220400000067627e-05,145.42843388020992,136.987956984,27.71835201792419,2.113562895000001,0.00360107421875,12.498434066772461,188.95326900482178,five_branches_False_0.7_0.3_30:10:10.h5mu
6.62999227643013e-05,6.388999999984435e-05,135.98074656259269,126.124829224,27.074479846283793,1.9202472169999965,0.00360107421875,13.52468490600586,185.90157794952393,five_branches_False_0.7_0.3_10:10:70.h5mu
6.471015512943268e-05,6.220400000067627e-05,145.42843388020992,136.987956984,3.1053564017638564,1.5054501669999922,0.00360107421875,12.553621292114258,188.95326900482178,five_branches_True_0.7_0.3_30:10:10.h5mu
6.692390888929367e-05,6.0623000001314153e-05,148.32362686283886,137.787188752,23.42458600178361,1.9762129849999894,0.00360107421875,12.62313461303711,188.95285892486572,five_branches_False_0.7_0.3_30:10:30.h5mu
6.3382089138031e-05,6.123400000035417e-05,191.49988484755158,170.09602466,24.274959966540337,2.0061281280000003,0.00360107421875,14.031610488891602,198.10637378692627,five_branches_False_0.7_0.3_50:50:70.h5mu
6.62999227643013e-05,6.388999999984435e-05,135.98074656259269,126.124829224,3.0542267514392734,1.5235911590000057,0.00360107421875,13.55341625213623,185.90157794952393,five_branches_True_0.7_0.3_10:10:70.h5mu
6.440281867980957e-05,6.209199999851478e-05,182.46834133006632,158.604418297,11.310737304389477,1.772792068000001,0.00360107421875,13.373509407043457,195.05761623382568,five_branches_False_0.7_0.3_10:70:70.h5mu
6.692390888929367e-05,6.0623000001314153e-05,148.32362686283886,137.787188752,2.9611858697608113,1.5047552670000073,0.00360107421875,12.535117149353027,188.95285892486572,five_branches_True_0.7_0.3_30:10:30.h5mu
6.3382089138031e-05,6.123400000035417e-05,191.49988484755158,170.09602466,2.59214227180928,1.3960015990000159,0.00360107421875,13.919301986694336,198.10637378692627,five_branches_True_0.7_0.3_50:50:70.h5mu
6.440281867980957e-05,6.209199999851478e-05,182.46834133006632,158.604418297,2.5666979141533375,1.4510019090000128,0.00360107421875,13.336143493652344,195.05761623382568,five_branches_True_0.7_0.3_10:70:70.h5mu
6.17513433098793e-05,5.956499999903997e-05,201.23686935938895,178.58690074100002,15.137860809452832,1.9205898379999837,0.00360107421875,11.897116661071777,201.16189193725586,five_branches_False_0.7_0.3_50:70:10.h5mu
6.17513433098793e-05,5.956499999903997e-05,201.23686935938895,178.58690074100002,3.097767489030957,1.4260761090000074,0.00360107421875,11.837215423583984,201.16189193725586,five_branches_True_0.7_0.3_50:70:10.h5mu
6.237626075744629e-05,6.0332000000329344e-05,198.8145121075213,177.553204016,12.2925867093727,1.8821681430000012,0.00360107421875,12.566643714904785,201.16015243530273,five_branches_False_0.7_0.3_50:70:30.h5mu
7.511768490076065e-05,7.310500000023978e-05,203.02599308267236,178.675924687,11.872178396210074,1.9126345509999965,0.00360107421875,13.095240592956543,201.1593542098999,five_branches_False_0.7_0.3_50:70:50.h5mu
6.237626075744629e-05,6.0332000000329344e-05,198.8145121075213,177.553204016,1.7226659897714853,1.3907096889999764,0.00360107421875,12.463964462280273,201.16015243530273,five_branches_True_0.7_0.3_50:70:30.h5mu
7.511768490076065e-05,7.310500000023978e-05,203.02599308267236,178.675924687,1.6027018269523978,1.3585878439999988,0.00360107421875,12.997648239135742,201.1593542098999,five_branches_True_0.7_0.3_50:70:50.h5mu
6.388593465089798e-05,6.130799999937153e-05,151.7592438403517,133.879607423,13.934997914358974,1.8127892439999869,0.00360107421875,12.6055908203125,188.9537467956543,five_branches_False_0.7_0.3_10:30:30.h5mu
6.388593465089798e-05,6.130799999937153e-05,151.7592438403517,133.879607423,3.101897574029863,1.462581997000001,0.00360107421875,12.529356956481934,188.9537467956543,five_branches_True_0.7_0.3_10:30:30.h5mu
6.916094571352005e-05,6.262999999862018e-05,148.17440701182932,135.157833562,16.460937809199095,1.8418622580000203,0.00360107421875,12.796102523803711,188.95145988464355,five_branches_False_0.7_0.3_10:30:50.h5mu
6.341654807329178e-05,6.129700000023774e-05,145.9771894067526,135.487116224,17.206100053153932,1.8825113069999873,0.00360107421875,13.12971019744873,188.9524393081665,five_branches_False_0.7_0.3_10:30:70.h5mu
6.916094571352005e-05,6.262999999862018e-05,148.17440701182932,135.157833562,1.9277369612827897,1.3635642129999894,0.00360107421875,12.713919639587402,188.95145988464355,five_branches_True_0.7_0.3_10:30:50.h5mu
6.341654807329178e-05,6.129700000023774e-05,145.9771894067526,135.487116224,2.9171265000477433,1.362057311000001,0.00360107421875,12.978052139282227,188.9524393081665,five_branches_True_0.7_0.3_10:30:70.h5mu
7.290113717317581e-05,6.550099999991232e-05,205.36572058591992,182.648213836,24.098594048060477,1.9499476960000095,0.00360107421875,13.416491508483887,201.159197807312,five_branches_False_0.7_0.3_50:70:70.h5mu
5.942489951848984e-05,5.740399999965007e-05,187.97417192347348,160.815662815,22.07361256983131,2.0061370010000132,0.00360107421875,12.29291820526123,195.05550289154053,five_branches_False_0.7_0.3_70:10:10.h5mu
6.286520510911942e-05,6.0489000000885085e-05,152.48743501957506,141.96831394699998,23.95251638162881,2.007481975000019,0.00360107421875,12.006473541259766,192.0049467086792,five_branches_False_0.7_0.3_10:50:10.h5mu
7.04396516084671e-05,6.788800000023798e-05,178.66181110031903,160.675354087,18.115702882409096,1.9007933209999806,0.00360107421875,12.777800559997559,195.05475234985352,five_branches_False_0.7_0.3_70:10:30.h5mu
5.942489951848984e-05,5.740399999965007e-05,187.97417192347348,160.815662815,3.279014764353633,1.5359554420000165,0.00360107421875,12.204026222229004,195.05550289154053,five_branches_True_0.7_0.3_70:10:10.h5mu
7.290113717317581e-05,6.550099999991232e-05,205.36572058591992,182.648213836,3.534224052913487,1.4974530580000192,0.00360107421875,13.372712135314941,201.159197807312,five_branches_True_0.7_0.3_50:70:70.h5mu
6.286520510911942e-05,6.0489000000885085e-05,152.48743501957506,141.96831394699998,2.3875211803242564,1.4622038649999922,0.00360107421875,11.93140983581543,192.0049467086792,five_branches_True_0.7_0.3_10:50:10.h5mu
5.907285958528519e-05,5.6747000000356707e-05,186.91996886953712,161.480578163,11.658436187542975,1.8779514550000158,0.00360107421875,12.957119941711426,195.0547103881836,five_branches_False_0.7_0.3_70:10:50.h5mu
7.04396516084671e-05,6.788800000023798e-05,178.66181110031903,160.675354087,1.8849966526031494,1.3021083659999988,0.00360107421875,12.684218406677246,195.05475234985352,five_branches_True_0.7_0.3_70:10:30.h5mu
5.907285958528519e-05,5.6747000000356707e-05,186.91996886953712,161.480578163,3.1892086751759052,1.5336809539999763,0.00360107421875,12.974156379699707,195.0547103881836,five_branches_True_0.7_0.3_70:10:50.h5mu
6.160233169794083e-05,5.937699999947199e-05,175.38603480812162,142.123549171,19.052485514432192,1.9195626869999955,0.00360107421875,12.471060752868652,192.00347518920898,five_branches_False_0.7_0.3_10:50:30.h5mu
5.958881229162216e-05,5.746999999978186e-05,192.92760503478348,160.757902754,12.490388578735292,2.023610856999994,0.00360107421875,13.536056518554688,195.05659103393555,five_branches_False_0.7_0.3_70:10:70.h5mu
6.160233169794083e-05,5.937699999947199e-05,175.38603480812162,142.123549171,1.6137882778421044,1.2953077679999865,0.00360107421875,12.441588401794434,192.00347518920898,five_branches_True_0.7_0.3_10:50:30.h5mu
5.958881229162216e-05,5.746999999978186e-05,192.92760503478348,160.757902754,1.8795619569718838,1.410765352999988,0.00360107421875,13.605236053466797,195.05659103393555,five_branches_True_0.7_0.3_70:10:70.h5mu
5.852803587913513e-05,5.6050000001306444e-05,155.89478739071637,142.265276314,15.047435631975532,1.8828284249999854,0.00360107421875,13.255001068115234,191.5336208343506,five_branches_False_0.7_0.3_10:50:50.h5mu
5.852803587913513e-05,5.6050000001306444e-05,155.89478739071637,142.265276314,3.0989173110574484,1.4702183210000044,0.00360107421875,13.174842834472656,191.5336208343506,five_branches_True_0.7_0.3_10:50:50.h5mu
6.118696182966232e-05,5.885800000093866e-05,189.3124430878088,170.77733422300003,18.98490089084953,1.890412079000015,0.00360107421875,12.391260147094727,198.10872650146484,five_branches_False_0.7_0.3_70:30:10.h5mu
6.542820483446121e-05,6.309699999995644e-05,148.95599079411477,142.495422999,16.540349939838052,1.8954252779999763,0.00360107421875,13.876850128173828,192.00566959381104,five_branches_False_0.7_0.3_10:50:70.h5mu
6.118696182966232e-05,5.885800000093866e-05,189.3124430878088,170.77733422300003,2.72777265869081,1.4667892900000084,0.00360107421875,12.279989242553711,198.10872650146484,five_branches_True_0.7_0.3_70:30:10.h5mu
6.376765668392181e-05,6.154000000080373e-05,162.66112257167697,154.100141255,14.092552988789976,1.972881239000003,0.00360107421875,11.839726448059082,195.05649852752686,five_branches_False_0.7_0.3_10:70:10.h5mu
6.542820483446121e-05,6.309699999995644e-05,148.95599079411477,142.495422999,2.6389018120244145,1.4900790609999888,0.00360107421875,13.83641242980957,192.00566959381104,five_branches_True_0.7_0.3_10:50:70.h5mu
6.24367967247963e-05,6.005100000017194e-05,203.87805065046996,169.18902861499998,14.728127375245094,1.9608296870000004,0.00360107421875,12.267460823059082,197.63786029815674,five_branches_False_0.7_0.3_70:30:30.h5mu
6.376765668392181e-05,6.154000000080373e-05,162.66112257167697,154.100141255,4.480523182079196,1.5551277769999956,0.00360107421875,11.75286865234375,195.05649852752686,five_branches_True_0.7_0.3_10:70:10.h5mu
6.322190165519714e-05,6.092099999932543e-05,180.89037009235471,167.367422002,26.896178527735174,1.8919192280000061,0.00360107421875,13.267617225646973,198.10708904266357,five_branches_False_0.7_0.3_70:30:70.h5mu
6.24367967247963e-05,6.005100000017194e-05,203.87805065046996,169.18902861499998,4.869837883859873,1.5154117319999898,0.00360107421875,12.26166820526123,197.63786029815674,five_branches_True_0.7_0.3_70:30:30.h5mu
5.787983536720276e-05,5.604999999953009e-05,164.57998366560787,153.839444134,23.327110287733376,2.105705518999997,0.00360107421875,13.101235389709473,195.0567750930786,five_branches_False_0.7_0.3_10:70:50.h5mu
4.8141926527023315e-05,4.5824000000749265e-05,195.7750681657344,168.08369831800002,17.577269416302443,1.8546857880000118,0.00360107421875,12.851128578186035,198.10753345489502,five_branches_False_0.7_0.3_70:30:50.h5mu
6.495974957942963e-05,6.260500000010438e-05,176.51632971968502,153.36286846,25.77080362662673,2.062351949999993,0.00360107421875,12.772051811218262,195.05643463134766,five_branches_False_0.7_0.3_10:70:30.h5mu
6.322190165519714e-05,6.092099999932543e-05,180.89037009235471,167.367422002,1.572998289950192,1.114624593000002,0.00360107421875,13.334762573242188,198.10708904266357,five_branches_True_0.7_0.3_70:30:70.h5mu
5.787983536720276e-05,5.604999999953009e-05,164.57998366560787,153.839444134,1.889771668240428,1.35533577999999,0.00360107421875,12.999753952026367,195.0567750930786,five_branches_True_0.7_0.3_10:70:50.h5mu
4.8141926527023315e-05,4.5824000000749265e-05,195.7750681657344,168.08369831800002,1.9447204861789942,1.4259112599999924,0.00360107421875,12.764571189880371,198.10753345489502,five_branches_True_0.7_0.3_70:30:50.h5mu
6.495974957942963e-05,6.260500000010438e-05,176.51632971968502,153.36286846,2.7771069649606943,1.4550126260000127,0.00360107421875,12.674051284790039,195.05643463134766,five_branches_True_0.7_0.3_10:70:30.h5mu
6.73104077577591e-05,6.492199999996728e-05,204.5431518033147,173.421481372,14.611952575854957,1.885311900000005,0.00360107421875,12.346480369567871,201.16013717651367,five_branches_False_0.7_0.3_70:50:10.h5mu
6.73104077577591e-05,6.492199999996728e-05,204.5431518033147,173.421481372,1.5467829825356603,1.4113239939999858,0.00360107421875,12.283447265625,201.16013717651367,five_branches_True_0.7_0.3_70:50:10.h5mu
5.061738193035126e-05,4.824500000033538e-05,144.615218042396,136.519116258,17.72211968153715,1.8804204680000112,0.00360107421875,12.945119857788086,188.95180416107178,five_branches_False_0.7_0.3_30:10:50.h5mu
6.567873060703278e-05,6.353700000083506e-05,151.55303780641407,137.93141820900001,15.48784445412457,1.7721754209999858,0.00360107421875,13.281661987304688,188.9518642425537,five_branches_False_0.7_0.3_30:10:70.h5mu
5.061738193035126e-05,4.824500000033538e-05,144.615218042396,136.519116258,2.902940201573074,1.4705585429999815,0.00360107421875,12.874049186706543,188.95180416107178,five_branches_True_0.7_0.3_30:10:50.h5mu
6.567873060703278e-05,6.353700000083506e-05,151.55303780641407,137.93141820900001,2.398040870204568,1.418332458000009,0.00360107421875,13.35654067993164,188.9518642425537,five_branches_True_0.7_0.3_30:10:70.h5mu
6.159115582704544e-05,5.9141000001261546e-05,149.3061669524759,144.39646777,13.53138357680291,1.8440874970000039,0.00360107421875,11.990522384643555,192.00525856018066,five_branches_False_0.7_0.3_30:30:10.h5mu
6.159115582704544e-05,5.9141000001261546e-05,149.3061669524759,144.39646777,5.204451082274318,1.5896552359999987,0.00360107421875,11.917877197265625,192.00525856018066,five_branches_True_0.7_0.3_30:30:10.h5mu
6.261654198169708e-05,5.439199999912603e-05,159.4389001680538,142.839761557,26.41189295705408,1.9488866910000127,0.00360107421875,12.766860961914062,192.00386142730713,five_branches_False_0.7_0.3_30:30:30.h5mu
6.423890590667725e-05,6.179700000075172e-05,157.43138401489705,146.779116333,26.640602885745466,1.9608652430000006,0.00360107421875,13.477151870727539,192.00352096557617,five_branches_False_0.7_0.3_30:30:70.h5mu
4.9578957259655e-05,4.708400000019708e-05,159.67411674838513,144.58602114599998,26.317722840234637,1.8258703550000064,0.00360107421875,12.748640060424805,192.0044822692871,five_branches_False_0.7_0.3_30:30:50.h5mu
5.65284863114357e-05,5.4276000000186286e-05,227.75019450858235,189.58921481000002,19.053684483282268,1.965734805000011,0.00360107421875,12.924708366394043,204.21159839630127,five_branches_False_0.7_0.3_70:70:30.h5mu
6.423890590667725e-05,6.179700000075172e-05,157.43138401489705,146.779116333,2.952630369924009,1.471732739999993,0.00360107421875,13.397730827331543,192.00352096557617,five_branches_True_0.7_0.3_30:30:70.h5mu
4.9578957259655e-05,4.708400000019708e-05,159.67411674838513,144.58602114599998,3.3186883172020316,1.4697717210000008,0.00360107421875,12.661316871643066,192.0044822692871,five_branches_True_0.7_0.3_30:30:50.h5mu
6.261654198169708e-05,5.439199999912603e-05,159.4389001680538,142.839761557,3.6084672128781676,1.4327928049999912,0.00360107421875,12.67495346069336,192.00386142730713,five_branches_True_0.7_0.3_30:30:30.h5mu
6.437394767999649e-05,6.178699999992432e-05,218.7119384976104,190.83884293399998,19.728864546865225,1.6965450980000014,0.00360107421875,12.89816951751709,204.21133422851562,five_branches_False_0.7_0.3_70:70:50.h5mu
5.65284863114357e-05,5.4276000000186286e-05,227.75019450858235,189.58921481000002,3.2867566496133804,1.5177654579999853,0.00360107421875,12.856889724731445,204.21159839630127,five_branches_True_0.7_0.3_70:70:30.h5mu
4.99458983540535e-05,4.7946000000465006e-05,218.46125157736242,190.791070625,18.41107609588653,1.8066323739999746,0.00360107421875,13.423129081726074,203.74090480804443,five_branches_False_0.7_0.3_70:70:70.h5mu
6.437394767999649e-05,6.178699999992432e-05,218.7119384976104,190.83884293399998,3.300283944234252,1.4984505749999926,0.00360107421875,12.953411102294922,204.21133422851562,five_branches_True_0.7_0.3_70:70:50.h5mu
6.302446126937866e-05,6.088700000006497e-05,186.6981852920726,152.883145746,16.26221857778728,1.9222092060000193,0.00360107421875,12.043352127075195,195.0555238723755,five_branches_False_0.7_0.3_30:50:10.h5mu
4.99458983540535e-05,4.7946000000465006e-05,218.46125157736242,190.791070625,1.4462016448378563,1.2367410820000089,0.00360107421875,13.378936767578125,203.74090480804443,five_branches_True_0.7_0.3_70:70:70.h5mu
6.302446126937866e-05,6.088700000006497e-05,186.6981852920726,152.883145746,3.1330042351037264,1.4935554840000123,0.00360107421875,11.975069046020508,195.0555238723755,five_branches_True_0.7_0.3_30:50:10.h5mu
6.043817847967148e-05,5.7841000000280474e-05,168.66777747124434,155.25796896,16.69738636445254,1.7686163779999902,0.00360107421875,12.9720458984375,195.05910873413086,five_branches_False_0.7_0.3_30:50:30.h5mu
5.257222801446915e-05,5.0571000000942945e-05,173.35532555822283,154.450075801,18.754868054762483,1.9236710899999991,0.00360107421875,13.30057144165039,195.0574073791504,five_branches_False_0.7_0.3_30:50:50.h5mu
6.043817847967148e-05,5.7841000000280474e-05,168.66777747124434,155.25796896,2.298401723615825,1.411488721000012,0.00360107421875,12.874523162841797,195.05910873413086,five_branches_True_0.7_0.3_30:50:30.h5mu
6.304122507572174e-05,6.069099999983507e-05,169.84172599297017,155.25931004900002,15.099824974313378,1.8907261580000068,0.00360107421875,13.6221342086792,195.0550994873047,five_branches_False_0.7_0.3_30:50:70.h5mu
5.257222801446915e-05,5.0571000000942945e-05,173.35532555822283,154.450075801,3.530721071176231,1.2468901240000037,0.00360107421875,13.216093063354492,195.0574073791504,five_branches_True_0.7_0.3_30:50:50.h5mu
6.304122507572174e-05,6.069099999983507e-05,169.84172599297017,155.25931004900002,3.4020491801202297,1.5342929210000023,0.00360107421875,13.586798667907715,195.0550994873047,five_branches_True_0.7_0.3_30:50:70.h5mu
6.128475069999695e-05,5.898900000111951e-05,160.17234782502055,148.277375735,12.457992229610682,1.9098205450000023,0.00360107421875,12.240290641784668,192.00347518920898,five_branches_False_0.7_0.3_50:10:10.h5mu
6.128475069999695e-05,5.898900000111951e-05,160.17234782502055,148.277375735,3.0896263541653752,1.4673988950000023,0.00360107421875,12.144396781921387,192.00347518920898,five_branches_True_0.7_0.3_50:10:10.h5mu
6.124190986156464e-05,5.8827000000150065e-05,182.7366751311347,166.220920364,29.65116996411234,2.0319201819999932,0.00360107421875,13.447383880615234,198.10888576507568,five_branches_False_0.7_0.3_30:70:50.h5mu
4.579126834869385e-05,4.369200000020612e-05,184.35335267242044,167.037023829,28.956679825671017,2.002003424999998,0.00360107421875,11.990939140319824,198.10810375213623,five_branches_False_0.7_0.3_30:70:10.h5mu
5.7909637689590454e-05,5.568599999961066e-05,195.63296229485422,164.84925616499999,19.230147007852793,1.9598328529999947,0.00360107421875,12.369593620300293,197.6370391845703,five_branches_False_0.7_0.3_30:70:30.h5mu
6.523728370666504e-05,6.281999999835364e-05,182.63295695278794,165.68001643,29.492530533112586,1.9908963409999956,0.00360107421875,13.62580680847168,198.10959434509277,five_branches_False_0.7_0.3_30:70:70.h5mu
6.134435534477234e-05,5.912099999960674e-05,184.76508462335914,163.032306598,18.713207713328302,2.0467660420000016,0.00360107421875,13.411937713623047,183.13337421417236,three_branches_False_0.9_0.9_30:50:50.h5mu
6.290990859270096e-05,6.046899999923028e-05,185.34764733165503,165.452001502,13.972434816882014,2.0916451300000176,0.00360107421875,13.91033935546875,183.13173580169678,three_branches_False_0.9_0.9_30:50:70.h5mu
6.124190986156464e-05,5.8827000000150065e-05,182.7366751311347,166.220920364,2.056155408732593,1.375772459000018,0.00360107421875,13.362278938293457,198.10888576507568,five_branches_True_0.7_0.3_30:70:50.h5mu
4.579126834869385e-05,4.369200000020612e-05,184.35335267242044,167.037023829,2.063840063288808,1.378875254999997,0.00360107421875,11.936105728149414,198.10810375213623,five_branches_True_0.7_0.3_30:70:10.h5mu
6.134435534477234e-05,5.912099999960674e-05,184.76508462335914,163.032306598,2.1976413829252124,1.249472919999988,0.00360107421875,13.24057388305664,183.13337421417236,three_branches_True_0.9_0.9_30:50:50.h5mu
6.523728370666504e-05,6.281999999835364e-05,182.63295695278794,165.68001643,1.78314602188766,1.4535910870000066,0.00360107421875,13.571069717407227,198.10959434509277,five_branches_True_0.7_0.3_30:70:70.h5mu
5.7909637689590454e-05,5.568599999961066e-05,195.63296229485422,164.84925616499999,1.829598592594266,1.4156318459999966,0.00360107421875,12.312664985656738,197.6370391845703,five_branches_True_0.7_0.3_30:70:30.h5mu
6.290990859270096e-05,6.046899999923028e-05,185.34764733165503,165.452001502,2.5156235583126545,1.3850142130000052,0.00360107421875,13.705439567565918,183.13173580169678,three_branches_True_0.9_0.9_30:50:70.h5mu
6.265100091695786e-05,6.0285999998299644e-05,197.64583292324096,177.17076693099997,18.81453149020672,1.9009498209999833,0.00360107421875,12.922866821289062,186.18759155273438,three_branches_False_0.9_0.9_30:70:10.h5mu
5.660112947225571e-05,5.425900000055606e-05,193.37233708519489,175.59069851200002,16.165796767920256,1.8981367579999926,0.00360107421875,12.955525398254395,186.18420696258545,three_branches_False_0.9_0.9_30:70:30.h5mu
6.265100091695786e-05,6.0285999998299644e-05,197.64583292324096,177.17076693099997,1.6804256811738014,1.4475152430000264,0.00360107421875,12.813766479492188,186.18759155273438,three_branches_True_0.9_0.9_30:70:10.h5mu
5.660112947225571e-05,5.425900000055606e-05,193.37233708519489,175.59069851200002,3.647139853797853,1.5320500570000206,0.00360107421875,12.783340454101562,186.18420696258545,three_branches_True_0.9_0.9_30:70:30.h5mu
6.478279829025269e-05,6.223900000001947e-05,161.59538788348436,153.412450137,40.13397228810936,2.095624459000021,0.00360107421875,13.06625747680664,180.08105659484863,three_branches_False_0.9_0.9_50:10:30.h5mu
6.32917508482933e-05,6.0963999999330554e-05,187.23682382609695,180.002506579,34.52727092336863,1.9310514640000065,0.00360107421875,14.131556510925293,185.7140121459961,three_branches_False_0.9_0.9_30:70:70.h5mu
5.029607564210892e-05,4.8332000000428366e-05,160.50562210567296,154.921708483,38.19728964287788,2.1473923080000077,0.00360107421875,13.69261646270752,179.6136589050293,three_branches_False_0.9_0.9_50:10:50.h5mu
5.342066287994385e-05,5.1285000001399794e-05,168.32370637822896,157.95550216599997,32.86211964674294,2.0410766560000013,0.00360107421875,13.877799034118652,180.0828104019165,three_branches_False_0.9_0.9_50:10:70.h5mu
8.527841418981552e-05,8.389399999941816e-05,193.49344714637846,180.753980346,34.81179999187589,2.1388716879999947,0.00360107421875,13.730674743652344,185.71473121643066,three_branches_False_0.9_0.9_30:70:50.h5mu
4.6378932893276215e-05,4.456500000138419e-05,181.82160986308008,154.29335367000002,23.248877741396427,2.018220471999996,0.00360107421875,11.761164665222168,180.08202171325684,three_branches_False_0.9_0.9_50:10:10.h5mu
4.770234227180481e-05,4.560600000047543e-05,180.03979894611984,165.36257469999998,21.63125875685364,2.095855752999995,0.00360107421875,12.51469898223877,183.1309051513672,three_branches_False_0.9_0.9_50:30:10.h5mu
6.478279829025269e-05,6.223900000001947e-05,161.59538788348436,153.412450137,2.4479741491377354,1.5532009799999855,0.00360107421875,13.045352935791016,180.08105659484863,three_branches_True_0.9_0.9_50:10:30.h5mu
6.26537948846817e-05,6.045900000017923e-05,193.58425021823496,166.798355865,13.310999530367553,1.9915391919999763,0.00360107421875,13.085198402404785,182.6635446548462,three_branches_False_0.9_0.9_50:30:30.h5mu
6.32917508482933e-05,6.0963999999330554e-05,187.23682382609695,180.002506579,2.7037383187562227,1.4215427910000074,0.00360107421875,13.926395416259766,185.7140121459961,three_branches_True_0.9_0.9_30:70:70.h5mu
5.342066287994385e-05,5.1285000001399794e-05,168.32370637822896,157.95550216599997,2.5681516649201512,1.3439245040000003,0.00360107421875,13.699103355407715,180.0828104019165,three_branches_True_0.9_0.9_50:10:70.h5mu
5.029607564210892e-05,4.8332000000428366e-05,160.50562210567296,154.921708483,2.761496930383146,1.3123422169999799,0.00360107421875,13.485209465026855,179.6136589050293,three_branches_True_0.9_0.9_50:10:50.h5mu
8.527841418981552e-05,8.389399999941816e-05,193.49344714637846,180.753980346,1.8969031795859337,1.3664598299999966,0.00360107421875,13.524832725524902,185.71473121643066,three_branches_True_0.9_0.9_30:70:50.h5mu
4.770234227180481e-05,4.560600000047543e-05,180.03979894611984,165.36257469999998,2.8487256951630116,1.4314339720000078,0.00360107421875,12.336767196655273,183.1309051513672,three_branches_True_0.9_0.9_50:30:10.h5mu
4.6378932893276215e-05,4.456500000138419e-05,181.82160986308008,154.29335367000002,3.4854591069743037,1.4184248010000147,0.00360107421875,11.595169067382812,180.08202171325684,three_branches_True_0.9_0.9_50:10:10.h5mu
6.26537948846817e-05,6.045900000017923e-05,193.58425021823496,166.798355865,4.484880922362208,1.4583138369999915,0.00360107421875,12.942197799682617,182.6635446548462,three_branches_True_0.9_0.9_50:30:30.h5mu
6.239861249923706e-05,5.9950000000696946e-05,173.93059133272618,167.826009681,15.89609851129353,1.866585979000007,0.00360107421875,13.483564376831055,182.6624460220337,three_branches_False_0.9_0.9_50:30:50.h5mu
6.214156746864319e-05,5.9794000000223946e-05,176.57477266993374,166.031390399,14.217496381141245,1.9751130520000117,0.00360107421875,14.120424270629883,183.13193702697754,three_branches_False_0.9_0.9_50:30:70.h5mu
6.239861249923706e-05,5.9950000000696946e-05,173.93059133272618,167.826009681,3.1412033392116427,1.475189972999999,0.00360107421875,13.354681968688965,182.6624460220337,three_branches_True_0.9_0.9_50:30:50.h5mu
6.214156746864319e-05,5.9794000000223946e-05,176.57477266993374,166.031390399,2.131907481700182,1.431531653999997,0.00360107421875,14.07695198059082,183.13193702697754,three_branches_True_0.9_0.9_50:30:70.h5mu
6.915908306837082e-05,6.220799999923088e-05,185.66372742317617,176.593693629,20.926327717490494,2.0080315220000102,0.00360107421875,12.461941719055176,186.18538188934326,three_branches_False_0.9_0.9_50:50:10.h5mu
6.0301274061203e-05,5.774999999985653e-05,186.11856645252556,177.013644814,22.400191023014486,2.091526536999993,0.00360107421875,14.250283241271973,186.1852855682373,three_branches_False_0.9_0.9_50:50:70.h5mu
4.937872290611267e-05,0.0009445590000005666,194.1970703843981,175.419301749,24.604343459941447,2.177663295000002,0.00360107421875,13.667492866516113,186.18523788452148,three_branches_False_0.9_0.9_50:50:50.h5mu
6.0840509831905365e-05,5.83509999998455e-05,193.27704985626042,178.46532519299998,24.664772561751306,2.10561567000002,0.00360107421875,13.156522750854492,186.18686962127686,three_branches_False_0.9_0.9_50:50:30.h5mu
6.915908306837082e-05,6.220799999923088e-05,185.66372742317617,176.593693629,4.543343079276383,1.541840245000003,0.00360107421875,12.289844512939453,186.18538188934326,three_branches_True_0.9_0.9_50:50:10.h5mu
6.0301274061203e-05,5.774999999985653e-05,186.11856645252556,177.013644814,3.962189557030797,1.594990905000003,0.00360107421875,14.085026741027832,186.1852855682373,three_branches_True_0.9_0.9_50:50:70.h5mu
4.937872290611267e-05,0.0009445590000005666,194.1970703843981,175.419301749,3.625787175260484,1.5641774229999896,0.00360107421875,13.600569725036621,186.18523788452148,three_branches_True_0.9_0.9_50:50:50.h5mu
9.801611304283142e-05,0.0010813030000011992,202.07380526140332,188.81606269099998,20.937356245703995,2.0771068960000036,0.00360107421875,12.563379287719727,189.2377758026123,three_branches_False_0.9_0.9_50:70:10.h5mu
6.0840509831905365e-05,5.83509999998455e-05,193.27704985626042,178.46532519299998,3.3351260172203183,1.5326210610000146,0.00360107421875,12.940812110900879,186.18686962127686,three_branches_True_0.9_0.9_50:50:30.h5mu
6.488431245088577e-05,6.252100000025962e-05,209.53679557610303,191.476041071,21.90067733451724,2.0061866510000073,0.00360107421875,14.015929222106934,189.23590660095215,three_branches_False_0.9_0.9_50:70:70.h5mu
6.119068711996078e-05,5.908199999993258e-05,207.99935018084943,190.235477768,24.947171566076577,1.9550259419999918,0.00360107421875,13.000547409057617,189.2373218536377,three_branches_False_0.9_0.9_50:70:30.h5mu
5.8992765843868256e-05,5.675600000110137e-05,213.4211200606078,190.27636814599998,18.949578979983926,1.9027927270000191,0.00360107421875,13.06174373626709,189.23822784423828,three_branches_False_0.9_0.9_50:70:50.h5mu
9.801611304283142e-05,0.0010813030000011992,202.07380526140332,188.81606269099998,2.9931456204503775,1.4594423670000083,0.00360107421875,12.386587142944336,189.2377758026123,three_branches_True_0.9_0.9_50:70:10.h5mu
6.488431245088577e-05,6.252100000025962e-05,209.53679557610303,191.476041071,1.6217696508392692,1.4101994780000098,0.00360107421875,13.80068302154541,189.23590660095215,three_branches_True_0.9_0.9_50:70:70.h5mu
6.119068711996078e-05,5.908199999993258e-05,207.99935018084943,190.235477768,1.7755531966686249,1.4305668609999884,0.00360107421875,12.836508750915527,189.2373218536377,three_branches_True_0.9_0.9_50:70:30.h5mu
5.8992765843868256e-05,5.675600000110137e-05,213.4211200606078,190.27636814599998,1.692941582761705,1.4195999150000205,0.00360107421875,12.885335922241211,189.23822784423828,three_branches_True_0.9_0.9_50:70:50.h5mu
6.157159805297852e-05,5.94669999998132e-05,193.58999767992646,166.281666312,21.138990085572004,1.7612623740000117,0.00360107421875,11.683793067932129,186.2154598236084,three_branches_False_0.9_0.9_70:10:10.h5mu
5.756597965955734e-05,5.532600000002219e-05,182.39313877467066,165.547452777,21.357875363901258,1.9549509539999974,0.00360107421875,13.387317657470703,183.1318645477295,three_branches_False_0.9_0.9_70:10:30.h5mu
5.756597965955734e-05,5.532600000002219e-05,182.39313877467066,165.547452777,1.9489000849425793,1.4924999469999989,0.00360107421875,13.19143009185791,183.1318645477295,three_branches_True_0.9_0.9_70:10:30.h5mu
6.157159805297852e-05,5.94669999998132e-05,193.58999767992646,166.281666312,1.7933481018990278,1.2778328719999763,0.00360107421875,11.452315330505371,186.2154598236084,three_branches_True_0.9_0.9_70:10:10.h5mu
6.436556577682495e-05,6.216499999922576e-05,179.86965395417064,163.965454187,15.845318345353007,2.023306407000007,0.00360107421875,13.684831619262695,182.66407012939453,three_branches_False_0.9_0.9_70:10:50.h5mu
4.8086978495121e-05,4.5825000000832006e-05,180.15320963971317,165.14681401400003,16.69519955664873,2.0219294180000134,0.00360107421875,14.233061790466309,183.13098430633545,three_branches_False_0.9_0.9_70:10:70.h5mu
6.436556577682495e-05,6.216499999922576e-05,179.86965395417064,163.965454187,3.596984092146158,1.5458135630000243,0.00360107421875,13.513242721557617,182.66407012939453,three_branches_True_0.9_0.9_70:10:50.h5mu
6.421748548746109e-05,6.235799999920744e-05,186.070084345527,174.57424674900003,17.285505960695446,2.0285131320000005,0.00360107421875,12.358275413513184,186.18434238433838,three_branches_False_0.9_0.9_70:30:10.h5mu
4.8086978495121e-05,4.5825000000832006e-05,180.15320963971317,165.14681401400003,6.510106093250215,1.718007288999985,0.00360107421875,14.121491432189941,183.13098430633545,three_branches_True_0.9_0.9_70:10:70.h5mu
5.786959081888199e-05,5.5731999999864e-05,194.65266154240817,174.931523199,14.923482888378203,2.009717107,0.00360107421875,14.321083068847656,186.1824550628662,three_branches_False_0.9_0.9_70:30:70.h5mu
4.947558045387268e-05,4.726200000071401e-05,187.5846322197467,175.239767319,20.906755859032273,2.0729225540000016,0.00360107421875,13.924575805664062,186.18510246276855,three_branches_False_0.9_0.9_70:30:50.h5mu
5.658809095621109e-05,5.4155999999139226e-05,192.42861922550946,172.464254764,20.654013228602707,2.08285682799999,0.00360107421875,13.078851699829102,186.1837568283081,three_branches_False_0.9_0.9_70:30:30.h5mu
6.421748548746109e-05,6.235799999920744e-05,186.070084345527,174.57424674900003,2.3178791599348187,1.3931409549999785,0.00360107421875,12.177979469299316,186.18434238433838,three_branches_True_0.9_0.9_70:30:10.h5mu
5.786959081888199e-05,5.5731999999864e-05,194.65266154240817,174.931523199,2.1417416222393513,1.5679522179999879,0.00360107421875,14.265325546264648,186.1824550628662,three_branches_True_0.9_0.9_70:30:70.h5mu
4.947558045387268e-05,4.726200000071401e-05,187.5846322197467,175.239767319,2.011336703784764,1.4861262009999905,0.00360107421875,13.746015548706055,186.18510246276855,three_branches_True_0.9_0.9_70:30:50.h5mu
5.658809095621109e-05,5.4155999999139226e-05,192.42861922550946,172.464254764,2.0004631094634533,1.456491045000007,0.00360107421875,12.872405052185059,186.1837568283081,three_branches_True_0.9_0.9_70:30:30.h5mu
5.060061812400818e-05,4.845299999978181e-05,211.58398852217942,188.198500465,19.981544247828424,1.8420498199999997,0.00360107421875,12.849625587463379,189.2371311187744,three_branches_False_0.9_0.9_70:50:30.h5mu
6.635859608650208e-05,6.383300000045722e-05,213.1769500253722,186.90548116600002,20.282673116773367,2.007460872999985,0.00360107421875,12.639413833618164,189.2354679107666,three_branches_False_0.9_0.9_70:50:10.h5mu
5.060061812400818e-05,4.845299999978181e-05,211.58398852217942,188.198500465,1.7657756600528955,1.3711297889999798,0.00360107421875,12.6779203414917,189.2371311187744,three_branches_True_0.9_0.9_70:50:30.h5mu
6.635859608650208e-05,6.383300000045722e-05,213.1769500253722,186.90548116600002,1.5407141419127584,1.3528512270000022,0.00360107421875,12.427750587463379,189.2354679107666,three_branches_True_0.9_0.9_70:50:10.h5mu
6.492994725704193e-05,6.276200000066012e-05,133.1230605924502,127.592243552,22.354332289658487,1.8581136560000004,0.00360107421875,12.564555168151855,173.97781658172607,three_branches_False_0.9_0.9_10:10:10.h5mu
6.941147148609161e-05,6.736300000032003e-05,132.97797779738903,128.43981496900003,21.551230656914413,2.0360429449999913,0.00360107421875,13.371872901916504,173.9787883758545,three_branches_False_0.9_0.9_10:10:30.h5mu
6.492994725704193e-05,6.276200000066012e-05,133.1230605924502,127.592243552,1.7819047141820192,1.285155092999986,0.00360107421875,12.509872436523438,173.97781658172607,three_branches_True_0.9_0.9_10:10:10.h5mu
6.941147148609161e-05,6.736300000032003e-05,132.97797779738903,128.43981496900003,4.151915216818452,1.5652249169999948,0.00360107421875,13.18943977355957,173.9787883758545,three_branches_True_0.9_0.9_10:10:30.h5mu
6.377510726451874e-05,6.159899999857998e-05,139.76805184129626,128.610563036,26.000272971577942,2.105003562999997,0.00360107421875,13.779160499572754,173.9777364730835,three_branches_False_0.9_0.9_10:10:50.h5mu
6.341934204101562e-05,6.115500000092311e-05,138.56969439983368,128.968856807,23.417742615565658,1.9107973509999852,0.00360107421875,14.271803855895996,173.97743892669678,three_branches_False_0.9_0.9_10:10:70.h5mu
6.377510726451874e-05,6.159899999857998e-05,139.76805184129626,128.610563036,3.822904705069959,1.6015992659999938,0.00360107421875,13.728110313415527,173.9777364730835,three_branches_True_0.9_0.9_10:10:50.h5mu
6.341934204101562e-05,6.115500000092311e-05,138.56969439983368,128.968856807,3.446692534722388,1.6215806190000137,0.00360107421875,14.209005355834961,173.97743892669678,three_branches_True_0.9_0.9_10:10:70.h5mu
7.286109030246735e-05,7.0463999998438e-05,218.636989928782,190.658465242,19.978045196272433,2.0518775740000024,0.00360107421875,14.211411476135254,189.23765468597412,three_branches_False_0.9_0.9_70:50:70.h5mu
5.9602782130241394e-05,5.719900000045186e-05,222.48360579181463,189.830253994,18.13877392373979,2.057221018000007,0.00360107421875,13.679875373840332,189.23828125,three_branches_False_0.9_0.9_70:50:50.h5mu
7.286109030246735e-05,7.0463999998438e-05,218.636989928782,190.658465242,3.0963798528537154,1.453370968999991,0.00360107421875,14.007061004638672,189.23765468597412,three_branches_True_0.9_0.9_70:50:70.h5mu
5.9602782130241394e-05,5.719900000045186e-05,222.48360579181463,189.830253994,1.8612301582470536,1.4283966469999996,0.00360107421875,13.483439445495605,189.23828125,three_branches_True_0.9_0.9_70:50:50.h5mu
5.415827035903931e-05,5.165800000028753e-05,224.3457298958674,199.13785985299998,15.393001819960773,2.0470538069999975,0.00360107421875,12.531550407409668,192.28851985931396,three_branches_False_0.9_0.9_70:70:10.h5mu
6.420072168111801e-05,6.120100000117645e-05,219.89791682362556,201.882792155,16.754879092797637,2.150742421000018,0.00360107421875,12.924604415893555,192.28776359558105,three_branches_False_0.9_0.9_70:70:30.h5mu
5.415827035903931e-05,5.165800000028753e-05,224.3457298958674,199.13785985299998,3.0802334723994136,1.48338661599999,0.00360107421875,12.357447624206543,192.28851985931396,three_branches_True_0.9_0.9_70:70:10.h5mu
6.662588566541672e-05,6.411700000086284e-05,221.84669854212552,200.699727451,16.87112360075116,1.9852941310000176,0.00360107421875,13.912757873535156,192.28839111328125,three_branches_False_0.9_0.9_70:70:70.h5mu
6.420072168111801e-05,6.120100000117645e-05,219.89791682362556,201.882792155,2.5427523646503687,1.4530088409999848,0.00360107421875,12.72573184967041,192.28776359558105,three_branches_True_0.9_0.9_70:70:30.h5mu
5.1274895668029785e-05,4.913000000072998e-05,224.16350527387112,201.444740202,16.51687539368868,1.9810582279999949,0.00360107421875,13.36251449584961,192.2872486114502,three_branches_False_0.9_0.9_70:70:50.h5mu
6.662588566541672e-05,6.411700000086284e-05,221.84669854212552,200.699727451,2.072187852114439,1.2878569629999959,0.00360107421875,13.719451904296875,192.28839111328125,three_branches_True_0.9_0.9_70:70:70.h5mu
5.1274895668029785e-05,4.913000000072998e-05,224.16350527387112,201.444740202,2.015727162361145,1.4885559930000056,0.00360107421875,13.197834014892578,192.2872486114502,three_branches_True_0.9_0.9_70:70:50.h5mu
5.9291720390319824e-05,5.58530000009938e-05,160.3444809122011,142.69306056099998,22.869335930794477,1.8099385209999923,0.00360107421875,12.065011978149414,176.55885982513428,three_branches_False_0.9_0.9_10:30:10.h5mu
6.671808660030365e-05,5.983100000150898e-05,161.23886165302247,142.052495535,21.06004688050598,1.8909769149999818,0.00360107421875,12.652900695800781,177.0315456390381,three_branches_False_0.9_0.9_10:30:30.h5mu
6.671808660030365e-05,5.983100000150898e-05,161.23886165302247,142.052495535,2.784556425176561,1.4499106479999853,0.00360107421875,12.482072830200195,177.0315456390381,three_branches_True_0.9_0.9_10:30:30.h5mu
5.9291720390319824e-05,5.58530000009938e-05,160.3444809122011,142.69306056099998,2.943366391584277,1.5007769440000231,0.00360107421875,11.834299087524414,176.55885982513428,three_branches_True_0.9_0.9_10:30:10.h5mu
6.049312651157379e-05,5.870200000046566e-05,163.52222906146199,141.17294332699998,13.395522586070001,1.9506959839999922,0.00360107421875,13.821075439453125,177.0299587249756,three_branches_False_0.9_0.9_10:30:50.h5mu
6.049312651157379e-05,5.870200000046566e-05,163.52222906146199,141.17294332699998,4.331086915917695,1.5680810290000124,0.00360107421875,13.58989143371582,177.0299587249756,three_branches_True_0.9_0.9_10:30:50.h5mu
6.433296948671341e-05,6.160000000043908e-05,174.2485654950142,142.315971707,22.022387547418475,1.945638386000013,0.00360107421875,14.010265350341797,176.55847072601318,three_branches_False_0.9_0.9_10:30:70.h5mu
5.8809295296669006e-05,5.68180000009022e-05,165.64118766598403,152.749810115,21.824605651199818,2.051693178999983,0.00360107421875,13.040897369384766,180.07915210723877,three_branches_False_0.9_0.9_10:50:30.h5mu
5.857646465301514e-05,5.6107000000693574e-05,172.06780664622784,154.06260796499998,17.04768992215395,1.9094799510000087,0.00360107421875,11.960472106933594,180.0829725265503,three_branches_False_0.9_0.9_10:50:10.h5mu
6.433296948671341e-05,6.160000000043908e-05,174.2485654950142,142.315971707,2.2926017083227634,1.3060863089999941,0.00360107421875,13.845767974853516,176.55847072601318,three_branches_True_0.9_0.9_10:30:70.h5mu
5.857646465301514e-05,5.6107000000693574e-05,172.06780664622784,154.06260796499998,1.971185308881104,1.4115462519999937,0.00360107421875,11.806543350219727,180.0829725265503,three_branches_True_0.9_0.9_10:50:10.h5mu
5.8809295296669006e-05,5.68180000009022e-05,165.64118766598403,152.749810115,1.7693890342488885,1.4079161859999942,0.00360107421875,12.849308013916016,180.07915210723877,three_branches_True_0.9_0.9_10:50:30.h5mu
6.602518260478973e-05,6.396900000105177e-05,175.8854334326461,153.628013602,18.705946817994118,2.071865843000012,0.00360107421875,13.53084945678711,179.61075973510742,three_branches_False_0.9_0.9_10:50:50.h5mu
4.885811358690262e-05,4.699399999985587e-05,170.2170644979924,150.652072608,19.48906277306378,1.9858649379999918,0.00360107421875,13.845022201538086,180.08193492889404,three_branches_False_0.9_0.9_10:50:70.h5mu
6.284844130277634e-05,6.0753999999718644e-05,181.96044923644513,163.361970245,12.272596317343414,1.8082159209999986,0.00360107421875,12.157059669494629,183.13397693634033,three_branches_False_0.9_0.9_10:70:10.h5mu
6.602518260478973e-05,6.396900000105177e-05,175.8854334326461,153.628013602,3.627696393057704,1.5023699439999803,0.00360107421875,13.327531814575195,179.61075973510742,three_branches_True_0.9_0.9_10:50:50.h5mu
4.885811358690262e-05,4.699399999985587e-05,170.2170644979924,150.652072608,2.8507514940574765,1.4774861930000043,0.00360107421875,13.667380332946777,180.08193492889404,three_branches_True_0.9_0.9_10:50:70.h5mu
6.284844130277634e-05,6.0753999999718644e-05,181.96044923644513,163.361970245,2.473929213359952,1.3698877540000183,0.00360107421875,11.95698356628418,183.13397693634033,three_branches_True_0.9_0.9_10:70:10.h5mu
6.652530282735825e-05,6.399599999973304e-05,187.79355899896473,165.71270454199998,12.427177947945893,1.849363492000009,0.00360107421875,12.492704391479492,183.1338529586792,three_branches_False_0.9_0.9_10:70:30.h5mu
6.652530282735825e-05,6.399599999973304e-05,187.79355899896473,165.71270454199998,1.8875152729451656,1.393376797000002,0.00360107421875,12.261883735656738,183.1338529586792,three_branches_True_0.9_0.9_10:70:30.h5mu
6.011873483657837e-05,5.7635000000999526e-05,154.81572958361357,144.379441956,15.934029988013208,1.8494218559999922,0.00360107421875,12.383404731750488,177.02953815460205,three_branches_False_0.9_0.9_30:10:10.h5mu
6.011873483657837e-05,5.7635000000999526e-05,154.81572958361357,144.379441956,3.375816856510937,1.4430519400000037,0.00360107421875,12.160292625427246,177.02953815460205,three_branches_True_0.9_0.9_30:10:10.h5mu
6.365031003952026e-05,6.139000000082717e-05,189.11573233176023,166.455064937,18.527239931747317,2.0158485989999804,0.00360107421875,14.211640357971191,183.13332748413086,three_branches_False_0.9_0.9_10:70:70.h5mu
6.88694417476654e-05,6.640400000001989e-05,150.95141268149018,141.887962095,29.479297801852226,2.0371485169999914,0.00360107421875,13.9169282913208,177.03153133392334,three_branches_False_0.9_0.9_30:10:70.h5mu
6.78524374961853e-05,6.565700000038532e-05,166.31907959654927,144.447653229,20.671254940330982,2.0124111929999913,0.00360107421875,13.675811767578125,176.55947303771973,three_branches_False_0.9_0.9_30:10:50.h5mu
6.521213799715042e-05,6.314800000062348e-05,172.90576328523457,146.113877747,16.563706500455737,1.9485007149999944,0.00360107421875,13.014017105102539,176.55874729156494,three_branches_False_0.9_0.9_30:10:30.h5mu
4.995614290237427e-05,4.76949999992371e-05,191.0569042917341,167.681746083,28.305729133076966,2.028320769000004,0.00360107421875,13.071259498596191,183.13363361358643,three_branches_False_0.9_0.9_10:70:50.h5mu
6.365031003952026e-05,6.139000000082717e-05,189.11573233176023,166.455064937,2.681133489124477,1.4839959210000018,0.00360107421875,14.019906997680664,183.13332748413086,three_branches_True_0.9_0.9_10:70:70.h5mu
6.88694417476654e-05,6.640400000001989e-05,150.95141268149018,141.887962095,2.3655230505391955,1.4395701249999888,0.00360107421875,13.860305786132812,177.03153133392334,three_branches_True_0.9_0.9_30:10:70.h5mu
6.521213799715042e-05,6.314800000062348e-05,172.90576328523457,146.113877747,2.0546216582879424,1.4504411270000048,0.00360107421875,12.885870933532715,176.55874729156494,three_branches_True_0.9_0.9_30:10:30.h5mu
6.78524374961853e-05,6.565700000038532e-05,166.31907959654927,144.447653229,2.1254742788150907,1.2487773960000084,0.00360107421875,13.553655624389648,176.55947303771973,three_branches_True_0.9_0.9_30:10:50.h5mu
4.995614290237427e-05,4.76949999992371e-05,191.0569042917341,167.681746083,2.5606535328552127,1.4892012549999833,0.00360107421875,12.863033294677734,183.13363361358643,three_branches_True_0.9_0.9_10:70:50.h5mu
7.05895945429802e-05,6.840200000013397e-05,168.5973969269544,154.141887181,15.772566795349121,1.9384030070000051,0.00360107421875,13.0036039352417,180.08078956604004,three_branches_False_0.9_0.9_30:30:30.h5mu
4.57763671875e-05,4.380100000034304e-05,176.04438985604793,150.953097414,13.839711535722017,1.908323609000007,0.00360107421875,13.718320846557617,180.08144187927246,three_branches_False_0.9_0.9_30:30:50.h5mu
7.05895945429802e-05,6.840200000013397e-05,168.5973969269544,154.141887181,4.3995447820052505,1.5802616830000034,0.00360107421875,12.95389461517334,180.08078956604004,three_branches_True_0.9_0.9_30:30:30.h5mu
6.329827010631561e-05,6.10549999997545e-05,179.41548877675086,151.79132644400002,14.65959505084902,1.9378695130000096,0.00360107421875,12.837896347045898,180.08103466033936,three_branches_False_0.9_0.9_30:30:10.h5mu
4.57763671875e-05,4.380100000034304e-05,176.04438985604793,150.953097414,3.241236840374768,1.4915578359999984,0.00360107421875,13.666062355041504,180.08144187927246,three_branches_True_0.9_0.9_30:30:50.h5mu
6.329827010631561e-05,6.10549999997545e-05,179.41548877675086,151.79132644400002,3.3224652856588364,1.5306690500000002,0.00360107421875,12.669133186340332,180.08103466033936,three_branches_True_0.9_0.9_30:30:10.h5mu
6.432179361581802e-05,6.192299999874251e-05,182.87789802066982,152.63146773199998,12.727507440373302,1.9011887510000065,0.00360107421875,14.368565559387207,180.08199882507324,three_branches_False_0.9_0.9_30:30:70.h5mu
6.432179361581802e-05,6.192299999874251e-05,182.87789802066982,152.63146773199998,1.781699700281024,1.445554498000007,0.00360107421875,14.177212715148926,180.08199882507324,three_branches_True_0.9_0.9_30:30:70.h5mu
5.677714943885803e-05,5.395400000018924e-05,180.8052155803889,164.01551246900002,14.542055596597493,1.756671100999995,0.00360107421875,12.310430526733398,183.13431358337402,three_branches_False_0.9_0.9_30:50:10.h5mu
6.519164890050888e-05,6.34019999985469e-05,168.70630402769893,157.182861513,23.192866126075387,1.981059447000007,0.00360107421875,13.149616241455078,176.24610996246338,five_branches_False_0.5_0.7_10:50:30.h5mu
6.537884473800659e-05,6.306099999875414e-05,167.15793699212372,159.85823913800002,24.28646545764059,2.0983557749999875,0.00360107421875,14.142099380493164,176.24548721313477,five_branches_False_0.5_0.7_10:50:70.h5mu
7.178355008363724e-05,6.937600000078703e-05,174.602943318896,159.439170904,19.14004047308117,2.1168891940000094,0.00360107421875,14.053165435791016,176.24736499786377,five_branches_False_0.5_0.7_10:50:50.h5mu
5.677714943885803e-05,5.395400000018924e-05,180.8052155803889,164.01551246900002,3.178723488934338,1.5138169429999948,0.00360107421875,12.145105361938477,183.13431358337402,three_branches_True_0.9_0.9_30:50:10.h5mu
6.519164890050888e-05,6.34019999985469e-05,168.70630402769893,157.182861513,1.8544882601127028,1.3799492139999927,0.00360107421875,13.196566581726074,176.24610996246338,five_branches_True_0.5_0.7_10:50:30.h5mu
6.255600601434708e-05,6.032399999966742e-05,174.49590027984232,164.59571996900002,23.373513605445623,2.0303080349999902,0.00360107421875,12.908149719238281,182.66093158721924,three_branches_False_0.9_0.9_30:50:30.h5mu
6.644707173109055e-05,6.467200000059847e-05,189.51178759988397,166.802335035,17.321008726023138,1.7737553479999804,0.00360107421875,12.599385261535645,179.1373519897461,five_branches_False_0.5_0.7_10:70:10.h5mu
7.178355008363724e-05,6.937600000078703e-05,174.602943318896,159.439170904,3.073287726379931,1.5081049110000038,0.00360107421875,14.091523170471191,176.24736499786377,five_branches_True_0.5_0.7_10:50:50.h5mu
6.537884473800659e-05,6.306099999875414e-05,167.15793699212372,159.85823913800002,2.0008607422932982,1.4184448800000098,0.00360107421875,14.120330810546875,176.24548721313477,five_branches_True_0.5_0.7_10:50:70.h5mu
6.255600601434708e-05,6.032399999966742e-05,174.49590027984232,164.59571996900002,5.277136989869177,1.509314934999992,0.00360107421875,12.693002700805664,182.66093158721924,three_branches_True_0.9_0.9_30:50:30.h5mu
6.275717169046402e-05,6.0716000000127224e-05,160.84574956912547,146.136570281,25.17293905094266,2.08181602800002,0.00360107421875,12.448339462280273,173.19418048858643,five_branches_False_0.5_0.7_30:10:10.h5mu
6.644707173109055e-05,6.467200000059847e-05,189.51178759988397,166.802335035,5.848628396168351,1.6906849070000192,0.00360107421875,12.608394622802734,179.1373519897461,five_branches_True_0.5_0.7_10:70:10.h5mu
6.438884884119034e-05,6.202900000040756e-05,190.43340397905558,167.386056972,21.344372268766165,2.0579879459999972,0.00360107421875,13.304635047912598,179.29745388031006,five_branches_False_0.5_0.7_10:70:30.h5mu
6.631016731262207e-05,6.404500000023461e-05,182.36171178426594,166.99256284700002,20.59135712776333,2.128106628000012,0.00360107421875,13.850574493408203,179.29927349090576,five_branches_False_0.5_0.7_10:70:50.h5mu
6.868783384561539e-05,6.123800000068513e-05,194.98159405123442,166.88717392200002,13.766203228384256,2.512173876999981,0.00360107421875,14.162382125854492,179.29817962646484,five_branches_False_0.5_0.7_10:70:70.h5mu
6.275717169046402e-05,6.0716000000127224e-05,160.84574956912547,146.136570281,3.2563820108771324,1.4009077739999896,0.00360107421875,12.387377738952637,173.19418048858643,five_branches_True_0.5_0.7_30:10:10.h5mu
6.438884884119034e-05,6.202900000040756e-05,190.43340397905558,167.386056972,1.7301018284633756,1.4945459719999974,0.00360107421875,13.195380210876465,179.29745388031006,five_branches_True_0.5_0.7_10:70:30.h5mu
6.631016731262207e-05,6.404500000023461e-05,182.36171178426594,166.99256284700002,1.8771673766896129,1.4929462730000012,0.00360107421875,13.762007713317871,179.29927349090576,five_branches_True_0.5_0.7_10:70:50.h5mu
6.868783384561539e-05,6.123800000068513e-05,194.98159405123442,166.88717392200002,2.6155589688569307,2.138449795999975,0.00360107421875,14.147400856018066,179.29817962646484,five_branches_True_0.5_0.7_10:70:70.h5mu
6.368476897478104e-05,6.154999999985478e-05,158.76587538979948,149.723129876,16.02309558726847,1.9648894850000147,0.00360107421875,13.363259315490723,172.72384452819824,five_branches_False_0.5_0.7_30:10:30.h5mu
6.595253944396973e-05,6.35679999998473e-05,157.0709893386811,147.914136572,16.65322224982083,2.0885864029999937,0.00360107421875,13.99338150024414,173.19544792175293,five_branches_False_0.5_0.7_30:10:70.h5mu
6.368476897478104e-05,6.154999999985478e-05,158.76587538979948,149.723129876,3.472347510047257,1.44909760500002,0.00360107421875,13.306333541870117,172.72384452819824,five_branches_True_0.5_0.7_30:10:30.h5mu
6.218347698450089e-05,6.00950000002598e-05,166.32335427217185,158.317078481,16.607038903981447,2.028721656000016,0.00360107421875,12.60589599609375,176.24646949768066,five_branches_False_0.5_0.7_30:30:10.h5mu
6.035063415765762e-05,5.798499999976059e-05,168.2944160401821,149.851770703,17.30188388004899,1.989869260000006,0.00360107421875,13.501280784606934,173.19433498382568,five_branches_False_0.5_0.7_30:10:50.h5mu
6.595253944396973e-05,6.35679999998473e-05,157.0709893386811,147.914136572,2.516576262190938,1.480476029000016,0.00360107421875,13.94060230255127,173.19544792175293,five_branches_True_0.5_0.7_30:10:70.h5mu
6.218347698450089e-05,6.00950000002598e-05,166.32335427217185,158.317078481,2.8301257267594337,1.4916997079999987,0.00360107421875,12.54044246673584,176.24646949768066,five_branches_True_0.5_0.7_30:30:10.h5mu
6.035063415765762e-05,5.798499999976059e-05,168.2944160401821,149.851770703,3.5110195502638817,1.5318988589999947,0.00360107421875,13.455460548400879,173.19433498382568,five_branches_True_0.5_0.7_30:10:50.h5mu
5.989987403154373e-05,5.7895999999502124e-05,187.87742824759334,172.006585998,19.109170629642904,2.197196966000007,0.00360107421875,13.882102966308594,179.2976598739624,five_branches_False_0.5_0.7_30:50:70.h5mu
6.305985152721405e-05,6.085000000055629e-05,177.73122535645962,160.24512451,20.919806378893554,2.0942427829999986,0.00360107421875,12.999626159667969,176.24394989013672,five_branches_False_0.5_0.7_30:30:30.h5mu
5.989987403154373e-05,5.7895999999502124e-05,187.87742824759334,172.006585998,3.993899286724627,1.5126392630000112,0.00360107421875,13.914710998535156,179.2976598739624,five_branches_True_0.5_0.7_30:50:70.h5mu
6.266031414270401e-05,6.003199999859987e-05,183.23393424972892,159.252817776,17.514753309078515,1.9404019099999914,0.00360107421875,14.179977416992188,176.2480297088623,five_branches_False_0.5_0.7_30:30:70.h5mu
6.343051791191101e-05,6.110599999864519e-05,182.75674256589264,161.052250065,18.073875665664673,1.9934785189999786,0.00360107421875,13.394838333129883,176.24775886535645,five_branches_False_0.5_0.7_30:30:50.h5mu
6.305985152721405e-05,6.085000000055629e-05,177.73122535645962,160.24512451,2.8426988245919347,1.441150035999982,0.00360107421875,12.928194999694824,176.24394989013672,five_branches_True_0.5_0.7_30:30:30.h5mu
6.1015598475933075e-05,5.9311000001116554e-05,191.94435506593436,173.5211966,16.403326311148703,2.0536455619999856,0.00360107421875,12.80852222442627,179.2977933883667,five_branches_False_0.5_0.7_30:50:10.h5mu
6.266031414270401e-05,6.003199999859987e-05,183.23393424972892,159.252817776,4.061250775121152,1.5765213109999934,0.00360107421875,14.108652114868164,176.2480297088623,five_branches_True_0.5_0.7_30:30:70.h5mu
6.343051791191101e-05,6.110599999864519e-05,182.75674256589264,161.052250065,4.010649785399437,1.490297771999991,0.00360107421875,13.321457862854004,176.24775886535645,five_branches_True_0.5_0.7_30:30:50.h5mu
6.156135350465775e-05,5.932000000008486e-05,198.19979719165713,172.748431211,13.990036653354764,2.044339394000019,0.00360107421875,12.952877044677734,179.29855823516846,five_branches_False_0.5_0.7_30:50:30.h5mu
6.1015598475933075e-05,5.9311000001116554e-05,191.94435506593436,173.5211966,3.0167680541053414,1.4877534599999933,0.00360107421875,12.756930351257324,179.2977933883667,five_branches_True_0.5_0.7_30:50:10.h5mu
6.156135350465775e-05,5.932000000008486e-05,198.19979719165713,172.748431211,2.312907863408327,1.4426930209999966,0.00360107421875,12.883995056152344,179.29855823516846,five_branches_True_0.5_0.7_30:50:30.h5mu
5.743000656366348e-05,5.51839999989312e-05,191.3543288828805,170.63871329100002,12.566027108579874,2.0339972160000173,0.00360107421875,13.24189567565918,179.2994327545166,five_branches_False_0.5_0.7_30:50:50.h5mu
5.743000656366348e-05,5.51839999989312e-05,191.3543288828805,170.63871329100002,1.7339505264535546,1.3766962150000097,0.00360107421875,13.166911125183105,179.2994327545166,five_branches_True_0.5_0.7_30:50:50.h5mu
6.069149821996689e-05,5.818200000007323e-05,195.46529838815331,180.65873042200002,23.546924832277,2.0189578000000097,0.00360107421875,12.607948303222656,181.8772373199463,five_branches_False_0.5_0.7_30:70:10.h5mu
8.850544691085815e-05,6.757400000090286e-05,182.3403622303158,180.42934036,26.254966760985553,2.0173931650000156,0.00360107421875,12.942719459533691,182.34955215454102,five_branches_False_0.5_0.7_30:70:50.h5mu
6.585847586393356e-05,6.330199999915465e-05,166.2148663988337,163.137636073,26.00605142209679,2.090988490000001,0.00360107421875,12.454059600830078,176.24567699432373,five_branches_False_0.5_0.7_50:10:10.h5mu
7.159635424613953e-05,6.91619999990678e-05,193.26764466799796,178.112313883,21.94292950630188,2.0967826209999885,0.00360107421875,12.84943675994873,182.35075092315674,five_branches_False_0.5_0.7_30:70:30.h5mu
5.9845857322216034e-05,5.769600000071762e-05,178.83856729790568,165.336887579,15.442627461627126,2.0496613390000107,0.00360107421875,13.214125633239746,176.24589729309082,five_branches_False_0.5_0.7_50:10:30.h5mu
6.069149821996689e-05,5.818200000007323e-05,195.46529838815331,180.65873042200002,3.1859327936545014,1.5661716060000117,0.00360107421875,12.635519027709961,181.8772373199463,five_branches_True_0.5_0.7_30:70:10.h5mu
8.850544691085815e-05,6.757400000090286e-05,182.3403622303158,180.42934036,2.5987680051475763,1.420241978000007,0.00360107421875,12.876808166503906,182.34955215454102,five_branches_True_0.5_0.7_30:70:50.h5mu
6.585847586393356e-05,6.330199999915465e-05,166.2148663988337,163.137636073,2.8451893171295524,1.4147726969999894,0.00360107421875,12.409405708312988,176.24567699432373,five_branches_True_0.5_0.7_50:10:10.h5mu
7.159635424613953e-05,6.91619999990678e-05,193.26764466799796,178.112313883,3.209016556851566,1.413746489999994,0.00360107421875,12.737203598022461,182.35075092315674,five_branches_True_0.5_0.7_30:70:30.h5mu
5.011819303035736e-05,4.755299999992246e-05,186.11666064430028,162.264349269,17.52171511016786,2.0210753019999856,0.00360107421875,13.553515434265137,176.24605178833008,five_branches_False_0.5_0.7_50:10:50.h5mu
6.098579615354538e-05,5.867700000017351e-05,185.3498277924955,162.490468945,16.38389574084431,2.087171731000012,0.00360107421875,13.89767837524414,176.244647026062,five_branches_False_0.5_0.7_50:10:70.h5mu
5.9845857322216034e-05,5.769600000071762e-05,178.83856729790568,165.336887579,5.337606573477387,1.536173385000012,0.00360107421875,13.062345504760742,176.24589729309082,five_branches_True_0.5_0.7_50:10:30.h5mu
6.928388029336929e-05,6.671199999885857e-05,210.62951523717493,181.899525525,21.188795200549066,2.0163036910000187,0.00360107421875,13.7280855178833,182.3490514755249,five_branches_False_0.5_0.7_30:70:70.h5mu
6.248150020837784e-05,6.0425999999225155e-05,195.37893535755575,172.112271798,19.31843743380159,2.0156432809999956,0.00360107421875,12.801097869873047,179.29776763916016,five_branches_False_0.5_0.7_50:30:10.h5mu
5.011819303035736e-05,4.755299999992246e-05,186.11666064430028,162.264349269,2.921912282705307,1.5081413419999876,0.00360107421875,13.487048149108887,176.24605178833008,five_branches_True_0.5_0.7_50:10:50.h5mu
6.098579615354538e-05,5.867700000017351e-05,185.3498277924955,162.490468945,2.2832210892811418,1.437723420000026,0.00360107421875,13.836270332336426,176.244647026062,five_branches_True_0.5_0.7_50:10:70.h5mu
6.928388029336929e-05,6.671199999885857e-05,210.62951523717493,181.899525525,2.203029166907072,1.5333070759999998,0.00360107421875,13.773433685302734,182.3490514755249,five_branches_True_0.5_0.7_30:70:70.h5mu
6.248150020837784e-05,6.0425999999225155e-05,195.37893535755575,172.112271798,2.6729110004380345,1.5071669530000236,0.00360107421875,12.643598556518555,179.29776763916016,five_branches_True_0.5_0.7_50:30:10.h5mu
6.431899964809418e-05,6.198200000007148e-05,190.02129033301026,176.055181872,15.808554647490382,1.7631349760000035,0.00360107421875,13.30492115020752,179.29759693145752,five_branches_False_0.5_0.7_50:30:30.h5mu
6.431899964809418e-05,6.198200000007148e-05,190.02129033301026,176.055181872,1.9967430587857962,1.3073519129999909,0.00360107421875,13.233017921447754,179.29759693145752,five_branches_True_0.5_0.7_50:30:30.h5mu
5.226023495197296e-05,4.956699999958403e-05,178.09338321723044,173.243931407,15.199800386093557,1.9800787279999952,0.00360107421875,14.282690048217773,179.29595279693604,five_branches_False_0.5_0.7_50:30:70.h5mu
6.219930946826935e-05,5.99040000004436e-05,191.32987138070166,173.12648024299997,18.04978027474135,2.1310067759999924,0.00360107421875,13.293781280517578,179.29580974578857,five_branches_False_0.5_0.7_50:30:50.h5mu
5.226023495197296e-05,4.956699999958403e-05,178.09338321723044,173.243931407,5.856998502276838,1.6409806930000173,0.00360107421875,14.22690200805664,179.29595279693604,five_branches_True_0.5_0.7_50:30:70.h5mu
4.567578434944153e-05,4.332399999995573e-05,195.31125948391855,187.246018269,23.378960342146456,2.0391036819999897,0.00360107421875,12.802877426147461,182.3488254547119,five_branches_False_0.5_0.7_50:50:30.h5mu
6.19860365986824e-05,5.96979999993863e-05,194.62710711266845,186.605323274,23.169277356937528,2.0314044639999906,0.00360107421875,13.391992568969727,182.35027027130127,five_branches_False_0.5_0.7_50:50:50.h5mu
6.579048931598663e-05,6.28999999996438e-05,199.41771871224046,184.26715625999998,22.356955962255597,2.052511551000009,0.00360107421875,12.451509475708008,182.34966373443604,five_branches_False_0.5_0.7_50:50:10.h5mu
6.219930946826935e-05,5.99040000004436e-05,191.32987138070166,173.12648024299997,3.407717968337238,1.5453711590000125,0.00360107421875,13.302621841430664,179.29580974578857,five_branches_True_0.5_0.7_50:30:50.h5mu
6.784219294786453e-05,6.144399999996608e-05,196.70576911978424,184.31348021899998,19.276771063916385,2.02930135699998,0.00360107421875,14.183810234069824,182.349609375,five_branches_False_0.5_0.7_50:50:70.h5mu
6.19860365986824e-05,5.96979999993863e-05,194.62710711266845,186.605323274,2.80352087225765,1.4168813439999894,0.00360107421875,13.330843925476074,182.35027027130127,five_branches_True_0.5_0.7_50:50:50.h5mu
6.579048931598663e-05,6.28999999996438e-05,199.41771871224046,184.26715625999998,3.4890586342662573,1.4963114939999969,0.00360107421875,12.377256393432617,182.34966373443604,five_branches_True_0.5_0.7_50:50:10.h5mu
4.6594999730587006e-05,4.436200000057511e-05,213.56070669181645,195.845569071,13.027406048029661,1.8942037170000106,0.00360107421875,12.504487991333008,184.9307050704956,five_branches_False_0.5_0.7_50:70:10.h5mu
4.567578434944153e-05,4.332399999995573e-05,195.31125948391855,187.246018269,2.586880600079894,1.4992739780000193,0.00360107421875,12.781206130981445,182.3488254547119,five_branches_True_0.5_0.7_50:50:30.h5mu
6.784219294786453e-05,6.144399999996608e-05,196.70576911978424,184.31348021899998,3.211206785403192,1.530112005999996,0.00360107421875,14.07618236541748,182.349609375,five_branches_True_0.5_0.7_50:50:70.h5mu
5.052424967288971e-05,4.816800000018162e-05,219.40071646869183,195.041427816,17.5634008878842,2.1326853189999895,0.00360107421875,13.314553260803223,184.92953777313232,five_branches_False_0.5_0.7_50:70:30.h5mu
4.6594999730587006e-05,4.436200000057511e-05,213.56070669181645,195.845569071,2.6533538373187184,1.4969683610000004,0.00360107421875,12.444024085998535,184.9307050704956,five_branches_True_0.5_0.7_50:70:10.h5mu
6.031058728694916e-05,5.848500000027457e-05,221.08773733861744,194.27754771,16.60158678609878,2.020599562000001,0.00360107421875,12.958513259887695,185.40009784698486,five_branches_False_0.5_0.7_50:70:50.h5mu
5.052424967288971e-05,4.816800000018162e-05,219.40071646869183,195.041427816,2.1797199519351125,1.395445775000013,0.00360107421875,13.2107572555542,184.92953777313232,five_branches_True_0.5_0.7_50:70:30.h5mu
6.031058728694916e-05,5.848500000027457e-05,221.08773733861744,194.27754771,2.0793589493259788,1.3750960389999989,0.00360107421875,12.81654167175293,185.40009784698486,five_branches_True_0.5_0.7_50:70:50.h5mu
5.0731003284454346e-05,4.869699999865418e-05,159.8887347104028,136.48288137600002,16.48934463877231,1.7693006290000142,0.00360107421875,12.349623680114746,170.14155960083008,five_branches_False_0.5_0.7_10:10:10.h5mu
5.0731003284454346e-05,4.869699999865418e-05,159.8887347104028,136.48288137600002,1.742785058915615,1.3578338910000127,0.00360107421875,12.278759956359863,170.14155960083008,five_branches_True_0.5_0.7_10:10:10.h5mu
6.21844083070755e-05,5.9831999999815366e-05,139.99694345891476,133.403990142,16.951040161773562,1.9148066750000226,0.00360107421875,12.959385871887207,169.6613245010376,five_branches_False_0.5_0.7_10:10:30.h5mu
6.21844083070755e-05,5.9831999999815366e-05,139.99694345891476,133.403990142,1.730825542472303,1.371275886999996,0.00360107421875,12.864285469055176,169.6613245010376,five_branches_True_0.5_0.7_10:10:30.h5mu
6.415974348783493e-05,6.192299999874251e-05,180.6946735251695,171.481956008,14.720562847331166,1.991420048000009,0.00360107421875,12.298238754272461,179.29749488830566,five_branches_False_0.5_0.7_70:10:10.h5mu
6.415974348783493e-05,6.192299999874251e-05,180.6946735251695,171.481956008,3.3598827961832285,1.461461044999993,0.00360107421875,12.224977493286133,179.29749488830566,five_branches_True_0.5_0.7_70:10:10.h5mu
6.21359795331955e-05,5.956999999945367e-05,186.33987134415656,172.50740838,22.312770103104413,1.9830799220000017,0.00360107421875,13.05809497833252,179.29710483551025,five_branches_False_0.5_0.7_70:10:30.h5mu
6.0993246734142303e-05,5.852800000027969e-05,181.7905886741355,173.897675513,22.766010953113437,2.031593411000017,0.00360107421875,14.15872859954834,178.82717514038086,five_branches_False_0.5_0.7_70:10:70.h5mu
6.75516203045845e-05,6.516499999875691e-05,189.36336666438729,173.335408199,17.14482071530074,2.0289684100000045,0.00360107421875,13.762497901916504,179.2947177886963,five_branches_False_0.5_0.7_70:10:50.h5mu
5.024392157793045e-05,4.7754000000566066e-05,198.70200059749186,185.925971122,16.702850100584328,1.9109614199999783,0.00360107421875,12.423260688781738,182.34827613830566,five_branches_False_0.5_0.7_70:30:10.h5mu
6.21359795331955e-05,5.956999999945367e-05,186.33987134415656,172.50740838,2.584494353272021,1.4146149340000136,0.00360107421875,12.976370811462402,179.29710483551025,five_branches_True_0.5_0.7_70:10:30.h5mu
6.0993246734142303e-05,5.852800000027969e-05,181.7905886741355,173.897675513,2.9752066461369395,1.4860492220000197,0.00360107421875,14.056160926818848,178.82717514038086,five_branches_True_0.5_0.7_70:10:70.h5mu
6.681866943836212e-05,6.398800000084748e-05,224.70285526290536,194.531531688,16.998717898502946,2.1841776400000015,0.00360107421875,14.190655708312988,184.9316816329956,five_branches_False_0.5_0.7_50:70:70.h5mu
6.75516203045845e-05,6.516499999875691e-05,189.36336666438729,173.335408199,3.653949584811926,1.4747200350000185,0.00360107421875,13.691922187805176,179.2947177886963,five_branches_True_0.5_0.7_70:10:50.h5mu
5.024392157793045e-05,4.7754000000566066e-05,198.70200059749186,185.925971122,4.337439251132309,1.6016833110000164,0.00360107421875,12.453424453735352,182.34827613830566,five_branches_True_0.5_0.7_70:30:10.h5mu
6.681866943836212e-05,6.398800000084748e-05,224.70285526290536,194.531531688,2.6153769064694643,1.4945095770000023,0.00360107421875,14.143102645874023,184.9316816329956,five_branches_True_0.5_0.7_50:70:70.h5mu
5.645491182804108e-05,5.4505999999676646e-05,206.69227343332022,187.535548861,22.171167130582035,2.099968796000013,0.00360107421875,13.00742244720459,182.34819984436035,five_branches_False_0.5_0.7_70:30:30.h5mu
6.18714839220047e-05,5.9193000000234974e-05,206.05287350248545,188.056530062,21.87285196967423,2.117718338000003,0.00360107421875,13.445218086242676,182.35205459594727,five_branches_False_0.5_0.7_70:30:50.h5mu
5.645491182804108e-05,5.4505999999676646e-05,206.69227343332022,187.535548861,2.5861642379313707,1.522457782999993,0.00360107421875,12.937854766845703,182.34819984436035,five_branches_True_0.5_0.7_70:30:30.h5mu
6.18714839220047e-05,5.9193000000234974e-05,206.05287350248545,188.056530062,1.80825034994632,1.366862757000007,0.00360107421875,13.370682716369629,182.35205459594727,five_branches_True_0.5_0.7_70:30:50.h5mu
6.279535591602325e-05,6.029900000026345e-05,224.16438762750477,197.770637918,16.995431278832257,1.9138782079999999,0.00360107421875,14.288718223571777,182.35097694396973,five_branches_False_0.5_0.7_70:30:70.h5mu
6.279535591602325e-05,6.029900000026345e-05,224.16438762750477,197.770637918,1.7306456537917256,1.3373905850000085,0.00360107421875,14.132089614868164,182.35097694396973,five_branches_True_0.5_0.7_70:30:70.h5mu
6.583798676729202e-05,6.370299999858275e-05,139.9275440396741,134.163982065,21.002603511326015,1.8975707459999853,0.00360107421875,14.348800659179688,170.14368152618408,five_branches_False_0.5_0.7_10:10:70.h5mu
6.65951520204544e-05,6.402899999891076e-05,148.84425377380103,134.05076099299998,21.18137089535594,1.9652102569999954,0.00360107421875,13.40667724609375,170.1418399810791,five_branches_False_0.5_0.7_10:10:50.h5mu
6.035994738340378e-05,5.837800000030313e-05,153.0481188595295,143.848353659,14.728882745839655,1.879842281000009,0.00360107421875,12.703167915344238,173.1958122253418,five_branches_False_0.5_0.7_10:30:10.h5mu
6.65951520204544e-05,6.402899999891076e-05,148.84425377380103,134.05076099299998,3.7824570862576365,1.3758902719999924,0.00360107421875,13.333221435546875,170.1418399810791,five_branches_True_0.5_0.7_10:10:50.h5mu
6.583798676729202e-05,6.370299999858275e-05,139.9275440396741,134.163982065,3.039532790891826,1.4534508409999773,0.00360107421875,14.332337379455566,170.14368152618408,five_branches_True_0.5_0.7_10:10:70.h5mu
6.035994738340378e-05,5.837800000030313e-05,153.0481188595295,143.848353659,3.559002364985645,1.5467778830000043,0.00360107421875,12.759248733520508,173.1958122253418,five_branches_True_0.5_0.7_10:30:10.h5mu
6.078183650970459e-05,5.8380999998774996e-05,228.02696063835174,201.92764825400002,14.674974529072642,1.9123541429999875,0.00360107421875,12.54944896697998,185.40246200561523,five_branches_False_0.5_0.7_70:50:10.h5mu
6.078183650970459e-05,5.8380999998774996e-05,228.02696063835174,201.92764825400002,2.991780575364828,1.496490453000007,0.00360107421875,12.477951049804688,185.40246200561523,five_branches_True_0.5_0.7_70:50:10.h5mu
6.595533341169357e-05,6.352499999984218e-05,172.8595559624955,143.807379427,14.802284893579781,1.960384093000016,0.00360107421875,13.2579927444458,173.19286155700684,five_branches_False_0.5_0.7_10:30:30.h5mu
6.595533341169357e-05,6.352499999984218e-05,172.8595559624955,143.807379427,1.773876884020865,1.4582508390000157,0.00360107421875,13.30409049987793,173.19286155700684,five_branches_True_0.5_0.7_10:30:30.h5mu
5.865748971700668e-05,5.663900000030253e-05,216.59026498906314,200.70000164500001,15.519420400261879,2.0433296920000146,0.00360107421875,13.053862571716309,185.40027046203613,five_branches_False_0.5_0.7_70:50:30.h5mu
6.298534572124481e-05,6.12210000010549e-05,212.34455881174654,197.883859293,14.63029295578599,2.021877083999982,0.00360107421875,13.290497779846191,185.40067672729492,five_branches_False_0.5_0.7_70:50:50.h5mu
5.865748971700668e-05,5.663900000030253e-05,216.59026498906314,200.70000164500001,3.185283960774541,1.488039705999995,0.00360107421875,12.98703384399414,185.40027046203613,five_branches_True_0.5_0.7_70:50:30.h5mu
7.392186671495438e-05,7.144600000064116e-05,216.96039484720677,196.553080096,10.996163628995419,1.915916368000012,0.00360107421875,13.880248069763184,185.39945030212402,five_branches_False_0.5_0.7_70:50:70.h5mu
6.298534572124481e-05,6.12210000010549e-05,212.34455881174654,197.883859293,2.364419961348176,1.4192317299999786,0.00360107421875,13.187068939208984,185.40067672729492,five_branches_True_0.5_0.7_70:50:50.h5mu
7.392186671495438e-05,7.144600000064116e-05,216.96039484720677,196.553080096,1.8431144393980503,1.362382986,0.00360107421875,13.833000183105469,185.39945030212402,five_branches_True_0.5_0.7_70:50:70.h5mu
6.364192813634872e-05,6.162600000081397e-05,229.71933776699007,206.945426026,11.88164636772126,2.009973021999997,0.00360107421875,12.751749992370605,188.45265293121338,five_branches_False_0.5_0.7_70:70:10.h5mu
6.364192813634872e-05,6.162600000081397e-05,229.71933776699007,206.945426026,1.8238885356113315,1.3353320790000112,0.00360107421875,12.64173698425293,188.45265293121338,five_branches_True_0.5_0.7_70:70:10.h5mu
6.110500544309616e-05,5.864599999938491e-05,173.3881900999695,150.445429636,14.654186113737524,1.9053988919999938,0.00360107421875,13.548212051391602,173.19624519348145,five_branches_False_0.5_0.7_10:30:50.h5mu
6.110500544309616e-05,5.864599999938491e-05,173.3881900999695,150.445429636,1.6093560000881553,1.3179322350000007,0.00360107421875,13.598307609558105,173.19624519348145,five_branches_True_0.5_0.7_10:30:50.h5mu
5.778111517429352e-05,5.5397000000567687e-05,174.58387271687388,148.95326090999998,18.584792559966445,1.880896794000023,0.00360107421875,14.288159370422363,173.1948356628418,five_branches_False_0.5_0.7_10:30:70.h5mu
5.778111517429352e-05,5.5397000000567687e-05,174.58387271687388,148.95326090999998,1.8840390359982848,1.337488866000001,0.00360107421875,14.223125457763672,173.1948356628418,five_branches_True_0.5_0.7_10:30:70.h5mu
5.790777504444122e-05,5.570099999907541e-05,174.45033290795982,159.40758674399999,15.462857149541378,1.8120987040000216,0.00360107421875,12.50877857208252,175.77645778656006,five_branches_False_0.5_0.7_10:50:10.h5mu
6.0218386352062225e-05,5.792299999995976e-05,155.50164728984237,145.331737933,11.512618344277143,1.7677016309999942,0.00360107421875,13.359251022338867,173.83838653564453,five_branches_False_0.7_0.9_10:30:50.h5mu
5.790777504444122e-05,5.570099999907541e-05,174.45033290795982,159.40758674399999,3.176959255710244,1.3388223200000198,0.00360107421875,12.436029434204102,175.77645778656006,five_branches_True_0.5_0.7_10:50:10.h5mu
6.0218386352062225e-05,5.792299999995976e-05,155.50164728984237,145.331737933,2.929319877177477,1.4694448609999995,0.00360107421875,13.418116569519043,173.83838653564453,five_branches_True_0.7_0.9_10:30:50.h5mu
5.387142300605774e-05,5.1395999999925834e-05,162.6617080802098,145.376762106,13.276484523899853,1.924223737999995,0.00360107421875,13.754572868347168,173.367751121521,five_branches_False_0.7_0.9_10:30:70.h5mu
7.014535367488861e-05,6.742999999964638e-05,242.1256140852347,208.952249217,15.909048329107463,2.0226021160000016,0.00360107421875,12.748945236206055,188.45440769195557,five_branches_False_0.5_0.7_70:70:30.h5mu
5.639810115098953e-05,5.4043000000447705e-05,173.78114388138056,157.751925458,14.555072805844247,1.949895199000025,0.00360107421875,11.952832221984863,176.89109897613525,five_branches_False_0.7_0.9_10:50:10.h5mu
5.387142300605774e-05,5.1395999999925834e-05,162.6617080802098,145.376762106,3.56125820055604,1.47887693200002,0.00360107421875,13.732626914978027,173.367751121521,five_branches_True_0.7_0.9_10:30:70.h5mu
7.014535367488861e-05,6.742999999964638e-05,242.1256140852347,208.952249217,2.697150475345552,1.4398694369999987,0.00360107421875,12.652024269104004,188.45440769195557,five_branches_True_0.5_0.7_70:70:30.h5mu
6.916839629411697e-05,6.347899999958884e-05,247.6111167324707,208.664820914,12.270127142779529,2.0117472700000008,0.00360107421875,13.144542694091797,188.45159912109375,five_branches_False_0.5_0.7_70:70:50.h5mu
5.639810115098953e-05,5.4043000000447705e-05,173.78114388138056,157.751925458,2.5942630358040333,1.4263095520000206,0.00360107421875,11.982575416564941,176.89109897613525,five_branches_True_0.7_0.9_10:50:10.h5mu
6.916839629411697e-05,6.347899999958884e-05,247.6111167324707,208.664820914,2.257544324733317,1.476197367000026,0.00360107421875,13.075502395629883,188.45159912109375,five_branches_True_0.5_0.7_70:70:50.h5mu
4.9983151257038116e-05,4.7633999999519006e-05,190.96133764460683,157.535118619,15.509016790427268,1.9354724869999984,0.00360107421875,12.606073379516602,176.8892698287964,five_branches_False_0.7_0.9_10:50:30.h5mu
6.966199725866318e-05,6.326899999997693e-05,238.62676801811904,210.544352385,15.123291480354965,2.000379508000009,0.00360107421875,13.982742309570312,188.4523639678955,five_branches_False_0.5_0.7_70:70:70.h5mu
4.9983151257038116e-05,4.7633999999519006e-05,190.96133764460683,157.535118619,1.9131108187139034,1.4079537039999934,0.00360107421875,12.614799499511719,176.8892698287964,five_branches_True_0.7_0.9_10:50:30.h5mu
6.966199725866318e-05,6.326899999997693e-05,238.62676801811904,210.544352385,2.0144917527213693,1.423628122999986,0.00360107421875,13.933252334594727,188.4523639678955,five_branches_True_0.5_0.7_70:70:70.h5mu
7.037818431854248e-05,6.831300000165186e-05,190.69794526323676,162.910234102,19.387219588272274,2.242290572999991,0.00360107421875,13.620394706726074,176.89084434509277,five_branches_False_0.7_0.9_10:50:50.h5mu
5.909893661737442e-05,5.686399999937919e-05,191.2693970259279,162.04012328099998,15.717835614457726,2.3777530950000028,0.00360107421875,14.117666244506836,176.89300632476807,five_branches_False_0.7_0.9_10:50:70.h5mu
7.037818431854248e-05,6.831300000165186e-05,190.69794526323676,162.910234102,3.988342204131186,2.055935347000002,0.00360107421875,13.378120422363281,176.89084434509277,five_branches_True_0.7_0.9_10:50:50.h5mu
5.909893661737442e-05,5.686399999937919e-05,191.2693970259279,162.04012328099998,2.5334477024152875,2.0036675249999973,0.00360107421875,14.098978996276855,176.89300632476807,five_branches_True_0.7_0.9_10:50:70.h5mu
6.210524588823318e-05,5.991299999941191e-05,191.3325524860993,168.03022295,12.292780792340636,1.862822116000018,0.00360107421875,11.80627727508545,179.94441413879395,five_branches_False_0.7_0.9_10:70:10.h5mu
5.267467349767685e-05,5.012699999973336e-05,187.94809632748365,169.34083980300002,18.206110113300383,2.0829379479999943,0.00360107421875,12.611834526062012,179.94509029388428,five_branches_False_0.7_0.9_10:70:30.h5mu
6.210524588823318e-05,5.991299999941191e-05,191.3325524860993,168.03022295,3.7925616037100554,1.4341723480000041,0.00360107421875,11.859930038452148,179.94441413879395,five_branches_True_0.7_0.9_10:70:10.h5mu
6.17150217294693e-05,5.95519999997407e-05,162.7268469836563,149.029331443,21.18841731827706,2.017307079999995,0.00360107421875,13.065450668334961,173.83816528320312,five_branches_False_0.7_0.9_30:10:30.h5mu
4.6146102249622345e-05,4.3950000000236855e-05,172.23736805468798,148.475684606,21.925487857311964,1.8916696229999843,0.00360107421875,12.568683624267578,173.36771392822266,five_branches_False_0.7_0.9_30:10:10.h5mu
5.267467349767685e-05,5.012699999973336e-05,187.94809632748365,169.34083980300002,2.6101369885727763,1.4454433299999891,0.00360107421875,12.681160926818848,179.94509029388428,five_branches_True_0.7_0.9_10:70:30.h5mu
6.670132279396057e-05,6.377999999962469e-05,186.98537939973176,168.377433853,22.005435382947326,2.5731887540000002,0.00360107421875,13.512697219848633,179.94178199768066,five_branches_False_0.7_0.9_10:70:50.h5mu
6.17150217294693e-05,5.95519999997407e-05,162.7268469836563,149.029331443,3.110488371923566,1.444621146000003,0.00360107421875,13.00916576385498,173.83816528320312,five_branches_True_0.7_0.9_30:10:30.h5mu
6.670132279396057e-05,6.377999999962469e-05,186.98537939973176,168.377433853,4.209701848216355,2.1467121270000007,0.00360107421875,13.504637718200684,179.94178199768066,five_branches_True_0.7_0.9_10:70:50.h5mu
7.00969249010086e-05,6.334500000093612e-05,191.76846162229776,166.154694129,21.107171558775008,2.5647294169999952,0.00360107421875,13.759161949157715,179.94410705566406,five_branches_False_0.7_0.9_10:70:70.h5mu
6.353110074996948e-05,6.073400000161655e-05,170.95215754583478,148.307582793,19.08821867685765,2.764092151,0.00360107421875,14.036694526672363,173.68078136444092,five_branches_False_0.7_0.9_30:10:50.h5mu
4.6146102249622345e-05,4.3950000000236855e-05,172.23736805468798,148.475684606,4.105561177246273,1.5288917579999861,0.00360107421875,12.547167778015137,173.36771392822266,five_branches_True_0.7_0.9_30:10:10.h5mu
6.237346678972244e-05,6.0249999998873704e-05,176.47420143987983,148.02181539400001,17.460375580005348,2.699279089000015,0.00360107421875,14.404306411743164,173.84009265899658,five_branches_False_0.7_0.9_30:10:70.h5mu
7.00969249010086e-05,6.334500000093612e-05,191.76846162229776,166.154694129,4.237694727256894,2.186178315999996,0.00360107421875,13.758718490600586,179.94410705566406,five_branches_True_0.7_0.9_10:70:70.h5mu
6.353110074996948e-05,6.073400000161655e-05,170.95215754583478,148.307582793,3.5008727004751563,2.239099153000012,0.00360107421875,13.962916374206543,173.68078136444092,five_branches_True_0.7_0.9_30:10:50.h5mu
6.237346678972244e-05,6.0249999998873704e-05,176.47420143987983,148.02181539400001,4.6704837922006845,2.0266863890000195,0.00360107421875,14.247931480407715,173.84009265899658,five_branches_True_0.7_0.9_30:10:70.h5mu
5.998089909553528e-05,5.6950999999472174e-05,192.8238223893568,164.311876541,20.180619108490646,1.8812372479999908,0.00360107421875,12.758421897888184,176.8956823348999,five_branches_False_0.7_0.9_30:30:10.h5mu
6.405636668205261e-05,6.167099999920822e-05,195.6966780917719,163.150960019,18.74873885884881,1.8159490330000096,0.00360107421875,12.859421730041504,176.42302417755127,five_branches_False_0.7_0.9_30:30:30.h5mu
5.998089909553528e-05,5.6950999999472174e-05,192.8238223893568,164.311876541,3.43483495619148,1.480011506000011,0.00360107421875,12.741486549377441,176.8956823348999,five_branches_True_0.7_0.9_30:30:10.h5mu
5.0434842705726624e-05,4.8002999999852136e-05,144.77707585692406,135.784149823,16.51202595513314,1.8499939240000174,0.00360107421875,12.55686092376709,170.7888469696045,five_branches_False_0.7_0.9_10:10:10.h5mu
6.405636668205261e-05,6.167099999920822e-05,195.6966780917719,163.150960019,2.4229314792901278,1.2185977180000123,0.00360107421875,12.783256530761719,176.42302417755127,five_branches_True_0.7_0.9_30:30:30.h5mu
5.0434842705726624e-05,4.8002999999852136e-05,144.77707585692406,135.784149823,2.212619012221694,1.4165430689999994,0.00360107421875,12.400538444519043,170.7888469696045,five_branches_True_0.7_0.9_10:10:10.h5mu
6.308872252702713e-05,6.051499999948362e-05,175.81716637127101,161.24503776499998,23.13265250902623,2.0953717549999737,0.00360107421875,14.161478042602539,176.4250135421753,five_branches_False_0.7_0.9_30:30:70.h5mu
6.073992699384689e-05,5.854599999999266e-05,182.88883280940354,161.63430797499998,26.999013897962868,2.071667065000014,0.00360107421875,13.7520112991333,176.8907594680786,five_branches_False_0.7_0.9_30:30:50.h5mu
5.6887976825237274e-05,5.488900000116814e-05,184.35918388236314,169.116150384,18.56315939221531,1.944274041,0.00360107421875,12.34949016571045,179.94524097442627,five_branches_False_0.7_0.9_30:50:10.h5mu
6.381701678037643e-05,6.180399999955455e-05,149.13712535891682,135.90637979000002,28.96418314334005,2.13027669600001,0.00360107421875,13.061259269714355,170.78807067871094,five_branches_False_0.7_0.9_10:10:30.h5mu
6.073992699384689e-05,5.854599999999266e-05,182.88883280940354,161.63430797499998,2.010679087601602,1.4190127199999836,0.00360107421875,13.798417091369629,176.8907594680786,five_branches_True_0.7_0.9_30:30:50.h5mu
6.0313381254673004e-05,5.8208000000448124e-05,188.6423929585144,172.075033947,13.895760799758136,2.0347611109999946,0.00360107421875,12.75775146484375,179.94341564178467,five_branches_False_0.7_0.9_30:50:30.h5mu
6.308872252702713e-05,6.051499999948362e-05,175.81716637127101,161.24503776499998,2.3912939643487334,1.494740787000012,0.00360107421875,14.142729759216309,176.4250135421753,five_branches_True_0.7_0.9_30:30:70.h5mu
5.6887976825237274e-05,5.488900000116814e-05,184.35918388236314,169.116150384,3.000204076990485,1.5323096079999914,0.00360107421875,12.481812477111816,179.94524097442627,five_branches_True_0.7_0.9_30:50:10.h5mu
6.381701678037643e-05,6.180399999955455e-05,149.13712535891682,135.90637979000002,3.207789729349315,1.4047671550000018,0.00360107421875,12.958374977111816,170.78807067871094,five_branches_True_0.7_0.9_10:10:30.h5mu
5.7227909564971924e-05,5.477900000006031e-05,192.20250347908586,173.915257432,13.6934824725613,1.6802362000000244,0.00360107421875,13.353906631469727,179.9426441192627,five_branches_False_0.7_0.9_30:50:50.h5mu
6.0313381254673004e-05,5.8208000000448124e-05,188.6423929585144,172.075033947,2.455430875532329,1.3942319829999974,0.00360107421875,12.65648078918457,179.94341564178467,five_branches_True_0.7_0.9_30:50:30.h5mu
6.301794201135635e-05,6.072099999876457e-05,204.67579645104706,177.428010676,15.171034420840442,2.021686033000009,0.00360107421875,14.047760963439941,179.94500827789307,five_branches_False_0.7_0.9_30:50:70.h5mu
5.7227909564971924e-05,5.477900000006031e-05,192.20250347908586,173.915257432,3.236425925977528,1.4862416889999963,0.00360107421875,13.303038597106934,179.9426441192627,five_branches_True_0.7_0.9_30:50:50.h5mu
6.301794201135635e-05,6.072099999876457e-05,204.67579645104706,177.428010676,2.070650805719197,1.4129352360000098,0.00360107421875,13.976293563842773,179.94500827789307,five_branches_True_0.7_0.9_30:50:70.h5mu
4.620663821697235e-05,4.4109000000958076e-05,139.77961977105588,135.905141547,16.162650723941624,1.875634113000018,0.00360107421875,13.721586227416992,170.78810119628906,five_branches_False_0.7_0.9_10:10:50.h5mu
6.288383156061172e-05,6.068999999975233e-05,210.27221335843205,183.57119506,17.336776362732053,1.9136453479999886,0.00360107421875,12.300810813903809,182.99725151062012,five_branches_False_0.7_0.9_30:70:10.h5mu
4.620663821697235e-05,4.4109000000958076e-05,139.77961977105588,135.905141547,4.800651184283197,1.571026474000007,0.00360107421875,13.768684387207031,170.78810119628906,five_branches_True_0.7_0.9_10:10:50.h5mu
6.287172436714172e-05,6.0390999999881956e-05,211.8972190581262,184.15992320599997,18.368049181066453,1.9531809839999994,0.00360107421875,12.650826454162598,182.9955062866211,five_branches_False_0.7_0.9_30:70:30.h5mu
6.288383156061172e-05,6.068999999975233e-05,210.27221335843205,183.57119506,6.000011332333088,1.5450051770000073,0.00360107421875,12.352298736572266,182.99725151062012,five_branches_True_0.7_0.9_30:70:10.h5mu
6.292574107646942e-05,6.037999999897181e-05,175.0518729267642,162.063613544,16.76053301524371,1.8316596459999914,0.00360107421875,12.76208782196045,176.89098930358887,five_branches_False_0.7_0.9_50:10:10.h5mu
5.790498107671738e-05,5.5485999999049795e-05,166.4271788522601,159.43193107899998,18.553843618370593,2.0869938750000188,0.00360107421875,13.12130355834961,176.89054489135742,five_branches_False_0.7_0.9_50:10:30.h5mu
6.287172436714172e-05,6.0390999999881956e-05,211.8972190581262,184.15992320599997,4.363032910041511,1.5508168839999996,0.00360107421875,12.620866775512695,182.9955062866211,five_branches_True_0.7_0.9_30:70:30.h5mu
6.111431866884232e-05,5.875999999993553e-05,213.52531088143587,183.517517828,20.376300026662648,1.8504745710000066,0.00360107421875,13.24688720703125,182.99464511871338,five_branches_False_0.7_0.9_30:70:50.h5mu
6.292574107646942e-05,6.037999999897181e-05,175.0518729267642,162.063613544,2.8174334159120917,1.517151479000006,0.00360107421875,12.810498237609863,176.89098930358887,five_branches_True_0.7_0.9_50:10:10.h5mu
6.224587559700012e-05,5.96680000004568e-05,182.53705880325288,159.885905081,20.364639038220048,2.711761203000009,0.00360107421875,13.935402870178223,176.8913230895996,five_branches_False_0.7_0.9_50:10:50.h5mu
5.790498107671738e-05,5.5485999999049795e-05,166.4271788522601,159.43193107899998,2.430089813657105,1.4565031879999992,0.00360107421875,12.980303764343262,176.89054489135742,five_branches_True_0.7_0.9_50:10:30.h5mu
6.111431866884232e-05,5.875999999993553e-05,213.52531088143587,183.517517828,3.7183300172910094,1.39919142399998,0.00360107421875,13.273056983947754,182.99464511871338,five_branches_True_0.7_0.9_30:70:50.h5mu
6.224587559700012e-05,5.96680000004568e-05,182.53705880325288,159.885905081,3.8846344500780106,2.189987430000002,0.00360107421875,13.908071517944336,176.8913230895996,five_branches_True_0.7_0.9_50:10:50.h5mu
6.09029084444046e-05,5.8441000000186705e-05,208.0359174264595,183.6519015,17.823857485316694,2.0491847129999883,0.00360107421875,14.357962608337402,182.99404621124268,five_branches_False_0.7_0.9_30:70:70.h5mu
6.006099283695221e-05,5.802299999935201e-05,187.01676693931222,160.53057342,20.814345550723374,2.652613864999978,0.00360107421875,14.248366355895996,176.89217281341553,five_branches_False_0.7_0.9_50:10:70.h5mu
6.09029084444046e-05,5.8441000000186705e-05,208.0359174264595,183.6519015,2.652557068504393,1.5381183199999953,0.00360107421875,14.30017375946045,182.99404621124268,five_branches_True_0.7_0.9_30:70:70.h5mu
6.006099283695221e-05,5.802299999935201e-05,187.01676693931222,160.53057342,3.4538793303072453,2.1920797049999976,0.00360107421875,14.090738296508789,176.89217281341553,five_branches_True_0.7_0.9_50:10:70.h5mu
4.8776157200336456e-05,4.677899999983026e-05,201.20736849773675,172.986676142,12.108788755722344,1.9310378840000055,0.00360107421875,12.196020126342773,179.94335079193115,five_branches_False_0.7_0.9_50:30:10.h5mu
4.8776157200336456e-05,4.677899999983026e-05,201.20736849773675,172.986676142,2.14080498367548,1.44144451599999,0.00360107421875,12.107705116271973,179.94335079193115,five_branches_True_0.7_0.9_50:30:10.h5mu
6.461236625909805e-05,6.22009999986517e-05,145.9857511855662,135.473126674,17.001961902715266,1.6964814789999991,0.00360107421875,13.720993995666504,170.78825759887695,five_branches_False_0.7_0.9_10:10:70.h5mu
6.461236625909805e-05,6.22009999986517e-05,145.9857511855662,135.473126674,1.7913067899644375,1.3882059990000073,0.00360107421875,13.723440170288086,170.78825759887695,five_branches_True_0.7_0.9_10:10:70.h5mu
6.458349525928497e-05,6.233399999899802e-05,153.39822327531874,145.935154077,16.740370826795697,1.9254219480000074,0.00360107421875,12.247339248657227,173.8401107788086,five_branches_False_0.7_0.9_10:30:10.h5mu
6.411876529455185e-05,6.21100000000041e-05,202.09726127702743,177.167699056,15.963165520690382,1.9102626350000094,0.00360107421875,13.411467552185059,183.0234146118164,five_branches_False_0.7_0.9_50:30:30.h5mu
6.606150418519974e-05,5.9486000001385264e-05,184.57092191278934,173.55945333900002,18.24390519503504,1.8045445390000054,0.00360107421875,13.911834716796875,179.9424810409546,five_branches_False_0.7_0.9_50:30:70.h5mu
6.458349525928497e-05,6.233399999899802e-05,153.39822327531874,145.935154077,2.922907958738506,1.4300778520000108,0.00360107421875,12.280279159545898,173.8401107788086,five_branches_True_0.7_0.9_10:30:10.h5mu
6.411876529455185e-05,6.21100000000041e-05,202.09726127702743,177.167699056,2.744087995029986,1.5069136699999888,0.00360107421875,13.308414459228516,183.0234146118164,five_branches_True_0.7_0.9_50:30:30.h5mu
6.437301635742188e-05,6.210300000120128e-05,187.24063532985747,174.29052954,19.595530518330634,1.9942918849999955,0.00360107421875,13.76091194152832,179.94311618804932,five_branches_False_0.7_0.9_50:30:50.h5mu
6.606150418519974e-05,5.9486000001385264e-05,184.57092191278934,173.55945333900002,2.722621132619679,1.427099625000011,0.00360107421875,13.9523344039917,179.9424810409546,five_branches_True_0.7_0.9_50:30:70.h5mu
6.437301635742188e-05,6.210300000120128e-05,187.24063532985747,174.29052954,4.808955094777048,1.5906822169999941,0.00360107421875,13.701944351196289,179.94311618804932,five_branches_True_0.7_0.9_50:30:50.h5mu
4.9814581871032715e-05,4.7515999998637426e-05,198.69534550700337,185.047037717,20.734999942593277,1.9455284990000052,0.00360107421875,12.904422760009766,182.99469184875488,five_branches_False_0.7_0.9_50:50:30.h5mu
6.181653589010239e-05,5.945200000034845e-05,204.98423202428967,184.769458246,19.8829487785697,1.9377916810000215,0.00360107421875,12.40061092376709,182.99456977844238,five_branches_False_0.7_0.9_50:50:10.h5mu
4.9814581871032715e-05,4.7515999998637426e-05,198.69534550700337,185.047037717,4.3958697421476245,1.4272621469999933,0.00360107421875,12.847987174987793,182.99469184875488,five_branches_True_0.7_0.9_50:50:30.h5mu
6.181653589010239e-05,5.945200000034845e-05,204.98423202428967,184.769458246,3.852541216649115,1.544925897000013,0.00360107421875,12.32138729095459,182.99456977844238,five_branches_True_0.7_0.9_50:50:10.h5mu
6.395112723112106e-05,6.180099999930633e-05,214.28751644678414,191.94181625700003,14.531637880019844,1.9279936050000117,0.00360107421875,12.200026512145996,186.04637241363525,five_branches_False_0.7_0.9_50:70:10.h5mu
6.207264959812164e-05,5.991999999999109e-05,221.05391326919198,187.613299838,18.36960692424327,1.962975450999977,0.00360107421875,13.505793571472168,182.99653720855713,five_branches_False_0.7_0.9_50:50:50.h5mu
6.65644183754921e-05,6.441299999870864e-05,208.66102918516845,185.873500774,18.898033286444843,2.171272184000003,0.00360107421875,14.401856422424316,182.99660682678223,five_branches_False_0.7_0.9_50:50:70.h5mu
6.207264959812164e-05,5.991999999999109e-05,221.05391326919198,187.613299838,1.5910480180755258,1.4665967599999874,0.00360107421875,13.403327941894531,182.99653720855713,five_branches_True_0.7_0.9_50:50:50.h5mu
6.395112723112106e-05,6.180099999930633e-05,214.28751644678414,191.94181625700003,1.627397283911705,1.4396667379999997,0.00360107421875,12.275108337402344,186.04637241363525,five_branches_True_0.7_0.9_50:70:10.h5mu
6.65644183754921e-05,6.441299999870864e-05,208.66102918516845,185.873500774,1.6910787774249911,1.5144507440000154,0.00360107421875,14.332113265991211,182.99660682678223,five_branches_True_0.7_0.9_50:50:70.h5mu
5.560927093029022e-05,5.277200000008975e-05,159.00101466290653,145.55505879400002,13.581827062182128,1.8737819480000155,0.00360107421875,12.658622741699219,173.84234046936035,five_branches_False_0.7_0.9_10:30:30.h5mu
6.20819628238678e-05,5.9715000000792884e-05,230.5783323822543,199.04566631400002,13.613637373782694,1.7436251960000106,0.00360107421875,12.702008247375488,186.04781913757324,five_branches_False_0.7_0.9_50:70:30.h5mu
5.560927093029022e-05,5.277200000008975e-05,159.00101466290653,145.55505879400002,2.1983367344364524,1.2949436910000145,0.00360107421875,12.582427024841309,173.84234046936035,five_branches_True_0.7_0.9_10:30:30.h5mu
6.20819628238678e-05,5.9715000000792884e-05,230.5783323822543,199.04566631400002,2.5964379403740168,1.355715298000007,0.00360107421875,12.668779373168945,186.04781913757324,five_branches_True_0.7_0.9_50:70:30.h5mu
6.009172648191452e-05,5.800199999939082e-05,190.2944532390684,168.617379911,16.66919541824609,1.9108608519999848,0.00360107421875,12.811274528503418,179.94318389892578,five_branches_False_0.7_0.9_70:10:10.h5mu
6.249360740184784e-05,6.0543000000023994e-05,178.39856645464897,170.26653742500002,20.067901387810707,1.9833614719999844,0.00360107421875,13.326131820678711,179.47250652313232,five_branches_False_0.7_0.9_70:10:30.h5mu
6.083957850933075e-05,5.8583000001277696e-05,218.3381307758391,193.99234899599998,17.228802951984107,2.1046737200000223,0.00360107421875,13.806290626525879,186.0473289489746,five_branches_False_0.7_0.9_50:70:70.h5mu
6.009172648191452e-05,5.800199999939082e-05,190.2944532390684,168.617379911,4.5429407032206655,1.5651824569999917,0.00360107421875,12.72824478149414,179.94318389892578,five_branches_True_0.7_0.9_70:10:10.h5mu
6.498303264379501e-05,6.263000000039654e-05,193.19765682239085,171.992422008,14.737471117638052,2.502988531999989,0.00360107421875,13.901385307312012,179.94409656524658,five_branches_False_0.7_0.9_70:10:50.h5mu
6.298534572124481e-05,5.6430999999079745e-05,226.79999126121402,193.749813029,18.044810547493398,2.085019684999992,0.00360107421875,13.559358596801758,186.046124458313,five_branches_False_0.7_0.9_50:70:50.h5mu
6.249360740184784e-05,6.0543000000023994e-05,178.39856645464897,170.26653742500002,2.370264485478401,1.3826227300000085,0.00360107421875,13.239726066589355,179.47250652313232,five_branches_True_0.7_0.9_70:10:30.h5mu
6.083957850933075e-05,5.8583000001277696e-05,218.3381307758391,193.99234899599998,2.317714116536081,1.4224724809999998,0.00360107421875,13.746111869812012,186.0473289489746,five_branches_True_0.7_0.9_50:70:70.h5mu
6.498303264379501e-05,6.263000000039654e-05,193.19765682239085,171.992422008,2.5073715513572097,1.4917389809999975,0.00360107421875,13.814067840576172,179.94409656524658,five_branches_True_0.7_0.9_70:10:50.h5mu
6.298534572124481e-05,5.6430999999079745e-05,226.79999126121402,193.749813029,1.9474717397242785,1.200097870999997,0.00360107421875,13.49639892578125,186.046124458313,five_branches_True_0.7_0.9_50:70:50.h5mu
6.39772042632103e-05,6.1553000000103e-05,198.40504304226488,170.095009185,18.31848403532058,2.7221646450000208,0.00360107421875,14.488162994384766,179.9434471130371,five_branches_False_0.7_0.9_70:10:70.h5mu
6.39772042632103e-05,6.1553000000103e-05,198.40504304226488,170.095009185,4.07642553281039,2.2920939170000167,0.00360107421875,14.562750816345215,179.9434471130371,five_branches_True_0.7_0.9_70:10:70.h5mu
6.061699241399765e-05,5.795600000091383e-05,207.67119032517076,181.22563505099998,17.078468864783645,2.000593973000008,0.00360107421875,13.109464645385742,182.99505519866943,five_branches_False_0.7_0.9_70:30:30.h5mu
6.050802767276764e-05,5.7696999999024e-05,213.0772698316723,179.47355464,12.542070515453815,1.8515665860000183,0.00360107421875,12.456073760986328,182.9928913116455,five_branches_False_0.7_0.9_70:30:10.h5mu
6.050802767276764e-05,5.7696999999024e-05,213.0772698316723,179.47355464,1.8910086117684841,1.3265918650000117,0.00360107421875,12.369975090026855,182.9928913116455,five_branches_True_0.7_0.9_70:30:10.h5mu
6.061699241399765e-05,5.795600000091383e-05,207.67119032517076,181.22563505099998,2.1410463638603687,1.4097382359999813,0.00360107421875,13.019461631774902,182.99505519866943,five_branches_True_0.7_0.9_70:30:30.h5mu
6.840750575065613e-05,6.67750000005185e-05,194.33462478034198,183.043342112,18.000227948650718,2.3463883459999977,0.00360107421875,14.325098991394043,182.99566555023193,five_branches_False_0.7_0.9_70:30:70.h5mu
5.354173481464386e-05,5.099800000074595e-05,209.9986912785098,182.64606634999998,15.177206537686288,1.9033981970000013,0.00360107421875,13.315794944763184,182.5256233215332,five_branches_False_0.7_0.9_70:30:50.h5mu
6.840750575065613e-05,6.67750000005185e-05,194.33462478034198,183.043342112,2.6540443543344736,2.0686862309999867,0.00360107421875,14.177054405212402,182.99566555023193,five_branches_True_0.7_0.9_70:30:70.h5mu
5.354173481464386e-05,5.099800000074595e-05,209.9986912785098,182.64606634999998,2.2583063999190927,1.411069359999999,0.00360107421875,13.30893325805664,182.5256233215332,five_branches_True_0.7_0.9_70:30:50.h5mu
6.276927888393402e-05,6.0235999999491696e-05,206.13631251454353,193.28447847,14.778683906421065,1.8479678280000087,0.00360107421875,12.353348731994629,186.04748916625977,five_branches_False_0.7_0.9_70:50:10.h5mu
6.276927888393402e-05,6.0235999999491696e-05,206.13631251454353,193.28447847,2.6087166778743267,1.442403774000013,0.00360107421875,12.240971565246582,186.04748916625977,five_branches_True_0.7_0.9_70:50:10.h5mu
6.616674363613129e-05,6.36289999995654e-05,208.0275568664074,194.156083578,12.940919638611376,1.9503883090000045,0.00360107421875,13.459518432617188,186.04809093475342,five_branches_False_0.7_0.9_70:50:50.h5mu
6.078183650970459e-05,5.846500000039612e-05,219.0130918547511,200.098972458,17.620756403543055,1.8383359859999757,0.00360107421875,12.55362606048584,189.0999994277954,five_branches_False_0.7_0.9_70:70:10.h5mu
5.9526413679122925e-05,5.7306000000423296e-05,216.8511159736663,191.681688267,17.893277859315276,2.0593855220000137,0.00360107421875,13.009791374206543,186.04759693145752,five_branches_False_0.7_0.9_70:50:30.h5mu
6.607640534639359e-05,6.018200000035279e-05,217.61736244149506,193.635541944,18.788044655695558,1.95748703000001,0.00360107421875,13.907230377197266,186.04601287841797,five_branches_False_0.7_0.9_70:50:70.h5mu
6.616674363613129e-05,6.36289999995654e-05,208.0275568664074,194.156083578,2.6391383903101087,1.3832792080000047,0.00360107421875,13.390118598937988,186.04809093475342,five_branches_True_0.7_0.9_70:50:50.h5mu
6.078183650970459e-05,5.846500000039612e-05,219.0130918547511,200.098972458,1.8878761632367969,1.241818010000003,0.00360107421875,12.60118293762207,189.0999994277954,five_branches_True_0.7_0.9_70:70:10.h5mu
5.9526413679122925e-05,5.7306000000423296e-05,216.8511159736663,191.681688267,2.11306154448539,1.3921953310000106,0.00360107421875,12.926698684692383,186.04759693145752,five_branches_True_0.7_0.9_70:50:30.h5mu
6.607640534639359e-05,6.018200000035279e-05,217.61736244149506,193.635541944,3.916028897278011,1.4099433650000037,0.00360107421875,13.773280143737793,186.04601287841797,five_branches_True_0.7_0.9_70:50:70.h5mu
6.498023867607117e-05,6.236400000148024e-05,225.24689492955804,200.049192365,21.33010950498283,1.8216267169999867,0.00360107421875,12.804737091064453,189.10117721557617,five_branches_False_0.7_0.9_70:70:30.h5mu
6.338674575090408e-05,6.112300000005177e-05,222.422326461412,204.01012667999998,21.33595314156264,2.101790016999985,0.00360107421875,14.00995922088623,189.09739112854004,five_branches_False_0.7_0.9_70:70:70.h5mu
5.940534174442291e-05,5.742299999944578e-05,220.80805563367903,201.180084098,22.915828803554177,1.9954506539999954,0.00360107421875,13.60051155090332,189.09695148468018,five_branches_False_0.7_0.9_70:70:50.h5mu
6.498023867607117e-05,6.236400000148024e-05,225.24689492955804,200.049192365,1.980851011350751,1.393174863000013,0.00360107421875,12.723249435424805,189.10117721557617,five_branches_True_0.7_0.9_70:70:30.h5mu
6.338674575090408e-05,6.112300000005177e-05,222.422326461412,204.01012667999998,1.491368878632784,1.3575006630000246,0.00360107421875,13.90991497039795,189.09739112854004,five_branches_True_0.7_0.9_70:70:70.h5mu
5.940534174442291e-05,5.742299999944578e-05,220.80805563367903,201.180084098,1.9339708387851715,1.397250538999998,0.00360107421875,13.515501976013184,189.09695148468018,five_branches_True_0.7_0.9_70:70:50.h5mu
6.385147571563721e-05,6.152500000133898e-05,172.9545350605622,156.602383495,25.438975715078413,1.9687615999999935,0.00360107421875,14.469721794128418,166.45691871643066,five_branches_False_0.1_0.9_10:30:70.h5mu
5.669333040714264e-05,5.439999999978795e-05,186.6794782364741,154.552961187,17.2061260715127,2.087453565000004,0.00360107421875,13.860919952392578,166.45774269104004,five_branches_False_0.1_0.9_10:30:50.h5mu
6.385147571563721e-05,6.152500000133898e-05,172.9545350605622,156.602383495,3.675121803767979,1.5600698099999875,0.00360107421875,14.325302124023438,166.45691871643066,five_branches_True_0.1_0.9_10:30:70.h5mu
5.669333040714264e-05,5.439999999978795e-05,186.6794782364741,154.552961187,2.750187298282981,1.5615325730000222,0.00360107421875,13.70254135131836,166.45774269104004,five_branches_True_0.1_0.9_10:30:50.h5mu
6.216857582330704e-05,6.014699999923323e-05,187.85603928938508,165.575112622,14.773627209477127,1.7438216850000003,0.00360107421875,12.175643920898438,169.51181316375732,five_branches_False_0.1_0.9_10:50:10.h5mu
6.216857582330704e-05,6.014699999923323e-05,187.85603928938508,165.575112622,3.3595339730381966,1.5207947070000216,0.00360107421875,12.087681770324707,169.51181316375732,five_branches_True_0.1_0.9_10:50:10.h5mu
5.2900053560733795e-05,5.0626000000164595e-05,176.2112185349688,164.15925914299999,17.417699448764324,2.0873937160000082,0.00360107421875,13.704880714416504,169.51147556304932,five_branches_False_0.1_0.9_10:50:50.h5mu
5.9594400227069855e-05,5.7475000000195564e-05,184.39246552903205,164.90969013999998,22.213733037933707,2.2455489350000164,0.00360107421875,13.363990783691406,174.7257947921753,five_branches_False_0.1_0.9_10:50:30.h5mu
5.2900053560733795e-05,5.0626000000164595e-05,176.2112185349688,164.15925914299999,3.2994799558073282,1.5748243019999961,0.00360107421875,13.64700984954834,169.51147556304932,five_branches_True_0.1_0.9_10:50:50.h5mu
6.602238863706589e-05,6.391800000038472e-05,182.59531262144446,164.78189781100002,19.37478682398796,2.186904391000013,0.00360107421875,14.612217903137207,169.5087947845459,five_branches_False_0.1_0.9_10:50:70.h5mu
6.169266998767853e-05,5.926299999892137e-05,191.47429711464792,171.252557317,12.92809800338,1.9271306589999995,0.00360107421875,12.57562255859375,177.77565479278564,five_branches_False_0.1_0.9_10:70:10.h5mu
5.9594400227069855e-05,5.7475000000195564e-05,184.39246552903205,164.90969013999998,3.7068307250738144,1.6024745980000148,0.00360107421875,13.178271293640137,174.7257947921753,five_branches_True_0.1_0.9_10:50:30.h5mu
6.602238863706589e-05,6.391800000038472e-05,182.59531262144446,164.78189781100002,4.232494432479143,1.6085315560000026,0.00360107421875,14.451202392578125,169.5087947845459,five_branches_True_0.1_0.9_10:50:70.h5mu
6.169266998767853e-05,5.926299999892137e-05,191.47429711464792,171.252557317,5.072982505895197,1.617696498000015,0.00360107421875,12.475658416748047,177.77565479278564,five_branches_True_0.1_0.9_10:70:10.h5mu
6.774906069040298e-05,6.547400000123105e-05,192.27760155126452,172.50824975499998,21.424280957318842,2.2327918869999905,0.00360107421875,13.14618968963623,172.55959606170654,five_branches_False_0.1_0.9_10:70:30.h5mu
6.602238863706589e-05,6.361699999857251e-05,199.33900140877813,171.95149802600002,15.875895869918168,2.1068427069999984,0.00360107421875,13.703424453735352,172.55892181396484,five_branches_False_0.1_0.9_10:70:50.h5mu
6.255786865949631e-05,6.0369999999920765e-05,190.0888524884358,171.476016347,21.196359761990607,2.658603354999997,0.00360107421875,14.344218254089355,172.5603494644165,five_branches_False_0.1_0.9_10:70:70.h5mu
6.774906069040298e-05,6.547400000123105e-05,192.27760155126452,172.50824975499998,2.146658611483872,1.3036329100000046,0.00360107421875,12.9536771774292,172.55959606170654,five_branches_True_0.1_0.9_10:70:30.h5mu
6.602238863706589e-05,6.361699999857251e-05,199.33900140877813,171.95149802600002,1.8322992334142327,1.5101109889999975,0.00360107421875,13.557595252990723,172.55892181396484,five_branches_True_0.1_0.9_10:70:50.h5mu
6.255786865949631e-05,6.0369999999920765e-05,190.0888524884358,171.476016347,2.4273689556866884,2.072689509000014,0.00360107421875,14.139110565185547,172.5603494644165,five_branches_True_0.1_0.9_10:70:70.h5mu
5.949847400188446e-05,5.7862000000241665e-05,175.31013767328113,157.19402407799998,25.502960783429444,2.0217016880000074,0.00360107421875,13.81789493560791,166.45580768585205,five_branches_False_0.1_0.9_30:10:30.h5mu
6.320606917142868e-05,6.057000000048163e-05,181.39563302975148,158.469986637,26.714662483893335,2.10039633400001,0.00360107421875,13.188138961791992,166.45329761505127,five_branches_False_0.1_0.9_30:10:10.h5mu
5.949847400188446e-05,5.7862000000241665e-05,175.31013767328113,157.19402407799998,4.264549276791513,1.5474414599999875,0.00360107421875,13.552474021911621,166.45580768585205,five_branches_True_0.1_0.9_30:10:30.h5mu
6.224960088729858e-05,5.9794000000223946e-05,177.45650930237025,156.35233537599998,16.014194789342582,1.972808767999993,0.00360107421875,14.476734161376953,166.45940971374512,five_branches_False_0.1_0.9_30:10:50.h5mu
6.320606917142868e-05,6.057000000048163e-05,181.39563302975148,158.469986637,2.713441342115402,1.5861237340000116,0.00360107421875,13.03691577911377,166.45329761505127,five_branches_True_0.1_0.9_30:10:10.h5mu
6.872043013572693e-05,6.197099999916134e-05,170.15158118214458,158.122040827,13.40032655466348,2.0509422899999947,0.00360107421875,14.740944862365723,171.67596340179443,five_branches_False_0.1_0.9_30:10:70.h5mu
6.224960088729858e-05,5.9794000000223946e-05,177.45650930237025,156.35233537599998,3.0803439496085048,1.6028121170000134,0.00360107421875,14.3219575881958,166.45940971374512,five_branches_True_0.1_0.9_30:10:50.h5mu
6.872043013572693e-05,6.197099999916134e-05,170.15158118214458,158.122040827,2.7552518267184496,1.5763464890000023,0.00360107421875,14.622743606567383,171.67596340179443,five_branches_True_0.1_0.9_30:10:70.h5mu
6.868597120046616e-05,6.607899999977462e-05,181.72926140017807,169.60306746,14.503140254877508,2.099813412000003,0.00360107421875,12.780935287475586,169.5712432861328,five_branches_False_0.1_0.9_30:30:10.h5mu
6.868597120046616e-05,6.607899999977462e-05,181.72926140017807,169.60306746,5.092492204159498,1.6164459149999857,0.00360107421875,12.647923469543457,169.5712432861328,five_branches_True_0.1_0.9_30:30:10.h5mu
6.437301635742188e-05,6.231800000033871e-05,187.50560600683093,169.666327946,21.027522559277713,2.029856362000004,0.00360107421875,14.26373291015625,169.50718212127686,five_branches_False_0.1_0.9_30:30:50.h5mu
5.2181072533130646e-05,4.993399999975168e-05,189.64117192476988,170.33539417,20.083665493875742,2.0197603340000114,0.00360107421875,13.70407772064209,169.50645542144775,five_branches_False_0.1_0.9_30:30:30.h5mu
6.212294101715088e-05,6.00100000003323e-05,186.30523403547704,167.023140705,16.788007294759154,2.0787694800000054,0.00360107421875,14.768864631652832,169.5072603225708,five_branches_False_0.1_0.9_30:30:70.h5mu
5.2181072533130646e-05,4.993399999975168e-05,189.64117192476988,170.33539417,3.737012069672346,1.5270494289999874,0.00360107421875,13.525797843933105,169.50645542144775,five_branches_True_0.1_0.9_30:30:30.h5mu
6.437301635742188e-05,6.231800000033871e-05,187.50560600683093,169.666327946,4.497665247879922,1.5664972099999943,0.00360107421875,14.06950569152832,169.50718212127686,five_branches_True_0.1_0.9_30:30:50.h5mu
6.221700459718704e-05,6.016700000088804e-05,193.1802229359746,174.62072265199998,15.907867043279111,2.0936758280000163,0.00360107421875,13.034527778625488,172.55942916870117,five_branches_False_0.1_0.9_30:50:10.h5mu
6.212294101715088e-05,6.00100000003323e-05,186.30523403547704,167.023140705,3.023988189175725,1.4590737659999888,0.00360107421875,14.530782699584961,169.5072603225708,five_branches_True_0.1_0.9_30:30:70.h5mu
6.232503801584244e-05,6.0024999999797046e-05,201.2090658294037,177.546762387,13.953073744662106,2.10607299199998,0.00360107421875,13.143312454223633,172.5575294494629,five_branches_False_0.1_0.9_30:50:30.h5mu
6.221700459718704e-05,6.016700000088804e-05,193.1802229359746,174.62072265199998,3.569348057731986,1.5923060949999979,0.00360107421875,12.823779106140137,172.55942916870117,five_branches_True_0.1_0.9_30:50:10.h5mu
6.232503801584244e-05,6.0024999999797046e-05,201.2090658294037,177.546762387,2.194120716303587,1.4966706980000026,0.00360107421875,12.899489402770996,172.5575294494629,five_branches_True_0.1_0.9_30:50:30.h5mu
6.117764860391617e-05,5.911200000063843e-05,194.71820228826255,177.240496863,14.217092496342957,1.9081225259999997,0.00360107421875,13.651396751403809,172.56461715698242,five_branches_False_0.1_0.9_30:50:50.h5mu
9.14866104722023e-05,6.567099999976733e-05,199.4045606907457,179.735761977,14.037755569443107,1.9638815020000209,0.00360107421875,14.258957862854004,177.77450466156006,five_branches_False_0.1_0.9_30:50:70.h5mu
6.117764860391617e-05,5.911200000063843e-05,194.71820228826255,177.240496863,3.551025988534093,1.555680228,0.00360107421875,13.591952323913574,172.56461715698242,five_branches_True_0.1_0.9_30:50:50.h5mu
5.976855754852295e-05,5.7493999999991274e-05,197.600775022991,186.334051128,15.961304198019207,2.00634448400001,0.00360107421875,12.779646873474121,175.61222076416016,five_branches_False_0.1_0.9_30:70:10.h5mu
9.14866104722023e-05,6.567099999976733e-05,199.4045606907457,179.735761977,3.132272304035723,1.5978101190000018,0.00360107421875,14.116819381713867,177.77450466156006,five_branches_True_0.1_0.9_30:50:70.h5mu
6.517767906188965e-05,6.299800000064693e-05,200.9203454470262,186.519468874,22.628531276248395,2.2023783820000062,0.00360107421875,13.49754810333252,180.82764720916748,five_branches_False_0.1_0.9_30:70:30.h5mu
5.630776286125183e-05,5.0677999999138024e-05,176.97102346643806,165.843556035,20.81648243870586,2.6359283799999957,0.00360107421875,13.151217460632324,169.50798225402832,five_branches_False_0.1_0.9_50:10:10.h5mu
5.007162690162659e-05,4.7805999999539495e-05,182.41633376013488,165.945167417,14.859684608876705,2.0816684860000123,0.00360107421875,13.915870666503906,174.72380924224854,five_branches_False_0.1_0.9_50:10:30.h5mu
5.976855754852295e-05,5.7493999999991274e-05,197.600775022991,186.334051128,4.188947883434594,1.5808054999999968,0.00360107421875,12.47218132019043,175.61222076416016,five_branches_True_0.1_0.9_30:70:10.h5mu
6.517767906188965e-05,6.299800000064693e-05,200.9203454470262,186.519468874,4.089739321731031,1.6729564739999887,0.00360107421875,13.377652168273926,180.82764720916748,five_branches_True_0.1_0.9_30:70:30.h5mu
5.007162690162659e-05,4.7805999999539495e-05,182.41633376013488,165.945167417,3.7707629753276706,1.6485747490000051,0.00360107421875,13.733744621276855,174.72380924224854,five_branches_True_0.1_0.9_50:10:30.h5mu
5.630776286125183e-05,5.0677999999138024e-05,176.97102346643806,165.843556035,5.2840049266815186,2.3782262240000023,0.00360107421875,12.955739974975586,169.50798225402832,five_branches_True_0.1_0.9_50:10:10.h5mu
5.3578056395053864e-05,5.1226000000070826e-05,189.6626953771338,165.028703328,25.578316757455468,2.2018624490000036,0.00360107421875,14.080596923828125,169.506685256958,five_branches_False_0.1_0.9_50:10:50.h5mu
6.610061973333359e-05,6.344099999999742e-05,211.86125916149467,187.12015896399998,24.80685681756586,2.0351983569999845,0.00360107421875,13.720081329345703,175.61103916168213,five_branches_False_0.1_0.9_30:70:50.h5mu
6.26957044005394e-05,6.053200000089021e-05,193.71281692851335,167.241262449,23.14561139512807,2.210492885000008,0.00360107421875,14.68996810913086,169.5042314529419,five_branches_False_0.1_0.9_50:10:70.h5mu
5.3578056395053864e-05,5.1226000000070826e-05,189.6626953771338,165.028703328,2.3846541652455926,1.508285022999985,0.00360107421875,13.947383880615234,169.506685256958,five_branches_True_0.1_0.9_50:10:50.h5mu
6.091780960559845e-05,5.866700000112246e-05,215.45740675646812,189.698712658,18.60440699569881,1.9880820010000093,0.00360107421875,14.4033784866333,175.61065292358398,five_branches_False_0.1_0.9_30:70:70.h5mu
6.610061973333359e-05,6.344099999999742e-05,211.86125916149467,187.12015896399998,2.040260635316372,1.5203394220000064,0.00360107421875,13.480623245239258,175.61103916168213,five_branches_True_0.1_0.9_30:70:50.h5mu
6.26957044005394e-05,6.053200000089021e-05,193.71281692851335,167.241262449,2.6149734621867537,1.302170455999999,0.00360107421875,14.403584480285645,169.5042314529419,five_branches_True_0.1_0.9_50:10:70.h5mu
6.091780960559845e-05,5.866700000112246e-05,215.45740675646812,189.698712658,2.232074593193829,1.5088478340000222,0.00360107421875,14.314379692077637,175.61065292358398,five_branches_True_0.1_0.9_30:70:70.h5mu
6.623100489377975e-05,6.428500000055237e-05,188.69982643518597,178.45554984799998,16.059779949486256,1.9074234059999924,0.00360107421875,13.103128433227539,177.77880764007568,five_branches_False_0.1_0.9_50:30:10.h5mu
6.623100489377975e-05,6.428500000055237e-05,188.69982643518597,178.45554984799998,3.189942440018058,1.5919157000000155,0.00360107421875,12.94365119934082,177.77880764007568,five_branches_True_0.1_0.9_50:30:10.h5mu
6.0850754380226135e-05,5.798699999992607e-05,186.11854219529778,179.097779753,23.651447749696672,2.1482691610000018,0.00360107421875,14.008212089538574,177.7771511077881,five_branches_False_0.1_0.9_50:30:50.h5mu
5.3851865231990814e-05,5.140600000075324e-05,191.33493576105684,178.50898707599998,23.551201780326664,2.20647728900002,0.00360107421875,14.01175308227539,172.55990886688232,five_branches_False_0.1_0.9_50:30:30.h5mu
6.353482604026794e-05,6.111300000011255e-05,190.60438219457865,179.08810789,18.039817220531404,2.200383101,0.00360107421875,14.716411590576172,172.55741119384766,five_branches_False_0.1_0.9_50:30:70.h5mu
5.797296762466431e-05,5.591999999943198e-05,197.97387745045125,186.083182442,16.19389038812369,2.1150472249999837,0.00360107421875,12.780807495117188,180.82486534118652,five_branches_False_0.1_0.9_50:50:10.h5mu
6.0850754380226135e-05,5.798699999992607e-05,186.11854219529778,179.097779753,2.228486742824316,1.4764179639999782,0.00360107421875,13.893914222717285,177.7771511077881,five_branches_True_0.1_0.9_50:30:50.h5mu
6.353482604026794e-05,6.111300000011255e-05,190.60438219457865,179.08810789,5.1974750477820635,1.68629721100001,0.00360107421875,14.513110160827637,172.55741119384766,five_branches_True_0.1_0.9_50:30:70.h5mu
5.3851865231990814e-05,5.140600000075324e-05,191.33493576105684,178.50898707599998,1.971771353855729,1.5349032899999884,0.00360107421875,13.786602973937988,172.55990886688232,five_branches_True_0.1_0.9_50:30:30.h5mu
5.797296762466431e-05,5.591999999943198e-05,197.97387745045125,186.083182442,4.141830976121128,1.5790915210000094,0.00360107421875,12.601848602294922,180.82486534118652,five_branches_True_0.1_0.9_50:50:10.h5mu
6.359629333019257e-05,6.017199999952538e-05,214.29044239409268,187.562036465,19.359737974591553,2.1271796279999933,0.00360107421875,13.455950736999512,175.61092853546143,five_branches_False_0.1_0.9_50:50:30.h5mu
6.193947046995163e-05,5.895600000016543e-05,205.42642097733915,187.45896179899998,18.91459575574845,2.0217470460000015,0.00360107421875,13.90542221069336,175.61181831359863,five_branches_False_0.1_0.9_50:50:50.h5mu
6.22207298874855e-05,6.0024999999797046e-05,211.3206952707842,186.61125653,25.39088734705001,2.263298109999994,0.00360107421875,14.610578536987305,175.61271858215332,five_branches_False_0.1_0.9_50:50:70.h5mu
6.193947046995163e-05,5.895600000016543e-05,205.42642097733915,187.45896179899998,2.7409693086519837,1.5664966319999962,0.00360107421875,13.765329360961914,175.61181831359863,five_branches_True_0.1_0.9_50:50:50.h5mu
6.359629333019257e-05,6.017199999952538e-05,214.29044239409268,187.562036465,2.933401265181601,1.5908056810000062,0.00360107421875,13.257292747497559,175.61092853546143,five_branches_True_0.1_0.9_50:50:30.h5mu
4.992447793483734e-05,4.780199999920853e-05,218.31500460859388,198.01269409600002,21.15462919510901,2.041877102000001,0.00360107421875,12.882081031799316,178.663423538208,five_branches_False_0.1_0.9_50:70:10.h5mu
6.169173866510391e-05,5.961200000115241e-05,218.7091230964288,197.06527031899998,17.87280333507806,2.1065681299999994,0.00360107421875,13.343295097351074,178.66197395324707,five_branches_False_0.1_0.9_50:70:30.h5mu
4.992447793483734e-05,4.780199999920853e-05,218.31500460859388,198.01269409600002,2.7308317217975855,1.4925919599999986,0.00360107421875,12.681392669677734,178.663423538208,five_branches_True_0.1_0.9_50:70:10.h5mu
6.22207298874855e-05,6.0024999999797046e-05,211.3206952707842,186.61125653,4.671626786701381,1.5608450599999912,0.00360107421875,14.450284957885742,175.61271858215332,five_branches_True_0.1_0.9_50:50:70.h5mu
6.169173866510391e-05,5.961200000115241e-05,218.7091230964288,197.06527031899998,1.8898458201438189,1.4656239410000182,0.00360107421875,13.196799278259277,178.66197395324707,five_branches_True_0.1_0.9_50:70:30.h5mu
6.192177534103394e-05,5.970700000013096e-05,180.4219905193895,175.22760275800002,29.687878184951842,2.1586474620000047,0.00360107421875,13.496099472045898,177.77821254730225,five_branches_False_0.1_0.9_70:10:10.h5mu
6.239768117666245e-05,6.043900000030078e-05,214.10629389435053,198.33055274799997,30.081558163277805,2.1807679509999787,0.00360107421875,13.609848976135254,178.665207862854,five_branches_False_0.1_0.9_50:70:50.h5mu
6.733089685440063e-05,6.472499999965464e-05,188.15491271577775,175.457093412,21.890254561789334,1.925366180999987,0.00360107421875,13.768482208251953,172.56117820739746,five_branches_False_0.1_0.9_70:10:30.h5mu
6.238743662834167e-05,6.00500000000892e-05,187.15334183909,172.406200039,22.158426298759878,2.148440055000009,0.00360107421875,14.484979629516602,172.55943202972412,five_branches_False_0.1_0.9_70:10:50.h5mu
6.067939102649689e-05,5.837500000005491e-05,179.67885140143335,173.726255358,27.023475905880332,2.010989103000014,0.00360107421875,14.628353118896484,172.5599603652954,five_branches_False_0.1_0.9_70:10:70.h5mu
6.192177534103394e-05,5.970700000013096e-05,180.4219905193895,175.22760275800002,2.7551049515604973,1.298067236999998,0.00360107421875,13.252766609191895,177.77821254730225,five_branches_True_0.1_0.9_70:10:10.h5mu
6.733089685440063e-05,6.472499999965464e-05,188.15491271577775,175.457093412,1.9931006832048297,1.5619173289999821,0.00360107421875,13.57872486114502,172.56117820739746,five_branches_True_0.1_0.9_70:10:30.h5mu
6.238743662834167e-05,6.00500000000892e-05,187.15334183909,172.406200039,1.9292126055806875,1.5308266639999886,0.00360107421875,14.222620010375977,172.55943202972412,five_branches_True_0.1_0.9_70:10:50.h5mu
6.239768117666245e-05,6.043900000030078e-05,214.10629389435053,198.33055274799997,1.7136748153716326,1.4638412840000115,0.00360107421875,13.415489196777344,178.665207862854,five_branches_True_0.1_0.9_50:70:50.h5mu
6.067939102649689e-05,5.837500000005491e-05,179.67885140143335,173.726255358,1.6670482913032174,1.3579365880000012,0.00360107421875,14.411643028259277,172.5599603652954,five_branches_True_0.1_0.9_70:10:70.h5mu
6.077997386455536e-05,5.835700000034194e-05,203.00661525595933,185.84623007800002,22.522475990466774,2.297902126000025,0.00360107421875,13.445050239562988,175.6163787841797,five_branches_False_0.1_0.9_70:30:10.h5mu
5.351752042770386e-05,5.1068999999515086e-05,200.52715562283993,187.30653744999998,19.4773263996467,2.1908345649999887,0.00360107421875,14.871614456176758,175.6082248687744,five_branches_False_0.1_0.9_70:30:70.h5mu
5.917344242334366e-05,5.7012999999273006e-05,215.43240598589182,187.955003633,19.151073422282934,2.3242357720000086,0.00360107421875,13.859724998474121,175.61180686950684,five_branches_False_0.1_0.9_70:30:30.h5mu
6.077997386455536e-05,5.835700000034194e-05,203.00661525595933,185.84623007800002,3.389040235430002,1.7022381510000173,0.00360107421875,13.29027271270752,175.6163787841797,five_branches_True_0.1_0.9_70:30:10.h5mu
6.33038580417633e-05,6.0442000000549e-05,216.17863694764674,196.993579018,17.146871463395655,2.2065391460000114,0.00360107421875,13.293527603149414,178.66341590881348,five_branches_False_0.1_0.9_70:50:10.h5mu
6.208289414644241e-05,5.997400000090636e-05,218.0809370558709,187.30171568600002,17.838556575588882,2.1206502850000106,0.00360107421875,14.378412246704102,175.6102180480957,five_branches_False_0.1_0.9_70:30:50.h5mu
5.351752042770386e-05,5.1068999999515086e-05,200.52715562283993,187.30653744999998,2.199622237123549,1.5434881080000196,0.00360107421875,14.748889923095703,175.6082248687744,five_branches_True_0.1_0.9_70:30:70.h5mu
5.917344242334366e-05,5.7012999999273006e-05,215.43240598589182,187.955003633,2.1851490987464786,1.495591300000001,0.00360107421875,13.639892578125,175.61180686950684,five_branches_True_0.1_0.9_70:30:30.h5mu
6.208289414644241e-05,5.997400000090636e-05,218.0809370558709,187.30171568600002,2.7252089558169246,1.5956252409999934,0.00360107421875,14.171940803527832,175.6102180480957,five_branches_True_0.1_0.9_70:30:50.h5mu
6.33038580417633e-05,6.0442000000549e-05,216.17863694764674,196.993579018,3.253287778235972,1.5387110259999872,0.00360107421875,13.09315013885498,178.66341590881348,five_branches_True_0.1_0.9_70:50:10.h5mu
6.693322211503983e-05,6.005600000058564e-05,142.2697064075619,139.53372527000002,20.455188541673124,1.9706672810000043,0.00360107421875,13.037273406982422,163.40282821655273,five_branches_False_0.1_0.9_10:10:10.h5mu
5.958322435617447e-05,5.80439999993132e-05,142.20186653360724,138.117174256,21.92578990571201,1.945627256999984,0.00360107421875,13.868941307067871,163.40171146392822,five_branches_False_0.1_0.9_10:10:30.h5mu
6.693322211503983e-05,6.005600000058564e-05,142.2697064075619,139.53372527000002,2.3654229240491986,1.5356265730000018,0.00360107421875,12.925811767578125,163.40282821655273,five_branches_True_0.1_0.9_10:10:10.h5mu
5.958322435617447e-05,5.80439999993132e-05,142.20186653360724,138.117174256,1.9004109418019652,1.5259637460000022,0.00360107421875,13.60527229309082,163.40171146392822,five_branches_True_0.1_0.9_10:10:30.h5mu
5.058757960796356e-05,4.855100000078494e-05,210.6852536369115,198.49721416,25.014823625795543,2.1042034289999947,0.00360107421875,13.854133605957031,183.88286113739014,five_branches_False_0.1_0.9_70:50:30.h5mu
6.247032433748245e-05,6.0251999999039185e-05,215.27982468437403,199.468718547,28.944271395914257,2.162008662000005,0.00360107421875,14.878009796142578,178.6676845550537,five_branches_False_0.1_0.9_50:70:70.h5mu
5.3374096751213074e-05,5.149899999956631e-05,214.86751095578074,196.75853611000002,27.415742096491158,2.324273672000004,0.00360107421875,14.764041900634766,178.66224193572998,five_branches_False_0.1_0.9_70:50:70.h5mu
6.885547190904617e-05,6.598300000071333e-05,225.26440694462508,196.970469461,21.18726545572281,2.185294760000005,0.00360107421875,14.003020286560059,178.66298484802246,five_branches_False_0.1_0.9_70:50:50.h5mu
6.120465695858002e-05,5.875399999943909e-05,226.85076801199466,207.43469237099998,19.43402194790542,2.190722280000017,0.00360107421875,14.559635162353516,186.9337921142578,five_branches_False_0.1_0.9_70:70:70.h5mu
5.058757960796356e-05,4.855100000078494e-05,210.6852536369115,198.49721416,2.5152323255315423,1.364595051000009,0.00360107421875,13.652717590332031,183.88286113739014,five_branches_True_0.1_0.9_70:50:30.h5mu
6.247032433748245e-05,6.0251999999039185e-05,215.27982468437403,199.468718547,4.3261393047869205,1.6381473659999983,0.00360107421875,14.737298011779785,178.6676845550537,five_branches_True_0.1_0.9_50:70:70.h5mu
5.3374096751213074e-05,5.149899999956631e-05,214.86751095578074,196.75853611000002,4.371716205962002,1.6578581079999992,0.00360107421875,14.6619873046875,178.66224193572998,five_branches_True_0.1_0.9_70:50:70.h5mu
6.885547190904617e-05,6.598300000071333e-05,225.26440694462508,196.970469461,3.1815801952034235,1.5895085919999872,0.00360107421875,13.85877513885498,178.66298484802246,five_branches_True_0.1_0.9_70:50:50.h5mu
6.120465695858002e-05,5.875399999943909e-05,226.85076801199466,207.43469237099998,3.39792697224766,1.5637159690000146,0.00360107421875,14.471582412719727,186.9337921142578,five_branches_True_0.1_0.9_70:70:70.h5mu
6.495509296655655e-05,6.292600000001869e-05,222.6368967583403,205.057354578,17.825135627761483,2.1115233139999816,0.00360107421875,13.182845115661621,181.71431064605713,five_branches_False_0.1_0.9_70:70:10.h5mu
6.651319563388824e-05,5.9483999999443427e-05,222.92890514805913,204.051874338,19.14600594714284,2.1544447009999885,0.00360107421875,13.495162010192871,181.7141513824463,five_branches_False_0.1_0.9_70:70:30.h5mu
6.495509296655655e-05,6.292600000001869e-05,222.6368967583403,205.057354578,2.942169771529734,1.6145871369999725,0.00360107421875,12.9463472366333,181.71431064605713,five_branches_True_0.1_0.9_70:70:10.h5mu
5.616992712020874e-05,5.3574999999028705e-05,234.45028158370405,206.677302094,15.717355291359127,2.04182381199999,0.00360107421875,14.157271385192871,181.71521186828613,five_branches_False_0.1_0.9_70:70:50.h5mu
6.651319563388824e-05,5.9483999999443427e-05,222.92890514805913,204.051874338,1.703356632962823,1.3804277660000253,0.00360107421875,13.308403015136719,181.7141513824463,five_branches_True_0.1_0.9_70:70:30.h5mu
5.616992712020874e-05,5.3574999999028705e-05,234.45028158370405,206.677302094,2.5869627725332975,1.542797850999989,0.00360107421875,13.880754470825195,181.71521186828613,five_branches_True_0.1_0.9_70:70:50.h5mu
6.692297756671906e-05,6.451500000004273e-05,165.42846976034343,143.55265320499998,18.963415722362697,2.057138995999992,0.00360107421875,14.233976364135742,163.40511226654053,five_branches_False_0.1_0.9_10:10:50.h5mu
5.9227459132671356e-05,5.71899999997072e-05,161.26838437933475,143.63752432299998,17.6759287212044,1.999387014000007,0.00360107421875,14.740742683410645,168.62036800384521,five_branches_False_0.1_0.9_10:10:70.h5mu
6.692297756671906e-05,6.451500000004273e-05,165.42846976034343,143.55265320499998,3.2223620265722275,1.6150548779999951,0.00360107421875,14.091951370239258,163.40511226654053,five_branches_True_0.1_0.9_10:10:50.h5mu
5.9227459132671356e-05,5.71899999997072e-05,161.26838437933475,143.63752432299998,4.201005640439689,1.6186311209999928,0.00360107421875,14.590599060058594,168.62036800384521,five_branches_True_0.1_0.9_10:10:70.h5mu
4.6916306018829346e-05,4.483500000063145e-05,141.6298559429124,134.154657246,20.139162152074277,2.0300763070000016,0.00360107421875,13.320480346679688,166.58471298217773,three_branches_False_0.7_0.9_10:10:10.h5mu
6.646104156970978e-05,6.38800000007933e-05,153.23516697995365,134.080603242,17.40269141457975,2.065150066000001,0.00360107421875,13.771265029907227,166.5840768814087,three_branches_False_0.7_0.9_10:10:50.h5mu
6.048101931810379e-05,5.8325999999553346e-05,147.78639117721468,135.71792960599998,19.62581642344594,2.140244107000001,0.00360107421875,13.372467041015625,166.11462783813477,three_branches_False_0.7_0.9_10:10:30.h5mu
4.6916306018829346e-05,4.483500000063145e-05,141.6298559429124,134.154657246,5.078875398263335,1.6608917770000176,0.00360107421875,13.029300689697266,166.58471298217773,three_branches_True_0.7_0.9_10:10:10.h5mu
6.646104156970978e-05,6.38800000007933e-05,153.23516697995365,134.080603242,3.7367031667381525,1.5720034300000236,0.00360107421875,13.704188346862793,166.5840768814087,three_branches_True_0.7_0.9_10:10:50.h5mu
6.048101931810379e-05,5.8325999999553346e-05,147.78639117721468,135.71792960599998,3.7846360988914967,1.5517175960000031,0.00360107421875,13.020181655883789,166.11462783813477,three_branches_True_0.7_0.9_10:10:30.h5mu
6.321631371974945e-05,6.096299999924781e-05,157.48306830599904,135.65574159000002,22.32123416941613,2.1775245919999975,0.00360107421875,14.41340446472168,166.58471202850342,three_branches_False_0.7_0.9_10:10:70.h5mu
5.928054451942444e-05,5.6883000000951256e-05,173.51245280727744,155.141340653,22.706302229315042,2.1340045899999893,0.00360107421875,12.47435188293457,171.67261600494385,five_branches_False_0.1_0.9_10:30:10.h5mu
6.594043225049973e-05,6.353299999872775e-05,174.09056535363197,157.53114761199998,20.398388388566673,2.110617399000006,0.00360107421875,12.946508407592773,166.45852947235107,five_branches_False_0.1_0.9_10:30:30.h5mu
6.321631371974945e-05,6.096299999924781e-05,157.48306830599904,135.65574159000002,3.425079831853509,1.5872014130000025,0.00360107421875,14.255943298339844,166.58471202850342,three_branches_True_0.7_0.9_10:10:70.h5mu
5.039200186729431e-05,4.81669999992107e-05,171.11668532900512,146.109333917,14.733322919346392,2.0287037760000146,0.00360107421875,12.34917163848877,169.63535022735596,three_branches_False_0.7_0.9_10:30:10.h5mu
6.594043225049973e-05,6.353299999872775e-05,174.09056535363197,157.53114761199998,2.960066607221961,1.520127709999997,0.00360107421875,12.79257869720459,166.45852947235107,five_branches_True_0.1_0.9_10:30:30.h5mu
5.928054451942444e-05,5.6883000000951256e-05,173.51245280727744,155.141340653,3.1093078097328544,1.509544591000008,0.00360107421875,12.315448760986328,171.67261600494385,five_branches_True_0.1_0.9_10:30:10.h5mu
6.526615470647812e-05,6.338400000061029e-05,175.5041090156883,147.86992679099998,12.248783025890589,1.9453611429999853,0.00360107421875,13.11247730255127,169.63797855377197,three_branches_False_0.7_0.9_10:30:30.h5mu
5.039200186729431e-05,4.81669999992107e-05,171.11668532900512,146.109333917,2.9510057317093015,1.4348551980000082,0.00360107421875,12.171308517456055,169.63535022735596,three_branches_True_0.7_0.9_10:30:10.h5mu
6.526615470647812e-05,6.338400000061029e-05,175.5041090156883,147.86992679099998,2.261336410418153,1.460563798999999,0.00360107421875,12.857823371887207,169.63797855377197,three_branches_True_0.7_0.9_10:30:30.h5mu
6.770435720682144e-05,6.523300000083054e-05,156.35231935884804,147.171394741,18.832330496050417,1.856422073999994,0.00360107421875,13.456724166870117,169.63555526733398,three_branches_False_0.7_0.9_10:30:50.h5mu
8.636433631181717e-05,8.360400000029244e-05,159.42996606323868,145.623378551,15.980607815086842,1.9084513879999747,0.00360107421875,14.307394981384277,169.63393592834473,three_branches_False_0.7_0.9_10:30:70.h5mu
6.770435720682144e-05,6.523300000083054e-05,156.35231935884804,147.171394741,2.166334208101034,1.298803036999999,0.00360107421875,13.225340843200684,169.63555526733398,three_branches_True_0.7_0.9_10:30:50.h5mu
8.636433631181717e-05,8.360400000029244e-05,159.42996606323868,145.623378551,2.291507186368108,1.2927976359999889,0.00360107421875,14.098053932189941,169.63393592834473,three_branches_True_0.7_0.9_10:30:70.h5mu
5.817972123622894e-05,5.5760000000404375e-05,165.46590478345752,159.30050888899999,21.94128878135234,1.943461205999995,0.00360107421875,13.62459945678711,172.6879072189331,three_branches_False_0.7_0.9_10:50:50.h5mu
5.986914038658142e-05,5.7884000000285596e-05,174.18547203298658,159.501445429,21.285416709259152,1.8854851120000262,0.00360107421875,11.997413635253906,172.68953132629395,three_branches_False_0.7_0.9_10:50:10.h5mu
6.23045489192009e-05,6.0002999999753115e-05,174.53002666682005,158.804972808,21.862653513439,1.972728939999996,0.00360107421875,12.754520416259766,172.6880111694336,three_branches_False_0.7_0.9_10:50:30.h5mu
5.817972123622894e-05,5.5760000000404375e-05,165.46590478345752,159.30050888899999,3.729021120816469,1.5458149030000072,0.00360107421875,13.4452486038208,172.6879072189331,three_branches_True_0.7_0.9_10:50:50.h5mu
5.986914038658142e-05,5.7884000000285596e-05,174.18547203298658,159.501445429,2.073784224689007,1.4501059870000006,0.00360107421875,11.82129192352295,172.68953132629395,three_branches_True_0.7_0.9_10:50:10.h5mu
6.23045489192009e-05,6.0002999999753115e-05,174.53002666682005,158.804972808,1.893773757852614,1.2984023559999969,0.00360107421875,12.536991119384766,172.6880111694336,three_branches_True_0.7_0.9_10:50:30.h5mu
6.679631769657135e-05,6.433500000113668e-05,176.745135076344,158.656792196,11.274729453958571,2.0343462390000013,0.00360107421875,14.218422889709473,172.68894958496094,three_branches_False_0.7_0.9_10:50:70.h5mu
6.679631769657135e-05,6.433500000113668e-05,176.745135076344,158.656792196,3.6764042964205146,1.4879885769999817,0.00360107421875,13.937559127807617,172.68894958496094,three_branches_True_0.7_0.9_10:50:70.h5mu
6.0113146901130676e-05,5.78929999992539e-05,184.9188796877861,169.103734001,18.859698328189552,2.142313343000012,0.00360107421875,13.424403190612793,175.7388973236084,three_branches_False_0.7_0.9_10:70:30.h5mu
6.684102118015289e-05,6.424799999926734e-05,195.02571258042008,171.568375572,17.675323265604675,2.1018082409999863,0.00360107421875,11.947101593017578,175.805908203125,three_branches_False_0.7_0.9_10:70:10.h5mu
6.0113146901130676e-05,5.78929999992539e-05,184.9188796877861,169.103734001,3.170239517465234,1.5538961019999817,0.00360107421875,13.221806526184082,175.7388973236084,three_branches_True_0.7_0.9_10:70:30.h5mu
7.141660898923874e-05,6.409399999895982e-05,198.11047544144094,171.65990087100002,17.804962689988315,2.0644017699999893,0.00360107421875,13.571203231811523,175.73933506011963,three_branches_False_0.7_0.9_10:70:50.h5mu
5.128886550664902e-05,4.92029999996646e-05,197.37533890083432,168.592696948,15.112701976671815,2.037186534,0.00360107421875,14.013952255249023,175.7389373779297,three_branches_False_0.7_0.9_10:70:70.h5mu
6.684102118015289e-05,6.424799999926734e-05,195.02571258042008,171.568375572,2.11985575966537,1.2825415060000012,0.00360107421875,11.73882007598877,175.805908203125,three_branches_True_0.7_0.9_10:70:10.h5mu
7.141660898923874e-05,6.409399999895982e-05,198.11047544144094,171.65990087100002,2.3660919666290283,1.349086982000017,0.00360107421875,13.39612102508545,175.73933506011963,three_branches_True_0.7_0.9_10:70:50.h5mu
5.128886550664902e-05,4.92029999996646e-05,197.37533890083432,168.592696948,2.975581930950284,1.4233994150000058,0.00360107421875,13.853192329406738,175.7389373779297,three_branches_True_0.7_0.9_10:70:70.h5mu
6.0507096350193024e-05,5.784599999891782e-05,171.46236982941628,153.289705502,21.700093378312886,1.9970357919999913,0.00360107421875,12.605193138122559,169.63688278198242,three_branches_False_0.7_0.9_30:10:10.h5mu
6.203819066286087e-05,6.012099999885834e-05,175.6172346966341,153.193888356,15.025836516171694,1.9606829850000054,0.00360107421875,13.716146469116211,169.63858127593994,three_branches_False_0.7_0.9_30:10:30.h5mu
6.0507096350193024e-05,5.784599999891782e-05,171.46236982941628,153.289705502,1.9826103718951344,1.3316049359999909,0.00360107421875,12.434904098510742,169.63688278198242,three_branches_True_0.7_0.9_30:10:10.h5mu
6.203819066286087e-05,6.012099999885834e-05,175.6172346966341,153.193888356,2.3667146982625127,1.420644502000016,0.00360107421875,13.439600944519043,169.63858127593994,three_branches_True_0.7_0.9_30:10:30.h5mu
6.64740800857544e-05,6.362300000084531e-05,165.06723558809608,151.598130324,20.302534480579197,2.0304292829999895,0.00360107421875,14.124653816223145,169.63697624206543,three_branches_False_0.7_0.9_30:10:50.h5mu
4.945695400238037e-05,4.74390000011482e-05,170.34973107278347,152.357440257,17.63515898771584,2.0509570440000005,0.00360107421875,14.367232322692871,169.63460445404053,three_branches_False_0.7_0.9_30:10:70.h5mu
6.679166108369827e-05,6.454100000041763e-05,173.3510187463835,161.010191242,15.345156516879797,1.9612390240000082,0.00360107421875,13.176383018493652,172.68816566467285,three_branches_False_0.7_0.9_30:30:30.h5mu
6.64740800857544e-05,6.362300000084531e-05,165.06723558809608,151.598130324,2.482031360268593,1.5110533170000053,0.00360107421875,13.91098690032959,169.63697624206543,three_branches_True_0.7_0.9_30:10:50.h5mu
5.135871469974518e-05,4.8850000000655314e-05,180.64120623935014,163.36113179400002,15.548554696142673,2.1111958930000014,0.00360107421875,12.902532577514648,172.68823528289795,three_branches_False_0.7_0.9_30:30:10.h5mu
4.945695400238037e-05,4.74390000011482e-05,170.34973107278347,152.357440257,2.124033086001873,1.4860302939999883,0.00360107421875,14.181364059448242,169.63460445404053,three_branches_True_0.7_0.9_30:10:70.h5mu
6.303936243057251e-05,6.087499999907209e-05,178.27959439717233,162.449224395,14.11046989634633,1.8122476070000175,0.00360107421875,13.975127220153809,172.6893606185913,three_branches_False_0.7_0.9_30:30:50.h5mu
6.679166108369827e-05,6.454100000041763e-05,173.3510187463835,161.010191242,3.58305985853076,1.4644399860000021,0.00360107421875,13.114455223083496,172.68816566467285,three_branches_True_0.7_0.9_30:30:30.h5mu
5.135871469974518e-05,4.8850000000655314e-05,180.64120623935014,163.36113179400002,3.5448640743270516,1.488362410999997,0.00360107421875,12.696521759033203,172.68823528289795,three_branches_True_0.7_0.9_30:30:10.h5mu
6.628409028053284e-05,6.407299999899863e-05,186.3247522842139,162.769063353,13.306813400238752,2.030286415000006,0.00360107421875,14.073038101196289,172.68874645233154,three_branches_False_0.7_0.9_30:30:70.h5mu
6.303936243057251e-05,6.087499999907209e-05,178.27959439717233,162.449224395,5.094032239168882,1.5091744500000175,0.00360107421875,13.794608116149902,172.6893606185913,three_branches_True_0.7_0.9_30:30:50.h5mu
6.628409028053284e-05,6.407299999899863e-05,186.3247522842139,162.769063353,1.8944995757192373,1.405556479999973,0.00360107421875,13.838451385498047,172.68874645233154,three_branches_True_0.7_0.9_30:30:70.h5mu
6.21480867266655e-05,6.006699999971943e-05,200.47407811600715,174.687618765,15.288711660541594,1.963651413000008,0.00360107421875,12.601608276367188,175.7387638092041,three_branches_False_0.7_0.9_30:50:10.h5mu
6.338302046060562e-05,6.072299999981823e-05,201.7502108104527,174.586618792,14.497602269984782,2.0368061230000194,0.00360107421875,13.001991271972656,175.7422227859497,three_branches_False_0.7_0.9_30:50:30.h5mu
6.21480867266655e-05,6.006699999971943e-05,200.47407811600715,174.687618765,1.9887727163732052,1.46379638800002,0.00360107421875,12.431357383728027,175.7387638092041,three_branches_True_0.7_0.9_30:50:10.h5mu
6.338302046060562e-05,6.072299999981823e-05,201.7502108104527,174.586618792,1.8293763818219304,1.4028581059999965,0.00360107421875,12.825725555419922,175.7422227859497,three_branches_True_0.7_0.9_30:50:30.h5mu
6.071571260690689e-05,5.8338999998852614e-05,199.13601801916957,175.423334465,18.762827186845243,1.898218689999993,0.00360107421875,13.650458335876465,175.27092456817627,three_branches_False_0.7_0.9_30:50:50.h5mu
6.0558319091796875e-05,5.8167999998914866e-05,194.1519240224734,176.30955018,17.86556455027312,1.8241870570000174,0.00360107421875,14.348631858825684,175.73996925354004,three_branches_False_0.7_0.9_30:50:70.h5mu
6.071571260690689e-05,5.8338999998852614e-05,199.13601801916957,175.423334465,1.9831190342083573,1.3355739249999772,0.00360107421875,13.519773483276367,175.27092456817627,three_branches_True_0.7_0.9_30:50:50.h5mu
6.0558319091796875e-05,5.8167999998914866e-05,194.1519240224734,176.30955018,2.1627311557531357,1.4523946780000188,0.00360107421875,14.091835975646973,175.73996925354004,three_branches_True_0.7_0.9_30:50:70.h5mu
4.535261541604996e-05,4.3350000000330624e-05,167.84707644302398,159.832587282,21.25667402241379,2.069914990000001,0.00360107421875,13.824484825134277,172.68722534179688,three_branches_False_0.7_0.9_50:10:30.h5mu
6.216950714588165e-05,5.9560000000402624e-05,177.71341547369957,159.46246185799998,16.661623595282435,2.0213817290000122,0.00360107421875,12.95849323272705,172.68921756744385,three_branches_False_0.7_0.9_50:10:10.h5mu
7.049646228551865e-05,6.247200000153441e-05,206.22872557491064,186.544305563,18.33119032997638,2.101595873000008,0.00360107421875,13.024850845336914,178.79218769073486,three_branches_False_0.7_0.9_30:70:30.h5mu
4.535261541604996e-05,4.3350000000330624e-05,167.84707644302398,159.832587282,3.2471654126420617,1.5531573770000193,0.00360107421875,13.54969596862793,172.68722534179688,three_branches_True_0.7_0.9_50:10:30.h5mu
6.216950714588165e-05,5.9560000000402624e-05,177.71341547369957,159.46246185799998,4.029482567682862,1.6226989870000068,0.00360107421875,12.804447174072266,172.68921756744385,three_branches_True_0.7_0.9_50:10:10.h5mu
6.959028542041779e-05,6.74190000005126e-05,213.21230997890234,185.710510575,20.95408181566745,2.189528743000011,0.00360107421875,12.70799732208252,178.3220567703247,three_branches_False_0.7_0.9_30:70:10.h5mu
7.578544318675995e-05,7.360000000034006e-05,203.43165834713727,186.977699897,22.62266853824258,2.1273156739999877,0.00360107421875,13.56812858581543,178.7937421798706,three_branches_False_0.7_0.9_30:70:50.h5mu
7.049646228551865e-05,6.247200000153441e-05,206.22872557491064,186.544305563,4.239581913687289,1.5076104100000123,0.00360107421875,12.842720031738281,178.79218769073486,three_branches_True_0.7_0.9_30:70:30.h5mu
6.322376430034637e-05,6.088499999989949e-05,179.5888912975788,162.167367701,19.145050594583154,1.9687286160000212,0.00360107421875,14.453239440917969,172.68721675872803,three_branches_False_0.7_0.9_50:10:70.h5mu
5.9762969613075256e-05,5.7239999998515145e-05,182.83907576929778,158.79476696199998,18.995449198409915,1.9599615449999988,0.00360107421875,14.323359489440918,172.68982410430908,three_branches_False_0.7_0.9_50:10:50.h5mu
6.959028542041779e-05,6.74190000005126e-05,213.21230997890234,185.710510575,3.266526348888874,1.5260138470000015,0.00360107421875,12.56128215789795,178.3220567703247,three_branches_True_0.7_0.9_30:70:10.h5mu
7.578544318675995e-05,7.360000000034006e-05,203.43165834713727,186.977699897,2.780407579615712,1.435076157999987,0.00360107421875,13.40137767791748,178.7937421798706,three_branches_True_0.7_0.9_30:70:50.h5mu
5.9762969613075256e-05,5.7239999998515145e-05,182.83907576929778,158.79476696199998,2.83050796110183,1.5584839029999955,0.00360107421875,14.103554725646973,172.68982410430908,three_branches_True_0.7_0.9_50:10:50.h5mu
6.322376430034637e-05,6.088499999989949e-05,179.5888912975788,162.167367701,3.499183672480285,1.5708666989999926,0.00360107421875,14.236296653747559,172.68721675872803,three_branches_True_0.7_0.9_50:10:70.h5mu
6.876140832901001e-05,6.648600000147553e-05,234.83085310272872,189.84724669000002,13.720842366106808,1.932203085999987,0.00360107421875,13.744778633117676,178.79340171813965,three_branches_False_0.7_0.9_30:70:70.h5mu
6.876140832901001e-05,6.648600000147553e-05,234.83085310272872,189.84724669000002,2.509332832880318,1.4867952160000186,0.00360107421875,13.567459106445312,178.79340171813965,three_branches_True_0.7_0.9_30:70:70.h5mu
7.27502629160881e-05,6.341299999945704e-05,186.87015951052308,174.108377199,22.610919914208353,1.874709983999992,0.00360107421875,13.002562522888184,175.58091831207275,three_branches_False_0.7_0.9_50:30:10.h5mu
5.814991891384125e-05,5.591999999943198e-05,187.93989284243435,174.07601481199998,18.032801052555442,1.9806078640000067,0.00360107421875,13.199258804321289,175.74062824249268,three_branches_False_0.7_0.9_50:30:30.h5mu
5.9489160776138306e-05,5.748399999916387e-05,182.91194791160524,175.117031788,12.217837234027684,1.9199100320000184,0.00360107421875,13.67410659790039,175.73945236206055,three_branches_False_0.7_0.9_50:30:50.h5mu
7.27502629160881e-05,6.341299999945704e-05,186.87015951052308,174.108377199,2.472862394526601,1.499503906000001,0.00360107421875,12.80337142944336,175.58091831207275,three_branches_True_0.7_0.9_50:30:10.h5mu
5.814991891384125e-05,5.591999999943198e-05,187.93989284243435,174.07601481199998,3.0737056182697415,1.5197328020000214,0.00360107421875,12.942499160766602,175.74062824249268,three_branches_True_0.7_0.9_50:30:30.h5mu
5.9489160776138306e-05,5.748399999916387e-05,182.91194791160524,175.117031788,3.044195710681379,1.4185677950000013,0.00360107421875,13.449267387390137,175.73945236206055,three_branches_True_0.7_0.9_50:30:50.h5mu
5.4747797548770905e-05,5.248699999960138e-05,194.64731053076684,174.743491629,18.789244609884918,1.962271286999993,0.00360107421875,14.586308479309082,175.73655033111572,three_branches_False_0.7_0.9_50:30:70.h5mu
5.4747797548770905e-05,5.248699999960138e-05,194.64731053076684,174.743491629,4.25629672780633,1.5977535520000004,0.00360107421875,14.548789024353027,175.73655033111572,three_branches_True_0.7_0.9_50:30:70.h5mu
5.358550697565079e-05,5.12129999989952e-05,196.67877926118672,184.405748317,21.54516985733062,2.007624749999991,0.00360107421875,12.910499572753906,178.3214454650879,three_branches_False_0.7_0.9_50:50:30.h5mu
5.315244197845459e-05,5.0240000000201235e-05,200.27013735007495,182.910414118,20.268051880411804,2.0758275379999986,0.00360107421875,12.505175590515137,178.7909803390503,three_branches_False_0.7_0.9_50:50:10.h5mu
4.7816894948482513e-05,4.597999999944591e-05,201.64016651269048,188.44894732699998,16.423727747052908,1.9261631250000164,0.00360107421875,13.771493911743164,178.7916660308838,three_branches_False_0.7_0.9_50:50:50.h5mu
5.358550697565079e-05,5.12129999989952e-05,196.67877926118672,184.405748317,4.713718819431961,1.5152283049999937,0.00360107421875,12.665519714355469,178.3214454650879,three_branches_True_0.7_0.9_50:50:30.h5mu
6.521027535200119e-05,6.276100000057738e-05,212.38048736192286,186.479310181,15.104871178977191,1.905823717000004,0.00360107421875,14.070730209350586,178.78995037078857,three_branches_False_0.7_0.9_50:50:70.h5mu
4.7816894948482513e-05,4.597999999944591e-05,201.64016651269048,188.44894732699998,2.9442361732944846,1.4878206219999868,0.00360107421875,13.566117286682129,178.7916660308838,three_branches_True_0.7_0.9_50:50:50.h5mu
5.315244197845459e-05,5.0240000000201235e-05,200.27013735007495,182.910414118,2.9702256387099624,1.4746937879999962,0.00360107421875,12.271431922912598,178.7909803390503,three_branches_True_0.7_0.9_50:50:10.h5mu
6.588082760572433e-05,6.34880000003335e-05,218.36681398842484,196.54388570100002,14.822889234870672,2.0558722709999984,0.00360107421875,12.364904403686523,181.84370708465576,three_branches_False_0.7_0.9_50:70:10.h5mu
6.521027535200119e-05,6.276100000057738e-05,212.38048736192286,186.479310181,3.4218541840091348,1.5174330039999973,0.00360107421875,13.88809585571289,178.78995037078857,three_branches_True_0.7_0.9_50:50:70.h5mu
5.7287514209747314e-05,5.518999999942764e-05,221.5146691314876,196.997115979,14.6511094821617,2.062269671999985,0.00360107421875,12.95281982421875,181.84271144866943,three_branches_False_0.7_0.9_50:70:30.h5mu
6.588082760572433e-05,6.34880000003335e-05,218.36681398842484,196.54388570100002,2.016212711110711,1.402101676000001,0.00360107421875,12.179224967956543,181.84370708465576,three_branches_True_0.7_0.9_50:70:10.h5mu
5.7287514209747314e-05,5.518999999942764e-05,221.5146691314876,196.997115979,2.1907901111990213,1.5314536440000097,0.00360107421875,12.73572826385498,181.84271144866943,three_branches_True_0.7_0.9_50:70:30.h5mu
6.319768726825714e-05,6.0856000001052735e-05,183.93778331857175,170.06912226,16.12579473014921,1.9713869549999856,0.00360107421875,12.905128479003906,175.7403745651245,three_branches_False_0.7_0.9_70:10:10.h5mu
6.195064634084702e-05,5.9565000000816326e-05,177.27855085302144,168.91043328199999,11.79983682371676,1.9891006249999919,0.00360107421875,13.52181625366211,175.7374668121338,three_branches_False_0.7_0.9_70:10:30.h5mu
6.319768726825714e-05,6.0856000001052735e-05,183.93778331857175,170.06912226,2.1777353351935744,1.4237096180000037,0.00360107421875,12.745782852172852,175.7403745651245,three_branches_True_0.7_0.9_70:10:10.h5mu
6.195064634084702e-05,5.9565000000816326e-05,177.27855085302144,168.91043328199999,5.063081074506044,1.6140844079999965,0.00360107421875,13.29291820526123,175.7374668121338,three_branches_True_0.7_0.9_70:10:30.h5mu
6.207264959812164e-05,5.9697000001079914e-05,225.2437693644315,202.969969098,21.423192244954407,2.148688144999994,0.00360107421875,13.80699348449707,181.37281036376953,three_branches_False_0.7_0.9_50:70:50.h5mu
6.823055446147919e-05,6.590099999925769e-05,183.89040731824934,168.198779889,22.833413301035762,2.198152912000012,0.00360107421875,13.818483352661133,175.74040412902832,three_branches_False_0.7_0.9_70:10:50.h5mu
5.048513412475586e-05,4.8385999999567275e-05,178.80956786405295,170.689410491,26.282531747594476,2.066307585000004,0.00360107421875,14.61938762664795,175.7410488128662,three_branches_False_0.7_0.9_70:10:70.h5mu
6.207264959812164e-05,5.9697000001079914e-05,225.2437693644315,202.969969098,2.634993859566748,1.4788044119999881,0.00360107421875,13.609597206115723,181.37281036376953,three_branches_True_0.7_0.9_50:70:50.h5mu
6.513111293315887e-05,6.299400000031596e-05,231.5559489056468,199.212076849,17.091895502060652,2.0117705770000214,0.00360107421875,14.148962020874023,181.84399700164795,three_branches_False_0.7_0.9_50:70:70.h5mu
6.823055446147919e-05,6.590099999925769e-05,183.89040731824934,168.198779889,2.3021361799910665,1.5242457049999985,0.00360107421875,13.718535423278809,175.74040412902832,three_branches_True_0.7_0.9_70:10:50.h5mu
6.513111293315887e-05,6.299400000031596e-05,231.5559489056468,199.212076849,3.0746507393196225,1.4999207529999978,0.00360107421875,13.969992637634277,181.84399700164795,three_branches_True_0.7_0.9_50:70:70.h5mu
5.048513412475586e-05,4.8385999999567275e-05,178.80956786405295,170.689410491,5.1270029582083225,1.6732616810000138,0.00360107421875,14.500680923461914,175.7410488128662,three_branches_True_0.7_0.9_70:10:70.h5mu
6.593763828277588e-05,6.376700000032542e-05,201.80660010222346,180.92366776699998,26.838618115521967,2.0606252729999994,0.00360107421875,13.1273775100708,178.79284763336182,three_branches_False_0.7_0.9_70:30:30.h5mu
7.14324414730072e-05,0.0002691290000012003,198.6596212927252,183.19492605,26.24112911708653,2.1903295310000033,0.00360107421875,13.87773609161377,178.79337882995605,three_branches_False_0.7_0.9_70:30:50.h5mu
6.294436752796173e-05,6.129299999990678e-05,204.23849794175476,182.28164585099998,17.082198061980307,1.976456614,0.00360107421875,13.877144813537598,178.7900848388672,three_branches_False_0.7_0.9_70:30:70.h5mu
7.082242518663406e-05,6.852099999932193e-05,202.88239260856062,179.87746209000002,28.386571581475437,2.1509884289999945,0.00360107421875,12.957914352416992,178.78912734985352,three_branches_False_0.7_0.9_70:30:10.h5mu
6.593763828277588e-05,6.376700000032542e-05,201.80660010222346,180.92366776699998,1.9733189828693867,1.3210341269999901,0.00360107421875,12.892721176147461,178.79284763336182,three_branches_True_0.7_0.9_70:30:30.h5mu
7.14324414730072e-05,0.0002691290000012003,198.6596212927252,183.19492605,1.842583717778325,1.4668181140000058,0.00360107421875,13.818973541259766,178.79337882995605,three_branches_True_0.7_0.9_70:30:50.h5mu
6.294436752796173e-05,6.129299999990678e-05,204.23849794175476,182.28164585099998,1.6960572926327586,1.2681385679999835,0.00360107421875,13.691095352172852,178.7900848388672,three_branches_True_0.7_0.9_70:30:70.h5mu
7.082242518663406e-05,6.852099999932193e-05,202.88239260856062,179.87746209000002,2.18233204446733,1.4998315359999879,0.00360107421875,12.777562141418457,178.78912734985352,three_branches_True_0.7_0.9_70:30:10.h5mu
6.294529885053635e-05,6.090599999986068e-05,139.67187478020787,136.593917223,23.208175643347204,1.854576503000004,0.00360107421875,12.324716567993164,167.1319122314453,three_branches_False_0.1_0.3_10:10:10.h5mu
5.677808076143265e-05,5.468899999883092e-05,141.12248637154698,136.626768726,20.070756115950644,1.9005467069999895,0.00360107421875,12.841719627380371,167.130841255188,three_branches_False_0.1_0.3_10:10:30.h5mu
6.294529885053635e-05,6.090599999986068e-05,139.67187478020787,136.593917223,2.990971033461392,1.503319719999979,0.00360107421875,12.134492874145508,167.1319122314453,three_branches_True_0.1_0.3_10:10:10.h5mu
5.677808076143265e-05,5.468899999883092e-05,141.12248637154698,136.626768726,3.1263426765799522,1.5512733179999998,0.00360107421875,12.62173843383789,167.130841255188,three_branches_True_0.1_0.3_10:10:30.h5mu
6.209220737218857e-05,6.005900000083386e-05,207.33663190435618,195.06978357399998,12.397819293662906,1.9349680720000038,0.00360107421875,12.713260650634766,181.3746280670166,three_branches_False_0.7_0.9_70:50:10.h5mu
6.209220737218857e-05,6.005900000083386e-05,207.33663190435618,195.06978357399998,4.788600440137088,1.5899476149999998,0.00360107421875,12.577451705932617,181.3746280670166,three_branches_True_0.7_0.9_70:50:10.h5mu
6.44288957118988e-05,6.136499999875866e-05,216.49027746822685,195.064786594,21.97766611725092,2.0323564870000155,0.00360107421875,12.671942710876465,181.84298610687256,three_branches_False_0.7_0.9_70:50:30.h5mu
6.370525807142258e-05,6.16329999996168e-05,206.32403499633074,194.47349418000002,22.416039953939617,2.0860825790000206,0.00360107421875,14.357101440429688,181.84614849090576,three_branches_False_0.7_0.9_70:50:70.h5mu
6.693042814731598e-05,6.482899999937786e-05,212.67388413846493,194.39930770499998,22.669968519359827,2.117024071000003,0.00360107421875,13.909235954284668,181.84246253967285,three_branches_False_0.7_0.9_70:50:50.h5mu
6.44288957118988e-05,6.136499999875866e-05,216.49027746822685,195.064786594,2.973947695456445,1.5357583519999878,0.00360107421875,12.516892433166504,181.84298610687256,three_branches_True_0.7_0.9_70:50:30.h5mu
6.370525807142258e-05,6.16329999996168e-05,206.32403499633074,194.47349418000002,3.1486359667032957,1.5233157160000133,0.00360107421875,14.172581672668457,181.84614849090576,three_branches_True_0.7_0.9_70:50:70.h5mu
6.693042814731598e-05,6.482899999937786e-05,212.67388413846493,194.39930770499998,4.1668495973572135,1.5764025089999905,0.00360107421875,13.7245512008667,181.84246253967285,three_branches_True_0.7_0.9_70:50:50.h5mu
5.250703543424606e-05,5.070200000112379e-05,223.089131324552,203.09679475500002,12.473566927015781,1.9786697039999979,0.00360107421875,12.048099517822266,184.8963680267334,three_branches_False_0.7_0.9_70:70:10.h5mu
6.23408704996109e-05,5.9790999999975725e-05,218.49938944447786,205.491098228,17.61296970397234,2.083948002999989,0.00360107421875,13.80595874786377,184.89532279968262,three_branches_False_0.7_0.9_70:70:50.h5mu
5.250703543424606e-05,5.070200000112379e-05,223.089131324552,203.09679475500002,4.229284543544054,1.542377780999999,0.00360107421875,11.818717002868652,184.8963680267334,three_branches_True_0.7_0.9_70:70:10.h5mu
5.5485405027866364e-05,5.26809999996658e-05,237.20035693980753,205.884703124,17.134501817636192,2.0410802839999747,0.00360107421875,13.127302169799805,184.8957757949829,three_branches_False_0.7_0.9_70:70:30.h5mu
6.23408704996109e-05,5.9790999999975725e-05,218.49938944447786,205.491098228,2.367374040186405,1.4019895910000173,0.00360107421875,13.610441207885742,184.89532279968262,three_branches_True_0.7_0.9_70:70:50.h5mu
6.837118417024612e-05,6.170099999991407e-05,236.28483269456774,204.514112557,12.832050384953618,2.1595960980000086,0.00360107421875,14.402278900146484,184.8949794769287,three_branches_False_0.7_0.9_70:70:70.h5mu
5.5485405027866364e-05,5.26809999996658e-05,237.20035693980753,205.884703124,2.185212600044906,1.5314871719999985,0.00360107421875,12.965315818786621,184.8957757949829,three_branches_True_0.7_0.9_70:70:30.h5mu
6.837118417024612e-05,6.170099999991407e-05,236.28483269456774,204.514112557,3.1701708864420652,1.5613067999999828,0.00360107421875,14.22293758392334,184.8949794769287,three_branches_True_0.7_0.9_70:70:70.h5mu
6.225425750017166e-05,5.9620000000037976e-05,160.65387288480997,140.572940091,17.718546424992383,1.8437802269999963,0.00360107421875,13.547861099243164,167.12804985046387,three_branches_False_0.1_0.3_10:10:50.h5mu
6.225425750017166e-05,5.9620000000037976e-05,160.65387288480997,140.572940091,3.2305928505957127,1.4254547240000193,0.00360107421875,13.382956504821777,167.12804985046387,three_branches_True_0.1_0.3_10:10:50.h5mu
5.825702100992203e-05,5.5895000000916184e-05,167.77583567239344,139.22247923499998,16.979828846640885,1.762320673000005,0.00360107421875,13.70183277130127,166.65921306610107,three_branches_False_0.1_0.3_10:10:70.h5mu
5.825702100992203e-05,5.5895000000916184e-05,167.77583567239344,139.22247923499998,3.2298784479498863,1.5174515509999935,0.00360107421875,13.606317520141602,166.65921306610107,three_branches_True_0.1_0.3_10:10:70.h5mu
6.178207695484161e-05,5.9334000001243226e-05,168.8725460032001,152.172728661,14.194777837954462,1.8170989909999946,0.00360107421875,11.620499610900879,170.18279457092285,three_branches_False_0.1_0.3_10:30:10.h5mu
6.178207695484161e-05,5.9334000001243226e-05,168.8725460032001,152.172728661,2.9045580802485347,1.4828117100000213,0.00360107421875,11.468198776245117,170.18279457092285,three_branches_True_0.1_0.3_10:30:10.h5mu
6.339140236377716e-05,6.10200000004113e-05,169.21802822127938,152.619736528,20.73639873880893,1.990780046999987,0.00360107421875,12.919488906860352,170.1811056137085,three_branches_False_0.1_0.3_10:30:50.h5mu
6.600096821784973e-05,6.372100000007208e-05,167.71987176779658,153.051976852,22.813305706717074,2.020185029000004,0.00360107421875,13.80579948425293,170.18063354492188,three_branches_False_0.1_0.3_10:30:70.h5mu
5.5546872317790985e-05,5.3080000000704786e-05,169.23033135477453,153.6996077,25.170870148576796,2.0917302329999927,0.00360107421875,12.61229133605957,170.18237781524658,three_branches_False_0.1_0.3_10:30:30.h5mu
6.482657045125961e-05,6.245500000012782e-05,176.69066440779716,161.240368246,12.920818720944226,1.9200810039999965,0.00360107421875,11.662952423095703,173.2324628829956,three_branches_False_0.1_0.3_10:50:10.h5mu
6.600096821784973e-05,6.372100000007208e-05,167.71987176779658,153.051976852,3.309596794657409,1.5601157319999857,0.00360107421875,13.6274995803833,170.18063354492188,three_branches_True_0.1_0.3_10:30:70.h5mu
6.339140236377716e-05,6.10200000004113e-05,169.21802822127938,152.619736528,2.341236736625433,1.3700800750000042,0.00360107421875,12.733384132385254,170.1811056137085,three_branches_True_0.1_0.3_10:30:50.h5mu
5.5546872317790985e-05,5.3080000000704786e-05,169.23033135477453,153.6996077,3.036676532588899,1.5484499979999953,0.00360107421875,12.437809944152832,170.18237781524658,three_branches_True_0.1_0.3_10:30:30.h5mu
5.9398822486400604e-05,5.7398999999236366e-05,184.42032402195036,161.664529791,15.766311686486006,1.9318177709999986,0.00360107421875,12.917516708374023,172.76197814941406,three_branches_False_0.1_0.3_10:50:30.h5mu
6.482657045125961e-05,6.245500000012782e-05,176.69066440779716,161.240368246,5.898553620092571,1.5219020330000035,0.00360107421875,11.512974739074707,173.2324628829956,three_branches_True_0.1_0.3_10:50:10.h5mu
5.9398822486400604e-05,5.7398999999236366e-05,184.42032402195036,161.664529791,2.7326500257477164,1.5172280600000079,0.00360107421875,12.701025009155273,172.76197814941406,three_branches_True_0.1_0.3_10:50:30.h5mu
6.103795021772385e-05,5.882000000134724e-05,182.70898078009486,162.161975418,21.74936957564205,2.0418077049999965,0.00360107421875,13.408944129943848,173.23605632781982,three_branches_False_0.1_0.3_10:50:70.h5mu
5.757436156272888e-05,5.553799999979958e-05,189.54292155057192,160.49048051999998,21.75753695331514,2.1091348080000216,0.00360107421875,13.115924835205078,173.23522567749023,three_branches_False_0.1_0.3_10:50:50.h5mu
5.757436156272888e-05,5.553799999979958e-05,189.54292155057192,160.49048051999998,2.272121535614133,1.4088071250000098,0.00360107421875,12.931672096252441,173.23522567749023,three_branches_True_0.1_0.3_10:50:50.h5mu
6.103795021772385e-05,5.882000000134724e-05,182.70898078009486,162.161975418,2.2359125167131424,1.429661498999991,0.00360107421875,13.23561954498291,173.23605632781982,three_branches_True_0.1_0.3_10:50:70.h5mu
5.3427182137966156e-05,5.1245999999949277e-05,203.56336859054863,173.30416804,14.302127945236862,1.9318024749999836,0.00360107421875,11.733234405517578,176.28575134277344,three_branches_False_0.1_0.3_10:70:10.h5mu
5.3427182137966156e-05,5.1245999999949277e-05,203.56336859054863,173.30416804,2.930382078513503,1.3358037840000065,0.00360107421875,11.5556001663208,176.28575134277344,three_branches_True_0.1_0.3_10:70:10.h5mu
5.2879564464092255e-05,5.0609000000534365e-05,193.91433074790984,171.435470092,16.969608855433762,1.971168247999998,0.00360107421875,12.542803764343262,175.81793785095215,three_branches_False_0.1_0.3_10:70:30.h5mu
6.095133721828461e-05,5.879999999969243e-05,163.532097206451,149.62927182500002,28.537736483849585,2.157853249999988,0.00360107421875,12.618958473205566,170.1823968887329,three_branches_False_0.1_0.3_30:10:10.h5mu
6.498675793409348e-05,6.262299999981735e-05,160.9753165813163,151.647698434,29.142235128208995,2.7523713589999943,0.00360107421875,13.046046257019043,170.18125534057617,three_branches_False_0.1_0.3_30:10:30.h5mu
5.2879564464092255e-05,5.0609000000534365e-05,193.91433074790984,171.435470092,5.2858059220016,1.5485733110000126,0.00360107421875,12.346840858459473,175.81793785095215,three_branches_True_0.1_0.3_10:70:30.h5mu
5.9482641518116e-05,5.694600000083483e-05,191.82407190371305,170.75854808399998,24.16991891618818,2.1443113220000214,0.00360107421875,13.274389266967773,175.81726264953613,three_branches_False_0.1_0.3_10:70:50.h5mu
5.8667734265327454e-05,5.6551000000126805e-05,166.60919039417058,151.757009302,21.890575801953673,2.4565712250000047,0.00360107421875,13.045148849487305,170.18144035339355,three_branches_False_0.1_0.3_30:10:50.h5mu
5.444791167974472e-05,5.205699999955016e-05,169.0445639193058,151.568619425,19.083275810815394,2.372127384999999,0.00360107421875,14.308568000793457,170.18358612060547,three_branches_False_0.1_0.3_30:10:70.h5mu
6.095133721828461e-05,5.879999999969243e-05,163.532097206451,149.62927182500002,3.6123597463592887,1.596624573000014,0.00360107421875,12.465238571166992,170.1823968887329,three_branches_True_0.1_0.3_30:10:10.h5mu
5.9482641518116e-05,5.694600000083483e-05,191.82407190371305,170.75854808399998,3.6589625095948577,1.543336987999993,0.00360107421875,13.11343765258789,175.81726264953613,three_branches_True_0.1_0.3_10:70:50.h5mu
6.498675793409348e-05,6.262299999981735e-05,160.9753165813163,151.647698434,4.820978886447847,2.2094862589999877,0.00360107421875,12.798739433288574,170.18125534057617,three_branches_True_0.1_0.3_30:10:30.h5mu
5.8667734265327454e-05,5.6551000000126805e-05,166.60919039417058,151.757009302,3.725262268446386,1.9632707570000036,0.00360107421875,12.87894344329834,170.18144035339355,three_branches_True_0.1_0.3_30:10:50.h5mu
6.596837192773819e-05,6.362800000125901e-05,198.70565591566265,172.061903884,14.155746725387871,1.9815516179999975,0.00360107421875,13.811352729797363,176.28536128997803,three_branches_False_0.1_0.3_10:70:70.h5mu
5.444791167974472e-05,5.205699999955016e-05,169.0445639193058,151.568619425,8.985079448670149,2.3199691240000107,0.00360107421875,14.039933204650879,170.18358612060547,three_branches_True_0.1_0.3_30:10:70.h5mu
6.596837192773819e-05,6.362800000125901e-05,198.70565591566265,172.061903884,3.570901886560023,1.5000594810000223,0.00360107421875,13.632364273071289,176.28536128997803,three_branches_True_0.1_0.3_10:70:70.h5mu
7.038377225399017e-05,6.790299999970273e-05,187.05381637439132,163.454010377,19.934435468167067,2.0149376729999915,0.00360107421875,12.624000549316406,173.23571491241455,three_branches_False_0.1_0.3_30:30:10.h5mu
8.511170744895935e-05,8.28290000001175e-05,197.88334108609706,166.039940752,14.228343388065696,2.0503120269999897,0.00360107421875,13.028132438659668,173.2325849533081,three_branches_False_0.1_0.3_30:30:30.h5mu
7.038377225399017e-05,6.790299999970273e-05,187.05381637439132,163.454010377,2.131515738554299,1.351702586000016,0.00360107421875,12.42039966583252,173.23571491241455,three_branches_True_0.1_0.3_30:30:10.h5mu
8.511170744895935e-05,8.28290000001175e-05,197.88334108609706,166.039940752,1.8922709990292788,1.2730307820000064,0.00360107421875,12.832366943359375,173.2325849533081,three_branches_True_0.1_0.3_30:30:30.h5mu
6.099604070186615e-05,5.875599999960457e-05,183.4753457941115,165.541981354,16.331838333047926,1.9620283229999984,0.00360107421875,13.564126014709473,173.23258686065674,three_branches_False_0.1_0.3_30:30:50.h5mu
6.843451410531998e-05,6.608999999890841e-05,171.65952312014997,164.705605846,14.122286554425955,1.9292917139999872,0.00360107421875,13.874358177185059,173.2365951538086,three_branches_False_0.1_0.3_30:30:70.h5mu
6.099604070186615e-05,5.875599999960457e-05,183.4753457941115,165.541981354,2.291012331843376,1.4186820730000136,0.00360107421875,13.389634132385254,173.23258686065674,three_branches_True_0.1_0.3_30:30:50.h5mu
6.843451410531998e-05,6.608999999890841e-05,171.65952312014997,164.705605846,3.9664019169285893,1.461071005000008,0.00360107421875,13.666402816772461,173.2365951538086,three_branches_True_0.1_0.3_30:30:70.h5mu
5.312543362379074e-05,5.0908999998711124e-05,181.50772459898144,174.538931433,17.064697495661676,2.0239092750000225,0.00360107421875,12.939682006835938,176.28266048431396,three_branches_False_0.1_0.3_30:50:30.h5mu
6.612762808799744e-05,6.407399999908137e-05,190.52525457181036,172.781270835,24.649545486085117,2.1248150100000203,0.00360107421875,12.563437461853027,175.81688690185547,three_branches_False_0.1_0.3_30:50:10.h5mu
5.2413903176784515e-05,5.0140999999115365e-05,188.06924690306187,176.138962278,23.488267096690834,2.0283214740000233,0.00360107421875,13.564803123474121,175.81482315063477,three_branches_False_0.1_0.3_30:50:50.h5mu
5.312543362379074e-05,5.0908999998711124e-05,181.50772459898144,174.538931433,3.2396997455507517,1.4697497159999955,0.00360107421875,12.732075691223145,176.28266048431396,three_branches_True_0.1_0.3_30:50:30.h5mu
6.612762808799744e-05,6.407399999908137e-05,190.52525457181036,172.781270835,4.260304709896445,1.510394550000001,0.00360107421875,12.344060897827148,175.81688690185547,three_branches_True_0.1_0.3_30:50:10.h5mu
5.2413903176784515e-05,5.0140999999115365e-05,188.06924690306187,176.138962278,4.516260026954114,1.613282048000002,0.00360107421875,13.45793628692627,175.81482315063477,three_branches_True_0.1_0.3_30:50:50.h5mu
6.307009607553482e-05,6.121400000047572e-05,200.4315858464688,182.54286086,19.961984583176672,2.0261338180000052,0.00360107421875,12.149495124816895,179.33900833129883,three_branches_False_0.1_0.3_30:70:10.h5mu
6.0877762734889984e-05,5.860299999937979e-05,202.96798181533813,175.26178225,24.283307326957583,2.164432685999998,0.00360107421875,13.824075698852539,176.28476428985596,three_branches_False_0.1_0.3_30:50:70.h5mu
6.539840251207352e-05,6.419900000054213e-05,201.995531138964,181.298722688,18.615597645752132,2.0933898269999816,0.00360107421875,12.879707336425781,179.33681678771973,three_branches_False_0.1_0.3_30:70:30.h5mu
5.267839878797531e-05,5.012999999998158e-05,201.44336580019444,183.62719062800002,18.667898473329842,2.066974830999982,0.00360107421875,13.33692741394043,179.33723545074463,three_branches_False_0.1_0.3_30:70:50.h5mu
5.85922971367836e-05,5.657500000033622e-05,207.15916474629194,184.58702043300002,16.886092707514763,1.9233438830000011,0.00360107421875,14.01641845703125,179.33704948425293,three_branches_False_0.1_0.3_30:70:70.h5mu
6.0877762734889984e-05,5.860299999937979e-05,202.96798181533813,175.26178225,2.213426866568625,1.4656441680000114,0.00360107421875,13.649806022644043,176.28476428985596,three_branches_True_0.1_0.3_30:50:70.h5mu
6.539840251207352e-05,6.419900000054213e-05,201.995531138964,181.298722688,2.3399000354111195,1.4744218740000008,0.00360107421875,12.682686805725098,179.33681678771973,three_branches_True_0.1_0.3_30:70:30.h5mu
6.307009607553482e-05,6.121400000047572e-05,200.4315858464688,182.54286086,2.7331950524821877,1.4717153659999838,0.00360107421875,11.871749877929688,179.33900833129883,three_branches_True_0.1_0.3_30:70:10.h5mu
5.267839878797531e-05,5.012999999998158e-05,201.44336580019444,183.62719062800002,2.5526506174355745,1.1675820940000108,0.00360107421875,13.146817207336426,179.33723545074463,three_branches_True_0.1_0.3_30:70:50.h5mu
5.85922971367836e-05,5.657500000033622e-05,207.15916474629194,184.58702043300002,2.854403577744961,1.3717669440000009,0.00360107421875,13.809328079223633,179.33704948425293,three_branches_True_0.1_0.3_30:70:70.h5mu
7.082149386405945e-05,6.703500000071472e-05,170.93145530391484,163.201612237,24.280282634310424,1.9958119140000008,0.00360107421875,12.779595375061035,172.76210975646973,three_branches_False_0.1_0.3_50:10:10.h5mu
6.13061711192131e-05,5.9078999999684356e-05,172.1039021210745,163.319803438,26.24721832294017,2.4628190539999935,0.00360107421875,12.92312240600586,173.23291778564453,three_branches_False_0.1_0.3_50:10:30.h5mu
7.082149386405945e-05,6.703500000071472e-05,170.93145530391484,163.201612237,3.036661778576672,1.5222741280000207,0.00360107421875,12.587890625,172.76210975646973,three_branches_True_0.1_0.3_50:10:10.h5mu
6.282702088356018e-05,6.0698999999608816e-05,173.78307694476098,164.04675381799998,20.95307428855449,2.6656501170000126,0.00360107421875,13.73735523223877,173.0755205154419,three_branches_False_0.1_0.3_50:10:50.h5mu
6.13061711192131e-05,5.9078999999684356e-05,172.1039021210745,163.319803438,4.829605261795223,2.297367817999998,0.00360107421875,12.709290504455566,173.23291778564453,three_branches_True_0.1_0.3_50:10:30.h5mu
6.769225001335144e-05,6.591200000016784e-05,180.0919731883332,163.750316615,16.22299627866596,2.672814695999989,0.00360107421875,14.34430980682373,173.23266315460205,three_branches_False_0.1_0.3_50:10:70.h5mu
6.282702088356018e-05,6.0698999999608816e-05,173.78307694476098,164.04675381799998,3.241549856029451,2.157638149999997,0.00360107421875,13.495163917541504,173.0755205154419,three_branches_True_0.1_0.3_50:10:50.h5mu
6.348639726638794e-05,6.129299999990678e-05,191.78127355035394,177.133563929,14.262099876999855,1.900521671000007,0.00360107421875,12.372437477111816,176.2863063812256,three_branches_False_0.1_0.3_50:30:10.h5mu
6.769225001335144e-05,6.591200000016784e-05,180.0919731883332,163.750316615,3.1767788771539927,2.220453593000002,0.00360107421875,14.111312866210938,173.23266315460205,three_branches_True_0.1_0.3_50:10:70.h5mu
6.348639726638794e-05,6.129299999990678e-05,191.78127355035394,177.133563929,4.53282022010535,1.6320107660000076,0.00360107421875,12.274735450744629,176.2863063812256,three_branches_True_0.1_0.3_50:30:10.h5mu
5.651172250509262e-05,5.3559999999563956e-05,195.39997347816825,176.398091828,23.96921292413026,2.1070814050000024,0.00360107421875,13.443207740783691,176.28476333618164,three_branches_False_0.1_0.3_50:30:50.h5mu
6.0253776609897614e-05,5.805000000069782e-05,193.45550499018282,173.43616130200002,24.352011027745903,2.0715629030000002,0.00360107421875,12.941878318786621,176.2840223312378,three_branches_False_0.1_0.3_50:30:30.h5mu
6.851833313703537e-05,6.620099999921081e-05,197.68903371412307,175.76434106699998,20.375021588988602,2.1497243899999887,0.00360107421875,14.521902084350586,176.28570652008057,three_branches_False_0.1_0.3_50:30:70.h5mu
6.063375622034073e-05,5.855500000073732e-05,209.9694357290864,186.928801476,14.354432813823223,2.0306096989999958,0.00360107421875,12.560661315917969,178.86475658416748,three_branches_False_0.1_0.3_50:50:10.h5mu
5.651172250509262e-05,5.3559999999563956e-05,195.39997347816825,176.398091828,1.9573299624025822,1.3817706219999764,0.00360107421875,13.260802268981934,176.28476333618164,three_branches_True_0.1_0.3_50:30:50.h5mu
6.0253776609897614e-05,5.805000000069782e-05,193.45550499018282,173.43616130200002,1.923179842531681,1.3803114279999988,0.00360107421875,12.758659362792969,176.2840223312378,three_branches_True_0.1_0.3_50:30:30.h5mu
6.851833313703537e-05,6.620099999921081e-05,197.68903371412307,175.76434106699998,2.073278272524476,1.4260025069999926,0.00360107421875,14.349968910217285,176.28570652008057,three_branches_True_0.1_0.3_50:30:70.h5mu
6.063375622034073e-05,5.855500000073732e-05,209.9694357290864,186.928801476,4.530698971822858,1.435850845999994,0.00360107421875,12.414685249328613,178.86475658416748,three_branches_True_0.1_0.3_50:50:10.h5mu
5.94286248087883e-05,5.743200000019044e-05,227.79264120105654,187.926631657,17.213127008639276,1.971506489999996,0.00360107421875,12.729089736938477,179.33756828308105,three_branches_False_0.1_0.3_50:50:30.h5mu
5.94286248087883e-05,5.743200000019044e-05,227.79264120105654,187.926631657,1.9491185676306486,1.3512894270000118,0.00360107421875,12.576422691345215,179.33756828308105,three_branches_True_0.1_0.3_50:50:30.h5mu
8.633453398942947e-05,8.390700000049378e-05,202.22293335292488,188.7802024,22.307354998774827,2.0684192370000005,0.00360107421875,13.869966506958008,179.3372278213501,three_branches_False_0.1_0.3_50:50:70.h5mu
6.66128471493721e-05,6.460100000005298e-05,198.85761185456067,187.08384608799997,20.66560748498887,2.253942797999997,0.00360107421875,13.619396209716797,178.8669137954712,three_branches_False_0.1_0.3_50:50:50.h5mu
6.66128471493721e-05,6.460100000005298e-05,198.85761185456067,187.08384608799997,3.517696537077427,1.5253680620000125,0.00360107421875,13.366257667541504,178.8669137954712,three_branches_True_0.1_0.3_50:50:50.h5mu
5.2521005272865295e-05,5.0433000000182915e-05,210.88366115279496,195.757079223,22.32852879446,2.089354986000018,0.00360107421875,12.118071556091309,182.3892698287964,three_branches_False_0.1_0.3_50:70:10.h5mu
8.633453398942947e-05,8.390700000049378e-05,202.22293335292488,188.7802024,3.326997988857329,1.4825391679999882,0.00360107421875,13.671547889709473,179.3372278213501,three_branches_True_0.1_0.3_50:50:70.h5mu
5.200877785682678e-05,5.0263000000327906e-05,186.86924481671304,171.82764863300002,28.2851322600618,2.243701431000005,0.00360107421875,12.610960006713867,176.28882694244385,three_branches_False_0.1_0.3_70:10:10.h5mu
6.27739354968071e-05,6.0369999999920765e-05,215.57843023817986,197.06602285,29.510386968031526,2.240694210000015,0.00360107421875,12.811524391174316,182.39005279541016,three_branches_False_0.1_0.3_50:70:30.h5mu
6.409455090761185e-05,6.19089999993605e-05,182.60924584791064,169.848401077,32.95660068560392,3.0483925770000155,0.00360107421875,13.386903762817383,176.28570938110352,three_branches_False_0.1_0.3_70:10:30.h5mu
5.2521005272865295e-05,5.0433000000182915e-05,210.88366115279496,195.757079223,2.7720428882166743,1.4958457930000009,0.00360107421875,11.970852851867676,182.3892698287964,three_branches_True_0.1_0.3_50:70:10.h5mu
6.175972521305084e-05,5.9406000000095105e-05,194.6332448758185,172.872829374,24.981457957997918,2.4831120460000022,0.00360107421875,13.873169898986816,176.28622245788574,three_branches_False_0.1_0.3_70:10:50.h5mu
5.200877785682678e-05,5.0263000000327906e-05,186.86924481671304,171.82764863300002,1.8588193347677588,1.2851726560000145,0.00360107421875,12.354913711547852,176.28882694244385,three_branches_True_0.1_0.3_70:10:10.h5mu
6.106216460466385e-05,5.924199999896018e-05,226.1791967479512,196.025168623,20.687063991092145,2.021706929000004,0.00360107421875,13.371039390563965,182.39123630523682,three_branches_False_0.1_0.3_50:70:50.h5mu
6.27739354968071e-05,6.0369999999920765e-05,215.57843023817986,197.06602285,3.439486245624721,1.5404062099999862,0.00360107421875,12.645462036132812,182.39005279541016,three_branches_True_0.1_0.3_50:70:30.h5mu
6.409455090761185e-05,6.19089999993605e-05,182.60924584791064,169.848401077,4.868064200505614,2.321894530999998,0.00360107421875,13.15208625793457,176.28570938110352,three_branches_True_0.1_0.3_70:10:30.h5mu
6.175972521305084e-05,5.9406000000095105e-05,194.6332448758185,172.872829374,5.70984573289752,2.3048083510000197,0.00360107421875,13.618345260620117,176.28622245788574,three_branches_True_0.1_0.3_70:10:50.h5mu
6.106216460466385e-05,5.924199999896018e-05,226.1791967479512,196.025168623,2.798102105036378,1.4645396399999981,0.00360107421875,13.219395637512207,182.39123630523682,three_branches_True_0.1_0.3_50:70:50.h5mu
6.261840462684631e-05,6.0597999999245644e-05,201.76315748412162,173.29487204499998,21.3460661098361,3.1604235849999895,0.00360107421875,14.485055923461914,176.28475761413574,three_branches_False_0.1_0.3_70:10:70.h5mu
6.632320582866669e-05,6.400899999903231e-05,229.61465254053473,197.197385085,20.72975163254887,2.1218102509999994,0.00360107421875,14.157071113586426,182.38894367218018,three_branches_False_0.1_0.3_50:70:70.h5mu
6.261840462684631e-05,6.0597999999245644e-05,201.76315748412162,173.29487204499998,3.6808752166107297,2.843059089999997,0.00360107421875,14.219613075256348,176.28475761413574,three_branches_True_0.1_0.3_70:10:70.h5mu
6.632320582866669e-05,6.400899999903231e-05,229.61465254053473,197.197385085,1.8609164524823427,1.3791956250000226,0.00360107421875,13.926870346069336,182.38894367218018,three_branches_True_0.1_0.3_50:70:70.h5mu
6.755255162715912e-05,6.493400000096017e-05,195.03267903160304,184.795035298,16.171887557022274,2.0703329749999853,0.00360107421875,12.7589111328125,179.3378553390503,three_branches_False_0.1_0.3_70:30:10.h5mu
6.755255162715912e-05,6.493400000096017e-05,195.03267903160304,184.795035298,5.814775520935655,1.669403320000015,0.00360107421875,12.636436462402344,179.3378553390503,three_branches_True_0.1_0.3_70:30:10.h5mu
4.683062434196472e-05,4.471300000119527e-05,204.7029661955312,185.942776549,19.99339510779828,2.1586467159999927,0.00360107421875,13.132956504821777,178.86708641052246,three_branches_False_0.1_0.3_70:30:30.h5mu
6.446149200201035e-05,6.207999999929825e-05,201.90579269826412,185.83397968,18.069882940500975,2.203939160999994,0.00360107421875,13.63617992401123,179.33778762817383,three_branches_False_0.1_0.3_70:30:50.h5mu
6.958469748497009e-05,6.736499999959733e-05,194.92720153741539,187.042648997,21.996869307011366,2.1641653349999785,0.00360107421875,13.629822731018066,179.33677673339844,three_branches_False_0.1_0.3_70:30:70.h5mu
4.683062434196472e-05,4.471300000119527e-05,204.7029661955312,185.942776549,1.8742123348638415,1.4799999459999924,0.00360107421875,12.947237014770508,178.86708641052246,three_branches_True_0.1_0.3_70:30:30.h5mu
6.446149200201035e-05,6.207999999929825e-05,201.90579269826412,185.83397968,3.8440278992056847,1.5208703969999817,0.00360107421875,13.348577499389648,179.33778762817383,three_branches_True_0.1_0.3_70:30:50.h5mu
6.958469748497009e-05,6.736499999959733e-05,194.92720153741539,187.042648997,5.375909584574401,1.5714664340000013,0.00360107421875,13.408404350280762,179.33677673339844,three_branches_True_0.1_0.3_70:30:70.h5mu
6.803590804338455e-05,6.562899999984495e-05,215.5125238550827,197.383625917,29.429273338988423,2.249450500000023,0.00360107421875,12.894174575805664,182.38985538482666,three_branches_False_0.1_0.3_70:50:30.h5mu
5.9283338487148285e-05,5.6710000000848027e-05,211.06186624150723,197.220254525,32.35498780570924,2.2835109219999765,0.00360107421875,13.722369194030762,181.91804695129395,three_branches_False_0.1_0.3_70:50:50.h5mu
6.495881825685501e-05,6.219700000009709e-05,222.52848930377513,195.842548731,19.420964455232024,2.141504585000007,0.00360107421875,14.259500503540039,182.39113426208496,three_branches_False_0.1_0.3_70:50:70.h5mu
7.985997945070267e-05,7.794100000069193e-05,225.96849640924484,197.29542433199998,27.39894258324057,2.227147292000012,0.00360107421875,12.47414493560791,182.38982677459717,three_branches_False_0.1_0.3_70:50:10.h5mu
6.803590804338455e-05,6.562899999984495e-05,215.5125238550827,197.383625917,4.484289520420134,1.5295455680000032,0.00360107421875,12.691720008850098,182.38985538482666,three_branches_True_0.1_0.3_70:50:30.h5mu
5.9283338487148285e-05,5.6710000000848027e-05,211.06186624150723,197.220254525,2.909005219116807,1.5734091550000073,0.00360107421875,13.5426607131958,181.91804695129395,three_branches_True_0.1_0.3_70:50:50.h5mu
5.4584816098213196e-05,4.75439999991778e-05,230.86278240848333,205.223960667,20.175429762341082,2.1887650879999967,0.00360107421875,12.202261924743652,185.44224071502686,three_branches_False_0.1_0.3_70:70:10.h5mu
6.495881825685501e-05,6.219700000009709e-05,222.52848930377513,195.842548731,3.7179157128557563,1.591296022999984,0.00360107421875,14.091517448425293,182.39113426208496,three_branches_True_0.1_0.3_70:50:70.h5mu
7.985997945070267e-05,7.794100000069193e-05,225.96849640924484,197.29542433199998,3.8632579995319247,1.4824329070000033,0.00360107421875,12.313246726989746,182.38982677459717,three_branches_True_0.1_0.3_70:50:10.h5mu
6.618909537792206e-05,6.380100000136224e-05,235.95525106973946,205.454983782,14.542144075967371,1.883695816999989,0.00360107421875,13.028515815734863,185.43923473358154,three_branches_False_0.1_0.3_70:70:30.h5mu
5.4584816098213196e-05,4.75439999991778e-05,230.86278240848333,205.223960667,3.0239008609205484,1.3731624450000197,0.00360107421875,12.027908325195312,185.44224071502686,three_branches_True_0.1_0.3_70:70:10.h5mu
6.618909537792206e-05,6.380100000136224e-05,235.95525106973946,205.454983782,1.8074575867503881,1.301450084999999,0.00360107421875,12.861627578735352,185.43923473358154,three_branches_True_0.1_0.3_70:70:30.h5mu
6.217602640390396e-05,5.526799999877596e-05,146.3125478932634,139.134991989,23.197984617203474,1.9013372740000136,0.00360107421875,12.762192726135254,161.4482364654541,five_branches_False_0.3_0.5_10:10:10.h5mu
6.56982883810997e-05,6.321900000116898e-05,146.93800407554954,137.116758558,20.211709207855165,2.218005706000014,0.00360107421875,13.527374267578125,161.44561862945557,five_branches_False_0.3_0.5_10:10:30.h5mu
6.217602640390396e-05,5.526799999877596e-05,146.3125478932634,139.134991989,3.1661351453512907,1.4822023480000155,0.00360107421875,12.594608306884766,161.4482364654541,five_branches_True_0.3_0.5_10:10:10.h5mu
6.56982883810997e-05,6.321900000116898e-05,146.93800407554954,137.116758558,2.7334339525550604,1.4730481059999931,0.00360107421875,13.361016273498535,161.44561862945557,five_branches_True_0.3_0.5_10:10:30.h5mu
6.289500743150711e-05,6.027100000061125e-05,149.56359794456512,141.950415234,13.973777882754803,1.853772068000012,0.00360107421875,13.986175537109375,161.4469633102417,five_branches_False_0.3_0.5_10:10:50.h5mu
6.289500743150711e-05,6.027100000061125e-05,149.56359794456512,141.950415234,8.350733885541558,1.716169227999984,0.00360107421875,13.904739379882812,161.4469633102417,five_branches_True_0.3_0.5_10:10:50.h5mu
5.487259477376938e-05,5.2308000000778065e-05,165.80966860055923,149.338478316,25.715413434430957,2.2886642119999863,0.00360107421875,13.222734451293945,164.4986162185669,five_branches_False_0.3_0.5_10:30:30.h5mu
5.188770592212677e-05,4.992000000036967e-05,162.22337686549872,153.709816193,28.010455063544214,2.4200187440000036,0.00360107421875,12.621723175048828,164.4995756149292,five_branches_False_0.3_0.5_10:30:10.h5mu
5.632452666759491e-05,5.413200000070617e-05,163.34493019524962,140.14850380200002,27.53039530105889,2.307420049000001,0.00360107421875,14.545426368713379,161.44482707977295,five_branches_False_0.3_0.5_10:10:70.h5mu
5.487259477376938e-05,5.2308000000778065e-05,165.80966860055923,149.338478316,3.20034683868289,1.5639686750000124,0.00360107421875,13.224634170532227,164.4986162185669,five_branches_True_0.3_0.5_10:30:30.h5mu
6.151478737592697e-05,5.8730999999312417e-05,168.82677832152694,150.443420438,23.681125283241272,2.2779025019999892,0.00360107421875,13.533821105957031,164.4987497329712,five_branches_False_0.3_0.5_10:30:50.h5mu
5.188770592212677e-05,4.992000000036967e-05,162.22337686549872,153.709816193,3.9458082169294357,1.5578055159999735,0.00360107421875,12.5443696975708,164.4995756149292,five_branches_True_0.3_0.5_10:30:10.h5mu
6.359070539474487e-05,6.0968999999744256e-05,175.4476813590154,153.96884450200002,19.292021986097097,2.153508039000002,0.00360107421875,13.958077430725098,164.49812602996826,five_branches_False_0.3_0.5_10:30:70.h5mu
5.632452666759491e-05,5.413200000070617e-05,163.34493019524962,140.14850380200002,2.7076703421771526,1.5382982049999896,0.00360107421875,14.444080352783203,161.44482707977295,five_branches_True_0.3_0.5_10:10:70.h5mu
7.435400038957596e-05,7.157599999985109e-05,243.19076682813466,209.069831557,21.383500310592353,2.077062993999988,0.00360107421875,13.679317474365234,185.4432487487793,three_branches_False_0.1_0.3_70:70:50.h5mu
6.151478737592697e-05,5.8730999999312417e-05,168.82677832152694,150.443420438,4.33359940815717,1.525592660000001,0.00360107421875,13.412588119506836,164.4987497329712,five_branches_True_0.3_0.5_10:30:50.h5mu
6.359070539474487e-05,6.0968999999744256e-05,175.4476813590154,153.96884450200002,4.226111845113337,1.5058996239999942,0.00360107421875,13.825247764587402,164.49812602996826,five_branches_True_0.3_0.5_10:30:70.h5mu
7.435400038957596e-05,7.157599999985109e-05,243.19076682813466,209.069831557,3.7696021012961864,1.6123183039999844,0.00360107421875,13.561563491821289,185.4432487487793,three_branches_True_0.1_0.3_70:70:50.h5mu
6.612949073314667e-05,6.33070000013447e-05,244.4688040530309,208.631863933,17.316306611523032,2.0946057050000206,0.00360107421875,13.907173156738281,185.44495964050293,three_branches_False_0.1_0.3_70:70:70.h5mu
6.612949073314667e-05,6.33070000013447e-05,244.4688040530309,208.631863933,1.8076294297352433,1.451911128000006,0.00360107421875,13.733920097351074,185.44495964050293,three_branches_True_0.1_0.3_70:70:70.h5mu
7.204245775938034e-05,6.993799999932548e-05,176.35452040098608,163.480483177,20.20525872055441,2.0883283889999973,0.00360107421875,12.39268684387207,167.08124542236328,five_branches_False_0.3_0.5_10:50:10.h5mu
6.487499922513962e-05,6.239100000016151e-05,182.40492501109838,161.989140235,20.475338329561055,2.174977919000014,0.00360107421875,13.323443412780762,167.0795555114746,five_branches_False_0.3_0.5_10:50:30.h5mu
6.487499922513962e-05,6.239100000016151e-05,182.40492501109838,161.989140235,1.9582593077793717,1.4714197659999968,0.00360107421875,13.315753936767578,167.0795555114746,five_branches_True_0.3_0.5_10:50:30.h5mu
7.204245775938034e-05,6.993799999932548e-05,176.35452040098608,163.480483177,1.8970633912831545,1.3704295659999843,0.00360107421875,12.325709342956543,167.08124542236328,five_branches_True_0.3_0.5_10:50:10.h5mu
7.134117186069489e-05,6.395399999981066e-05,181.61280901357532,164.153910965,20.53510801307857,2.0845425610000063,0.00360107421875,13.444872856140137,167.08015632629395,five_branches_False_0.3_0.5_10:50:50.h5mu
5.150679498910904e-05,4.9538999999043654e-05,161.18422999512404,149.561009965,22.104265516623855,2.2221125019999874,0.00360107421875,12.712928771972656,164.49676036834717,five_branches_False_0.3_0.5_30:10:10.h5mu
7.134117186069489e-05,6.395399999981066e-05,181.61280901357532,164.153910965,2.906656688079238,1.4776812879999852,0.00360107421875,13.42221736907959,167.08015632629395,five_branches_True_0.3_0.5_10:50:50.h5mu
6.291456520557404e-05,6.079799999980651e-05,184.9588677007705,173.802023811,33.19800878316164,2.3210045269999853,0.00360107421875,12.48074722290039,170.60211753845215,five_branches_False_0.3_0.5_10:70:10.h5mu
8.038803935050964e-05,7.44960000016448e-05,188.49011517874897,172.91768352600002,26.113429100252688,2.0104256559999953,0.00360107421875,13.013347625732422,170.6029405593872,five_branches_False_0.3_0.5_10:70:50.h5mu
8.08369368314743e-05,7.810700000021598e-05,195.0305961035192,173.033628554,23.170613830909133,2.0405809550000242,0.00360107421875,12.917109489440918,170.60241794586182,five_branches_False_0.3_0.5_10:70:30.h5mu
5.150679498910904e-05,4.9538999999043654e-05,161.18422999512404,149.561009965,7.1800744738429785,1.6151139160000128,0.00360107421875,12.447230339050293,164.49676036834717,five_branches_True_0.3_0.5_30:10:10.h5mu
7.152557373046875e-05,6.885500000031186e-05,184.35906774085015,165.33263322300002,32.82252192590386,2.2036391460000004,0.00360107421875,13.904374122619629,167.55193710327148,five_branches_False_0.3_0.5_10:50:70.h5mu
6.291456520557404e-05,6.079799999980651e-05,184.9588677007705,173.802023811,3.528162837959826,1.471509071999975,0.00360107421875,12.4732666015625,170.60211753845215,five_branches_True_0.3_0.5_10:70:10.h5mu
8.08369368314743e-05,7.810700000021598e-05,195.0305961035192,173.033628554,3.3191893231123686,1.5529333089999966,0.00360107421875,12.959729194641113,170.60241794586182,five_branches_True_0.3_0.5_10:70:30.h5mu
8.038803935050964e-05,7.44960000016448e-05,188.49011517874897,172.91768352600002,3.49389373883605,1.5580083639999884,0.00360107421875,13.021167755126953,170.6029405593872,five_branches_True_0.3_0.5_10:70:50.h5mu
6.223935633897781e-05,5.971399999893379e-05,181.80915952194482,150.736267162,22.91389190685004,2.2176468140000054,0.00360107421875,13.579158782958984,164.50104808807373,five_branches_False_0.3_0.5_30:10:30.h5mu
7.152557373046875e-05,6.885500000031186e-05,184.35906774085015,165.33263322300002,1.8650391353294253,1.4300072629999931,0.00360107421875,13.746501922607422,167.55193710327148,five_branches_True_0.3_0.5_10:50:70.h5mu
6.582308560609818e-05,6.368800000089436e-05,194.532255474478,172.988065556,22.41104381904006,2.1081732579999937,0.00360107421875,14.307936668395996,170.6012716293335,five_branches_False_0.3_0.5_10:70:70.h5mu
6.223935633897781e-05,5.971399999893379e-05,181.80915952194482,150.736267162,2.997755247168243,1.5704187890000014,0.00360107421875,13.435298919677734,164.50104808807373,five_branches_True_0.3_0.5_30:10:30.h5mu
6.582308560609818e-05,6.368800000089436e-05,194.532255474478,172.988065556,2.4274570597335696,1.5155894500000215,0.00360107421875,14.129133224487305,170.6012716293335,five_branches_True_0.3_0.5_10:70:70.h5mu
6.829109042882919e-05,6.13709999992551e-05,168.40779066178948,152.31987181399998,21.26338200364262,2.394033006000001,0.00360107421875,13.992205619812012,164.49884605407715,five_branches_False_0.3_0.5_30:10:50.h5mu
6.631948053836823e-05,6.430100000009986e-05,173.24787937570363,151.569909386,17.30176624841988,2.6743752040000004,0.00360107421875,14.957512855529785,167.5771837234497,five_branches_False_0.3_0.5_30:10:70.h5mu
6.829109042882919e-05,6.13709999992551e-05,168.40779066178948,152.31987181399998,3.0357677349820733,2.097038210000022,0.00360107421875,13.819900512695312,164.49884605407715,five_branches_True_0.3_0.5_30:10:50.h5mu
6.631948053836823e-05,6.430100000009986e-05,173.24787937570363,151.569909386,3.871411773376167,2.132100283999989,0.00360107421875,14.78438663482666,167.5771837234497,five_branches_True_0.3_0.5_30:10:70.h5mu
6.0354359447956085e-05,5.795400000074835e-05,181.5484383450821,165.240776349,17.76095505990088,2.118679166999982,0.00360107421875,12.550267219543457,167.5493507385254,five_branches_False_0.3_0.5_30:30:10.h5mu
7.572583854198456e-05,7.37819999994116e-05,176.13829457294196,165.23758084899998,23.02163323480636,2.2578939990000038,0.00360107421875,13.621332168579102,167.55169773101807,five_branches_False_0.3_0.5_30:30:30.h5mu
5.077756941318512e-05,4.8424999999241436e-05,180.74415541253984,167.290186804,20.011554037220776,2.115795325999983,0.00360107421875,13.715354919433594,167.54871082305908,five_branches_False_0.3_0.5_30:30:50.h5mu
6.0354359447956085e-05,5.795400000074835e-05,181.5484383450821,165.240776349,3.5807514917105436,1.5028672960000051,0.00360107421875,12.400870323181152,167.5493507385254,five_branches_True_0.3_0.5_30:30:10.h5mu
6.480887532234192e-05,6.233899999941173e-05,182.10019197128713,165.914279277,19.63288029935211,2.155682913999982,0.00360107421875,14.420961380004883,167.55000972747803,five_branches_False_0.3_0.5_30:30:70.h5mu
7.572583854198456e-05,7.37819999994116e-05,176.13829457294196,165.23758084899998,6.814640644006431,1.664099082000007,0.00360107421875,13.447237968444824,167.55169773101807,five_branches_True_0.3_0.5_30:30:30.h5mu
6.501283496618271e-05,6.278099999867948e-05,186.52327845152467,174.16203854999998,23.804703167639673,2.305207021000001,0.00360107421875,13.916670799255371,170.6025447845459,five_branches_False_0.3_0.5_30:50:50.h5mu
5.077756941318512e-05,4.8424999999241436e-05,180.74415541253984,167.290186804,4.622755870223045,1.5426124829999992,0.00360107421875,13.530689239501953,167.54871082305908,five_branches_True_0.3_0.5_30:30:50.h5mu
6.430409848690033e-05,6.225299999940148e-05,210.19097639340907,177.435715275,17.69707373622805,2.1285005059999946,0.00360107421875,12.714266777038574,170.6029281616211,five_branches_False_0.3_0.5_30:50:10.h5mu
6.480887532234192e-05,6.233899999941173e-05,182.10019197128713,165.914279277,2.70823273062706,1.466209622000008,0.00360107421875,14.264126777648926,167.55000972747803,five_branches_True_0.3_0.5_30:30:70.h5mu
5.179457366466522e-05,4.597200000056034e-05,196.27775487676263,174.541920621,23.485281844623387,2.113387958000004,0.00360107421875,13.565857887268066,170.6023654937744,five_branches_False_0.3_0.5_30:50:30.h5mu
6.301235407590866e-05,6.0238000001433534e-05,191.64480549935251,176.03591056800002,23.240021868608892,2.2350797169999908,0.00360107421875,14.417880058288574,170.60208415985107,five_branches_False_0.3_0.5_30:50:70.h5mu
6.501283496618271e-05,6.278099999867948e-05,186.52327845152467,174.16203854999998,2.851323425769806,1.478044404000002,0.00360107421875,13.754314422607422,170.6025447845459,five_branches_True_0.3_0.5_30:50:50.h5mu
6.430409848690033e-05,6.225299999940148e-05,210.19097639340907,177.435715275,2.323818036355078,1.6059562749999827,0.00360107421875,12.717741966247559,170.6029281616211,five_branches_True_0.3_0.5_30:50:10.h5mu
5.179457366466522e-05,4.597200000056034e-05,196.27775487676263,174.541920621,2.103168426081538,1.4643706600000144,0.00360107421875,13.41484546661377,170.6023654937744,five_branches_True_0.3_0.5_30:50:30.h5mu
6.301235407590866e-05,6.0238000001433534e-05,191.64480549935251,176.03591056800002,1.8405983429402113,1.4641857229999857,0.00360107421875,14.155693054199219,170.60208415985107,five_branches_True_0.3_0.5_30:50:70.h5mu
6.871297955513e-05,6.280100000033428e-05,210.14846397284418,186.55935080799998,15.208608530461788,2.112695362000011,0.00360107421875,12.796061515808105,173.18321800231934,five_branches_False_0.3_0.5_30:70:10.h5mu
6.871297955513e-05,6.280100000033428e-05,210.14846397284418,186.55935080799998,4.9388115629553795,1.5818104470000094,0.00360107421875,12.707569122314453,173.18321800231934,five_branches_True_0.3_0.5_30:70:10.h5mu
6.179511547088623e-05,5.949900000068453e-05,167.37573974765837,161.407595011,29.856215899810195,2.2080400500000223,0.00360107421875,12.81161880493164,167.5508508682251,five_branches_False_0.3_0.5_50:10:10.h5mu
6.43562525510788e-05,6.213500000029626e-05,208.95525038801134,187.261050035,30.605064055882394,2.1695534419999944,0.00360107421875,13.414819717407227,173.65369510650635,five_branches_False_0.3_0.5_30:70:30.h5mu
6.984639912843704e-05,6.765800000074762e-05,169.25169017352164,161.867026959,30.7920741122216,2.272185769999993,0.00360107421875,13.278220176696777,167.5495948791504,five_branches_False_0.3_0.5_50:10:30.h5mu
6.087217479944229e-05,5.8649999999715874e-05,176.40120869502425,165.022871011,23.721475585363805,2.2355236170000126,0.00360107421875,14.84414291381836,167.5523386001587,five_branches_False_0.3_0.5_50:10:70.h5mu
5.2803196012973785e-05,5.0100999999358464e-05,177.47547862771899,163.461145287,26.388060505501926,2.3776866249999955,0.00360107421875,14.54491901397705,167.5485486984253,five_branches_False_0.3_0.5_50:10:50.h5mu
6.43562525510788e-05,6.213500000029626e-05,208.95525038801134,187.261050035,2.720286086201668,1.523325131000007,0.00360107421875,13.280814170837402,173.65369510650635,five_branches_True_0.3_0.5_30:70:30.h5mu
6.179511547088623e-05,5.949900000068453e-05,167.37573974765837,161.407595011,2.734727468341589,1.4760718460000248,0.00360107421875,12.686310768127441,167.5508508682251,five_branches_True_0.3_0.5_50:10:10.h5mu
6.984639912843704e-05,6.765800000074762e-05,169.25169017352164,161.867026959,2.80667026899755,1.5071931779999943,0.00360107421875,13.19206714630127,167.5495948791504,five_branches_True_0.3_0.5_50:10:30.h5mu
6.154738366603851e-05,5.920599999953424e-05,203.58868518844247,186.58981574499998,17.66648654732853,2.154784331000002,0.00360107421875,14.065305709838867,173.65320301055908,five_branches_False_0.3_0.5_30:70:70.h5mu
6.203912198543549e-05,5.950999999981832e-05,210.60197217669338,188.335495977,17.89776582084596,2.1940142830000013,0.00360107421875,13.669807434082031,173.18481922149658,five_branches_False_0.3_0.5_30:70:50.h5mu
6.087217479944229e-05,5.8649999999715874e-05,176.40120869502425,165.022871011,6.176087887957692,1.634743790000016,0.00360107421875,14.685887336730957,167.5523386001587,five_branches_True_0.3_0.5_50:10:70.h5mu
5.2803196012973785e-05,5.0100999999358464e-05,177.47547862771899,163.461145287,4.581858248449862,1.5811742709999805,0.00360107421875,14.275548934936523,167.5485486984253,five_branches_True_0.3_0.5_50:10:50.h5mu
6.154738366603851e-05,5.920599999953424e-05,203.58868518844247,186.58981574499998,2.4596773022785783,1.4220795379999913,0.00360107421875,13.93197250366211,173.65320301055908,five_branches_True_0.3_0.5_30:70:70.h5mu
5.170796066522598e-05,4.926800000149001e-05,206.06991180870682,176.61982243199998,21.73356212489307,2.006202685000005,0.00360107421875,13.283868789672852,170.60211658477783,five_branches_False_0.3_0.5_50:30:30.h5mu
5.2197836339473724e-05,4.9912999999790486e-05,207.84119920618832,177.53758873299998,20.622200307436287,2.164189472000004,0.00360107421875,12.755117416381836,170.60172939300537,five_branches_False_0.3_0.5_50:30:10.h5mu
6.203912198543549e-05,5.950999999981832e-05,210.60197217669338,188.335495977,2.1497241239994764,1.3816078259999927,0.00360107421875,13.531583786010742,173.18481922149658,five_branches_True_0.3_0.5_30:70:50.h5mu
5.170796066522598e-05,4.926800000149001e-05,206.06991180870682,176.61982243199998,2.3067155862227082,1.4900783710000098,0.00360107421875,13.107502937316895,170.60211658477783,five_branches_True_0.3_0.5_50:30:30.h5mu
5.2197836339473724e-05,4.9912999999790486e-05,207.84119920618832,177.53758873299998,2.6153406649827957,1.4885952549999786,0.00360107421875,12.673572540283203,170.60172939300537,five_branches_True_0.3_0.5_50:30:10.h5mu
7.699988782405853e-05,7.524899999999946e-05,191.0066846916452,179.07550333400002,14.834982958622277,1.8985801860000038,0.00360107421875,13.822074890136719,170.13322067260742,five_branches_False_0.3_0.5_50:30:50.h5mu
7.699988782405853e-05,7.524899999999946e-05,191.0066846916452,179.07550333400002,1.732375635765493,1.3403524310000137,0.00360107421875,13.705179214477539,170.13322067260742,five_branches_True_0.3_0.5_50:30:50.h5mu
7.991213351488113e-05,7.747499999943841e-05,190.16732593998313,176.345395169,16.396726094186306,2.1781648549999773,0.00360107421875,14.525300025939941,170.60168170928955,five_branches_False_0.3_0.5_50:30:70.h5mu
6.172154098749161e-05,5.953099999977951e-05,196.5252063907683,187.89130422699998,18.241003323346376,2.223671648000021,0.00360107421875,12.653316497802734,173.65699291229248,five_branches_False_0.3_0.5_50:50:10.h5mu
7.991213351488113e-05,7.747499999943841e-05,190.16732593998313,176.345395169,2.7299980856478214,1.5381653480000068,0.00360107421875,14.408442497253418,170.60168170928955,five_branches_True_0.3_0.5_50:30:70.h5mu
4.592817276716232e-05,4.367300000041041e-05,204.4444395378232,187.212340189,16.326432512141764,2.298646630999997,0.00360107421875,13.469804763793945,173.65452480316162,five_branches_False_0.3_0.5_50:50:30.h5mu
6.172154098749161e-05,5.953099999977951e-05,196.5252063907683,187.89130422699998,4.438022519461811,1.5714712630000065,0.00360107421875,12.493802070617676,173.65699291229248,five_branches_True_0.3_0.5_50:50:10.h5mu
5.877390503883362e-05,5.6204999999920346e-05,206.6894965916872,186.97365621999998,24.286757313646376,2.203655638000015,0.00360107421875,13.6902494430542,173.65257167816162,five_branches_False_0.3_0.5_50:50:50.h5mu
4.592817276716232e-05,4.367300000041041e-05,204.4444395378232,187.212340189,3.0045310016721487,1.4350039660000107,0.00360107421875,13.301005363464355,173.65452480316162,five_branches_True_0.3_0.5_50:50:30.h5mu
6.333086639642715e-05,6.101299999983212e-05,209.82677926681936,195.616617685,29.092947483062744,2.234690551,0.00360107421875,12.635010719299316,176.70608520507812,five_branches_False_0.3_0.5_50:70:10.h5mu
0.0005511390045285225,0.0005459789999999742,210.5526214968413,188.941200182,27.849976100958884,2.2790386970000043,0.00360107421875,14.213173866271973,173.65516662597656,five_branches_False_0.3_0.5_50:50:70.h5mu
6.035342812538147e-05,5.814900000089551e-05,217.66672879084945,196.899408564,19.93657908588648,2.29128157400001,0.00360107421875,13.260035514831543,176.70505332946777,five_branches_False_0.3_0.5_50:70:30.h5mu
5.877390503883362e-05,5.6204999999920346e-05,206.6894965916872,186.97365621999998,2.985265132971108,1.500346728000011,0.00360107421875,13.599725723266602,173.65257167816162,five_branches_True_0.3_0.5_50:50:50.h5mu
6.333086639642715e-05,6.101299999983212e-05,209.82677926681936,195.616617685,3.5481140799820423,1.5552044970000054,0.00360107421875,12.584301948547363,176.70608520507812,five_branches_True_0.3_0.5_50:70:10.h5mu
6.10528513789177e-05,5.846999999903346e-05,220.36229692492634,197.094614135,17.456172479316592,2.1867158290000077,0.00360107421875,14.064864158630371,176.70448780059814,five_branches_False_0.3_0.5_50:70:50.h5mu
0.0005511390045285225,0.0005459789999999742,210.5526214968413,188.941200182,2.7919777436181903,1.4330779660000132,0.00360107421875,14.091485023498535,173.65516662597656,five_branches_True_0.3_0.5_50:50:70.h5mu
6.035342812538147e-05,5.814900000089551e-05,217.66672879084945,196.899408564,3.0214383583515882,1.287574669999998,0.00360107421875,13.151920318603516,176.70505332946777,five_branches_True_0.3_0.5_50:70:30.h5mu
6.10528513789177e-05,5.846999999903346e-05,220.36229692492634,197.094614135,3.527414877898991,1.554205464000006,0.00360107421875,13.98631763458252,176.70448780059814,five_branches_True_0.3_0.5_50:70:50.h5mu
6.317999213933945e-05,6.128799999949308e-05,236.33725970890373,195.870149062,16.34340551868081,2.251379158999981,0.00360107421875,14.622578620910645,176.7045030593872,five_branches_False_0.3_0.5_50:70:70.h5mu
6.317999213933945e-05,6.128799999949308e-05,236.33725970890373,195.870149062,2.231082996353507,1.5414504690000115,0.00360107421875,14.4708251953125,176.7045030593872,five_branches_True_0.3_0.5_50:70:70.h5mu
8.035916835069656e-05,7.76419999990452e-05,198.3607706995681,176.31589156799998,17.18309934437275,1.9136774289999892,0.00360107421875,13.073049545288086,170.13047790527344,five_branches_False_0.3_0.5_70:10:10.h5mu
8.035916835069656e-05,7.76419999990452e-05,198.3607706995681,176.31589156799998,2.1962520238012075,1.4449217780000083,0.00360107421875,12.928987503051758,170.13047790527344,five_branches_True_0.3_0.5_70:10:10.h5mu
7.196702063083649e-05,6.93940000005e-05,192.29081680253148,175.918362282,23.084918783046305,2.7167565789999912,0.00360107421875,13.733922004699707,170.60405731201172,five_branches_False_0.3_0.5_70:10:30.h5mu
6.628409028053284e-05,6.369599999977993e-05,187.2162347389385,173.998504024,21.833498653024435,2.2317735960000107,0.00360107421875,14.492578506469727,170.13231468200684,five_branches_False_0.3_0.5_70:10:70.h5mu
7.460452616214752e-05,6.792900000007762e-05,188.57559568528086,172.767325826,24.409981665201485,2.760978031999997,0.00360107421875,14.458158493041992,170.1307191848755,five_branches_False_0.3_0.5_70:10:50.h5mu
7.196702063083649e-05,6.93940000005e-05,192.29081680253148,175.918362282,2.6501968158409,2.20355471900001,0.00360107421875,13.553647994995117,170.60405731201172,five_branches_True_0.3_0.5_70:10:30.h5mu
6.628409028053284e-05,6.369599999977993e-05,187.2162347389385,173.998504024,4.224093873985112,1.574890463999992,0.00360107421875,14.321168899536133,170.13231468200684,five_branches_True_0.3_0.5_70:10:70.h5mu
7.460452616214752e-05,6.792900000007762e-05,188.57559568528086,172.767325826,6.281152275390923,2.3854855030000124,0.00360107421875,14.28029727935791,170.1307191848755,five_branches_True_0.3_0.5_70:10:50.h5mu
6.222445517778397e-05,5.9845999999197375e-05,201.6227601421997,184.031207755,21.631239224225283,2.1349149699999828,0.00360107421875,12.663451194763184,173.18243408203125,five_branches_False_0.3_0.5_70:30:10.h5mu
6.43441453576088e-05,6.191800000010517e-05,202.8033042596653,183.76325453,24.07381300535053,2.209906668000002,0.00360107421875,13.423774719238281,173.65350151062012,five_branches_False_0.3_0.5_70:30:30.h5mu
6.746966391801834e-05,6.527999999939027e-05,203.3932534866035,186.25754645400002,22.5496293772012,2.3623893409999823,0.00360107421875,14.177160263061523,173.65247535705566,five_branches_False_0.3_0.5_70:30:70.h5mu
6.222445517778397e-05,5.9845999999197375e-05,201.6227601421997,184.031207755,3.8756983717903495,1.558869881999982,0.00360107421875,12.57381534576416,173.18243408203125,five_branches_True_0.3_0.5_70:30:10.h5mu
6.43441453576088e-05,6.191800000010517e-05,202.8033042596653,183.76325453,2.9725062074139714,1.5548859689999972,0.00360107421875,13.308610916137695,173.65350151062012,five_branches_True_0.3_0.5_70:30:30.h5mu
0.0005546445026993752,0.0005495589999995332,220.1841730987653,187.882370733,21.103540368378162,2.2010938109999927,0.00360107421875,13.872673034667969,173.65400886535645,five_branches_False_0.3_0.5_70:30:50.h5mu
6.746966391801834e-05,6.527999999939027e-05,203.3932534866035,186.25754645400002,2.9238188415765762,1.5022832569999878,0.00360107421875,14.068798065185547,173.65247535705566,five_branches_True_0.3_0.5_70:30:70.h5mu
6.077997386455536e-05,5.899100000128499e-05,217.78745202999562,194.916489403,15.39227501116693,2.179344383,0.00360107421875,12.904606819152832,176.70872116088867,five_branches_False_0.3_0.5_70:50:10.h5mu
0.0005546445026993752,0.0005495589999995332,220.1841730987653,187.882370733,3.2521875128149986,1.539784523999998,0.00360107421875,13.736258506774902,173.65400886535645,five_branches_True_0.3_0.5_70:30:50.h5mu
6.064958870410919e-05,5.8515999999286805e-05,223.7017769422382,198.65658791799999,15.211794848553836,2.105388055999981,0.00360107421875,13.470026969909668,176.7047576904297,five_branches_False_0.3_0.5_70:50:30.h5mu
6.077997386455536e-05,5.899100000128499e-05,217.78745202999562,194.916489403,2.1308749793097377,1.507614388999997,0.00360107421875,12.69452953338623,176.70872116088867,five_branches_True_0.3_0.5_70:50:10.h5mu
6.064958870410919e-05,5.8515999999286805e-05,223.7017769422382,198.65658791799999,2.170004092156887,1.5320417060000011,0.00360107421875,13.36706829071045,176.7047576904297,five_branches_True_0.3_0.5_70:50:30.h5mu
6.538443267345428e-05,5.8809000000437095e-05,227.4418941475451,199.844112833,14.611459085717797,1.9223852499999907,0.00360107421875,13.825809478759766,176.70594692230225,five_branches_False_0.3_0.5_70:50:50.h5mu
6.538443267345428e-05,5.8809000000437095e-05,227.4418941475451,199.844112833,1.9408961590379477,1.3404107920000001,0.00360107421875,13.633340835571289,176.70594692230225,five_branches_True_0.3_0.5_70:50:50.h5mu
6.265845149755478e-05,6.0366999999672544e-05,172.85576709918678,161.098927406,30.052803271450102,2.157583781000028,0.00360107421875,12.987780570983887,176.91475772857666,three_branches_False_0.3_0.7_50:10:10.h5mu
8.068419992923737e-05,7.853000000146437e-05,172.50541574135423,161.406542571,30.292591941542923,2.1463230740000085,0.00360107421875,13.852993965148926,176.44354629516602,three_branches_False_0.3_0.7_50:10:50.h5mu
0.000526980496942997,0.000520869000000701,171.06964225601405,162.625004083,36.008172241039574,2.3510444039999925,0.00360107421875,13.588079452514648,176.91676139831543,three_branches_False_0.3_0.7_50:10:30.h5mu
6.265845149755478e-05,6.0366999999672544e-05,172.85576709918678,161.098927406,2.9427618477493525,1.478960614000016,0.00360107421875,12.753180503845215,176.91475772857666,three_branches_True_0.3_0.7_50:10:10.h5mu
6.432179361581802e-05,6.205300000061698e-05,223.59695476852357,207.963502105,18.849144247360528,1.9167052880000028,0.00360107421875,13.114356994628906,179.7565622329712,five_branches_False_0.3_0.5_70:70:30.h5mu
6.357301026582718e-05,6.098700000123358e-05,218.02849672548473,198.175165212,28.78753340896219,2.2265517490000093,0.00360107421875,14.37117862701416,176.7062635421753,five_branches_False_0.3_0.5_70:50:70.h5mu
6.102304905653e-05,5.85869999998323e-05,222.59916274435818,205.06456712099998,18.646534701809287,2.0532387659999927,0.00360107421875,12.755077362060547,179.7574405670166,five_branches_False_0.3_0.5_70:70:10.h5mu
0.000526980496942997,0.000520869000000701,171.06964225601405,162.625004083,2.3246079310774803,1.5315684469999837,0.00360107421875,13.498432159423828,176.91676139831543,three_branches_True_0.3_0.7_50:10:30.h5mu
8.068419992923737e-05,7.853000000146437e-05,172.50541574135423,161.406542571,2.0962915746495128,1.411694347000008,0.00360107421875,13.672514915466309,176.44354629516602,three_branches_True_0.3_0.7_50:10:50.h5mu
6.357301026582718e-05,6.098700000123358e-05,218.02849672548473,198.175165212,3.979203563183546,1.5169390570000019,0.00360107421875,14.215407371520996,176.7062635421753,five_branches_True_0.3_0.5_70:50:70.h5mu
6.432179361581802e-05,6.205300000061698e-05,223.59695476852357,207.963502105,3.9933045972138643,1.4580988169999785,0.00360107421875,12.95584774017334,179.7565622329712,five_branches_True_0.3_0.5_70:70:30.h5mu
0.00031795911490917206,0.00031595400000128393,226.0352367097512,207.87040101300002,19.86550922691822,2.1757646270000066,0.00360107421875,13.970243453979492,179.7596492767334,five_branches_False_0.3_0.5_70:70:50.h5mu
6.102304905653e-05,5.85869999998323e-05,222.59916274435818,205.06456712099998,6.246897771023214,1.6182262749999836,0.00360107421875,12.591148376464844,179.7574405670166,five_branches_True_0.3_0.5_70:70:10.h5mu
8.520204573869705e-05,8.169699999882596e-05,234.99903617613018,186.54196725600002,19.75596925523132,2.1266697449999867,0.00360107421875,14.07018756866455,183.0157413482666,three_branches_False_0.3_0.7_30:70:70.h5mu
6.636325269937515e-05,6.397699999993733e-05,226.10951673053205,206.92233355000002,21.260459296405315,2.0337216309999917,0.00360107421875,13.962605476379395,179.75758743286133,five_branches_False_0.3_0.5_70:70:70.h5mu
0.00031795911490917206,0.00031595400000128393,226.0352367097512,207.87040101300002,2.329628122970462,1.461352918000017,0.00360107421875,13.831128120422363,179.7596492767334,five_branches_True_0.3_0.5_70:70:50.h5mu
8.520204573869705e-05,8.169699999882596e-05,234.99903617613018,186.54196725600002,1.9894049484282732,1.2973007349999932,0.00360107421875,13.84060001373291,183.0157413482666,three_branches_True_0.3_0.7_30:70:70.h5mu
6.636325269937515e-05,6.397699999993733e-05,226.10951673053205,206.92233355000002,1.8198675820603967,1.4102776809999966,0.00360107421875,13.847453117370605,179.75758743286133,five_branches_True_0.3_0.5_70:70:70.h5mu
5.61075285077095e-05,5.3660000000732566e-05,187.01560332346708,166.079905146,17.830031510442495,1.887100829000019,0.00360107421875,14.453398704528809,176.44393730163574,three_branches_False_0.3_0.7_50:10:70.h5mu
5.61075285077095e-05,5.3660000000732566e-05,187.01560332346708,166.079905146,2.646361282095313,1.3908037999999863,0.00360107421875,14.324114799499512,176.44393730163574,three_branches_True_0.3_0.7_50:10:70.h5mu
0.00010346435010433197,0.00010154399999962038,187.14142315182835,177.87094944700002,16.43716374412179,2.1129851780000024,0.00360107421875,12.82800579071045,179.80853366851807,three_branches_False_0.3_0.7_50:30:10.h5mu
0.00010346435010433197,0.00010154399999962038,187.14142315182835,177.87094944700002,4.412081748247147,1.6116939449999848,0.00360107421875,12.663484573364258,179.80853366851807,three_branches_True_0.3_0.7_50:30:10.h5mu
4.764646291732788e-05,4.5575000001463195e-05,193.8614047653973,175.29471144899998,23.607526464387774,2.201270846,0.00360107421875,13.446283340454102,179.49640083312988,three_branches_False_0.3_0.7_50:30:30.h5mu
6.128661334514618e-05,5.912700000010318e-05,192.61532015167177,178.193893924,24.057518089190125,2.156936404999982,0.00360107421875,13.942818641662598,179.96487426757812,three_branches_False_0.3_0.7_50:30:50.h5mu
6.225798279047012e-05,5.998899999859475e-05,190.93538850918412,179.123914189,19.355197921395302,1.957698440999991,0.00360107421875,14.27774429321289,179.4948844909668,three_branches_False_0.3_0.7_50:30:70.h5mu
4.764646291732788e-05,4.5575000001463195e-05,193.8614047653973,175.29471144899998,3.3697247579693794,1.5556954209999958,0.00360107421875,13.215951919555664,179.49640083312988,three_branches_True_0.3_0.7_50:30:30.h5mu
6.225798279047012e-05,5.998899999859475e-05,190.93538850918412,179.123914189,5.401380836032331,1.586418196000011,0.00360107421875,14.159341812133789,179.4948844909668,three_branches_True_0.3_0.7_50:30:70.h5mu
6.128661334514618e-05,5.912700000010318e-05,192.61532015167177,178.193893924,4.386540985666215,1.671900566000005,0.00360107421875,13.895791053771973,179.96487426757812,three_branches_True_0.3_0.7_50:30:50.h5mu
6.261840462684631e-05,6.068900000144595e-05,206.00554693397135,188.05133676,25.09938736818731,2.3197187660000225,0.00360107421875,13.496315002441406,183.01831531524658,three_branches_False_0.3_0.7_50:50:30.h5mu
5.281716585159302e-05,5.061199999900623e-05,204.43355447798967,188.86611840199998,23.80177706386894,2.1707681709999918,0.00360107421875,13.9922513961792,183.01945877075195,three_branches_False_0.3_0.7_50:50:50.h5mu
6.154831498861313e-05,0.0010505500000004275,207.00432173442096,187.448354688,27.186758337542415,2.1812859640000113,0.00360107421875,12.865928649902344,183.01703929901123,three_branches_False_0.3_0.7_50:50:10.h5mu
6.28642737865448e-05,6.059600000085652e-05,208.7286533927545,188.94840697299998,19.96968170441687,2.2083600520000175,0.00360107421875,14.682475090026855,183.0208034515381,three_branches_False_0.3_0.7_50:50:70.h5mu
6.261840462684631e-05,6.068900000144595e-05,206.00554693397135,188.05133676,2.6224546739831567,1.5506405060000077,0.00360107421875,13.388551712036133,183.01831531524658,three_branches_True_0.3_0.7_50:50:30.h5mu
6.154831498861313e-05,0.0010505500000004275,207.00432173442096,187.448354688,3.6862819911912084,1.5725492930000087,0.00360107421875,12.83854866027832,183.01703929901123,three_branches_True_0.3_0.7_50:50:10.h5mu
5.281716585159302e-05,5.061199999900623e-05,204.43355447798967,188.86611840199998,3.4295230600982904,1.5385195220000014,0.00360107421875,13.805506706237793,183.01945877075195,three_branches_True_0.3_0.7_50:50:50.h5mu
6.378721445798874e-05,6.132600000086086e-05,224.58238890301436,197.425951959,13.916766572743654,2.0665389560000165,0.00360107421875,12.977461814880371,186.06751918792725,three_branches_False_0.3_0.7_50:70:10.h5mu
6.28642737865448e-05,6.059600000085652e-05,208.7286533927545,188.94840697299998,2.8727670032531023,1.533766304000011,0.00360107421875,14.635462760925293,183.0208034515381,three_branches_True_0.3_0.7_50:50:70.h5mu
6.378721445798874e-05,6.132600000086086e-05,224.58238890301436,197.425951959,3.279142130166292,1.5223739989999956,0.00360107421875,12.796749114990234,186.06751918792725,three_branches_True_0.3_0.7_50:70:10.h5mu
6.433110684156418e-05,6.180499999963729e-05,231.3658738192171,200.11503244500003,23.672664625570178,2.2388231130000236,0.00360107421875,13.233907699584961,186.07126712799072,three_branches_False_0.3_0.7_50:70:30.h5mu
8.602533489465714e-05,8.356299999867645e-05,178.55766472406685,173.316731807,22.036306341178715,2.271862749999997,0.00360107421875,13.650070190429688,179.965594291687,three_branches_False_0.3_0.7_70:10:30.h5mu
6.544683128595352e-05,6.248500000083368e-05,182.85589659400284,173.81864419000001,21.357182088308036,2.171184602000011,0.00360107421875,13.037347793579102,179.9666986465454,three_branches_False_0.3_0.7_70:10:10.h5mu
6.433110684156418e-05,6.180499999963729e-05,231.3658738192171,200.11503244500003,2.9254919411614537,1.5144723079999949,0.00360107421875,13.12757682800293,186.07126712799072,three_branches_True_0.3_0.7_50:70:30.h5mu
8.602533489465714e-05,8.356299999867645e-05,178.55766472406685,173.316731807,3.3554656272754073,1.5647800290000191,0.00360107421875,13.547785758972168,179.965594291687,three_branches_True_0.3_0.7_70:10:30.h5mu
6.544683128595352e-05,6.248500000083368e-05,182.85589659400284,173.81864419000001,4.651090587489307,1.6354372449999914,0.00360107421875,12.980286598205566,179.9666986465454,three_branches_True_0.3_0.7_70:10:10.h5mu
6.304215639829636e-05,6.082600000034688e-05,189.12922720611095,174.60153546,27.32526656985283,2.225879509000009,0.00360107421875,14.105339050292969,179.49619674682617,three_branches_False_0.3_0.7_70:10:50.h5mu
6.561633199453354e-05,6.321100000050706e-05,218.73310499358922,200.630191557,27.44419110752642,2.3365486829999895,0.00360107421875,13.642895698547363,185.59919834136963,three_branches_False_0.3_0.7_50:70:50.h5mu
5.899649113416672e-05,5.6745000000191226e-05,214.34532765019685,198.170532802,23.44601179473102,2.1522418029999812,0.00360107421875,14.632420539855957,186.06994247436523,three_branches_False_0.3_0.7_50:70:70.h5mu
5.440879613161087e-05,5.174699999876964e-05,194.37283370550722,175.722767181,25.971002973616123,2.1317185759999973,0.00360107421875,14.292707443237305,179.96909713745117,three_branches_False_0.3_0.7_70:10:70.h5mu
6.304215639829636e-05,6.082600000034688e-05,189.12922720611095,174.60153546,3.821112093515694,1.6302204269999834,0.00360107421875,13.986367225646973,179.49619674682617,three_branches_True_0.3_0.7_70:10:50.h5mu
6.162095814943314e-05,5.947199999845054e-05,212.01862658094615,188.148074371,16.94173248577863,2.342536397999993,0.00360107421875,13.593648910522461,183.01915073394775,three_branches_False_0.3_0.7_70:30:30.h5mu
6.561633199453354e-05,6.321100000050706e-05,218.73310499358922,200.630191557,3.579806230030954,1.521805248999982,0.00360107421875,13.511085510253906,185.59919834136963,three_branches_True_0.3_0.7_50:70:50.h5mu
5.899649113416672e-05,5.6745000000191226e-05,214.34532765019685,198.170532802,2.7248130766674876,1.5046585609999852,0.00360107421875,14.458549499511719,186.06994247436523,three_branches_True_0.3_0.7_50:70:70.h5mu
5.440879613161087e-05,5.174699999876964e-05,194.37283370550722,175.722767181,2.6284513054415584,1.4229811240000174,0.00360107421875,14.119579315185547,179.96909713745117,three_branches_True_0.3_0.7_70:10:70.h5mu
5.879998207092285e-05,5.663199999972335e-05,224.3386862743646,187.368322291,21.975151588208973,2.117205212000016,0.00360107421875,12.779558181762695,183.0185251235962,three_branches_False_0.3_0.7_70:30:10.h5mu
0.0006066597998142242,0.0006047220000002795,216.94499852322042,189.18476457,22.225664475001395,2.1045310349999795,0.00360107421875,13.940598487854004,183.01782417297363,three_branches_False_0.3_0.7_70:30:50.h5mu
6.162095814943314e-05,5.947199999845054e-05,212.01862658094615,188.148074371,5.7943472266197205,1.6390942940000173,0.00360107421875,13.486077308654785,183.01915073394775,three_branches_True_0.3_0.7_70:30:30.h5mu
5.879998207092285e-05,5.663199999972335e-05,224.3386862743646,187.368322291,1.9723003534600139,1.3794937879999907,0.00360107421875,12.600066184997559,183.0185251235962,three_branches_True_0.3_0.7_70:30:10.h5mu
0.0006066597998142242,0.0006047220000002795,216.94499852322042,189.18476457,2.1858723517507315,1.4947492400000044,0.00360107421875,13.898969650268555,183.01782417297363,three_branches_True_0.3_0.7_70:30:50.h5mu
7.415469735860825e-05,6.593299999835267e-05,140.97478243894875,137.853989878,17.6086263647303,1.8828695299999936,0.00360107421875,12.931605339050293,170.8116273880005,three_branches_False_0.3_0.7_10:10:10.h5mu
7.415469735860825e-05,6.593299999835267e-05,140.97478243894875,137.853989878,1.963171417824924,1.3517860299999995,0.00360107421875,12.757685661315918,170.8116273880005,three_branches_True_0.3_0.7_10:10:10.h5mu
6.578397005796432e-05,6.338299999875119e-05,208.03277563489974,189.887914785,13.301151406951249,1.9691192599999852,0.00360107421875,14.43608570098877,183.01615142822266,three_branches_False_0.3_0.7_70:30:70.h5mu
5.857180804014206e-05,5.6604999999265715e-05,210.92472656164318,200.222847455,14.060534296557307,1.9679428019999818,0.00360107421875,13.490795135498047,186.0699863433838,three_branches_False_0.3_0.7_70:50:30.h5mu
6.578397005796432e-05,6.338299999875119e-05,208.03277563489974,189.887914785,2.7587935347110033,1.496490620000003,0.00360107421875,14.259774208068848,183.01615142822266,three_branches_True_0.3_0.7_70:30:70.h5mu
6.323400884866714e-05,6.0928999999987354e-05,220.63203015178442,202.18571248499998,14.895042274147272,1.8815018479999992,0.00360107421875,12.990787506103516,185.59823322296143,three_branches_False_0.3_0.7_70:50:10.h5mu
5.857180804014206e-05,5.6604999999265715e-05,210.92472656164318,200.222847455,3.2159985192120075,1.426153494999994,0.00360107421875,13.259263038635254,186.0699863433838,three_branches_True_0.3_0.7_70:50:30.h5mu
6.323400884866714e-05,6.0928999999987354e-05,220.63203015178442,202.18571248499998,3.123441538773477,1.5152292199999806,0.00360107421875,12.809597969055176,185.59823322296143,three_branches_True_0.3_0.7_70:50:10.h5mu
6.325449794530869e-05,6.114299999993023e-05,218.1058549778536,200.265811461,24.27848193049431,2.0873377300000016,0.00360107421875,14.536355018615723,185.60107517242432,three_branches_False_0.3_0.7_70:50:70.h5mu
6.483029574155807e-05,6.253499999964163e-05,226.19506599288434,208.131552596,23.354120660573244,2.1323116100000163,0.00360107421875,13.02862548828125,189.12369537353516,three_branches_False_0.3_0.7_70:70:10.h5mu
0.0003775767982006073,0.0003708880000008463,216.68768495880067,197.98510393400002,21.822258569300175,2.043582829999991,0.00360107421875,13.585259437561035,186.07085514068604,three_branches_False_0.3_0.7_70:50:50.h5mu
5.966983735561371e-05,5.7477000000361045e-05,231.20796702429652,209.175206662,23.279016870073974,2.041899961999974,0.00360107421875,13.641599655151367,189.12186431884766,three_branches_False_0.3_0.7_70:70:30.h5mu
4.842318594455719e-05,4.6611000000140734e-05,227.03339144121855,210.616785571,21.47358019463718,2.099367760000007,0.00360107421875,13.886918067932129,189.12276649475098,three_branches_False_0.3_0.7_70:70:50.h5mu
6.325449794530869e-05,6.114299999993023e-05,218.1058549778536,200.265811461,5.0222431514412165,1.6108172959999933,0.00360107421875,14.363117218017578,185.60107517242432,three_branches_True_0.3_0.7_70:50:70.h5mu
6.536860018968582e-05,6.306899999941606e-05,230.39338400959969,209.070136558,14.510690592229366,1.9670803280000086,0.00360107421875,14.076299667358398,189.1215581893921,three_branches_False_0.3_0.7_70:70:70.h5mu
0.0003775767982006073,0.0003708880000008463,216.68768495880067,197.98510393400002,3.6588699761778116,1.586641157999992,0.00360107421875,13.409232139587402,186.07085514068604,three_branches_True_0.3_0.7_70:50:50.h5mu
6.483029574155807e-05,6.253499999964163e-05,226.19506599288434,208.131552596,3.322762900032103,1.4472993400000007,0.00360107421875,12.853423118591309,189.12369537353516,three_branches_True_0.3_0.7_70:70:10.h5mu
5.966983735561371e-05,5.7477000000361045e-05,231.20796702429652,209.175206662,2.1231491081416607,1.4014114930000119,0.00360107421875,13.461392402648926,189.12186431884766,three_branches_True_0.3_0.7_70:70:30.h5mu
4.842318594455719e-05,4.6611000000140734e-05,227.03339144121855,210.616785571,2.442858654074371,1.4705948169999772,0.00360107421875,13.833003044128418,189.12276649475098,three_branches_True_0.3_0.7_70:70:50.h5mu
6.536860018968582e-05,6.306899999941606e-05,230.39338400959969,209.070136558,2.5366821717470884,1.4240651180000157,0.00360107421875,13.952682495117188,189.1215581893921,three_branches_True_0.3_0.7_70:70:70.h5mu
6.175320595502853e-05,5.956699999920545e-05,173.7563116941601,142.461739705,18.447672066278756,1.8088688349999984,0.00360107421875,13.564491271972656,170.34120082855225,three_branches_False_0.3_0.7_10:10:30.h5mu
6.175320595502853e-05,5.956699999920545e-05,173.7563116941601,142.461739705,2.102528844960034,1.4611628849999931,0.00360107421875,13.385771751403809,170.34120082855225,three_branches_True_0.3_0.7_10:10:30.h5mu
8.200574666261673e-05,7.989300000055266e-05,157.47127314843237,142.77957947500002,17.96211193688214,2.0192667710000194,0.00360107421875,13.917142868041992,170.3402099609375,three_branches_False_0.3_0.7_10:10:50.h5mu
6.194412708282471e-05,5.9716000000875624e-05,158.01985664851964,141.510459891,15.544107748195529,1.9348080819999893,0.00360107421875,14.554292678833008,170.81099128723145,three_branches_False_0.3_0.7_10:10:70.h5mu
8.200574666261673e-05,7.989300000055266e-05,157.47127314843237,142.77957947500002,3.0280563039705157,1.5120210040000188,0.00360107421875,13.727505683898926,170.3402099609375,three_branches_True_0.3_0.7_10:10:50.h5mu
6.194412708282471e-05,5.9716000000875624e-05,158.01985664851964,141.510459891,3.1950203077867627,1.5150053689999936,0.00360107421875,14.38325309753418,170.81099128723145,three_branches_True_0.3_0.7_10:10:70.h5mu
6.479397416114807e-05,6.212499999946886e-05,167.90583746135235,153.13121688799998,11.176267753355205,1.9243940200000225,0.00360107421875,13.180179595947266,173.86092853546143,three_branches_False_0.3_0.7_10:30:10.h5mu
6.68056309223175e-05,6.418600000124286e-05,166.91831193398684,153.840706326,18.828370192088187,1.9826614250000034,0.00360107421875,13.241016387939453,173.8632469177246,three_branches_False_0.3_0.7_10:30:30.h5mu
6.598792970180511e-05,6.374200000003327e-05,169.10638771392405,152.779651183,16.535428198985755,1.9216504929999871,0.00360107421875,13.839027404785156,173.8628330230713,three_branches_False_0.3_0.7_10:30:50.h5mu
6.089918315410614e-05,5.885199999866586e-05,172.64282598625869,153.806532866,15.037603685632348,2.0331746379999913,0.00360107421875,14.542691230773926,173.3924150466919,three_branches_False_0.3_0.7_10:30:70.h5mu
6.479397416114807e-05,6.212499999946886e-05,167.90583746135235,153.13121688799998,3.8838817356154323,1.5728136230000018,0.00360107421875,12.959110260009766,173.86092853546143,three_branches_True_0.3_0.7_10:30:10.h5mu
6.598792970180511e-05,6.374200000003327e-05,169.10638771392405,152.779651183,2.57195551879704,1.4175613879999958,0.00360107421875,13.657140731811523,173.8628330230713,three_branches_True_0.3_0.7_10:30:50.h5mu
6.68056309223175e-05,6.418600000124286e-05,166.91831193398684,153.840706326,3.301498979330063,1.4519783160000088,0.00360107421875,13.06450080871582,173.8632469177246,three_branches_True_0.3_0.7_10:30:30.h5mu
6.089918315410614e-05,5.885199999866586e-05,172.64282598625869,153.806532866,3.165354602970183,1.5418528089999768,0.00360107421875,14.365396499633789,173.3924150466919,three_branches_True_0.3_0.7_10:30:70.h5mu
6.460491567850113e-05,6.255899999985104e-05,182.13936149608344,162.331202295,18.94280107691884,2.029021301,0.00360107421875,13.081222534179688,176.91407680511475,three_branches_False_0.3_0.7_10:50:10.h5mu
6.235018372535706e-05,6.013099999968574e-05,193.89234097208828,164.849070525,16.841969854198396,1.9538446450000038,0.00360107421875,13.687507629394531,176.91427993774414,three_branches_False_0.3_0.7_10:50:50.h5mu
6.304681301116943e-05,6.044199999966082e-05,196.1513966647908,164.94215579,16.255650594830513,2.117500505999999,0.00360107421875,12.91435718536377,176.44487476348877,three_branches_False_0.3_0.7_10:50:30.h5mu
6.460491567850113e-05,6.255899999985104e-05,182.13936149608344,162.331202295,1.8508603759109974,1.397226958999994,0.00360107421875,12.881946563720703,176.91407680511475,three_branches_True_0.3_0.7_10:50:10.h5mu
6.235018372535706e-05,6.013099999968574e-05,193.89234097208828,164.849070525,1.628767347894609,1.4171673920000103,0.00360107421875,13.457822799682617,176.91427993774414,three_branches_True_0.3_0.7_10:50:50.h5mu
6.304681301116943e-05,6.044199999966082e-05,196.1513966647908,164.94215579,1.8097148230299354,1.3534116689999962,0.00360107421875,12.779743194580078,176.44487476348877,three_branches_True_0.3_0.7_10:50:30.h5mu
6.496533751487732e-05,6.277399999987665e-05,194.80497074779123,165.49880497499998,16.542137616313994,1.8834964510000134,0.00360107421875,14.2493257522583,176.91540622711182,three_branches_False_0.3_0.7_10:50:70.h5mu
6.496533751487732e-05,6.277399999987665e-05,194.80497074779123,165.49880497499998,2.063932152464986,1.4988140920000035,0.00360107421875,14.196309089660645,176.91540622711182,three_branches_True_0.3_0.7_10:50:70.h5mu
6.95493072271347e-05,6.729899999946554e-05,192.651801481843,173.68198744699998,19.69054263457656,2.057653227000003,0.00360107421875,12.627367973327637,179.49449253082275,three_branches_False_0.3_0.7_10:70:10.h5mu
5.8943405747413635e-05,5.654500000140672e-05,170.48571225069463,151.89246044700002,30.94569502118975,2.0033350180000014,0.00360107421875,13.1365966796875,173.86176681518555,three_branches_False_0.3_0.7_30:10:10.h5mu
5.992967635393143e-05,5.752799999925173e-05,189.4264964722097,172.973968741,21.84182277135551,1.9915962639999805,0.00360107421875,13.23973274230957,179.96483898162842,three_branches_False_0.3_0.7_10:70:30.h5mu
5.4513104259967804e-05,5.212700000001291e-05,172.78205017000437,152.89120585999999,32.488516635261476,2.237485982999999,0.00360107421875,13.549941062927246,173.8629961013794,three_branches_False_0.3_0.7_30:10:30.h5mu
6.95493072271347e-05,6.729899999946554e-05,192.651801481843,173.68198744699998,3.042391453869641,1.4646798219999937,0.00360107421875,12.359421730041504,179.49449253082275,three_branches_True_0.3_0.7_10:70:10.h5mu
6.586965173482895e-05,6.390799999955732e-05,164.4556046659127,151.350906084,26.32330473419279,2.0942872649999913,0.00360107421875,15.058876991271973,173.8631076812744,three_branches_False_0.3_0.7_30:10:70.h5mu
6.070081144571304e-05,5.8576000000698514e-05,164.8466616179794,151.64450444899998,28.170127243734896,2.132263811999991,0.00360107421875,14.309699058532715,173.86391067504883,three_branches_False_0.3_0.7_30:10:50.h5mu
5.8943405747413635e-05,5.654500000140672e-05,170.48571225069463,151.89246044700002,2.820865689776838,1.497839828999986,0.00360107421875,12.90554428100586,173.86176681518555,three_branches_True_0.3_0.7_30:10:10.h5mu
6.323959678411484e-05,6.075999999843873e-05,187.9512631399557,172.958326892,27.760965085588396,1.9786100059999967,0.00360107421875,14.173331260681152,179.96752166748047,three_branches_False_0.3_0.7_10:70:70.h5mu
5.992967635393143e-05,5.752799999925173e-05,189.4264964722097,172.973968741,3.0770074343308806,1.5501260249999973,0.00360107421875,13.06216049194336,179.96483898162842,three_branches_True_0.3_0.7_10:70:30.h5mu
5.4513104259967804e-05,5.212700000001291e-05,172.78205017000437,152.89120585999999,3.3763964027166367,1.535699416,0.00360107421875,13.31336784362793,173.8629961013794,three_branches_True_0.3_0.7_30:10:30.h5mu
6.070081144571304e-05,5.8576000000698514e-05,164.8466616179794,151.64450444899998,2.795105267316103,1.5528423650000036,0.00360107421875,14.258102416992188,173.86391067504883,three_branches_True_0.3_0.7_30:10:50.h5mu
6.586965173482895e-05,6.390799999955732e-05,164.4556046659127,151.350906084,3.001381032168865,1.4942989109999871,0.00360107421875,14.784786224365234,173.8631076812744,three_branches_True_0.3_0.7_30:10:70.h5mu
6.008613854646683e-05,5.80839999990701e-05,193.17291668336838,173.761231326,23.931342749856412,1.9919385860000034,0.00360107421875,13.738665580749512,179.96752071380615,three_branches_False_0.3_0.7_10:70:50.h5mu
6.323959678411484e-05,6.075999999843873e-05,187.9512631399557,172.958326892,4.925760367885232,1.5339092910000147,0.00360107421875,13.994919776916504,179.96752166748047,three_branches_True_0.3_0.7_10:70:70.h5mu
6.19320198893547e-05,5.9847999999362855e-05,194.8487721355632,165.329750447,17.298560013994575,2.026569106000011,0.00360107421875,12.828496932983398,176.91407871246338,three_branches_False_0.3_0.7_30:30:10.h5mu
6.008613854646683e-05,5.80839999990701e-05,193.17291668336838,173.761231326,2.9361671516671777,1.5853043250000098,0.00360107421875,13.56303596496582,179.96752071380615,three_branches_True_0.3_0.7_10:70:50.h5mu
6.19320198893547e-05,5.9847999999362855e-05,194.8487721355632,165.329750447,1.4124910030514002,1.261195918999988,0.00360107421875,12.650246620178223,176.91407871246338,three_branches_True_0.3_0.7_30:30:10.h5mu
5.1830895245075226e-05,4.974900000043192e-05,191.4616287946701,168.365047519,19.954122629016638,1.7418043059999775,0.00360107421875,13.334318161010742,176.91662406921387,three_branches_False_0.3_0.7_30:30:30.h5mu
5.1830895245075226e-05,4.974900000043192e-05,191.4616287946701,168.365047519,2.0744778886437416,1.4619466929999874,0.00360107421875,13.169567108154297,176.91662406921387,three_branches_True_0.3_0.7_30:30:30.h5mu
6.115902215242386e-05,5.9040000000010195e-05,177.43827410694212,164.82739738799998,15.909113736823201,2.135071092000004,0.00360107421875,14.146462440490723,176.91602611541748,three_branches_False_0.3_0.7_30:30:50.h5mu
5.162972956895828e-05,4.930599999930507e-05,173.85433744359761,167.37360858,17.63754081632942,2.063561499000002,0.00360107421875,14.379505157470703,176.9146490097046,three_branches_False_0.3_0.7_30:30:70.h5mu
7.298216223716736e-05,7.071799999991413e-05,190.5997431660071,176.99539234999997,15.248911323957145,2.0321979029999966,0.00360107421875,12.780187606811523,179.96374607086182,three_branches_False_0.3_0.7_30:50:10.h5mu
6.115902215242386e-05,5.9040000000010195e-05,177.43827410694212,164.82739738799998,2.9532923996448517,1.4867470099999878,0.00360107421875,13.973685264587402,176.91602611541748,three_branches_True_0.3_0.7_30:30:50.h5mu
5.162972956895828e-05,4.930599999930507e-05,173.85433744359761,167.37360858,3.5495730880647898,1.5888413249999758,0.00360107421875,14.338949203491211,176.9146490097046,three_branches_True_0.3_0.7_30:30:70.h5mu
5.619227886199951e-05,5.3902999999522194e-05,188.32835107669234,177.76769275499998,22.702857197262347,2.09592452199999,0.00360107421875,14.454212188720703,179.96802234649658,three_branches_False_0.3_0.7_30:50:70.h5mu
6.377603858709335e-05,6.159900000035634e-05,195.15060695353895,177.055724094,24.064500658772886,1.981844489000025,0.00360107421875,13.437828063964844,179.96829509735107,three_branches_False_0.3_0.7_30:50:30.h5mu
6.187427788972855e-05,5.947600000055786e-05,188.55998660810292,176.756490757,25.524564110673964,2.0546304579999912,0.00360107421875,13.631815910339355,179.9696273803711,three_branches_False_0.3_0.7_30:50:50.h5mu
7.298216223716736e-05,7.071799999991413e-05,190.5997431660071,176.99539234999997,4.971793659031391,1.4963673080000035,0.00360107421875,12.597582817077637,179.96374607086182,three_branches_True_0.3_0.7_30:50:10.h5mu
5.619227886199951e-05,5.3902999999522194e-05,188.32835107669234,177.76769275499998,2.3221462285146117,1.5413680190000036,0.00360107421875,14.37923526763916,179.96802234649658,three_branches_True_0.3_0.7_30:50:70.h5mu
4.7340989112854004e-05,4.561700000138558e-05,198.93147908896208,185.755615286,16.411721150390804,2.011255509999984,0.00360107421875,12.681587219238281,183.01773738861084,three_branches_False_0.3_0.7_30:70:10.h5mu
6.187427788972855e-05,5.947600000055786e-05,188.55998660810292,176.756490757,2.340806827880442,1.458591326000004,0.00360107421875,13.57529067993164,179.9696273803711,three_branches_True_0.3_0.7_30:50:50.h5mu
6.377603858709335e-05,6.159900000035634e-05,195.15060695353895,177.055724094,2.054832118563354,1.4499957209999934,0.00360107421875,13.223885536193848,179.96829509735107,three_branches_True_0.3_0.7_30:50:30.h5mu
6.547383964061737e-05,5.8689999999472775e-05,211.8744981456548,187.24924968699997,14.052199712954462,1.9481305989999953,0.00360107421875,13.1881685256958,183.01861381530762,three_branches_False_0.3_0.7_30:70:30.h5mu
4.7340989112854004e-05,4.561700000138558e-05,198.93147908896208,185.755615286,4.19428788498044,1.512057206999998,0.00360107421875,12.49524974822998,183.01773738861084,three_branches_True_0.3_0.7_30:70:10.h5mu
6.547383964061737e-05,5.8689999999472775e-05,211.8744981456548,187.24924968699997,1.7397779142484069,1.2228703339999925,0.00360107421875,13.017873764038086,183.01861381530762,three_branches_True_0.3_0.7_30:70:30.h5mu
6.922800093889236e-05,6.173499999917453e-05,226.44344227481633,186.959142112,13.530847026966512,2.024585837000018,0.00360107421875,13.786260604858398,183.01959609985352,three_branches_False_0.3_0.7_30:70:50.h5mu
6.922800093889236e-05,6.173499999917453e-05,226.44344227481633,186.959142112,1.7982724346220493,1.3973041620000117,0.00360107421875,13.724388122558594,183.01959609985352,three_branches_True_0.3_0.7_30:70:50.h5mu
6.959494203329086e-05,6.254900000079999e-05,185.9703051848337,160.935272182,16.475444495677948,1.9618900410000037,0.00360107421875,13.8482666015625,171.3439416885376,five_branches_False_0.1_0.3_30:10:50.h5mu
6.959494203329086e-05,6.254900000079999e-05,185.9703051848337,160.935272182,2.0890288362279534,1.583080181999975,0.00360107421875,13.738091468811035,171.3439416885376,five_branches_True_0.1_0.3_30:10:50.h5mu
6.53434544801712e-05,6.340400000048874e-05,170.40904182381928,158.496837803,15.69942818582058,2.1478053929999987,0.00360107421875,14.810729026794434,171.34154605865479,five_branches_False_0.1_0.3_30:10:70.h5mu
6.53434544801712e-05,6.340400000048874e-05,170.40904182381928,158.496837803,2.5968756237998605,1.5509109399999943,0.00360107421875,14.807138442993164,171.34154605865479,five_branches_True_0.1_0.3_30:10:70.h5mu
6.354693323373795e-05,6.104899999925806e-05,181.973234471865,170.186598683,19.43034086469561,1.9342495280000094,0.00360107421875,14.245841026306152,174.39342212677002,five_branches_False_0.1_0.3_30:30:50.h5mu
5.021318793296814e-05,4.7773000000361776e-05,187.62512183748186,169.075430944,21.791823367588222,2.179522923999997,0.00360107421875,13.23054313659668,174.3932123184204,five_branches_False_0.1_0.3_30:30:10.h5mu
6.240978837013245e-05,5.995799999958251e-05,189.32125466503203,168.144335222,15.92236485145986,2.0870438179999837,0.00360107421875,14.69982624053955,174.39387702941895,five_branches_False_0.1_0.3_30:30:70.h5mu
6.0988590121269226e-05,5.832699999963609e-05,185.13868798315525,170.675142636,22.117720626294613,2.1867383309999866,0.00360107421875,14.011244773864746,174.3935136795044,five_branches_False_0.1_0.3_30:30:30.h5mu
5.021318793296814e-05,4.7773000000361776e-05,187.62512183748186,169.075430944,1.9540220042690635,1.4998507210000014,0.00360107421875,13.035895347595215,174.3932123184204,five_branches_True_0.1_0.3_30:30:10.h5mu
6.354693323373795e-05,6.104899999925806e-05,181.973234471865,170.186598683,2.0472306087613106,1.5802410350000002,0.00360107421875,14.250235557556152,174.39342212677002,five_branches_True_0.1_0.3_30:30:50.h5mu
6.0988590121269226e-05,5.832699999963609e-05,185.13868798315525,170.675142636,2.4358593113720417,1.5320851029999858,0.00360107421875,13.738542556762695,174.3935136795044,five_branches_True_0.1_0.3_30:30:30.h5mu
6.240978837013245e-05,5.995799999958251e-05,189.32125466503203,168.144335222,1.7251902660354972,1.4728625300000147,0.00360107421875,14.754063606262207,174.39387702941895,five_branches_True_0.1_0.3_30:30:70.h5mu
5.873013287782669e-05,5.642900000069062e-05,205.4862180352211,183.129784868,17.416915447451174,2.107640400000008,0.00360107421875,12.935413360595703,177.4466199874878,five_branches_False_0.1_0.3_30:50:10.h5mu
5.794689059257507e-05,5.582100000012247e-05,205.91037686169147,182.14176544999998,18.629833836108446,2.0719213859999854,0.00360107421875,14.0969877243042,177.44718742370605,five_branches_False_0.1_0.3_30:50:50.h5mu
6.113015115261078e-05,5.870099999860656e-05,208.01099116448313,182.426071415,18.28033110499382,2.150485651999986,0.00360107421875,13.894491195678711,177.4470272064209,five_branches_False_0.1_0.3_30:50:30.h5mu
5.873013287782669e-05,5.642900000069062e-05,205.4862180352211,183.129784868,2.1996391247957945,1.4392735060000064,0.00360107421875,12.777616500854492,177.4466199874878,five_branches_True_0.1_0.3_30:50:10.h5mu
6.113015115261078e-05,5.870099999860656e-05,208.01099116448313,182.426071415,3.530425315722823,1.6033659990000046,0.00360107421875,13.843119621276855,177.4470272064209,five_branches_True_0.1_0.3_30:50:30.h5mu
5.794689059257507e-05,5.582100000012247e-05,205.91037686169147,182.14176544999998,3.269210965372622,1.6127949459999797,0.00360107421875,14.135770797729492,177.44718742370605,five_branches_True_0.1_0.3_30:50:50.h5mu
6.313994526863098e-05,6.0756999999966865e-05,213.41447358299047,183.729171904,13.321023303084075,2.0805567539999856,0.00360107421875,14.842331886291504,177.44747161865234,five_branches_False_0.1_0.3_30:50:70.h5mu
6.313994526863098e-05,6.0756999999966865e-05,213.41447358299047,183.729171904,2.9988754065707326,1.6198677880000218,0.00360107421875,14.787674903869629,177.44747161865234,five_branches_True_0.1_0.3_30:50:70.h5mu
5.9178099036216736e-05,5.6835999998838815e-05,223.46698623895645,188.778443784,16.20026721060276,1.9827280370000153,0.00360107421875,13.078272819519043,180.49999332427979,five_branches_False_0.1_0.3_30:70:10.h5mu
5.9178099036216736e-05,5.6835999998838815e-05,223.46698623895645,188.778443784,3.3454638170078397,1.558667273999987,0.00360107421875,12.999246597290039,180.49999332427979,five_branches_True_0.1_0.3_30:70:10.h5mu
6.432272493839264e-05,5.737200000055509e-05,216.74553885124624,188.497876089,15.931219988502562,2.0430343789999768,0.00360107421875,13.81774616241455,180.49812507629395,five_branches_False_0.1_0.3_30:70:30.h5mu
7.398426532745361e-05,6.625500000012607e-05,174.56355006434023,162.09761864400002,23.93979944474995,2.1503569930000026,0.00360107421875,13.386186599731445,174.39395427703857,five_branches_False_0.1_0.3_50:10:10.h5mu
5.961768329143524e-05,5.6992999999394556e-05,170.33587229251862,161.66448145700002,22.169837929308414,2.1216152429999795,0.00360107421875,14.047953605651855,174.3958034515381,five_branches_False_0.1_0.3_50:10:30.h5mu
7.398426532745361e-05,6.625500000012607e-05,174.56355006434023,162.09761864400002,3.5707493042573333,1.6231678329999966,0.00360107421875,13.235001564025879,174.39395427703857,five_branches_True_0.1_0.3_50:10:10.h5mu
6.432272493839264e-05,5.737200000055509e-05,216.74553885124624,188.497876089,3.3157948395237327,1.5391282289999992,0.00360107421875,13.76599407196045,180.49812507629395,five_branches_True_0.1_0.3_30:70:30.h5mu
5.961768329143524e-05,5.6992999999394556e-05,170.33587229251862,161.66448145700002,3.3003023946657777,1.5914331050000214,0.00360107421875,13.85124397277832,174.3958034515381,five_branches_True_0.1_0.3_50:10:30.h5mu
6.947014480829239e-05,6.260100000154978e-05,206.46768154483289,190.17055920500002,23.88697579782456,2.2091474629999936,0.00360107421875,13.969127655029297,180.4994592666626,five_branches_False_0.1_0.3_30:70:50.h5mu
6.296113133430481e-05,6.06679999997084e-05,204.1026591397822,188.14379290899998,22.076233086176217,2.288054275999997,0.00360107421875,14.690711975097656,180.49855041503906,five_branches_False_0.1_0.3_30:70:70.h5mu
6.322655826807022e-05,6.0872000000600224e-05,189.47161910962313,161.763081651,25.041321876458824,2.140794076999981,0.00360107421875,14.352004051208496,174.39519691467285,five_branches_False_0.1_0.3_50:10:50.h5mu
6.258673965930939e-05,6.088299999973401e-05,192.89336514659226,163.86807294000002,20.914379452355206,2.070074341999998,0.00360107421875,14.877028465270996,174.3947296142578,five_branches_False_0.1_0.3_50:10:70.h5mu
6.296113133430481e-05,6.06679999997084e-05,204.1026591397822,188.14379290899998,3.3387334402650595,1.6298061020000034,0.00360107421875,14.726134300231934,180.49855041503906,five_branches_True_0.1_0.3_30:70:70.h5mu
6.947014480829239e-05,6.260100000154978e-05,206.46768154483289,190.17055920500002,4.820429181680083,1.7069762550000007,0.00360107421875,13.967226028442383,180.4994592666626,five_branches_True_0.1_0.3_30:70:50.h5mu
5.961582064628601e-05,5.7707999999934145e-05,189.23840603418648,176.181507227,23.929036204703152,2.1950732199999834,0.00360107421875,13.229852676391602,177.44733047485352,five_branches_False_0.1_0.3_50:30:10.h5mu
6.322655826807022e-05,6.0872000000600224e-05,189.47161910962313,161.763081651,2.13116854429245,1.4499521460000153,0.00360107421875,14.361625671386719,174.39519691467285,five_branches_True_0.1_0.3_50:10:50.h5mu
6.258673965930939e-05,6.088299999973401e-05,192.89336514659226,163.86807294000002,3.0909205712378025,1.4904016969999816,0.00360107421875,14.872503280639648,174.3947296142578,five_branches_True_0.1_0.3_50:10:70.h5mu
5.961582064628601e-05,5.7707999999934145e-05,189.23840603418648,176.181507227,2.6968616601079702,1.3168898739999975,0.00360107421875,13.061396598815918,177.44733047485352,five_branches_True_0.1_0.3_50:30:10.h5mu
6.351713091135025e-05,6.109099999918044e-05,206.9404895817861,174.624789699,14.603368751704693,2.0210574980000047,0.00360107421875,13.851741790771484,176.97444248199463,five_branches_False_0.1_0.3_50:30:30.h5mu
6.351713091135025e-05,6.109099999918044e-05,206.9404895817861,174.624789699,2.278425557538867,1.6073564670000167,0.00360107421875,13.761479377746582,176.97444248199463,five_branches_True_0.1_0.3_50:30:30.h5mu
7.732585072517395e-05,7.483200000102386e-05,189.34421647153795,176.337000836,17.539406202733517,1.812746828999991,0.00360107421875,14.195195198059082,177.44464588165283,five_branches_False_0.1_0.3_50:30:50.h5mu
7.732585072517395e-05,7.483200000102386e-05,189.34421647153795,176.337000836,4.09907169546932,1.5874109179999891,0.00360107421875,14.234481811523438,177.44464588165283,five_branches_True_0.1_0.3_50:30:50.h5mu
6.224866956472397e-05,5.9191000000069494e-05,188.1798693612218,174.878951321,21.965705388225615,2.212591680999992,0.00360107421875,14.357272148132324,177.4453830718994,five_branches_False_0.1_0.3_50:30:70.h5mu
6.390456110239029e-05,6.151000000009788e-05,197.4713185140863,184.74263711700002,20.297849581576884,2.126909646999991,0.00360107421875,13.228048324584961,180.4974193572998,five_branches_False_0.1_0.3_50:50:10.h5mu
6.270408630371094e-05,6.03659999995898e-05,199.66378708928823,186.513504928,16.503610465675592,2.0464958609999826,0.00360107421875,13.656660079956055,180.49877834320068,five_branches_False_0.1_0.3_50:50:30.h5mu
6.224866956472397e-05,5.9191000000069494e-05,188.1798693612218,174.878951321,2.9839311027899384,1.519719852999998,0.00360107421875,14.422639846801758,177.4453830718994,five_branches_True_0.1_0.3_50:30:70.h5mu
8.384697139263153e-05,8.150399999884428e-05,203.0341140255332,187.980071399,16.192116308026016,2.289798644000001,0.00360107421875,14.719904899597168,180.4969186782837,five_branches_False_0.1_0.3_50:50:70.h5mu
6.390456110239029e-05,6.151000000009788e-05,197.4713185140863,184.74263711700002,4.2647187961265445,1.6640218119999872,0.00360107421875,13.10580062866211,180.4974193572998,five_branches_True_0.1_0.3_50:50:10.h5mu
6.270408630371094e-05,6.03659999995898e-05,199.66378708928823,186.513504928,2.9999790443107486,1.6476096570000038,0.00360107421875,13.489935874938965,180.49877834320068,five_branches_True_0.1_0.3_50:50:30.h5mu
4.600733518600464e-05,4.3935000000772106e-05,214.03003807086498,186.83181083600002,19.303985184058547,2.375978204000006,0.00360107421875,14.351407051086426,180.02613735198975,five_branches_False_0.1_0.3_50:50:50.h5mu
8.384697139263153e-05,8.150399999884428e-05,203.0341140255332,187.980071399,5.711532006971538,1.6481669499999896,0.00360107421875,14.776694297790527,180.4969186782837,five_branches_True_0.1_0.3_50:50:70.h5mu
6.298255175352097e-05,6.052999999894837e-05,216.16539536137134,199.25463625,20.462197969667614,2.3065454000000045,0.00360107421875,13.894415855407715,183.54980659484863,five_branches_False_0.1_0.3_50:70:30.h5mu
4.600733518600464e-05,4.3935000000772106e-05,214.03003807086498,186.83181083600002,3.607139116153121,1.5590726170000266,0.00360107421875,14.297822952270508,180.02613735198975,five_branches_True_0.1_0.3_50:50:50.h5mu
4.5998021960258484e-05,4.3897000001180686e-05,221.41053540166467,197.93962313100002,19.540243200026453,2.315205318000011,0.00360107421875,13.200698852539062,183.54810619354248,five_branches_False_0.1_0.3_50:70:10.h5mu
6.311573088169098e-05,6.087000000043474e-05,227.09678156580776,198.617786546,15.58680630940944,2.2608835779999765,0.00360107421875,14.522433280944824,183.5489854812622,five_branches_False_0.1_0.3_50:70:50.h5mu
6.298255175352097e-05,6.052999999894837e-05,216.16539536137134,199.25463625,3.602813521400094,1.6061499170000104,0.00360107421875,13.849198341369629,183.54980659484863,five_branches_True_0.1_0.3_50:70:30.h5mu
6.164424121379852e-05,5.9683000001697906e-05,226.9196352493018,198.35737646,15.251444078050554,2.273712233999987,0.00360107421875,14.632780075073242,183.55291271209717,five_branches_False_0.1_0.3_50:70:70.h5mu
4.5998021960258484e-05,4.3897000001180686e-05,221.41053540166467,197.93962313100002,3.4468013290315866,1.6039007610000056,0.00360107421875,13.105698585510254,183.54810619354248,five_branches_True_0.1_0.3_50:70:10.h5mu
6.311573088169098e-05,6.087000000043474e-05,227.09678156580776,198.617786546,2.3672638293355703,1.5870277020000003,0.00360107421875,14.570412635803223,183.5489854812622,five_branches_True_0.1_0.3_50:70:50.h5mu
6.164424121379852e-05,5.9683000001697906e-05,226.9196352493018,198.35737646,2.1744818203151226,1.5492657460000032,0.00360107421875,14.636177062988281,183.55291271209717,five_branches_True_0.1_0.3_50:70:70.h5mu
7.18953087925911e-05,6.427399999964223e-05,199.36666966136545,171.449099079,17.910111061297357,1.9715288200000032,0.00360107421875,13.537456512451172,177.4466781616211,five_branches_False_0.1_0.3_70:10:10.h5mu
7.18953087925911e-05,6.427399999964223e-05,199.36666966136545,171.449099079,8.525848090648651,1.7962431819999836,0.00360107421875,13.366129875183105,177.4466781616211,five_branches_True_0.1_0.3_70:10:10.h5mu
9.314529597759247e-05,9.071400000060237e-05,181.84198527038097,169.41112009699998,19.100261704064906,2.113729823,0.00360107421875,15.105067253112793,177.44509410858154,five_branches_False_0.1_0.3_70:10:70.h5mu
6.30868598818779e-05,6.085999999960734e-05,192.74330509454012,170.345516945,24.04340008739382,2.0672275640000066,0.00360107421875,14.053468704223633,176.97414016723633,five_branches_False_0.1_0.3_70:10:30.h5mu
6.063748151063919e-05,5.838499999910596e-05,181.92034338228405,170.420885611,24.302000118419528,2.120185098999997,0.00360107421875,14.452356338500977,177.44653701782227,five_branches_False_0.1_0.3_70:10:50.h5mu
9.314529597759247e-05,9.071400000060237e-05,181.84198527038097,169.41112009699998,2.3170216009020805,1.6271555170000056,0.00360107421875,15.103974342346191,177.44509410858154,five_branches_True_0.1_0.3_70:10:70.h5mu
6.063748151063919e-05,5.838499999910596e-05,181.92034338228405,170.420885611,3.527257464826107,1.6125236689999838,0.00360107421875,14.314682960510254,177.44653701782227,five_branches_True_0.1_0.3_70:10:50.h5mu
6.30868598818779e-05,6.085999999960734e-05,192.74330509454012,170.345516945,2.723500785417855,1.5976965970000094,0.00360107421875,13.909857749938965,176.97414016723633,five_branches_True_0.1_0.3_70:10:30.h5mu
6.850436329841614e-05,6.602399999877662e-05,194.92871641460806,181.301883411,18.992777364328504,2.2328426380000224,0.00360107421875,13.304311752319336,180.49651432037354,five_branches_False_0.1_0.3_70:30:10.h5mu
6.362609565258026e-05,6.110600000042155e-05,196.37686444353312,180.521818311,16.832452417351305,2.0382764040000154,0.00360107421875,13.911935806274414,180.50038051605225,five_branches_False_0.1_0.3_70:30:30.h5mu
6.054528057575226e-05,5.848999999891191e-05,204.5847203526646,181.338796876,18.236276882700622,2.321429280000018,0.00360107421875,14.79764461517334,180.49778652191162,five_branches_False_0.1_0.3_70:30:70.h5mu
6.850436329841614e-05,6.602399999877662e-05,194.92871641460806,181.301883411,4.655658109113574,1.7248898499999825,0.00360107421875,13.175939559936523,180.49651432037354,five_branches_True_0.1_0.3_70:30:10.h5mu
6.362609565258026e-05,6.110600000042155e-05,196.37686444353312,180.521818311,3.277938107959926,1.6993243759999928,0.00360107421875,13.673395156860352,180.50038051605225,five_branches_True_0.1_0.3_70:30:30.h5mu
6.23464584350586e-05,5.973499999889498e-05,213.12347075343132,182.705703311,18.209360361099243,2.2433219129999884,0.00360107421875,14.616724967956543,180.49904537200928,five_branches_False_0.1_0.3_70:30:50.h5mu
5.974434316158295e-05,5.754900000098928e-05,212.40014588367194,194.718685974,17.50256363954395,2.1819721299999912,0.00360107421875,13.076569557189941,183.54928970336914,five_branches_False_0.1_0.3_70:50:10.h5mu
6.054528057575226e-05,5.848999999891191e-05,204.5847203526646,181.338796876,3.81139718554914,1.8162131859999988,0.00360107421875,14.766016960144043,180.49778652191162,five_branches_True_0.1_0.3_70:30:70.h5mu
6.23464584350586e-05,5.973499999889498e-05,213.12347075343132,182.705703311,2.982324075885117,1.6715217830000029,0.00360107421875,14.748860359191895,180.49904537200928,five_branches_True_0.1_0.3_70:30:50.h5mu
5.974434316158295e-05,5.754900000098928e-05,212.40014588367194,194.718685974,3.045599746517837,1.6365549109999904,0.00360107421875,13.121453285217285,183.54928970336914,five_branches_True_0.1_0.3_70:50:10.h5mu
6.116647273302078e-05,5.8867999999989706e-05,225.37094122730196,195.392056298,14.2698979023844,2.3922724560000006,0.00360107421875,13.909893035888672,183.54855632781982,five_branches_False_0.1_0.3_70:50:30.h5mu
6.116647273302078e-05,5.8867999999989706e-05,225.37094122730196,195.392056298,1.5484725702553988,1.3714102059999789,0.00360107421875,13.755224227905273,183.54855632781982,five_branches_True_0.1_0.3_70:50:30.h5mu
5.310028791427612e-05,5.1065999999266865e-05,140.1012775413692,135.573738465,16.70541429426521,1.978427126000014,0.00360107421875,13.298295021057129,168.28895568847656,five_branches_False_0.1_0.3_10:10:10.h5mu
6.646290421485901e-05,6.431299999931639e-05,143.55246966984123,135.260956766,20.164909285493195,2.0554385869999976,0.00360107421875,14.306817054748535,168.29062366485596,five_branches_False_0.1_0.3_10:10:50.h5mu
5.310028791427612e-05,5.1065999999266865e-05,140.1012775413692,135.573738465,2.8748001623898745,1.4861134859999936,0.00360107421875,13.207076072692871,168.28895568847656,five_branches_True_0.1_0.3_10:10:10.h5mu
6.312131881713867e-05,6.093700000064928e-05,233.52682220749557,199.265454753,13.827604132704437,2.117603962000004,0.00360107421875,14.520515441894531,183.5514030456543,five_branches_False_0.1_0.3_70:50:50.h5mu
5.597155541181564e-05,5.364399999940872e-05,147.19527951441705,138.03798531,21.112332301214337,2.1072062240000093,0.00360107421875,13.45262336730957,168.29071044921875,five_branches_False_0.1_0.3_10:10:30.h5mu
6.646290421485901e-05,6.431299999931639e-05,143.55246966984123,135.260956766,4.022789071314037,1.713273010999984,0.00360107421875,14.312435150146484,168.29062366485596,five_branches_True_0.1_0.3_10:10:50.h5mu
6.047263741493225e-05,5.815299999945012e-05,160.0253670141101,139.037928046,13.127792954444885,2.1973086700000124,0.00360107421875,14.465802192687988,167.82136249542236,five_branches_False_0.1_0.3_10:10:70.h5mu
5.597155541181564e-05,5.364399999940872e-05,147.19527951441705,138.03798531,3.3611093163490295,1.584020823000003,0.00360107421875,13.384797096252441,168.29071044921875,five_branches_True_0.1_0.3_10:10:30.h5mu
6.312131881713867e-05,6.093700000064928e-05,233.52682220749557,199.265454753,3.352471709251404,1.6328387629999952,0.00360107421875,14.523394584655762,183.5514030456543,five_branches_True_0.1_0.3_70:50:50.h5mu
6.047263741493225e-05,5.815299999945012e-05,160.0253670141101,139.037928046,3.5203771302476525,1.5906055519999995,0.00360107421875,14.438118934631348,167.82136249542236,five_branches_True_0.1_0.3_10:10:70.h5mu
6.432365626096725e-05,6.214999999976101e-05,232.09020124096423,197.55536633199998,22.212030040100217,2.1819948570000065,0.00360107421875,14.663535118103027,183.54901695251465,five_branches_False_0.1_0.3_70:50:70.h5mu
6.456580013036728e-05,6.213800000054448e-05,235.00192330311984,206.028218332,22.097205078229308,2.305072410000008,0.00360107421875,13.283287048339844,186.6022129058838,five_branches_False_0.1_0.3_70:70:10.h5mu
6.550736725330353e-05,6.286400000021786e-05,239.05378642119467,209.281708268,15.572811547666788,2.0892972960000122,0.00360107421875,13.892992973327637,186.60252285003662,five_branches_False_0.1_0.3_70:70:30.h5mu
6.432365626096725e-05,6.214999999976101e-05,232.09020124096423,197.55536633199998,3.020238577388227,1.6464920819999804,0.00360107421875,14.719820976257324,183.54901695251465,five_branches_True_0.1_0.3_70:50:70.h5mu
6.550736725330353e-05,6.286400000021786e-05,239.05378642119467,209.281708268,3.8743277518078685,1.635575722999988,0.00360107421875,13.809213638305664,186.60252285003662,five_branches_True_0.1_0.3_70:70:30.h5mu
6.456580013036728e-05,6.213800000054448e-05,235.00192330311984,206.028218332,7.064366162754595,1.7525268249999897,0.00360107421875,13.174471855163574,186.6022129058838,five_branches_True_0.1_0.3_70:70:10.h5mu
6.061512976884842e-05,5.8289000000044666e-05,234.18456952925771,206.540091496,17.16552902199328,2.1315270190000035,0.00360107421875,14.150799751281738,186.60100555419922,five_branches_False_0.1_0.3_70:70:50.h5mu
5.284510552883148e-05,5.00169999995137e-05,231.8181933388114,207.856601448,18.98655306175351,2.049093021999994,0.00360107421875,14.364741325378418,186.60330963134766,five_branches_False_0.1_0.3_70:70:70.h5mu
6.061512976884842e-05,5.8289000000044666e-05,234.18456952925771,206.540091496,1.9962906828150153,1.5232726039999989,0.00360107421875,14.182062149047852,186.60100555419922,five_branches_True_0.1_0.3_70:70:50.h5mu
5.284510552883148e-05,5.00169999995137e-05,231.8181933388114,207.856601448,1.9562483103945851,1.5471332030000156,0.00360107421875,14.345566749572754,186.60330963134766,five_branches_True_0.1_0.3_70:70:70.h5mu
8.878950029611588e-05,8.54130000007558e-05,175.58064472861588,154.363338943,17.3562044268474,1.8917315519999818,0.00360107421875,12.551705360412598,171.34404373168945,five_branches_False_0.1_0.3_10:30:10.h5mu
8.878950029611588e-05,8.54130000007558e-05,175.58064472861588,154.363338943,3.5049798218533397,1.5161737040000105,0.00360107421875,12.419805526733398,171.34404373168945,five_branches_True_0.1_0.3_10:30:10.h5mu
6.156135350465775e-05,5.916900000002556e-05,174.5306284893304,154.049958032,25.05670792143792,2.120989414999997,0.00360107421875,13.2765531539917,171.34327220916748,five_branches_False_0.1_0.3_10:30:30.h5mu
5.994550883769989e-05,5.746700000131e-05,173.49454928841442,154.566501668,21.085378081537783,2.090012910999974,0.00360107421875,14.32083511352539,171.3415403366089,five_branches_False_0.1_0.3_10:30:70.h5mu
6.504543125629425e-05,6.280799999913711e-05,169.7951368270442,153.418312958,22.715799258090556,2.071540755000001,0.00360107421875,13.9843111038208,171.34302234649658,five_branches_False_0.1_0.3_10:30:50.h5mu
6.156135350465775e-05,5.916900000002556e-05,174.5306284893304,154.049958032,2.3767310343682766,1.494154487000003,0.00360107421875,13.177358627319336,171.34327220916748,five_branches_True_0.1_0.3_10:30:30.h5mu
5.994550883769989e-05,5.746700000131e-05,173.49454928841442,154.566501668,1.9141605217009783,1.53243192299999,0.00360107421875,14.36010456085205,171.3415403366089,five_branches_True_0.1_0.3_10:30:70.h5mu
6.504543125629425e-05,6.280799999913711e-05,169.7951368270442,153.418312958,2.0542961470782757,1.605764602000022,0.00360107421875,13.901552200317383,171.34302234649658,five_branches_True_0.1_0.3_10:30:50.h5mu
6.10649585723877e-05,5.843699999985574e-05,184.54444746486843,165.22714582700002,18.96030861325562,2.069789061999984,0.00360107421875,12.276674270629883,174.3944959640503,five_branches_False_0.1_0.3_10:50:10.h5mu
6.293691694736481e-05,6.0796999999723766e-05,188.51738385856152,166.76510370900002,19.89532530028373,2.156737301000021,0.00360107421875,13.140349388122559,174.39510822296143,five_branches_False_0.1_0.3_10:50:30.h5mu
6.10649585723877e-05,5.843699999985574e-05,184.54444746486843,165.22714582700002,2.823955601081252,1.4766566859999841,0.00360107421875,12.137857437133789,174.3944959640503,five_branches_True_0.1_0.3_10:50:10.h5mu
6.434321403503418e-05,6.21860000009633e-05,182.72892951779068,166.61590629699998,19.485863039270043,2.2534317059999864,0.00360107421875,14.219049453735352,174.39752006530762,five_branches_False_0.1_0.3_10:50:50.h5mu
6.401725113391876e-05,6.165899999999169e-05,195.2533096689731,166.37727530400002,15.729133429937065,2.3427107870000157,0.00360107421875,14.735372543334961,174.39342403411865,five_branches_False_0.1_0.3_10:50:70.h5mu
6.293691694736481e-05,6.0796999999723766e-05,188.51738385856152,166.76510370900002,2.4553769547492266,1.483989390000005,0.00360107421875,12.94416332244873,174.39510822296143,five_branches_True_0.1_0.3_10:50:30.h5mu
6.434321403503418e-05,6.21860000009633e-05,182.72892951779068,166.61590629699998,2.809111351147294,1.5664249280000035,0.00360107421875,14.210740089416504,174.39752006530762,five_branches_True_0.1_0.3_10:50:50.h5mu
6.376858800649643e-05,6.146400000162089e-05,195.6070556687191,176.88313071500002,15.656728822737932,2.1208999049999875,0.00360107421875,12.605103492736816,177.44779300689697,five_branches_False_0.1_0.3_10:70:10.h5mu
6.401725113391876e-05,6.165899999999169e-05,195.2533096689731,166.37727530400002,4.349371956661344,1.648603554999994,0.00360107421875,14.770574569702148,174.39342403411865,five_branches_True_0.1_0.3_10:50:70.h5mu
6.064586341381073e-05,5.8267000000000735e-05,205.3944159829989,177.822878296,12.431043611839414,2.1145535200000154,0.00360107421875,13.018805503845215,177.44701862335205,five_branches_False_0.1_0.3_10:70:30.h5mu
6.376858800649643e-05,6.146400000162089e-05,195.6070556687191,176.88313071500002,3.5979443034157157,1.4593936150000104,0.00360107421875,12.461125373840332,177.44779300689697,five_branches_True_0.1_0.3_10:70:10.h5mu
6.064586341381073e-05,5.8267000000000735e-05,205.3944159829989,177.822878296,2.370917147025466,1.4393350440000177,0.00360107421875,13.047396659851074,177.44701862335205,five_branches_True_0.1_0.3_10:70:30.h5mu
5.936436355113983e-05,5.7018000001463065e-05,201.96825741324574,173.705548438,27.70479443203658,2.053544218000013,0.00360107421875,14.06059455871582,176.97445392608643,five_branches_False_0.1_0.3_10:70:50.h5mu
8.111633360385895e-05,7.866300000003434e-05,164.05448941886425,154.66303487,29.48566075693816,2.2818590260000065,0.00360107421875,14.103445053100586,171.34112644195557,five_branches_False_0.1_0.3_30:10:30.h5mu
7.694214582443237e-05,7.454200000012179e-05,197.64337354432791,172.122450458,20.511144529096782,2.027067614999993,0.00360107421875,14.563127517700195,177.44606590270996,five_branches_False_0.1_0.3_10:70:70.h5mu
7.101614028215408e-05,6.904799999851718e-05,169.53039826080203,154.642726335,30.023048569448292,2.236760136000015,0.00360107421875,13.231897354125977,171.3421106338501,five_branches_False_0.1_0.3_30:10:10.h5mu
5.936436355113983e-05,5.7018000001463065e-05,201.96825741324574,173.705548438,3.919233351945877,1.658835546000006,0.00360107421875,13.975324630737305,176.97445392608643,five_branches_True_0.1_0.3_10:70:50.h5mu
7.101614028215408e-05,6.904799999851718e-05,169.53039826080203,154.642726335,3.0279166055843234,1.6405325039999923,0.00360107421875,13.027084350585938,171.3421106338501,five_branches_True_0.1_0.3_30:10:10.h5mu
8.111633360385895e-05,7.866300000003434e-05,164.05448941886425,154.66303487,2.075752107426524,1.6164579779999997,0.00360107421875,13.870163917541504,171.34112644195557,five_branches_True_0.1_0.3_30:10:30.h5mu
6.422493606805801e-05,5.755799999995759e-05,173.42011818755418,153.095709635,17.289990208111703,2.811149558000011,0.00360107421875,13.5642671585083,164.20871925354004,five_branches_False_0.3_0.9_30:10:30.h5mu
7.694214582443237e-05,7.454200000012179e-05,197.64337354432791,172.122450458,2.4718803986907005,1.502260046999993,0.00360107421875,14.467164993286133,177.44606590270996,five_branches_True_0.1_0.3_10:70:70.h5mu
6.422493606805801e-05,5.755799999995759e-05,173.42011818755418,153.095709635,5.9212444899603724,2.525546028000008,0.00360107421875,13.349431037902832,164.20871925354004,five_branches_True_0.3_0.9_30:10:30.h5mu
5.69317489862442e-05,5.448400000140907e-05,188.75649699103087,167.159441037,17.820095784030855,2.8734261350000168,0.00360107421875,13.79513931274414,167.26018142700195,five_branches_False_0.3_0.9_30:30:50.h5mu
6.0321763157844543e-05,5.8054000000140604e-05,191.90970452781767,167.17876503500003,19.969182518310845,2.7142167549999954,0.00360107421875,12.947589874267578,167.2598991394043,five_branches_False_0.3_0.9_50:10:10.h5mu
4.95249405503273e-05,4.700400000068328e-05,204.98284647520632,180.60521917900002,16.50829265266657,2.221297357999987,0.00360107421875,14.027844429016113,170.31068515777588,five_branches_False_0.3_0.9_30:50:70.h5mu
5.69317489862442e-05,5.448400000140907e-05,188.75649699103087,167.159441037,3.753839169628918,2.223709742000011,0.00360107421875,13.6503267288208,167.26018142700195,five_branches_True_0.3_0.9_30:30:50.h5mu
7.275864481925964e-05,6.538700000113806e-05,215.37274876609445,190.801610977,12.000863267108798,1.9031084830000111,0.00360107421875,13.482666015625,173.36252403259277,five_branches_False_0.3_0.9_30:70:50.h5mu
6.0321763157844543e-05,5.8054000000140604e-05,191.90970452781767,167.17876503500003,2.8873013369739056,2.091604004000004,0.00360107421875,12.727046012878418,167.2598991394043,five_branches_True_0.3_0.9_50:10:10.h5mu
4.95249405503273e-05,4.700400000068328e-05,204.98284647520632,180.60521917900002,2.200320413336158,1.371007646999999,0.00360107421875,13.80882740020752,170.31068515777588,five_branches_True_0.3_0.9_30:50:70.h5mu
7.275864481925964e-05,6.538700000113806e-05,215.37274876609445,190.801610977,5.099477756768465,1.6162820309999972,0.00360107421875,13.324883460998535,173.36252403259277,five_branches_True_0.3_0.9_30:70:50.h5mu
6.202142685651779e-05,5.997499999921274e-05,224.96120221633464,202.103738993,14.048214646056294,1.9437638100000072,0.00360107421875,13.430193901062012,176.4148416519165,five_branches_False_0.3_0.9_50:70:50.h5mu
6.202142685651779e-05,5.997499999921274e-05,224.96120221633464,202.103738993,1.5807376010343432,1.2983179360000179,0.00360107421875,13.350885391235352,176.4148416519165,five_branches_True_0.3_0.9_50:70:50.h5mu
8.348748087882996e-05,8.067999999994413e-05,190.53922411147505,175.281810508,21.028984462842345,2.084973305999995,0.00360107421875,13.426929473876953,169.8394594192505,five_branches_False_0.3_0.9_70:10:10.h5mu
8.348748087882996e-05,8.067999999994413e-05,190.53922411147505,175.281810508,3.3995586056262255,1.5486928069999806,0.00360107421875,13.360701560974121,169.8394594192505,five_branches_True_0.3_0.9_70:10:10.h5mu
6.407126784324646e-05,5.724799999917707e-05,192.62181188352406,175.962745465,24.92397439200431,2.1711303929999985,0.00360107421875,14.248883247375488,170.30955600738525,five_branches_False_0.3_0.9_70:10:50.h5mu
7.830839604139328e-05,7.612199999940117e-05,195.19500840175897,175.69405698399999,24.8571169776842,2.050538162999999,0.00360107421875,13.885651588439941,170.31149578094482,five_branches_False_0.3_0.9_70:10:30.h5mu
5.4564327001571655e-05,5.228000000023769e-05,197.24714783765376,175.382927232,16.646820122376084,2.2657097009999916,0.00360107421875,14.546544075012207,170.3104372024536,five_branches_False_0.3_0.9_70:10:70.h5mu
6.407126784324646e-05,5.724799999917707e-05,192.62181188352406,175.962745465,3.8324117260053754,1.6804824040000028,0.00360107421875,14.204164505004883,170.30955600738525,five_branches_True_0.3_0.9_70:10:50.h5mu
7.830839604139328e-05,7.612199999940117e-05,195.19500840175897,175.69405698399999,2.466828632168472,1.6522303360000024,0.00360107421875,13.72957992553711,170.31149578094482,five_branches_True_0.3_0.9_70:10:30.h5mu
5.4564327001571655e-05,5.228000000023769e-05,197.24714783765376,175.382927232,3.192694826051593,1.6089962640000124,0.00360107421875,14.57610034942627,170.3104372024536,five_branches_True_0.3_0.9_70:10:70.h5mu
7.349252700805664e-05,7.143799999909106e-05,236.2110570045188,201.922014612,22.01887878961861,2.09118800600001,0.00360107421875,14.293282508850098,176.41288471221924,five_branches_False_0.3_0.9_50:70:70.h5mu
6.051454693078995e-05,5.8204999998423546e-05,203.62670493591577,184.004251831,19.846105677075684,2.1120644110000057,0.00360107421875,14.337300300598145,173.36266708374023,five_branches_False_0.3_0.9_70:30:50.h5mu
5.868729203939438e-05,5.666999999931477e-05,206.7773727569729,185.051633302,17.62292635627091,2.067677892000006,0.00360107421875,13.580485343933105,173.36219310760498,five_branches_False_0.3_0.9_70:30:30.h5mu
4.879944026470184e-05,4.658599999984858e-05,199.72176519967616,183.64291214899998,24.88036120403558,2.813558707999988,0.00360107421875,12.751394271850586,173.36238956451416,five_branches_False_0.3_0.9_70:30:10.h5mu
7.349252700805664e-05,7.143799999909106e-05,236.2110570045188,201.922014612,3.132164661772549,1.5879904870000132,0.00360107421875,14.268341064453125,176.41288471221924,five_branches_True_0.3_0.9_50:70:70.h5mu
6.802845746278763e-05,6.570599999911053e-05,216.33846222702414,185.304054665,12.509366261772811,2.04700871,0.00360107421875,14.48244571685791,173.36238765716553,five_branches_False_0.3_0.9_70:30:70.h5mu
6.051454693078995e-05,5.8204999998423546e-05,203.62670493591577,184.004251831,3.037998798303306,1.5543801319999773,0.00360107421875,14.177159309387207,173.36266708374023,five_branches_True_0.3_0.9_70:30:50.h5mu
5.868729203939438e-05,5.666999999931477e-05,206.7773727569729,185.051633302,2.717747059650719,1.4931886429999963,0.00360107421875,13.422395706176758,173.36219310760498,five_branches_True_0.3_0.9_70:30:30.h5mu
4.879944026470184e-05,4.658599999984858e-05,199.72176519967616,183.64291214899998,3.320285080000758,1.8317752490000032,0.00360107421875,12.546208381652832,173.36238956451416,five_branches_True_0.3_0.9_70:30:10.h5mu
6.802845746278763e-05,6.570599999911053e-05,216.33846222702414,185.304054665,4.840621956624091,1.472644052000021,0.00360107421875,14.340423583984375,173.36238765716553,five_branches_True_0.3_0.9_70:30:70.h5mu
6.737466901540756e-05,6.467000000043299e-05,221.65573599375784,193.924564422,14.229669909924269,2.2613550169999996,0.00360107421875,13.270350456237793,176.41540145874023,five_branches_False_0.3_0.9_70:50:10.h5mu
6.737466901540756e-05,6.467000000043299e-05,221.65573599375784,193.924564422,2.0453447606414557,1.468047188000014,0.00360107421875,13.128785133361816,176.41540145874023,five_branches_True_0.3_0.9_70:50:10.h5mu
5.7635828852653503e-05,5.523199999935002e-05,141.07020547054708,136.79743847999998,17.126830807887018,1.924461070999996,0.00360107421875,13.43109130859375,161.1545000076294,five_branches_False_0.3_0.9_10:10:10.h5mu
7.503852248191833e-05,7.287299999880759e-05,146.71764909103513,136.69047749,14.812958504073322,2.0021656300000075,0.00360107421875,13.746376037597656,160.68385314941406,five_branches_False_0.3_0.9_10:10:30.h5mu
5.7635828852653503e-05,5.523199999935002e-05,141.07020547054708,136.79743847999998,2.63679017405957,1.5389454219999834,0.00360107421875,13.210321426391602,161.1545000076294,five_branches_True_0.3_0.9_10:10:10.h5mu
7.503852248191833e-05,7.287299999880759e-05,146.71764909103513,136.69047749,2.7524328529834747,1.5185766820000026,0.00360107421875,13.610279083251953,160.68385314941406,five_branches_True_0.3_0.9_10:10:30.h5mu
5.2560120820999146e-05,5.030699999863941e-05,154.03468558378518,139.424684435,16.508757303468883,2.0583848470000135,0.00360107421875,14.409539222717285,161.15463161468506,five_branches_False_0.3_0.9_10:10:50.h5mu
5.2560120820999146e-05,5.030699999863941e-05,154.03468558378518,139.424684435,5.493997356854379,1.716977466000003,0.00360107421875,14.27743911743164,161.15463161468506,five_branches_True_0.3_0.9_10:10:50.h5mu
6.538443267345428e-05,6.293399999890426e-05,234.75576619338244,199.45469311600002,21.513978872448206,2.150461999000015,0.00360107421875,13.315168380737305,176.41461181640625,five_branches_False_0.3_0.9_70:50:30.h5mu
6.423983722925186e-05,6.13670000007005e-05,154.73493741359562,138.2766259,21.790663251653314,2.320282757000001,0.00360107421875,14.662787437438965,161.15822505950928,five_branches_False_0.3_0.9_10:10:70.h5mu
7.587671279907227e-05,7.328200000067397e-05,229.0949464039877,199.015046282,18.711910721845925,2.7971090800000127,0.00360107421875,14.11746597290039,176.4152374267578,five_branches_False_0.3_0.9_70:50:50.h5mu
6.423983722925186e-05,6.13670000007005e-05,154.73493741359562,138.2766259,2.4770188638940454,1.4270384769999964,0.00360107421875,14.541284561157227,161.15822505950928,five_branches_True_0.3_0.9_10:10:70.h5mu
6.538443267345428e-05,6.293399999890426e-05,234.75576619338244,199.45469311600002,4.091119265183806,1.540304997000021,0.00360107421875,13.238374710083008,176.41461181640625,five_branches_True_0.3_0.9_70:50:30.h5mu
5.542859435081482e-05,5.2920999999983565e-05,234.91811008471996,201.290020319,16.25305225327611,2.209450127999986,0.00360107421875,14.330423355102539,175.94542026519775,five_branches_False_0.3_0.9_70:50:70.h5mu
7.587671279907227e-05,7.328200000067397e-05,229.0949464039877,199.015046282,4.861078511923552,2.301866001999997,0.00360107421875,14.020276069641113,176.4152374267578,five_branches_True_0.3_0.9_70:50:50.h5mu
6.98501244187355e-05,6.763400000053821e-05,246.60087361652404,210.08045277399998,15.986093318089843,2.080931045,0.00360107421875,12.966544151306152,178.99237060546875,five_branches_False_0.3_0.9_70:70:10.h5mu
5.542859435081482e-05,5.2920999999983565e-05,234.91811008471996,201.290020319,2.475645980797708,1.5055161949999842,0.00360107421875,14.194828987121582,175.94542026519775,five_branches_True_0.3_0.9_70:50:70.h5mu
6.98501244187355e-05,6.763400000053821e-05,246.60087361652404,210.08045277399998,2.7778561152517796,1.5536842950000107,0.00360107421875,12.883417129516602,178.99237060546875,five_branches_True_0.3_0.9_70:70:10.h5mu
6.61071389913559e-05,6.377999999962469e-05,232.76463115401566,207.493492151,14.762664188630879,2.1136178009999753,0.00360107421875,13.096945762634277,179.46728515625,five_branches_False_0.3_0.9_70:70:30.h5mu
6.61071389913559e-05,6.377999999962469e-05,232.76463115401566,207.493492151,2.634699813090265,1.4945235230000264,0.00360107421875,13.01511001586914,179.46728515625,five_branches_True_0.3_0.9_70:70:30.h5mu
6.653927266597748e-05,6.403700000134904e-05,245.13413758203387,208.19054270599997,15.12010114453733,2.7128452729999992,0.00360107421875,13.840252876281738,179.46755504608154,five_branches_False_0.3_0.9_70:70:50.h5mu
6.653927266597748e-05,6.403700000134904e-05,245.13413758203387,208.19054270599997,2.4984717378392816,2.2201875169999994,0.00360107421875,13.662647247314453,179.46755504608154,five_branches_True_0.3_0.9_70:70:50.h5mu
6.21844083070755e-05,5.9965000000161695e-05,174.02721301466227,150.645848987,20.41326746623963,2.0433179139999993,0.00360107421875,12.408795356750488,164.20724868774414,five_branches_False_0.3_0.9_10:30:10.h5mu
6.112642586231232e-05,5.9038999999927455e-05,165.6554285734892,149.871715358,18.726826634258032,1.9868770269999914,0.00360107421875,12.931467056274414,164.2067108154297,five_branches_False_0.3_0.9_10:30:30.h5mu
6.21844083070755e-05,5.9965000000161695e-05,174.02721301466227,150.645848987,4.214356959797442,1.3829872249999937,0.00360107421875,12.300999641418457,164.20724868774414,five_branches_True_0.3_0.9_10:30:10.h5mu
6.112642586231232e-05,5.9038999999927455e-05,165.6554285734892,149.871715358,2.6671465961262584,1.5606549939999752,0.00360107421875,12.8497314453125,164.2067108154297,five_branches_True_0.3_0.9_10:30:30.h5mu
6.138160824775696e-05,5.898099999868123e-05,170.66735690645874,150.056401014,14.847581021487713,1.9649925530000019,0.00360107421875,13.688008308410645,164.20556926727295,five_branches_False_0.3_0.9_10:30:50.h5mu
6.131082773208618e-05,5.885999999932778e-05,180.00757994595915,151.801501386,18.90379047393799,2.0874009150000177,0.00360107421875,14.234077453613281,164.20608520507812,five_branches_False_0.3_0.9_10:30:70.h5mu
6.138160824775696e-05,5.898099999868123e-05,170.66735690645874,150.056401014,4.019045082852244,1.511064742000002,0.00360107421875,13.52957534790039,164.20556926727295,five_branches_True_0.3_0.9_10:30:50.h5mu
6.131082773208618e-05,5.885999999932778e-05,180.00757994595915,151.801501386,5.5771704921498895,1.64621163999999,0.00360107421875,14.074697494506836,164.20608520507812,five_branches_True_0.3_0.9_10:30:70.h5mu
0.0003140037879347801,0.0003117630000009086,179.01824850402772,161.986120579,25.269365729764104,2.4312754270000028,0.00360107421875,13.023520469665527,167.25774669647217,five_branches_False_0.3_0.9_10:50:30.h5mu
6.121676415205002e-05,5.9055999999557685e-05,178.09601968247443,161.116592197,26.65608460176736,2.1980729599999904,0.00360107421875,12.339601516723633,167.2595977783203,five_branches_False_0.3_0.9_10:50:10.h5mu
6.248988211154938e-05,6.017500000154996e-05,184.40384554769844,161.21006335700002,21.158984009176493,2.2093633650000015,0.00360107421875,13.446579933166504,167.26005458831787,five_branches_False_0.3_0.9_10:50:50.h5mu
6.720703095197678e-05,6.444999999999368e-05,246.39275267720222,213.549540667,23.347604579292238,2.126230647,0.00360107421875,14.391849517822266,179.46634006500244,five_branches_False_0.3_0.9_70:70:70.h5mu
0.0003140037879347801,0.0003117630000009086,179.01824850402772,161.986120579,1.7408468620851636,1.5437602529999879,0.00360107421875,12.896743774414062,167.25774669647217,five_branches_True_0.3_0.9_10:50:30.h5mu
6.121676415205002e-05,5.9055999999557685e-05,178.09601968247443,161.116592197,1.5987545112147927,1.3954088370000193,0.00360107421875,12.177589416503906,167.2595977783203,five_branches_True_0.3_0.9_10:50:10.h5mu
6.720703095197678e-05,6.444999999999368e-05,246.39275267720222,213.549540667,2.997875372879207,1.6093224589999977,0.00360107421875,14.234604835510254,179.46634006500244,five_branches_True_0.3_0.9_70:70:70.h5mu
6.248988211154938e-05,6.017500000154996e-05,184.40384554769844,161.21006335700002,4.292150012217462,1.5297634529999868,0.00360107421875,13.250865936279297,167.26005458831787,five_branches_True_0.3_0.9_10:50:50.h5mu
6.636325269937515e-05,6.381499999896789e-05,193.64704384375364,160.001935425,17.568669924512506,2.0688121480000063,0.00360107421875,14.430890083312988,167.25929832458496,five_branches_False_0.3_0.9_10:50:70.h5mu
6.636325269937515e-05,6.381499999896789e-05,193.64704384375364,160.001935425,3.2667247438803315,1.5881914379999955,0.00360107421875,14.218571662902832,167.25929832458496,five_branches_True_0.3_0.9_10:50:70.h5mu
6.43627718091011e-05,6.219499999993161e-05,200.77869704458863,167.029574214,13.542047183029354,2.136259811000002,0.00360107421875,12.723304748535156,170.3110475540161,five_branches_False_0.3_0.9_10:70:10.h5mu
6.43627718091011e-05,6.219499999993161e-05,200.77869704458863,167.029574214,2.058363948017359,1.502416586999999,0.00360107421875,12.55673599243164,170.3110475540161,five_branches_True_0.3_0.9_10:70:10.h5mu
5.630031228065491e-05,4.924599999966972e-05,169.13844631239772,155.913405212,30.74499519634992,2.6039098929999795,0.00360107421875,13.356927871704102,164.20842933654785,five_branches_False_0.3_0.9_30:10:10.h5mu
5.2240677177906036e-05,5.0256999999831464e-05,189.5574183287099,174.782179484,29.070729888044298,2.17403001400001,0.00360107421875,13.76268196105957,170.309832572937,five_branches_False_0.3_0.9_10:70:50.h5mu
7.710792124271393e-05,7.441699999866103e-05,190.78686976619065,172.28953055,33.988107659853995,2.1678434359999983,0.00360107421875,12.731690406799316,170.30974006652832,five_branches_False_0.3_0.9_10:70:30.h5mu
7.468275725841522e-05,7.220300000021496e-05,169.1295765452087,155.356719306,26.484125036746264,2.076262477,0.00360107421875,14.647180557250977,164.2065134048462,five_branches_False_0.3_0.9_30:10:70.h5mu
5.630031228065491e-05,4.924599999966972e-05,169.13844631239772,155.913405212,3.9924782682210207,2.255149220999982,0.00360107421875,13.335639953613281,164.20842933654785,five_branches_True_0.3_0.9_30:10:10.h5mu
5.27501106262207e-05,5.056999999908385e-05,173.82851974107325,155.69485898599999,25.906207842752337,2.0169354700000213,0.00360107421875,14.198102951049805,164.20848655700684,five_branches_False_0.3_0.9_30:10:50.h5mu
5.2240677177906036e-05,5.0256999999831464e-05,189.5574183287099,174.782179484,3.293639070354402,1.6043142709999927,0.00360107421875,13.626044273376465,170.309832572937,five_branches_True_0.3_0.9_10:70:50.h5mu
7.710792124271393e-05,7.441699999866103e-05,190.78686976619065,172.28953055,2.865267150104046,1.4145690109999975,0.00360107421875,12.618896484375,170.30974006652832,five_branches_True_0.3_0.9_10:70:30.h5mu
7.468275725841522e-05,7.220300000021496e-05,169.1295765452087,155.356719306,5.8592795096337795,1.6965039210000157,0.00360107421875,14.637978553771973,164.2065134048462,five_branches_True_0.3_0.9_30:10:70.h5mu
5.27501106262207e-05,5.056999999908385e-05,173.82851974107325,155.69485898599999,6.173980283550918,1.7118017189999932,0.00360107421875,14.246061325073242,164.20848655700684,five_branches_True_0.3_0.9_30:10:50.h5mu
6.720889359712601e-05,6.531000000009612e-05,198.63096137251705,173.09831900799998,27.38821211643517,2.1690087970000036,0.00360107421875,14.329009056091309,170.3110475540161,five_branches_False_0.3_0.9_10:70:70.h5mu
6.321631371974945e-05,6.074699999913946e-05,184.75877833832055,163.55344114000002,17.65691821742803,2.302868845000006,0.00360107421875,13.372030258178711,167.26052474975586,five_branches_False_0.3_0.9_30:30:10.h5mu
6.720889359712601e-05,6.531000000009612e-05,198.63096137251705,173.09831900799998,4.329932835884392,1.6082301680000057,0.00360107421875,14.23156452178955,170.3110475540161,five_branches_True_0.3_0.9_10:70:70.h5mu
6.321631371974945e-05,6.074699999913946e-05,184.75877833832055,163.55344114000002,2.9628163017332554,1.6088079200000038,0.00360107421875,13.205330848693848,167.26052474975586,five_branches_True_0.3_0.9_30:30:10.h5mu
6.943661719560623e-05,6.711300000006304e-05,192.6813270971179,167.44337805700002,21.9056239053607,2.102793676999994,0.00360107421875,13.495606422424316,167.25764179229736,five_branches_False_0.3_0.9_30:30:30.h5mu
6.268080323934555e-05,6.060899999837943e-05,188.9728111550212,164.65437989,18.11180050764233,2.7245464369999866,0.00360107421875,14.086898803710938,167.25889587402344,five_branches_False_0.3_0.9_30:30:70.h5mu
6.943661719560623e-05,6.711300000006304e-05,192.6813270971179,167.44337805700002,4.807003719732165,1.622372028000001,0.00360107421875,13.368807792663574,167.25764179229736,five_branches_True_0.3_0.9_30:30:30.h5mu
0.00033935345709323883,0.00033726699999903076,194.655351893045,173.738012577,13.480997484177351,1.8891323090000185,0.00360107421875,12.684205055236816,170.3102569580078,five_branches_False_0.3_0.9_30:50:10.h5mu
6.268080323934555e-05,6.060899999837943e-05,188.9728111550212,164.65437989,2.7031221194192767,1.3387648959999865,0.00360107421875,13.811538696289062,167.25889587402344,five_branches_True_0.3_0.9_30:30:70.h5mu
0.00033935345709323883,0.00033726699999903076,194.655351893045,173.738012577,2.8105463087558746,1.3830603769999925,0.00360107421875,12.574723243713379,170.3102569580078,five_branches_True_0.3_0.9_30:50:10.h5mu
5.499552935361862e-05,5.2593999999572816e-05,178.0769515996799,164.666970993,20.667986679822206,2.1529777300000035,0.00360107421875,14.295053482055664,167.26020622253418,five_branches_False_0.3_0.9_50:10:50.h5mu
5.2090734243392944e-05,4.965000000112241e-05,171.59907595068216,165.996500895,25.828140867874026,2.217369609000002,0.00360107421875,13.892768859863281,167.25676727294922,five_branches_False_0.3_0.9_50:10:30.h5mu
6.960052996873856e-05,6.755499999933079e-05,180.9081193190068,175.191946834,28.312565512023866,2.077135695999999,0.00360107421875,12.94145679473877,170.30954360961914,five_branches_False_0.3_0.9_30:50:30.h5mu
7.035955786705017e-05,6.700000000137152e-05,185.0044309478253,177.50641256699998,27.245368589647114,2.1068882159999873,0.00360107421875,14.155104637145996,170.31004428863525,five_branches_False_0.3_0.9_30:50:50.h5mu
5.499552935361862e-05,5.2593999999572816e-05,178.0769515996799,164.666970993,4.7940647238865495,1.6504313670000101,0.00360107421875,14.253558158874512,167.26020622253418,five_branches_True_0.3_0.9_50:10:50.h5mu
5.2090734243392944e-05,4.965000000112241e-05,171.59907595068216,165.996500895,4.3388057462871075,1.6881331939999882,0.00360107421875,13.592278480529785,167.25676727294922,five_branches_True_0.3_0.9_50:10:30.h5mu
7.816124707460403e-05,6.400499999870135e-05,202.76758521981537,186.18916649099998,23.213871772401035,2.1397651319999795,0.00360107421875,12.73218822479248,173.3640956878662,five_branches_False_0.3_0.9_30:70:10.h5mu
6.30086287856102e-05,6.038500000116187e-05,206.82076060120016,189.494725889,21.434807246550918,2.072412306000018,0.00360107421875,13.039767265319824,173.3618278503418,five_branches_False_0.3_0.9_30:70:30.h5mu
5.1691196858882904e-05,4.9371999999436866e-05,198.05902176443487,163.190767508,15.905078313313425,2.1095077319999973,0.00360107421875,14.752243041992188,167.2583303451538,five_branches_False_0.3_0.9_50:10:70.h5mu
6.960052996873856e-05,6.755499999933079e-05,180.9081193190068,175.191946834,4.5623701037839055,1.6420978190000142,0.00360107421875,12.721872329711914,170.30954360961914,five_branches_True_0.3_0.9_30:50:30.h5mu
7.035955786705017e-05,6.700000000137152e-05,185.0044309478253,177.50641256699998,3.929680371657014,1.6143278909999879,0.00360107421875,14.010787963867188,170.31004428863525,five_branches_True_0.3_0.9_30:50:50.h5mu
5.986541509628296e-05,5.786699999887901e-05,205.00126222148538,188.31105952,19.893529939465225,2.112065666999996,0.00360107421875,14.198251724243164,173.36254215240479,five_branches_False_0.3_0.9_30:70:70.h5mu
7.816124707460403e-05,6.400499999870135e-05,202.76758521981537,186.18916649099998,3.245824838988483,1.5562275989999819,0.00360107421875,12.679688453674316,173.3640956878662,five_branches_True_0.3_0.9_30:70:10.h5mu
5.1691196858882904e-05,4.9371999999436866e-05,198.05902176443487,163.190767508,3.630317088216543,1.7312700800000016,0.00360107421875,14.876172065734863,167.2583303451538,five_branches_True_0.3_0.9_50:10:70.h5mu
6.30086287856102e-05,6.038500000116187e-05,206.82076060120016,189.494725889,3.1861100075766444,1.5817739800000084,0.00360107421875,12.923070907592773,173.3618278503418,five_branches_True_0.3_0.9_30:70:30.h5mu
6.111152470111847e-05,5.895700000024817e-05,203.6406701207161,179.303895756,16.036951982416213,1.951800650999985,0.00360107421875,13.121953010559082,170.31144618988037,five_branches_False_0.3_0.9_50:30:10.h5mu
5.986541509628296e-05,5.786699999887901e-05,205.00126222148538,188.31105952,2.82851087115705,1.5223644429999865,0.00360107421875,14.10595703125,173.36254215240479,five_branches_True_0.3_0.9_30:70:70.h5mu
6.111152470111847e-05,5.895700000024817e-05,203.6406701207161,179.303895756,4.03289123531431,1.6051010609999992,0.00360107421875,12.900391578674316,170.31144618988037,five_branches_True_0.3_0.9_50:30:10.h5mu
6.125029176473618e-05,5.922099999899899e-05,216.19052970036864,178.87260417500002,15.248354420997202,2.6366290389999847,0.00360107421875,12.800895690917969,170.309308052063,five_branches_False_0.3_0.9_50:30:30.h5mu
6.125029176473618e-05,5.922099999899899e-05,216.19052970036864,178.87260417500002,2.9682277645915747,2.099147377999998,0.00360107421875,12.681705474853516,170.309308052063,five_branches_True_0.3_0.9_50:30:30.h5mu
6.668828427791595e-05,6.105800000000272e-05,138.1405827337876,131.62464374700002,16.653646205551922,1.8833931730000018,0.00360107421875,12.224370002746582,178.12656593322754,three_branches_False_0.1_0.1_10:10:30.h5mu
6.668828427791595e-05,6.105800000000272e-05,138.1405827337876,131.62464374700002,3.732056897133589,1.4197178359999896,0.00360107421875,12.125288963317871,178.12656593322754,three_branches_True_0.1_0.1_10:10:30.h5mu
5.957111716270447e-05,5.7685999999890214e-05,188.46872569061816,176.529939337,17.476729658432305,2.1262952550000023,0.00360107421875,14.679360389709473,170.31150722503662,five_branches_False_0.3_0.9_50:30:70.h5mu
6.263982504606247e-05,6.0484999998777766e-05,184.33994572237134,176.07736476,19.167675318196416,2.810676104999999,0.00360107421875,13.997904777526855,169.84153652191162,five_branches_False_0.3_0.9_50:30:50.h5mu
5.957111716270447e-05,5.7685999999890214e-05,188.46872569061816,176.529939337,2.959955021739006,1.65247025299999,0.00360107421875,14.599346160888672,170.31150722503662,five_branches_True_0.3_0.9_50:30:70.h5mu
6.263982504606247e-05,6.0484999998777766e-05,184.33994572237134,176.07736476,7.974831258878112,2.4307851419999906,0.00360107421875,13.799461364746094,169.84153652191162,five_branches_True_0.3_0.9_50:30:50.h5mu
6.528012454509735e-05,6.270699999966212e-05,200.43035904411227,187.01419246700002,21.914231214672327,2.1557779700000026,0.00360107421875,13.199081420898438,173.36315059661865,five_branches_False_0.3_0.9_50:50:30.h5mu
6.409082561731339e-05,6.17839999996761e-05,201.91032458655536,189.483230692,21.146464597433805,2.0205943779999984,0.00360107421875,13.835590362548828,173.36126136779785,five_branches_False_0.3_0.9_50:50:50.h5mu
6.119348108768463e-05,5.8401000000429804e-05,211.97360762301832,187.73572404,24.843339544720948,2.146179647999986,0.00360107421875,13.168936729431152,173.36349868774414,five_branches_False_0.3_0.9_50:50:10.h5mu
6.113294512033463e-05,5.861499999859632e-05,210.56072229053825,187.74046547999998,20.5632889457047,2.794506963999993,0.00360107421875,14.423760414123535,173.36318492889404,five_branches_False_0.3_0.9_50:50:70.h5mu
6.38691708445549e-05,6.168599999867297e-05,212.38431245367974,192.809579271,23.113542378880084,1.9513338639999915,0.00360107421875,13.4634428024292,196.90616130828857,three_branches_False_0.1_0.1_70:70:70.h5mu
6.528012454509735e-05,6.270699999966212e-05,200.43035904411227,187.01419246700002,5.2796142231673,1.6128163349999909,0.00360107421875,13.085528373718262,173.36315059661865,five_branches_True_0.3_0.9_50:50:30.h5mu
6.409082561731339e-05,6.17839999996761e-05,201.91032458655536,189.483230692,3.474897819571197,1.5745852249999928,0.00360107421875,13.631965637207031,173.36126136779785,five_branches_True_0.3_0.9_50:50:50.h5mu
6.38691708445549e-05,6.168599999867297e-05,212.38431245367974,192.809579271,3.2539978362619877,1.4988152470000102,0.00360107421875,13.352481842041016,196.90616130828857,three_branches_True_0.1_0.1_70:70:70.h5mu
6.119348108768463e-05,5.8401000000429804e-05,211.97360762301832,187.73572404,3.7973520616069436,1.568533634000005,0.00360107421875,12.982251167297363,173.36349868774414,five_branches_True_0.3_0.9_50:50:10.h5mu
6.738770753145218e-05,6.0819000001544055e-05,231.71951213944703,199.54738455,20.936376007273793,2.212771556000007,0.00360107421875,12.70327377319336,175.94350242614746,five_branches_False_0.3_0.9_50:70:10.h5mu
6.666872650384903e-05,0.0010542550000014472,225.83170268964022,202.238243996,24.453443334437907,2.8888502960000153,0.00360107421875,13.865824699401855,175.94606399536133,five_branches_False_0.3_0.9_50:70:30.h5mu
6.113294512033463e-05,5.861499999859632e-05,210.56072229053825,187.74046547999998,4.377369002439082,2.3015397949999965,0.00360107421875,14.207219123840332,173.36318492889404,five_branches_True_0.3_0.9_50:50:70.h5mu
6.738770753145218e-05,6.0819000001544055e-05,231.71951213944703,199.54738455,2.4634097050875425,1.5497261479999906,0.00360107421875,12.631227493286133,175.94350242614746,five_branches_True_0.3_0.9_50:70:10.h5mu
6.666872650384903e-05,0.0010542550000014472,225.83170268964022,202.238243996,3.543009513989091,2.2639519219999897,0.00360107421875,13.665183067321777,175.94606399536133,five_branches_True_0.3_0.9_50:70:30.h5mu
6.504449993371964e-05,6.245500000012782e-05,157.95183230377734,136.81048905400002,17.15137226320803,1.7916858799999886,0.00360107421875,12.03664493560791,178.59760570526123,three_branches_False_0.1_0.1_10:10:10.h5mu
6.504449993371964e-05,6.245500000012782e-05,157.95183230377734,136.81048905400002,2.756518555805087,1.4441795150000019,0.00360107421875,11.88521957397461,178.59760570526123,three_branches_True_0.1_0.1_10:10:10.h5mu
5.3501687943935394e-05,5.1433999999517255e-05,143.64485388528556,133.458864872,18.193748952820897,1.963886360999993,0.00360107421875,14.061097145080566,178.59791374206543,three_branches_False_0.1_0.1_10:10:70.h5mu
8.452311158180237e-05,8.226099999930625e-05,150.56994428951293,134.639745704,16.67995839752257,2.0388705219999963,0.00360107421875,13.514787673950195,178.59663581848145,three_branches_False_0.1_0.1_10:10:50.h5mu
5.3501687943935394e-05,5.1433999999517255e-05,143.64485388528556,133.458864872,2.8281351551413536,1.4909869180000044,0.00360107421875,13.999683380126953,178.59791374206543,three_branches_True_0.1_0.1_10:10:70.h5mu
8.452311158180237e-05,8.226099999930625e-05,150.56994428951293,134.639745704,1.8840336799621582,1.345147738999998,0.00360107421875,13.47415828704834,178.59663581848145,three_branches_True_0.1_0.1_10:10:50.h5mu
5.0440430641174316e-05,4.8367999999854305e-05,159.1076555000618,143.380420367,21.69514526799321,2.151835618000007,0.00360107421875,11.707934379577637,181.64948558807373,three_branches_False_0.1_0.1_10:30:10.h5mu
6.151571869850159e-05,5.964899999888473e-05,164.4383999677375,145.196274374,27.54337244015187,1.9669187970000053,0.00360107421875,12.00497817993164,181.64665031433105,three_branches_False_0.1_0.1_10:30:30.h5mu
6.834231317043304e-05,6.612400000172158e-05,163.38352731894702,145.883389763,25.664782539010048,2.0445021999999824,0.00360107421875,13.050265312194824,181.648099899292,three_branches_False_0.1_0.1_10:30:50.h5mu
5.99101185798645e-05,5.7884000000285596e-05,166.9397091139108,147.503677394,22.68976727873087,2.218760529000008,0.00360107421875,14.042459487915039,181.6489715576172,three_branches_False_0.1_0.1_10:30:70.h5mu
5.0440430641174316e-05,4.8367999999854305e-05,159.1076555000618,143.380420367,3.817552992142737,1.5566648920000148,0.00360107421875,11.669034957885742,181.64948558807373,three_branches_True_0.1_0.1_10:30:10.h5mu
6.15287572145462e-05,5.928200000049344e-05,174.48286231420934,155.276730583,15.784333118237555,1.9541666720000137,0.00360107421875,11.504777908325195,184.69846057891846,three_branches_False_0.1_0.1_10:50:10.h5mu
6.834231317043304e-05,6.612400000172158e-05,163.38352731894702,145.883389763,3.730525123886764,1.5459667570000022,0.00360107421875,13.011046409606934,181.648099899292,three_branches_True_0.1_0.1_10:30:50.h5mu
5.99101185798645e-05,5.7884000000285596e-05,166.9397091139108,147.503677394,3.387496785260737,1.5743003690000137,0.00360107421875,13.985235214233398,181.6489715576172,three_branches_True_0.1_0.1_10:30:70.h5mu
7.325783371925354e-05,7.100700000073346e-05,176.09433467127383,156.57419469799999,19.560471390374005,1.9750429569999994,0.00360107421875,12.452906608581543,184.70186519622803,three_branches_False_0.1_0.1_10:50:30.h5mu
7.206201553344727e-05,6.987399999935917e-05,173.89840573444963,155.732796226,19.979762841947377,1.8744402640000146,0.00360107421875,12.850939750671387,184.6984281539917,three_branches_False_0.1_0.1_10:50:50.h5mu
6.151571869850159e-05,5.964899999888473e-05,164.4383999677375,145.196274374,4.488173018209636,1.5236513330000037,0.00360107421875,11.901233673095703,181.64665031433105,three_branches_True_0.1_0.1_10:30:30.h5mu
6.15287572145462e-05,5.928200000049344e-05,174.48286231420934,155.276730583,2.9845213750377297,1.4218786090000037,0.00360107421875,11.51933765411377,184.69846057891846,three_branches_True_0.1_0.1_10:50:10.h5mu
7.325783371925354e-05,7.100700000073346e-05,176.09433467127383,156.57419469799999,3.055757544003427,1.5150838460000102,0.00360107421875,12.379081726074219,184.70186519622803,three_branches_True_0.1_0.1_10:50:30.h5mu
7.206201553344727e-05,6.987399999935917e-05,173.89840573444963,155.732796226,2.8835955252870917,1.4658873639999968,0.00360107421875,12.794045448303223,184.6984281539917,three_branches_True_0.1_0.1_10:50:50.h5mu
5.478225648403168e-05,5.243300000046247e-05,181.9850049810484,156.910601507,17.212988963350654,1.7793253239999842,0.00360107421875,13.736532211303711,184.69740200042725,three_branches_False_0.1_0.1_10:50:70.h5mu
5.478225648403168e-05,5.243300000046247e-05,181.9850049810484,156.910601507,2.1029243087396026,1.2936945300000104,0.00360107421875,13.672718048095703,184.69740200042725,three_branches_True_0.1_0.1_10:50:70.h5mu
6.760377436876297e-05,6.463600000117253e-05,188.0332768270746,165.880084839,32.00087722763419,2.0659014770000113,0.00360107421875,12.109140396118164,187.7545337677002,three_branches_False_0.1_0.1_10:70:30.h5mu
6.919540464878082e-05,6.747499999981699e-05,191.2820151085034,166.679644731,33.53738465346396,1.9594555330000105,0.00360107421875,11.755916595458984,187.7518711090088,three_branches_False_0.1_0.1_10:70:10.h5mu
6.23771920800209e-05,6.0179000000104566e-05,155.5593518000096,143.09495130000002,27.2380463052541,2.068313807999999,0.00360107421875,11.996430397033691,181.64731407165527,three_branches_False_0.1_0.1_30:10:10.h5mu
6.538722664117813e-05,6.307700000007799e-05,148.44620220642537,143.536522324,32.44233227521181,2.1874330499999814,0.00360107421875,13.623732566833496,181.6503791809082,three_branches_False_0.1_0.1_30:10:30.h5mu
5.2576884627342224e-05,5.0223000000571005e-05,176.88476826343685,164.653218565,23.133929043076932,2.059538196999995,0.00360107421875,13.097981452941895,187.75250339508057,three_branches_False_0.1_0.1_10:70:50.h5mu
5.543045699596405e-05,5.3074000000208343e-05,157.85929046943784,144.31838681099998,22.32135420385748,2.157266211999996,0.00360107421875,13.663186073303223,181.63994026184082,three_branches_False_0.1_0.1_30:10:50.h5mu
6.760377436876297e-05,6.463600000117253e-05,188.0332768270746,165.880084839,3.342385963536799,1.414310979999982,0.00360107421875,12.01181411743164,187.7545337677002,three_branches_True_0.1_0.1_10:70:30.h5mu
6.919540464878082e-05,6.747499999981699e-05,191.2820151085034,166.679644731,3.4992105895653367,1.4243899589999955,0.00360107421875,11.707009315490723,187.7518711090088,three_branches_True_0.1_0.1_10:70:10.h5mu
6.23771920800209e-05,6.0179000000104566e-05,155.5593518000096,143.09495130000002,3.1900316989049315,1.452386706999988,0.00360107421875,11.79041576385498,181.64731407165527,three_branches_True_0.1_0.1_30:10:10.h5mu
6.538722664117813e-05,6.307700000007799e-05,148.44620220642537,143.536522324,3.6395419016480446,1.6416496059999872,0.00360107421875,13.403007507324219,181.6503791809082,three_branches_True_0.1_0.1_30:10:30.h5mu
6.124097853899002e-05,5.9301999998595534e-05,167.28519604261965,146.217998598,20.25622791890055,2.2134751499999936,0.00360107421875,14.088415145874023,181.64801120758057,three_branches_False_0.1_0.1_30:10:70.h5mu
6.350502371788025e-05,6.155799999874034e-05,178.3234087722376,155.42965685299998,20.28942205198109,1.9002578839999842,0.00360107421875,12.014238357543945,184.6993589401245,three_branches_False_0.1_0.1_30:30:10.h5mu
5.2576884627342224e-05,5.0223000000571005e-05,176.88476826343685,164.653218565,2.9428154258057475,1.515363786999984,0.00360107421875,13.020223617553711,187.75250339508057,three_branches_True_0.1_0.1_10:70:50.h5mu
5.543045699596405e-05,5.3074000000208343e-05,157.85929046943784,144.31838681099998,4.789819239638746,1.397377344000006,0.00360107421875,13.475589752197266,181.63994026184082,three_branches_True_0.1_0.1_30:10:50.h5mu
5.717575550079346e-05,5.4540999999019846e-05,190.78072949219495,166.20675916000002,21.917872495017946,2.078925034000008,0.00360107421875,13.682411193847656,187.75253105163574,three_branches_False_0.1_0.1_10:70:70.h5mu
6.124097853899002e-05,5.9301999998595534e-05,167.28519604261965,146.217998598,3.2743453606963158,1.6219087940000065,0.00360107421875,14.001639366149902,181.64801120758057,three_branches_True_0.1_0.1_30:10:70.h5mu
6.350502371788025e-05,6.155799999874034e-05,178.3234087722376,155.42965685299998,4.615253077819943,1.639365225000006,0.00360107421875,11.979503631591797,184.6993589401245,three_branches_True_0.1_0.1_30:30:10.h5mu
5.717575550079346e-05,5.4540999999019846e-05,190.78072949219495,166.20675916000002,2.239731067791581,1.447725706,0.00360107421875,13.633254051208496,187.75253105163574,three_branches_True_0.1_0.1_10:70:70.h5mu
6.974209100008011e-05,6.696300000008648e-05,177.86547779291868,154.101304415,15.023404690437019,1.7175915410000187,0.00360107421875,12.507132530212402,184.7024850845337,three_branches_False_0.1_0.1_30:30:30.h5mu
6.974209100008011e-05,6.696300000008648e-05,177.86547779291868,154.101304415,1.7960400357842445,1.4205829600000186,0.00360107421875,12.475924491882324,184.7024850845337,three_branches_True_0.1_0.1_30:30:30.h5mu
6.114784628152847e-05,5.862499999942372e-05,165.1044740770012,154.707070981,19.63828087411821,2.1231386279999924,0.00360107421875,13.350872039794922,184.2296953201294,three_branches_False_0.1_0.1_30:30:50.h5mu
6.5595842897892e-05,6.307000000127516e-05,164.35224193707108,155.26706177,16.946051059290767,2.116645272999989,0.00360107421875,13.78048324584961,184.69979190826416,three_branches_False_0.1_0.1_30:30:70.h5mu
6.238650530576706e-05,6.0372000000086246e-05,175.36089820880443,166.368674092,24.777828990481794,2.037642467000012,0.00360107421875,12.220901489257812,187.28162288665771,three_branches_False_0.1_0.1_30:50:10.h5mu
6.114784628152847e-05,5.862499999942372e-05,165.1044740770012,154.707070981,3.8926994409412146,1.4973541169999862,0.00360107421875,13.225446701049805,184.2296953201294,three_branches_True_0.1_0.1_30:30:50.h5mu
6.846152245998383e-05,6.617600000069501e-05,175.57376890815794,166.309355532,23.038890049792826,1.8986879569999928,0.00360107421875,12.996406555175781,187.75043869018555,three_branches_False_0.1_0.1_30:50:50.h5mu
5.518365651369095e-05,5.324700000031157e-05,180.63845734111965,166.40359856400002,18.536924296990037,1.973649507999994,0.00360107421875,13.27526569366455,187.7524118423462,three_branches_False_0.1_0.1_30:50:70.h5mu
6.728433072566986e-05,5.9859000000273e-05,175.23497255146503,165.155692473,24.89593809377402,1.9716869579999923,0.00360107421875,12.000105857849121,187.75230312347412,three_branches_False_0.1_0.1_30:50:30.h5mu
6.5595842897892e-05,6.307000000127516e-05,164.35224193707108,155.26706177,4.688001819886267,1.553138433999976,0.00360107421875,13.58797550201416,184.69979190826416,three_branches_True_0.1_0.1_30:30:70.h5mu
6.238650530576706e-05,6.0372000000086246e-05,175.36089820880443,166.368674092,2.9238573545590043,1.4705090869999822,0.00360107421875,12.115530014038086,187.28162288665771,three_branches_True_0.1_0.1_30:50:10.h5mu
6.846152245998383e-05,6.617600000069501e-05,175.57376890815794,166.309355532,2.72267999406904,1.5198202389999835,0.00360107421875,12.95457649230957,187.75043869018555,three_branches_True_0.1_0.1_30:50:50.h5mu
6.728433072566986e-05,5.9859000000273e-05,175.23497255146503,165.155692473,3.7803181502968073,1.5161298999999815,0.00360107421875,11.958653450012207,187.75230312347412,three_branches_True_0.1_0.1_30:50:30.h5mu
5.518365651369095e-05,5.324700000031157e-05,180.63845734111965,166.40359856400002,2.4112577363848686,1.4832196629999999,0.00360107421875,13.227912902832031,187.7524118423462,three_branches_True_0.1_0.1_30:50:70.h5mu
6.496813148260117e-05,6.284700000058763e-05,199.1919130962342,178.61994563300001,14.658903127536178,1.858171709000004,0.00360107421875,12.829475402832031,190.80398559570312,three_branches_False_0.1_0.1_30:70:30.h5mu
6.496813148260117e-05,6.284700000058763e-05,199.1919130962342,178.61994563300001,3.204782190732658,1.488064981000008,0.00360107421875,12.78349781036377,190.80398559570312,three_branches_True_0.1_0.1_30:70:30.h5mu
5.128234624862671e-05,4.87099999997298e-05,210.48370180092752,177.27969800399998,15.874622317031026,2.1410674260000064,0.00360107421875,13.200996398925781,190.8031244277954,three_branches_False_0.1_0.1_30:70:50.h5mu
6.229616701602936e-05,6.043299999980434e-05,217.3433891031891,174.954203832,13.789773029275239,2.039192808999985,0.00360107421875,12.056167602539062,190.805100440979,three_branches_False_0.1_0.1_30:70:10.h5mu
6.229616701602936e-05,6.043299999980434e-05,217.3433891031891,174.954203832,2.1961578615009785,1.4142503599999827,0.00360107421875,11.966391563415527,190.805100440979,three_branches_True_0.1_0.1_30:70:10.h5mu
5.128234624862671e-05,4.87099999997298e-05,210.48370180092752,177.27969800399998,2.3395313983783126,1.384425039000007,0.00360107421875,13.147738456726074,190.8031244277954,three_branches_True_0.1_0.1_30:70:50.h5mu
6.416533142328262e-05,6.235600000081831e-05,214.08845357690006,177.339734042,20.62315110117197,2.0481814400000076,0.00360107421875,13.72378158569336,190.80716800689697,three_branches_False_0.1_0.1_30:70:70.h5mu
6.603822112083435e-05,6.361000000154604e-05,162.74452581070364,149.821686506,28.72766477894038,1.9939203399999883,0.00360107421875,12.221423149108887,184.7003002166748,three_branches_False_0.1_0.1_50:10:10.h5mu
5.258340388536453e-05,5.0336999999345267e-05,156.42917822953314,152.009243701,28.338462855666876,2.143861450000003,0.00360107421875,13.266036033630371,184.70053577423096,three_branches_False_0.1_0.1_50:10:30.h5mu
6.304774433374405e-05,6.0914000000522606e-05,158.47862393502146,150.604631063,24.01836762111634,2.0287973359999967,0.00360107421875,13.557910919189453,184.6999797821045,three_branches_False_0.1_0.1_50:10:50.h5mu
5.2774325013160706e-05,5.0553000001229975e-05,157.10780636873096,152.086899206,23.743964563123882,1.9131704469999988,0.00360107421875,13.086410522460938,184.6994857788086,three_branches_False_0.1_0.1_50:10:70.h5mu
5.202367901802063e-05,4.947400000077096e-05,180.92838612850755,163.41745605,17.218718092888594,1.946282368999988,0.00360107421875,12.50575065612793,187.75239753723145,three_branches_False_0.1_0.1_50:30:30.h5mu
5.258340388536453e-05,5.0336999999345267e-05,156.42917822953314,152.009243701,4.274028638377786,1.5849358940000116,0.00360107421875,13.111051559448242,184.70053577423096,three_branches_True_0.1_0.1_50:10:30.h5mu
6.603822112083435e-05,6.361000000154604e-05,162.74452581070364,149.821686506,5.837542947381735,1.4348347309999951,0.00360107421875,11.967462539672852,184.7003002166748,three_branches_True_0.1_0.1_50:10:10.h5mu
6.416533142328262e-05,6.235600000081831e-05,214.08845357690006,177.339734042,5.47311566863209,1.5088848229999883,0.00360107421875,13.637118339538574,190.80716800689697,three_branches_True_0.1_0.1_30:70:70.h5mu
5.2774325013160706e-05,5.0553000001229975e-05,157.10780636873096,152.086899206,2.9827274661511183,1.4311703649999856,0.00360107421875,12.917859077453613,184.6994857788086,three_branches_True_0.1_0.1_50:10:70.h5mu
6.304774433374405e-05,6.0914000000522606e-05,158.47862393502146,150.604631063,5.797482583671808,1.507157583999998,0.00360107421875,13.378602981567383,184.6999797821045,three_branches_True_0.1_0.1_50:10:50.h5mu
6.461702287197113e-05,6.213300000013078e-05,182.25969003792852,160.00172298500001,16.097570540383458,1.9545181919999948,0.00360107421875,11.843095779418945,187.7515468597412,three_branches_False_0.1_0.1_50:30:10.h5mu
5.202367901802063e-05,4.947400000077096e-05,180.92838612850755,163.41745605,2.6323047690093517,1.4807855699999948,0.00360107421875,12.447619438171387,187.75239753723145,three_branches_True_0.1_0.1_50:30:30.h5mu
6.461702287197113e-05,6.213300000013078e-05,182.25969003792852,160.00172298500001,4.384480973705649,1.5810189910000076,0.00360107421875,11.69138240814209,187.7515468597412,three_branches_True_0.1_0.1_50:30:10.h5mu
6.241630762815475e-05,6.024900000056732e-05,191.03505308367312,171.552799994,17.311639801599085,2.004638995999983,0.00360107421875,11.959656715393066,190.80499362945557,three_branches_False_0.1_0.1_50:50:10.h5mu
6.30384311079979e-05,6.011199999989003e-05,187.20142728555948,159.957305789,20.521835768595338,2.187345425999979,0.00360107421875,13.8350191116333,187.75146293640137,three_branches_False_0.1_0.1_50:30:70.h5mu
6.433110684156418e-05,6.18689999996036e-05,200.86886170692742,163.2341363,19.565037928521633,2.153114285000015,0.00360107421875,13.734557151794434,187.75039863586426,three_branches_False_0.1_0.1_50:30:50.h5mu
6.241630762815475e-05,6.024900000056732e-05,191.03505308367312,171.552799994,2.271342258900404,1.2450909190000061,0.00360107421875,11.91109561920166,190.80499362945557,three_branches_True_0.1_0.1_50:50:10.h5mu
6.30384311079979e-05,6.011199999989003e-05,187.20142728555948,159.957305789,1.6464555133134127,1.4645851370000003,0.00360107421875,13.636045455932617,187.75146293640137,three_branches_True_0.1_0.1_50:30:70.h5mu
6.433110684156418e-05,6.18689999996036e-05,200.86886170692742,163.2341363,1.8368181446567178,1.4682970450000141,0.00360107421875,13.522560119628906,187.75039863586426,three_branches_True_0.1_0.1_50:30:50.h5mu
6.82193785905838e-05,6.574299999861921e-05,182.5456558605656,172.75819528099998,15.396306652575731,2.0141913589999945,0.00360107421875,12.71292781829834,190.33380317687988,three_branches_False_0.1_0.1_50:50:30.h5mu
6.518233567476273e-05,6.247399999992354e-05,179.39612123928964,170.676948421,14.212897131219506,1.8899390600000174,0.00360107421875,12.892337799072266,190.8037633895874,three_branches_False_0.1_0.1_50:50:50.h5mu
6.82193785905838e-05,6.574299999861921e-05,182.5456558605656,172.75819528099998,2.9785301219671965,1.5060597370000153,0.00360107421875,12.616402626037598,190.33380317687988,three_branches_True_0.1_0.1_50:50:30.h5mu
6.518233567476273e-05,6.247399999992354e-05,179.39612123928964,170.676948421,5.62949822191149,1.5505116779999923,0.00360107421875,12.86051082611084,190.8037633895874,three_branches_True_0.1_0.1_50:50:50.h5mu
6.376486271619797e-05,6.13709999992551e-05,189.66859990917146,172.568177501,22.808617514558136,2.1121132339999917,0.00360107421875,13.882826805114746,190.8051414489746,three_branches_False_0.1_0.1_50:50:70.h5mu
6.466731429100037e-05,6.24170000005364e-05,194.83454933576286,182.934853345,38.72822932526469,2.1814115819999813,0.00360107421875,13.196206092834473,193.85637187957764,three_branches_False_0.1_0.1_50:70:50.h5mu
5.098618566989899e-05,4.900999999968292e-05,201.36130311340094,183.129156641,34.787088916637,1.9926820309999869,0.00360107421875,11.96108341217041,193.85683631896973,three_branches_False_0.1_0.1_50:70:10.h5mu
6.453413516283035e-05,6.229899999965482e-05,208.37392099108547,184.88734261,27.108041507191956,2.003606309999981,0.00360107421875,12.6543550491333,193.8535213470459,three_branches_False_0.1_0.1_50:70:30.h5mu
6.376486271619797e-05,6.13709999992551e-05,189.66859990917146,172.568177501,5.343344173394144,1.6052960869999993,0.00360107421875,13.721280097961426,190.8051414489746,three_branches_True_0.1_0.1_50:50:70.h5mu
5.8863312005996704e-05,5.664000000038527e-05,165.68653041031212,158.145499022,39.971673973836005,2.165810883000006,0.00360107421875,12.503524780273438,187.75266647338867,three_branches_False_0.1_0.1_70:10:30.h5mu
5.316454917192459e-05,5.108099999873161e-05,204.38438207190484,184.554088344,25.742700689472258,2.1714847000000077,0.00360107421875,13.98271369934082,193.3835163116455,three_branches_False_0.1_0.1_50:70:70.h5mu
6.560608744621277e-05,6.328700000146625e-05,167.4958597747609,158.17552217300002,39.82607358228415,2.022562268999991,0.00360107421875,11.499966621398926,187.74915599822998,three_branches_False_0.1_0.1_70:10:10.h5mu
6.116274744272232e-05,5.874500000047078e-05,180.8709135754034,158.338903635,26.901512992568314,1.9994208839999885,0.00360107421875,12.390652656555176,187.7508420944214,three_branches_False_0.1_0.1_70:10:50.h5mu
6.466731429100037e-05,6.24170000005364e-05,194.83454933576286,182.934853345,2.16473288834095,1.4429116780000015,0.00360107421875,13.14743423461914,193.85637187957764,three_branches_True_0.1_0.1_50:70:50.h5mu
5.098618566989899e-05,4.900999999968292e-05,201.36130311340094,183.129156641,2.594594177789986,1.4171852119999926,0.00360107421875,11.87497329711914,193.85683631896973,three_branches_True_0.1_0.1_50:70:10.h5mu
6.453413516283035e-05,6.229899999965482e-05,208.37392099108547,184.88734261,2.681453486904502,1.4491227479999793,0.00360107421875,12.611894607543945,193.8535213470459,three_branches_True_0.1_0.1_50:70:30.h5mu
5.8863312005996704e-05,5.664000000038527e-05,165.68653041031212,158.145499022,2.2154468772932887,1.3333027239999922,0.00360107421875,12.32647705078125,187.75266647338867,three_branches_True_0.1_0.1_70:10:30.h5mu
6.116274744272232e-05,5.874500000047078e-05,180.8709135754034,158.338903635,2.8978660302236676,1.3140284850000228,0.00360107421875,12.253717422485352,187.7508420944214,three_branches_True_0.1_0.1_70:10:50.h5mu
5.316454917192459e-05,5.108099999873161e-05,204.38438207190484,184.554088344,3.576547535136342,1.4294245860000103,0.00360107421875,13.883139610290527,193.3835163116455,three_branches_True_0.1_0.1_50:70:70.h5mu
6.560608744621277e-05,6.328700000146625e-05,167.4958597747609,158.17552217300002,2.386639510281384,1.240464827000011,0.00360107421875,11.343152046203613,187.74915599822998,three_branches_True_0.1_0.1_70:10:10.h5mu
6.159022450447083e-05,5.885300000052496e-05,166.4147553872317,158.588152254,16.857202765531838,1.875565765999994,0.00360107421875,13.224845886230469,187.75340843200684,three_branches_False_0.1_0.1_70:10:70.h5mu
6.159022450447083e-05,5.885300000052496e-05,166.4147553872317,158.588152254,2.889907043427229,1.3757000290000008,0.00360107421875,13.071983337402344,187.75340843200684,three_branches_True_0.1_0.1_70:10:70.h5mu
5.220342427492142e-05,4.9716999999560585e-05,187.69005712214857,171.385738488,15.028055423870683,1.9132474619999869,0.00360107421875,12.151450157165527,190.80189037322998,three_branches_False_0.1_0.1_70:30:10.h5mu
6.295274943113327e-05,6.051599999956636e-05,181.7882658885792,169.575881078,19.770333885215223,2.130930243000023,0.00360107421875,13.450904846191406,190.33239936828613,three_branches_False_0.1_0.1_70:30:30.h5mu
5.220342427492142e-05,4.9716999999560585e-05,187.69005712214857,171.385738488,2.7603395143523812,1.5080390419999787,0.00360107421875,11.97526741027832,190.80189037322998,three_branches_True_0.1_0.1_70:30:10.h5mu
5.258992314338684e-05,5.042799999976921e-05,174.345272638835,167.38608246299998,20.111374316737056,2.1629857629999947,0.00360107421875,13.642879486083984,190.8036346435547,three_branches_False_0.1_0.1_70:30:50.h5mu
6.295274943113327e-05,6.051599999956636e-05,181.7882658885792,169.575881078,6.962523118592799,1.6564683519999903,0.00360107421875,13.226381301879883,190.33239936828613,three_branches_True_0.1_0.1_70:30:30.h5mu
5.258992314338684e-05,5.042799999976921e-05,174.345272638835,167.38608246299998,6.013067591004074,1.6436384069999974,0.00360107421875,13.416358947753906,190.8036346435547,three_branches_True_0.1_0.1_70:30:50.h5mu
6.409641355276108e-05,6.201800000127378e-05,193.53419534210116,179.34670644,25.13672631047666,2.1462315160000003,0.00360107421875,12.4021577835083,193.8529176712036,three_branches_False_0.1_0.1_70:50:10.h5mu
5.9820711612701416e-05,5.781199999965736e-05,196.76365973707289,181.055378885,24.572240222245455,2.138118356999996,0.00360107421875,13.159612655639648,193.8541021347046,three_branches_False_0.1_0.1_70:50:30.h5mu
6.652437150478363e-05,6.42119999998414e-05,191.7314087152481,171.295845399,24.05606194678694,2.2093103179999787,0.00360107421875,14.172978401184082,190.80328941345215,three_branches_False_0.1_0.1_70:30:70.h5mu
6.027985364198685e-05,5.8426000000721956e-05,194.20220670010895,180.261673431,25.240404246374965,1.9584159810000017,0.00360107421875,13.678617477416992,193.85491943359375,three_branches_False_0.1_0.1_70:50:50.h5mu
6.409641355276108e-05,6.201800000127378e-05,193.53419534210116,179.34670644,2.3750054286792874,1.4400965100000178,0.00360107421875,12.205145835876465,193.8529176712036,three_branches_True_0.1_0.1_70:50:10.h5mu
6.652437150478363e-05,6.42119999998414e-05,191.7314087152481,171.295845399,2.1065757516771555,1.5121733189999986,0.00360107421875,13.99677562713623,190.80328941345215,three_branches_True_0.1_0.1_70:30:70.h5mu
5.9820711612701416e-05,5.781199999965736e-05,196.76365973707289,181.055378885,2.3633933467790484,1.4885836439999878,0.00360107421875,13.131349563598633,193.8541021347046,three_branches_True_0.1_0.1_70:50:30.h5mu
6.136670708656311e-05,5.9336000001408706e-05,209.1784473285079,180.24466691400002,17.116959094069898,2.149039295999984,0.00360107421875,13.869399070739746,193.85811805725098,three_branches_False_0.1_0.1_70:50:70.h5mu
6.027985364198685e-05,5.8426000000721956e-05,194.20220670010895,180.261673431,2.271899089217186,1.398739269999993,0.00360107421875,13.473016738891602,193.85491943359375,three_branches_True_0.1_0.1_70:50:50.h5mu
6.136670708656311e-05,5.9336000001408706e-05,209.1784473285079,180.24466691400002,2.877606992609799,1.521208430999991,0.00360107421875,13.66271686553955,193.85811805725098,three_branches_True_0.1_0.1_70:50:70.h5mu
6.129126995801926e-05,5.906200000005413e-05,228.55591658130288,191.260670616,15.646310277283192,1.8171629479999751,0.00360107421875,11.810422897338867,196.90792655944824,three_branches_False_0.1_0.1_70:70:10.h5mu
6.129126995801926e-05,5.906200000005413e-05,228.55591658130288,191.260670616,2.065172456204891,1.4573498540000003,0.00360107421875,11.769482612609863,196.90792655944824,three_branches_True_0.1_0.1_70:70:10.h5mu
6.227567791938782e-05,6.0368999999838024e-05,135.64091803133488,131.874809135,16.55732072889805,1.9239690930000108,0.00360107421875,12.499357223510742,178.2484426498413,three_branches_False_0.5_0.5_10:10:30.h5mu
5.08846715092659e-05,4.8630000000216e-05,135.87088857311755,131.285249695,18.77189599443227,1.9114467929999819,0.00360107421875,12.27259635925293,177.77667713165283,three_branches_False_0.5_0.5_10:10:10.h5mu
6.227567791938782e-05,6.0368999999838024e-05,135.64091803133488,131.874809135,1.8750703250989318,1.3329295590000072,0.00360107421875,12.338327407836914,178.2484426498413,three_branches_True_0.5_0.5_10:10:30.h5mu
5.08846715092659e-05,4.8630000000216e-05,135.87088857311755,131.285249695,1.885795689187944,1.4435411540000018,0.00360107421875,12.187468528747559,177.77667713165283,three_branches_True_0.5_0.5_10:10:10.h5mu
6.618909537792206e-05,6.416899999983627e-05,145.38363485690206,131.159864946,20.012838610447943,1.9297070709999957,0.00360107421875,12.946513175964355,178.2484245300293,three_branches_False_0.5_0.5_10:10:50.h5mu
6.64563849568367e-05,6.391400000005376e-05,146.1400260841474,133.35791916099998,18.16559638362378,1.891430225999983,0.00360107421875,13.447609901428223,178.2503204345703,three_branches_False_0.5_0.5_10:10:70.h5mu
6.618909537792206e-05,6.416899999983627e-05,145.38363485690206,131.159864946,1.7556658871471882,1.3572441020000099,0.00360107421875,12.913150787353516,178.2484245300293,three_branches_True_0.5_0.5_10:10:50.h5mu
6.64563849568367e-05,6.391400000005376e-05,146.1400260841474,133.35791916099998,1.5980147700756788,1.3008331050000095,0.00360107421875,13.42971134185791,178.2503204345703,three_branches_True_0.5_0.5_10:10:70.h5mu
6.743986159563065e-05,6.508899999957407e-05,165.80085585452616,145.959791297,26.533966520801187,2.079731986000013,0.00360107421875,13.052886962890625,181.30147552490234,three_branches_False_0.5_0.5_10:30:30.h5mu
4.596449434757233e-05,4.39560000007333e-05,169.96680505480617,146.846766901,27.676665638573468,2.0467640210000013,0.00360107421875,12.11955451965332,180.83106899261475,three_branches_False_0.5_0.5_10:30:10.h5mu
5.310773849487305e-05,5.122900000031905e-05,157.77550805173814,143.969632827,27.776693819090724,2.0358658469999966,0.00360107421875,13.875267028808594,181.30329132080078,three_branches_False_0.5_0.5_10:30:70.h5mu
6.700213998556137e-05,6.467799999931856e-05,163.47449239064008,144.471950692,27.304530726745725,2.0520308509999836,0.00360107421875,13.308916091918945,181.30070304870605,three_branches_False_0.5_0.5_10:30:50.h5mu
6.928853690624237e-05,6.213400000021352e-05,238.1607373887673,195.724084306,14.257363794371486,2.0480904240000086,0.00360107421875,12.508928298950195,196.43653106689453,three_branches_False_0.1_0.1_70:70:30.h5mu
6.743986159563065e-05,6.508899999957407e-05,165.80085585452616,145.959791297,3.575334201566875,1.540813915000001,0.00360107421875,12.989502906799316,181.30147552490234,three_branches_True_0.5_0.5_10:30:30.h5mu
6.700213998556137e-05,6.467799999931856e-05,163.47449239064008,144.471950692,3.660910434089601,1.557837194000001,0.00360107421875,13.123968124389648,181.30070304870605,three_branches_True_0.5_0.5_10:30:50.h5mu
5.310773849487305e-05,5.122900000031905e-05,157.77550805173814,143.969632827,2.206358263269067,1.3581685310000182,0.00360107421875,13.690189361572266,181.30329132080078,three_branches_True_0.5_0.5_10:30:70.h5mu
4.596449434757233e-05,4.39560000007333e-05,169.96680505480617,146.846766901,2.5230760416015983,1.4833649609999782,0.00360107421875,11.96833610534668,180.83106899261475,three_branches_True_0.5_0.5_10:30:10.h5mu
6.292853504419327e-05,6.0935000000483797e-05,227.12651924230158,194.15433428,12.956786249764264,1.9392309600000033,0.00360107421875,13.2039794921875,196.4356174468994,three_branches_False_0.1_0.1_70:70:50.h5mu
6.928853690624237e-05,6.213400000021352e-05,238.1607373887673,195.724084306,3.0759753743186593,1.4171340979999911,0.00360107421875,12.334487915039062,196.43653106689453,three_branches_True_0.1_0.1_70:70:30.h5mu
6.292853504419327e-05,6.0935000000483797e-05,227.12651924230158,194.15433428,2.6843613730743527,1.4428365879999774,0.00360107421875,13.151657104492188,196.4356174468994,three_branches_True_0.1_0.1_70:70:50.h5mu
5.27258962392807e-05,5.032500000012874e-05,179.12744987104088,154.685289196,18.614003535360098,1.9193038170000136,0.00360107421875,12.02981185913086,184.3567361831665,three_branches_False_0.5_0.5_10:50:10.h5mu
6.180815398693085e-05,5.931299999950568e-05,181.75622972194105,156.920891738,14.069716413505375,1.9929101760000094,0.00360107421875,12.584641456604004,183.88354778289795,three_branches_False_0.5_0.5_10:50:30.h5mu
5.27258962392807e-05,5.032500000012874e-05,179.12744987104088,154.685289196,3.348759707994759,1.5278856839999833,0.00360107421875,11.995939254760742,184.3567361831665,three_branches_True_0.5_0.5_10:50:10.h5mu
6.647035479545593e-05,6.393600000009769e-05,171.72860579844564,157.009900899,16.135820149444044,2.0131632450000154,0.00360107421875,13.380615234375,184.35420989990234,three_branches_False_0.5_0.5_10:50:50.h5mu
6.180815398693085e-05,5.931299999950568e-05,181.75622972194105,156.920891738,2.6120428778231144,1.4727103099999965,0.00360107421875,12.47952938079834,183.88354778289795,three_branches_True_0.5_0.5_10:50:30.h5mu
6.647035479545593e-05,6.393600000009769e-05,171.72860579844564,157.009900899,3.8102607121691108,1.548062778000002,0.00360107421875,13.37078857421875,184.35420989990234,three_branches_True_0.5_0.5_10:50:50.h5mu
6.41215592622757e-05,6.192899999923895e-05,175.3773938678205,158.105342025,19.930407761596143,2.0935775949999993,0.00360107421875,13.873135566711426,184.35406017303467,three_branches_False_0.5_0.5_10:50:70.h5mu
6.59450888633728e-05,6.37589999996635e-05,157.00927871931344,141.179549715,18.503130587749183,2.0823707520000028,0.00360107421875,11.738972663879395,181.30041980743408,three_branches_False_0.5_0.5_30:10:10.h5mu
5.257967859506607e-05,5.053199999949243e-05,165.73796729184687,144.24021944400002,12.733073987998068,2.032419261000001,0.00360107421875,12.4571533203125,181.30203819274902,three_branches_False_0.5_0.5_30:10:30.h5mu
6.41215592622757e-05,6.192899999923895e-05,175.3773938678205,158.105342025,4.044009396806359,1.6115571509999995,0.00360107421875,13.917366027832031,184.35406017303467,three_branches_True_0.5_0.5_10:50:70.h5mu
6.59450888633728e-05,6.37589999996635e-05,157.00927871931344,141.179549715,2.894413823261857,1.4995853499999896,0.00360107421875,11.692049026489258,181.30041980743408,three_branches_True_0.5_0.5_30:10:10.h5mu
5.257967859506607e-05,5.053199999949243e-05,165.73796729184687,144.24021944400002,4.140004227869213,1.5202930260000187,0.00360107421875,12.404715538024902,181.30203819274902,three_branches_True_0.5_0.5_30:10:30.h5mu
5.537457764148712e-05,5.2868000000927395e-05,190.8842741586268,164.03011435599998,29.244761001318693,1.952152553000019,0.00360107421875,12.068151473999023,186.93359851837158,three_branches_False_0.5_0.5_10:70:10.h5mu
6.636418402194977e-05,6.394200000059413e-05,188.74203618150204,166.490951801,28.84982101805508,2.1751199859999986,0.00360107421875,12.670144081115723,187.4058437347412,three_branches_False_0.5_0.5_10:70:30.h5mu
6.692856550216675e-05,6.483900000020526e-05,195.73040882777423,165.33402067100002,21.19986766949296,2.013788696000006,0.00360107421875,13.229693412780762,187.40510082244873,three_branches_False_0.5_0.5_10:70:50.h5mu
5.0310976803302765e-05,4.791099999934545e-05,189.66195069812238,166.954760771,26.956715636886656,2.051949291999989,0.00360107421875,13.946983337402344,187.4040241241455,three_branches_False_0.5_0.5_10:70:70.h5mu
6.636418402194977e-05,6.394200000059413e-05,188.74203618150204,166.490951801,1.6940373964607716,1.4321197879999943,0.00360107421875,12.564973831176758,187.4058437347412,three_branches_True_0.5_0.5_10:70:30.h5mu
5.537457764148712e-05,5.2868000000927395e-05,190.8842741586268,164.03011435599998,1.6620067581534386,1.3739425719999758,0.00360107421875,11.968415260314941,186.93359851837158,three_branches_True_0.5_0.5_10:70:10.h5mu
5.0310976803302765e-05,4.791099999934545e-05,189.66195069812238,166.954760771,1.8716209707781672,1.3748193890000096,0.00360107421875,13.88907241821289,187.4040241241455,three_branches_True_0.5_0.5_10:70:70.h5mu
6.692856550216675e-05,6.483900000020526e-05,195.73040882777423,165.33402067100002,1.9583265967667103,1.4825730229999863,0.00360107421875,13.188498497009277,187.40510082244873,three_branches_True_0.5_0.5_10:70:50.h5mu
5.960371345281601e-05,5.7400000001095464e-05,164.65268721338362,146.997004868,19.62758932914585,1.841368162000009,0.00360107421875,12.950467109680176,181.3019676208496,three_branches_False_0.5_0.5_30:10:50.h5mu
7.04694539308548e-05,6.747399999973425e-05,166.12937143072486,144.579803153,16.12984397355467,1.8217712469999867,0.00360107421875,13.588301658630371,180.83257293701172,three_branches_False_0.5_0.5_30:10:70.h5mu
5.960371345281601e-05,5.7400000001095464e-05,164.65268721338362,146.997004868,3.528039357624948,1.3211581639999963,0.00360107421875,12.842314720153809,181.3019676208496,three_branches_True_0.5_0.5_30:10:50.h5mu
7.04694539308548e-05,6.747399999973425e-05,166.12937143072486,144.579803153,2.2313671372830868,1.3623648390000085,0.00360107421875,13.469831466674805,180.83257293701172,three_branches_True_0.5_0.5_30:10:70.h5mu
6.179418414831161e-05,5.948599999960891e-05,170.751897059381,157.233876819,26.611645041964948,2.0199165049999976,0.00360107421875,12.861824035644531,183.88426876068115,three_branches_False_0.5_0.5_30:30:30.h5mu
6.715673953294754e-05,6.502500000138411e-05,181.11864913161844,157.572690118,26.086727858521044,1.9714941229999852,0.00360107421875,12.053247451782227,184.35233688354492,three_branches_False_0.5_0.5_30:30:10.h5mu
7.023662328720093e-05,6.798400000107563e-05,170.267803539522,157.235122205,26.736961798742414,2.0064169250000248,0.00360107421875,12.994993209838867,184.35284233093262,three_branches_False_0.5_0.5_30:30:50.h5mu
6.88573345541954e-05,6.298199999932308e-05,175.7738394998014,157.634484856,18.470300718210638,1.9817365029999792,0.00360107421875,13.635688781738281,184.35211849212646,three_branches_False_0.5_0.5_30:30:70.h5mu
6.179418414831161e-05,5.948599999960891e-05,170.751897059381,157.233876819,1.7134550102055073,1.3788978709999924,0.00360107421875,12.672537803649902,183.88426876068115,three_branches_True_0.5_0.5_30:30:30.h5mu
6.88573345541954e-05,6.298199999932308e-05,175.7738394998014,157.634484856,1.6389529649168253,1.3654800910000233,0.00360107421875,13.58237361907959,184.35211849212646,three_branches_True_0.5_0.5_30:30:70.h5mu
6.715673953294754e-05,6.502500000138411e-05,181.11864913161844,157.572690118,1.7751742545515299,1.4946013619999974,0.00360107421875,12.01966667175293,184.35233688354492,three_branches_True_0.5_0.5_30:30:10.h5mu
7.023662328720093e-05,6.798400000107563e-05,170.267803539522,157.235122205,1.679446803405881,1.4252346289999878,0.00360107421875,12.956931114196777,184.35284233093262,three_branches_True_0.5_0.5_30:30:50.h5mu
5.962885916233063e-05,5.745099999998615e-05,181.4459899496287,164.266594566,29.004205130040646,2.091273994000005,0.00360107421875,12.356191635131836,186.93368530273438,three_branches_False_0.5_0.5_30:50:10.h5mu
6.316322833299637e-05,6.075999999843873e-05,183.87902675755322,168.138632134,26.826409097760916,2.0655094980000115,0.00360107421875,12.586455345153809,187.40688610076904,three_branches_False_0.5_0.5_30:50:30.h5mu
6.326660513877869e-05,6.0874000000765704e-05,187.39964028541,166.121573762,21.800043030641973,1.9588477030000035,0.00360107421875,13.672304153442383,187.40464973449707,three_branches_False_0.5_0.5_30:50:70.h5mu
6.10891729593277e-05,5.9527000001224906e-05,194.77170386072248,167.016883998,17.69457818567753,2.1188483089999863,0.00360107421875,12.986946105957031,187.40455532073975,three_branches_False_0.5_0.5_30:50:50.h5mu
6.316322833299637e-05,6.075999999843873e-05,183.87902675755322,168.138632134,1.5120444195345044,1.3347178439999823,0.00360107421875,12.503392219543457,187.40688610076904,three_branches_True_0.5_0.5_30:50:30.h5mu
5.962885916233063e-05,5.745099999998615e-05,181.4459899496287,164.266594566,2.0080863693729043,1.4885142010000152,0.00360107421875,12.255759239196777,186.93368530273438,three_branches_True_0.5_0.5_30:50:10.h5mu
6.326660513877869e-05,6.0874000000765704e-05,187.39964028541,166.121573762,1.5861784908920527,1.4675460239999722,0.00360107421875,13.636857986450195,187.40464973449707,three_branches_True_0.5_0.5_30:50:70.h5mu
6.10891729593277e-05,5.9527000001224906e-05,194.77170386072248,167.016883998,1.548411543481052,1.3662818130000005,0.00360107421875,12.945826530456543,187.40455532073975,three_branches_True_0.5_0.5_30:50:50.h5mu
6.767828017473221e-05,6.527100000042196e-05,203.7066095257178,177.48726071899998,16.602568718604743,1.852463696000001,0.00360107421875,11.732766151428223,190.45965099334717,three_branches_False_0.5_0.5_30:70:10.h5mu
6.767828017473221e-05,6.527100000042196e-05,203.7066095257178,177.48726071899998,2.3473328091204166,1.2535914359999936,0.00360107421875,11.578121185302734,190.45965099334717,three_branches_True_0.5_0.5_30:70:10.h5mu
5.245674401521683e-05,5.042499999952099e-05,169.26101379469037,158.926481131,23.332487520761788,1.8823217620000037,0.00360107421875,12.725899696350098,184.35290431976318,three_branches_False_0.5_0.5_50:10:30.h5mu
5.5987387895584106e-05,5.392999999997983e-05,167.00488172471523,156.330088826,24.228057716041803,2.058837798000013,0.00360107421875,12.34737491607666,184.35355186462402,three_branches_False_0.5_0.5_50:10:10.h5mu
5.0008296966552734e-05,4.7767999999948074e-05,211.20265293680131,177.415895366,19.324921764433384,1.8249613799999906,0.00360107421875,12.787470817565918,190.4585838317871,three_branches_False_0.5_0.5_30:70:30.h5mu
5.0008296966552734e-05,4.7767999999948074e-05,211.20265293680131,177.415895366,3.0631405552849174,1.4038444540000228,0.00360107421875,12.735032081604004,190.4585838317871,three_branches_True_0.5_0.5_30:70:30.h5mu
5.5987387895584106e-05,5.392999999997983e-05,167.00488172471523,156.330088826,1.9779411256313324,1.3256841110000153,0.00360107421875,12.277737617492676,184.35355186462402,three_branches_True_0.5_0.5_50:10:10.h5mu
5.245674401521683e-05,5.042499999952099e-05,169.26101379469037,158.926481131,1.7955366279929876,1.4145015610000087,0.00360107421875,12.578131675720215,184.35290431976318,three_branches_True_0.5_0.5_50:10:30.h5mu
4.578102380037308e-05,0.0008722090000006233,174.84373534936458,159.415437442,26.408491020090878,2.14001898799998,0.00360107421875,12.9578857421875,184.353497505188,three_branches_False_0.5_0.5_50:10:50.h5mu
6.716419011354446e-05,6.482299999888141e-05,196.14555072691292,177.41134957,26.073828661814332,2.0221850640000127,0.00360107421875,13.63381576538086,190.45693397521973,three_branches_False_0.5_0.5_30:70:70.h5mu
6.0743652284145355e-05,5.883699999920111e-05,201.0999612826854,177.268164829,21.037928306497633,1.9855512500000145,0.00360107421875,12.788496971130371,189.98665142059326,three_branches_False_0.5_0.5_30:70:50.h5mu
6.198976188898087e-05,5.969699999930356e-05,178.36215321253985,158.67285146,23.647878162562847,2.13880057099999,0.00360107421875,13.69791316986084,184.3545961380005,three_branches_False_0.5_0.5_50:10:70.h5mu
6.0743652284145355e-05,5.883699999920111e-05,201.0999612826854,177.268164829,1.6905700769275427,1.4070948170000008,0.00360107421875,12.634989738464355,189.98665142059326,three_branches_True_0.5_0.5_30:70:50.h5mu
4.578102380037308e-05,0.0008722090000006233,174.84373534936458,159.415437442,1.8724982310086489,1.4522848510000017,0.00360107421875,12.917280197143555,184.353497505188,three_branches_True_0.5_0.5_50:10:50.h5mu
6.716419011354446e-05,6.482299999888141e-05,196.14555072691292,177.41134957,1.898559097200632,1.4657118239999818,0.00360107421875,13.607335090637207,190.45693397521973,three_branches_True_0.5_0.5_30:70:70.h5mu
6.198976188898087e-05,5.969699999930356e-05,178.36215321253985,158.67285146,1.8143062693998218,1.4853176389999874,0.00360107421875,13.60225772857666,184.3545961380005,three_branches_True_0.5_0.5_50:10:70.h5mu
6.36046752333641e-05,6.141400000103658e-05,202.21084769815207,171.080334135,21.49214093014598,2.0393597759999977,0.00360107421875,12.289796829223633,187.4049596786499,three_branches_False_0.5_0.5_50:30:10.h5mu
6.0197897255420685e-05,5.791700000123967e-05,203.5238453950733,170.96607536300002,18.681174773722887,2.064446008999994,0.00360107421875,12.642074584960938,187.4023313522339,three_branches_False_0.5_0.5_50:30:30.h5mu
6.0197897255420685e-05,5.791700000123967e-05,203.5238453950733,170.96607536300002,1.9128285758197308,1.501130154000009,0.00360107421875,12.59382152557373,187.4023313522339,three_branches_True_0.5_0.5_50:30:30.h5mu
6.36046752333641e-05,6.141400000103658e-05,202.21084769815207,171.080334135,1.6836082320660353,1.3132615210000154,0.00360107421875,12.120843887329102,187.4049596786499,three_branches_True_0.5_0.5_50:30:10.h5mu
6.777793169021606e-05,6.450899999954629e-05,188.62935798801482,171.96044727999998,20.216960901394486,1.9000038789999962,0.00360107421875,12.989265441894531,186.93790435791016,three_branches_False_0.5_0.5_50:30:50.h5mu
6.444286555051804e-05,6.195599999969659e-05,186.97028399072587,169.76675868400002,17.55201332177967,2.035967774999989,0.00360107421875,13.58648681640625,187.40549659729004,three_branches_False_0.5_0.5_50:30:70.h5mu
6.777793169021606e-05,6.450899999954629e-05,188.62935798801482,171.96044727999998,3.2404157919809222,1.5132194040000115,0.00360107421875,12.83724308013916,186.93790435791016,three_branches_True_0.5_0.5_50:30:50.h5mu
6.240326911211014e-05,6.021000000089316e-05,193.10911066830158,181.503204767,13.668697263114154,1.9614653479999902,0.00360107421875,12.005170822143555,190.4574785232544,three_branches_False_0.5_0.5_50:50:10.h5mu
6.444286555051804e-05,6.195599999969659e-05,186.97028399072587,169.76675868400002,2.519294428639114,1.4713351789999933,0.00360107421875,13.549907684326172,187.40549659729004,three_branches_True_0.5_0.5_50:30:70.h5mu
6.400514394044876e-05,6.13119999997025e-05,200.87955758534372,181.97393979999998,13.328994092531502,2.1286842400000126,0.00360107421875,12.745759010314941,189.98604679107666,three_branches_False_0.5_0.5_50:50:30.h5mu
6.240326911211014e-05,6.021000000089316e-05,193.10911066830158,181.503204767,3.0582425305619836,1.5172535549999964,0.00360107421875,11.955604553222656,190.4574785232544,three_branches_True_0.5_0.5_50:50:10.h5mu
6.400514394044876e-05,6.13119999997025e-05,200.87955758534372,181.97393979999998,3.910935126245022,1.5126413399999876,0.00360107421875,12.70378303527832,189.98604679107666,three_branches_True_0.5_0.5_50:50:30.h5mu
5.880650132894516e-05,5.650700000003894e-05,203.43624153919518,182.10591804199998,19.40622871927917,2.0194157690000054,0.00360107421875,13.843074798583984,189.9869565963745,three_branches_False_0.5_0.5_50:50:70.h5mu
6.12335279583931e-05,5.919599999870684e-05,201.62018159125,181.77554573999998,23.365412458777428,2.259839181000018,0.00360107421875,13.041298866271973,190.45658111572266,three_branches_False_0.5_0.5_50:50:50.h5mu
6.451178342103958e-05,6.213900000062722e-05,213.82555008865893,191.832584154,14.582739621400833,2.025479512000004,0.00360107421875,12.837757110595703,193.5093536376953,three_branches_False_0.5_0.5_50:70:30.h5mu
6.886105984449387e-05,6.628000000041823e-05,222.55864624027163,192.91999054,15.440012359060347,1.9482692610000072,0.00360107421875,12.236161231994629,193.50987815856934,three_branches_False_0.5_0.5_50:70:10.h5mu
5.880650132894516e-05,5.650700000003894e-05,203.43624153919518,182.10591804199998,4.912838742136955,1.6642902269999809,0.00360107421875,13.682445526123047,189.9869565963745,three_branches_True_0.5_0.5_50:50:70.h5mu
6.12335279583931e-05,5.919599999870684e-05,201.62018159125,181.77554573999998,3.847305655479431,1.550688307999991,0.00360107421875,12.959972381591797,190.45658111572266,three_branches_True_0.5_0.5_50:50:50.h5mu
6.451178342103958e-05,6.213900000062722e-05,213.82555008865893,191.832584154,4.148468635044992,1.5053011790000141,0.00360107421875,12.872323989868164,193.5093536376953,three_branches_True_0.5_0.5_50:70:30.h5mu
6.386172026395798e-05,6.16830000002011e-05,223.00499071367085,192.99527690099998,17.195743651129305,1.8823053499999958,0.00360107421875,13.238341331481934,193.50604152679443,three_branches_False_0.5_0.5_50:70:50.h5mu
6.410479545593262e-05,6.204700000012053e-05,216.76561304554343,191.710876477,21.537428467534482,2.0955574200000058,0.00360107421875,13.56995964050293,193.50778198242188,three_branches_False_0.5_0.5_50:70:70.h5mu
6.886105984449387e-05,6.628000000041823e-05,222.55864624027163,192.91999054,3.7598330909386277,1.4387306320000164,0.00360107421875,12.067548751831055,193.50987815856934,three_branches_True_0.5_0.5_50:70:10.h5mu
6.386172026395798e-05,6.16830000002011e-05,223.00499071367085,192.99527690099998,3.453103844076395,1.499967880000014,0.00360107421875,13.073775291442871,193.50604152679443,three_branches_True_0.5_0.5_50:70:50.h5mu
6.410479545593262e-05,6.204700000012053e-05,216.76561304554343,191.710876477,2.443997249007225,1.5088767099999814,0.00360107421875,13.54102897644043,193.50778198242188,three_branches_True_0.5_0.5_50:70:70.h5mu
6.6402368247509e-05,6.395900000022436e-05,190.50580044370145,170.20856980500002,16.746952545829117,1.884830480000005,0.00360107421875,12.153969764709473,187.40417861938477,three_branches_False_0.5_0.5_70:10:10.h5mu
6.6402368247509e-05,6.395900000022436e-05,190.50580044370145,170.20856980500002,3.954313287511468,1.4749763770000186,0.00360107421875,12.113752365112305,187.40417861938477,three_branches_True_0.5_0.5_70:10:10.h5mu
5.913432687520981e-05,5.70839999998185e-05,190.46119918581098,169.518932098,22.48546017613262,1.853074614999997,0.00360107421875,12.211329460144043,187.4047336578369,three_branches_False_0.5_0.5_70:10:30.h5mu
5.29363751411438e-05,5.0455000000226846e-05,179.30277879536152,169.408616967,21.553242665715516,2.0295276630000103,0.00360107421875,13.342384338378906,187.40462589263916,three_branches_False_0.5_0.5_70:10:70.h5mu
6.14561140537262e-05,5.918100000101845e-05,199.48290500417352,170.241643115,13.350667783990502,1.9068379439999887,0.00360107421875,13.17522144317627,187.40414810180664,three_branches_False_0.5_0.5_70:10:50.h5mu
5.913432687520981e-05,5.70839999998185e-05,190.46119918581098,169.518932098,3.1392179653048515,1.4762811070000055,0.00360107421875,12.153676986694336,187.4047336578369,three_branches_True_0.5_0.5_70:10:30.h5mu
5.29363751411438e-05,5.0455000000226846e-05,179.30277879536152,169.408616967,2.5449902126565576,1.5024415059999967,0.00360107421875,13.35667896270752,187.40462589263916,three_branches_True_0.5_0.5_70:10:70.h5mu
6.14561140537262e-05,5.918100000101845e-05,199.48290500417352,170.241643115,2.179518989287317,1.4166596790000199,0.00360107421875,13.12260627746582,187.40414810180664,three_branches_True_0.5_0.5_70:10:50.h5mu
6.150640547275543e-05,5.94359999990246e-05,195.3242439199239,180.005035971,20.162691614590585,2.0990717439999855,0.00360107421875,12.463247299194336,190.4563808441162,three_branches_False_0.5_0.5_70:30:10.h5mu
6.0741789638996124e-05,5.823199999888118e-05,198.02690977510065,181.284160645,16.728555906563997,1.983662584000001,0.00360107421875,13.031816482543945,190.45491123199463,three_branches_False_0.5_0.5_70:30:50.h5mu
6.21480867266655e-05,6.0002999999753115e-05,213.76346308737993,182.29863279300002,11.68071925919503,1.982412566000022,0.00360107421875,12.85702896118164,190.45603275299072,three_branches_False_0.5_0.5_70:30:30.h5mu
6.150640547275543e-05,5.94359999990246e-05,195.3242439199239,180.005035971,3.01494506187737,1.4972243530000071,0.00360107421875,12.408238410949707,190.4563808441162,three_branches_True_0.5_0.5_70:30:10.h5mu
6.0741789638996124e-05,5.823199999888118e-05,198.02690977510065,181.284160645,2.4830285841599107,1.3672492489999968,0.00360107421875,12.775989532470703,190.45491123199463,three_branches_True_0.5_0.5_70:30:50.h5mu
6.21480867266655e-05,6.0002999999753115e-05,213.76346308737993,182.29863279300002,2.4487058091908693,1.442861516999983,0.00360107421875,12.784335136413574,190.45603275299072,three_branches_True_0.5_0.5_70:30:30.h5mu
6.261281669139862e-05,6.047499999972672e-05,208.90341477282345,191.967132914,18.084925021976233,2.036424519999997,0.00360107421875,12.204143524169922,193.5105905532837,three_branches_False_0.5_0.5_70:50:10.h5mu
5.13540580868721e-05,4.949200000048393e-05,218.68728516995907,193.412019416,18.7816689228639,1.940589732999996,0.00360107421875,12.954855918884277,193.50963401794434,three_branches_False_0.5_0.5_70:50:30.h5mu
7.468368858098984e-05,7.236199999915982e-05,226.56316374707967,181.138745724,18.872028598561883,1.9322764319999806,0.00360107421875,13.272748947143555,190.45712757110596,three_branches_False_0.5_0.5_70:30:70.h5mu
6.261281669139862e-05,6.047499999972672e-05,208.90341477282345,191.967132914,3.451593980193138,1.5565141159999882,0.00360107421875,12.158990859985352,193.5105905532837,three_branches_True_0.5_0.5_70:50:10.h5mu
5.13540580868721e-05,4.949200000048393e-05,218.68728516995907,193.412019416,2.0053280564025044,1.364211570000009,0.00360107421875,12.784628868103027,193.50963401794434,three_branches_True_0.5_0.5_70:50:30.h5mu
7.468368858098984e-05,7.236199999915982e-05,226.56316374707967,181.138745724,1.8360970607027411,1.4554740499999923,0.00360107421875,13.182472229003906,190.45712757110596,three_branches_True_0.5_0.5_70:30:70.h5mu
5.780812352895737e-05,0.0010451200000005656,140.07178370468318,132.712435207,26.486029230058193,1.925840638000011,0.00360107421875,12.105693817138672,176.48065280914307,five_branches_False_0.1_0.1_10:10:10.h5mu
4.723295569419861e-05,4.516300000112494e-05,135.79643803369254,130.651751471,27.878392751328647,1.9351242319999926,0.00360107421875,13.536965370178223,176.4804573059082,five_branches_False_0.1_0.1_10:10:30.h5mu
5.780812352895737e-05,0.0010451200000005656,140.07178370468318,132.712435207,2.8993346942588687,1.4176745530000119,0.00360107421875,12.167569160461426,176.48065280914307,five_branches_True_0.1_0.1_10:10:10.h5mu
5.072634667158127e-05,4.886700000028554e-05,135.70939626637846,130.42090382,22.718291003257036,2.0276799750000123,0.00360107421875,14.854619979858398,176.48022651672363,five_branches_False_0.1_0.1_10:10:70.h5mu
6.222724914550781e-05,6.0058999999057505e-05,139.167603735812,128.24433419500002,21.29640655312687,2.0560572750000006,0.00360107421875,13.899106979370117,176.4816427230835,five_branches_False_0.1_0.1_10:10:50.h5mu
6.0692429542541504e-05,5.8774000001093896e-05,236.25277115684003,194.189959657,15.720353219658136,1.871476601000012,0.00360107421875,13.179719924926758,193.51085948944092,three_branches_False_0.5_0.5_70:50:50.h5mu
4.723295569419861e-05,4.516300000112494e-05,135.79643803369254,130.651751471,2.7592465365305543,1.609012521000011,0.00360107421875,13.386664390563965,176.4804573059082,five_branches_True_0.1_0.1_10:10:30.h5mu
5.072634667158127e-05,4.886700000028554e-05,135.70939626637846,130.42090382,2.5397112891077995,1.5557436550000148,0.00360107421875,14.702946662902832,176.48022651672363,five_branches_True_0.1_0.1_10:10:70.h5mu
6.0692429542541504e-05,5.8774000001093896e-05,236.25277115684003,194.189959657,2.06459357496351,1.332296193000019,0.00360107421875,12.964993476867676,193.51085948944092,three_branches_True_0.5_0.5_70:50:50.h5mu
6.222724914550781e-05,6.0058999999057505e-05,139.167603735812,128.24433419500002,2.3158288821578026,1.5309030710000116,0.00360107421875,13.81403923034668,176.4816427230835,five_branches_True_0.1_0.1_10:10:50.h5mu
6.434693932533264e-05,6.232600000011246e-05,231.18867112416774,205.709384733,25.316111342050135,2.0244803980000086,0.00360107421875,11.99786376953125,196.55861949920654,three_branches_False_0.5_0.5_70:70:10.h5mu
5.033239722251892e-05,4.789499999979796e-05,231.40999305061996,201.56408937999998,25.429833696223795,2.098525398999982,0.00360107421875,12.357197761535645,196.08914375305176,three_branches_False_0.5_0.5_70:70:30.h5mu
6.81411474943161e-05,6.586900000016271e-05,248.05189927853644,194.855561066,12.657730696722865,1.955951577999997,0.00360107421875,13.532842636108398,193.50966930389404,three_branches_False_0.5_0.5_70:50:70.h5mu
6.434693932533264e-05,6.232600000011246e-05,231.18867112416774,205.709384733,1.3735688999295235,1.26765980899998,0.00360107421875,11.972997665405273,196.55861949920654,three_branches_True_0.5_0.5_70:70:10.h5mu
5.033239722251892e-05,4.789499999979796e-05,231.40999305061996,201.56408937999998,2.169243471696973,1.536734344999985,0.00360107421875,12.249236106872559,196.08914375305176,three_branches_True_0.5_0.5_70:70:30.h5mu
8.938740938901901e-05,8.703900000028852e-05,225.26040879357606,202.582373448,19.807577927596867,1.9709978209999974,0.00360107421875,13.223204612731934,196.5596284866333,three_branches_False_0.5_0.5_70:70:70.h5mu
5.472265183925629e-05,5.219799999878205e-05,227.02468108478934,202.781639979,18.970106509514153,2.030382632999988,0.00360107421875,12.686480522155762,196.5585584640503,three_branches_False_0.5_0.5_70:70:50.h5mu
6.81411474943161e-05,6.586900000016271e-05,248.05189927853644,194.855561066,3.3617659211158752,1.4775532429999885,0.00360107421875,13.491888046264648,193.50966930389404,three_branches_True_0.5_0.5_70:50:70.h5mu
8.938740938901901e-05,8.703900000028852e-05,225.26040879357606,202.582373448,1.9892618088051677,1.4312862639999935,0.00360107421875,13.19250774383545,196.5596284866333,three_branches_True_0.5_0.5_70:70:70.h5mu
5.472265183925629e-05,5.219799999878205e-05,227.02468108478934,202.781639979,3.2103282874450088,1.4647119119999843,0.00360107421875,12.657327651977539,196.5585584640503,three_branches_True_0.5_0.5_70:70:50.h5mu
6.445590406656265e-05,6.223699999985399e-05,160.04269746132195,142.906731346,19.2256966996938,1.7950737059999824,0.00360107421875,11.691283226013184,179.53316497802734,five_branches_False_0.1_0.1_10:30:10.h5mu
6.445590406656265e-05,6.223699999985399e-05,160.04269746132195,142.906731346,3.7423416832461953,1.4175954060000038,0.00360107421875,11.665329933166504,179.53316497802734,five_branches_True_0.1_0.1_10:30:10.h5mu
6.080232560634613e-05,5.8845999999945775e-05,163.74229505006224,150.10071612500002,20.87911305669695,1.8948428829999955,0.00360107421875,11.123197555541992,182.58580589294434,five_branches_False_0.1_0.1_10:50:10.h5mu
6.032083183526993e-05,5.811800000010692e-05,156.49935497250408,144.85153288700002,20.06579404231161,2.109824691,0.00360107421875,13.182401657104492,179.53422737121582,five_branches_False_0.1_0.1_10:30:50.h5mu
6.080232560634613e-05,5.8845999999945775e-05,163.74229505006224,150.10071612500002,3.74486115667969,1.4116154530000244,0.00360107421875,11.011490821838379,182.58580589294434,five_branches_True_0.1_0.1_10:50:10.h5mu
6.032083183526993e-05,5.811800000010692e-05,156.49935497250408,144.85153288700002,3.4174612388014793,1.4268810549999955,0.00360107421875,13.045499801635742,179.53422737121582,five_branches_True_0.1_0.1_10:30:50.h5mu
6.268545985221863e-05,6.064199999933351e-05,188.24230029713362,143.740561693,15.080258900299668,2.0566204429999857,0.00360107421875,12.59865665435791,179.06191062927246,five_branches_False_0.1_0.1_10:30:30.h5mu
5.651358515024185e-05,5.454399999926807e-05,171.1706936135888,151.061457346,16.358960470184684,1.9764614210000104,0.00360107421875,12.335602760314941,182.58570671081543,five_branches_False_0.1_0.1_10:50:30.h5mu
6.353296339511871e-05,6.083899999964615e-05,174.03200781531632,151.216104693,14.628332236781716,2.0609279350000236,0.00360107421875,13.181914329528809,182.58359909057617,five_branches_False_0.1_0.1_10:50:50.h5mu
6.268545985221863e-05,6.064199999933351e-05,188.24230029713362,143.740561693,4.28553203586489,1.5609286429999827,0.00360107421875,12.50426197052002,179.06191062927246,five_branches_True_0.1_0.1_10:30:30.h5mu
5.651358515024185e-05,5.454399999926807e-05,171.1706936135888,151.061457346,2.009254265576601,1.3166737979999823,0.00360107421875,12.242807388305664,182.58570671081543,five_branches_True_0.1_0.1_10:50:30.h5mu
6.425473839044571e-05,6.19539999995311e-05,177.87727554235607,151.75385953199998,10.347515779547393,1.8363261559999842,0.00360107421875,14.144058227539062,182.58370399475098,five_branches_False_0.1_0.1_10:50:70.h5mu
6.353296339511871e-05,6.083899999964615e-05,174.03200781531632,151.216104693,2.1961653223261237,1.4734203559999912,0.00360107421875,13.17502212524414,182.58359909057617,five_branches_True_0.1_0.1_10:50:50.h5mu
6.702449172735214e-05,5.9547000001103356e-05,181.77265078295022,162.123357263,14.588247193954885,1.7262428490000161,0.00360107421875,11.288522720336914,185.6353302001953,five_branches_False_0.1_0.1_10:70:10.h5mu
5.0440430641174316e-05,4.8216000001488624e-05,180.11910761799663,161.79681847,15.11967955995351,1.9791791439999997,0.00360107421875,12.64198112487793,185.63433933258057,five_branches_False_0.1_0.1_10:70:30.h5mu
6.425473839044571e-05,6.19539999995311e-05,177.87727554235607,151.75385953199998,2.6206954922527075,1.5201077540000085,0.00360107421875,13.925264358520508,182.58370399475098,five_branches_True_0.1_0.1_10:50:70.h5mu
6.702449172735214e-05,5.9547000001103356e-05,181.77265078295022,162.123357263,0.9011665657162666,0.9059415759999752,0.00360107421875,11.1409330368042,185.6353302001953,five_branches_True_0.1_0.1_10:70:10.h5mu
5.0440430641174316e-05,4.8216000001488624e-05,180.11910761799663,161.79681847,1.1746242698282003,1.125909871999994,0.00360107421875,12.665623664855957,185.63433933258057,five_branches_True_0.1_0.1_10:70:30.h5mu
